CrashReportId,CrashDate,CrashTime,ReportNumber,StreetOrHighway,NearestIntersection,Location,Officer,Badge,ReportDate,TypeOfCollision,Bicycle,Scooter,Wheel Chair,TypeOfRoadway,RoadSurfaceCondition,LightCondition,WeatherCondition,NumberofVehicles,MannerofImpact,HitAndRun,TrafficControl,PersonCount,InjuryCount,MostSeriousInjury
32678,6/16/10,4:33 PM,2010-00061501,POCASSET AVE,DANIEL AVE ,POCASSET AVE / DANIEL AVE ,Francisco Guerra,190,16-Jun-10,Vehicle - Pedestrian,,,,Unknown,Wet,Daylight,Rain,1,Other,No,No Controls,2,1,Complains Of Pain
32693,6/16/10,8:18 PM,2010-00061157,Washington st,Memorial blvd,Washington st / Memorial blvd,Maxwell Dorley,384,16-Jun-10,Vehicle - Pedestrian,X,,,One-Way Trafficway,Dry,Dark - Lighted,Clear,1,Not a Collision Between Two Motor Vehicles in Transport,No,Traffic Control Signal,3,1,Complains Of Pain
32739,6/17/10,3:52 PM,2010-00061418,EASTWOOD AVE,LAUREL HILL AVE ,EASTWOOD AVE / LAUREL HILL AVE ,Brian Dyer,180,17-Jun-10,Vehicle - Pedestrian,,,,"Two-Way , Not Divided",Dry,Daylight,Clear,1,Other,No,No Controls,3,1,Non-Incapacitating
32870,6/18/10,5:12 PM,2010-00061822,COMSTOCK AVE,TAYLOR ST ,COMSTOCK AVE / TAYLOR ST ,Carla Cavanaugh,189,19-Jun-10,Vehicle - Pedestrian,X,,,"Two-Way , Not Divided",Dry,Daylight,Clear,1,Angle (Front - to - Side) Opposite Direction,No,No Controls,3,1,Complains Of Pain
32815,6/18/10,5:26 PM,2010-0061830,HUNTINGTON AVE,CHAMBERS ST ,HUNTINGTON AVE / CHAMBERS ST ,Brian Dyer,180,18-Jun-10,Vehicle - Pedestrian,X,,,One-Way Trafficway,Dry,Daylight,Clear,1,Other,No,No Controls,2,1,Complains Of Pain
32819,6/18/10,5:54 PM,2010-000061842,ALTHEA ST,CRANSTON ST ,ALTHEA ST / CRANSTON ST ,Brian Dyer,180,18-Jun-10,Vehicle - Pedestrian,,,,"Two-Way , Not Divided",Dry,Daylight,Clear,1,Other,No,No Controls,2,1,Non-Incapacitating
33056,6/18/10,5:06 PM,2010-00061818,140 DODGE ST,BOOTH ST ,140 DODGE ST / BOOTH ST ,Miguel Mena-Torres,493,22-Jun-10,Vehicle - Pedestrian,X,,,One-Way Trafficway,Wet,Daylight,Clear,1,Angle (Front - to - Side) Right Angle (Includes Broadside),No,No Controls,3,1,Non-Incapacitating
32875,6/19/10,8:47 PM,2010-00062376,CHARLES ST,GILLEN ST ,CHARLES ST / GILLEN ST ,Richard Esposito,320,19-Jun-10,Vehicle - Pedestrian,,,,"Two-Way , Not Divided",Dry,Dark - Lighted,Clear,1,Other,No,No Controls,5,1,Complains Of Pain
32839,6/19/10,1:32 AM,2010-00062029,Atwells Ave,EUTAW ST ,Atwells Ave / EUTAW ST ,Eric Cuellar,262,19-Jun-10,Vehicle - Pedestrian,,,,"Two-Way, Divided, Unprotected (painted>4feet) Medium",Dry,Dark - Lighted,Clear,1,Other,No,No Controls,4,1,Complains Of Pain
32860,6/19/10,1:14 PM,2010-00062207,BROAD ST,LENOX AVE ,BROAD ST / LENOX AVE ,Michael Camardo,515,19-Jun-10,Vehicle - Pedestrian,,,,"Two-Way , Not Divided",Dry,Daylight,Clear,1,Not a Collision Between Two Motor Vehicles in Transport,"Yes, M/V and Driver Left Scene",No Controls,1,1,Complains Of Pain
32861,6/19/10,12:22 PM,2010-00062189,SMITH ST,OAKLAND AVE ,SMITH ST / OAKLAND AVE ,Joseph Madeira,552,19-Jun-10,Vehicle - Pedestrian,,,,"Two-Way , Not Divided",Dry,Daylight,Clear,1,Head-On (Front - to - Front),No,Traffic Control Signal,2,0,No Injury
33003,6/20/10,6:54 PM,2010-00062781,WESTMINSTER ST,EMPIRE ST ,WESTMINSTER ST / EMPIRE ST ,Jonathan Primiano,623,21-Jun-10,Vehicle - Pedestrian,,,,One-Way Trafficway,Dry,Daylight,Clear,1,Not a Collision Between Two Motor Vehicles in Transport,No,Traffic Control Signal,3,0,No Injury
32995,6/21/10,4:51 PM,2010-00063118,ACADEMY AVE,NEWARK ST ,ACADEMY AVE / NEWARK ST ,MICHAEL R. TROIA,331,21-Jun-10,Vehicle - Pedestrian,,,,"Two-Way , Not Divided",Dry,Daylight,Clear,1,Head-On (Front - to - Front),No,Pavement Markings,7,1,Complains Of Pain
33065,6/22/10,7:59 PM,2010-0000062210,MANTON AVE,SALMON ST ,MANTON AVE / SALMON ST ,Christopher Poncia,333,22-Jun-10,Vehicle - Pedestrian,,,,"Two-Way , Not Divided",Dry,Dark - Not Lighted,Clear,2,"Sideswipe, Same Direction","Yes, M/V and Driver Left Scene",No Controls,2,0,Unknown
33131,6/23/10,3:20 PM,2010-00063879,530 SHARON ST,ADMIRAL ST ,530 SHARON ST / ADMIRAL ST ,Roland Reed,505,23-Jun-10,Vehicle - Pedestrian,,,,"Two-Way , Not Divided",Dry,Daylight,Clear,1,Other,No,No Controls,2,1,Complains Of Pain
33235,6/24/10,6:22 PM,2010-00064388,ALMA ST,CANDACE ST ,ALMA ST / CANDACE ST ,Andrew Mignanelli,361,24-Jun-10,Vehicle - Pedestrian,X,,,"Two-Way , Not Divided",Dry,Daylight,Clear,1,Other,No,No Controls,3,1,Complains Of Pain
33270,6/25/10,8:43 PM,2010-00064789,POMONA AVE,CARLETON ST ,POMONA AVE / CARLETON ST ,Ptlm. Carroll,142,25-Jun-10,Vehicle - Pedestrian,,,,"Two-Way , Not Divided",Dry,Dark - Lighted,Clear,1,"Sideswipe, Same Direction",No,No Controls,3,1,Complains Of Pain
33296,6/26/10,2:10 PM,2010-00065084,Hartford Ave,RT 6 West On ramp ,Hartford Ave / RT 6 West On ramp ,Francisco Furtado,635,26-Jun-10,Vehicle - Pedestrian,,,,"Two-Way, Divided, Unprotected (painted>4feet) Medium",Dry,Daylight,Clear,1,Other,No,Traffic Control Signal,3,1,Incapacitating
33338,6/26/10,11:16 AM,2010-00065032,MANTON AVE,ATWELLS AVE ,MANTON AVE / ATWELLS AVE ,Danilo Adoptante,636,27-Jun-10,Vehicle - Pedestrian,,,,"Two-Way , Not Divided",Dry,Daylight,Clear,2,Rear End(Front-to-Rear),"Yes, M/V and Driver Left Scene",No Controls,3,0,No Injury
33588,6/27/10,2:20 AM,2010-00065386,PORTER ST,OCONNOR ST ,PORTER ST / OCONNOR ST ,Miguel Castillo,489,29-Jun-10,Vehicle - Pedestrian,,,,"Two-Way , Not Divided",Dry,Dark - Lighted,Clear,2,"Sideswipe, Same Direction",No,No Controls,5,0,No Injury
33619,6/29/10,6:37 PM,2010-00066436,ADELAIDE AVE,BROAD ST ,ADELAIDE AVE / BROAD ST ,Carla Cavanaugh,189,29-Jun-10,Vehicle - Pedestrian,,,,"Two-Way , Not Divided",Dry,Daylight,Clear,1,Angle (Front - to - Side) Opposite Direction,No,Traffic Control Signal,3,1,Complains Of Pain
33548,6/29/10,7:59 AM,2010-00066217,HOPE ST,CHARLESFIELD ST ,HOPE ST / CHARLESFIELD ST ,Thiago Gomes,532,29-Jun-10,Vehicle - Pedestrian,,,,"Two-Way , Not Divided",Dry,Daylight,Clear,2,"Sideswipe, Same Direction",No,No Controls,4,0,No Injury
33752,6/30/10,7:42 PM,2010-00066846,409 ATWELLS AVE,PIEDMONT ST ,409 ATWELLS AVE / PIEDMONT ST ,Julie Pryde,310,01-Jul-10,Vehicle - Pedestrian,,,,"Two-Way , Not Divided",Dry,Dusk,Clear,1,Other,"Yes, M/V and Driver Left Scene",No Controls,1,1,Complains Of Pain
33672,6/30/10,7:08 PM,2010-00066829,PRUDENCE AVE,ETHAN ST ,PRUDENCE AVE / ETHAN ST ,Matthew Cute,308,30-Jun-10,Vehicle - Pedestrian,X,,,"Two-Way , Not Divided",Dry,Daylight,Clear,1,Angle (Front - to - Side) Right Angle (Includes Broadside),No,No Controls,3,1,Complains Of Pain
33731,7/1/10,10:24 AM,2010-00067057,Broadway,SERVICE ROAD 7 ,Broadway / SERVICE ROAD 7 ,Michael Caraccia,624,01-Jul-10,Vehicle - Pedestrian,,,,"Two-Way , Not Divided",Dry,Daylight,Clear,1,Other,No,Traffic Control Signal,3,1,Complains Of Pain
34284,7/2/10,6:45 PM,2010-00067643,BUCKLIN ST,HAWTHORNE ST ,BUCKLIN ST / HAWTHORNE ST ,Luis Pelaez,336,09-Jul-10,Vehicle - Pedestrian,,,,"Two-Way , Not Divided",Dry,Daylight,Clear,1,Other,No,No Controls,4,3,Complains Of Pain
36742,7/2/10,1:35 PM,2010-00076529,WASHINGTON STREET,SERVICE ROAD 7 ,WASHINGTON STREET / SERVICE ROAD 7 ,D.Eddy,528,03-Jul-10,Vehicle - Pedestrian,,,,"Two-Way , Not Divided",Dry,Daylight,Clear,1,Not a Collision Between Two Motor Vehicles in Transport,No,Traffic Control Signal,2,1,Complains Of Pain
34562,7/2/10,1:35 PM,2010-00067529,WASHINGTON ST,SERVICE ROAD 7 ,WASHINGTON ST / SERVICE ROAD 7 ,D. Eddy,528,14-Jul-10,Vehicle - Pedestrian,,,,"Two-Way , Not Divided",Dry,Daylight,Clear,1,Not a Collision Between Two Motor Vehicles in Transport,No,Traffic Control Signal,3,1,Complains Of Pain
33960,7/3/10,11:15 PM,2010-00068161,MANTON AVE,PELHAM ST ,MANTON AVE / PELHAM ST ,Peter Colt,178,04-Jul-10,Vehicle - Pedestrian,,,,"Two-Way , Not Divided",Dry,Dark - Lighted,Clear,1,Unknown,"Yes, M/V and Driver Left Scene",No Controls,2,1,Fatal
37276,7/5/10,2:42 PM,2010-00068874,WASHINGTON ST,EAST APPROACH,WASHINGTON ST / EAST APPROACH,348,348,12-Aug-10,Vehicle - Pedestrian,,,,One-Way Trafficway,Dry,Daylight,Clear,1,Not a Collision Between Two Motor Vehicles in Transport,No,No Controls,2,0,No Injury
34138,7/6/10,5:13 PM,2010-00069723,fountain st,UNION ST ,fountain st / UNION ST ,Maxwell Dorley,384,07-Jul-10,Vehicle - Pedestrian,,,,One-Way Trafficway,Dry,Daylight,Clear,1,Not a Collision Between Two Motor Vehicles in Transport,"Yes, M/V and Driver Left Scene",Traffic Control Signal,2,1,Complains Of Pain
34098,7/7/10,12:19 AM,2010-0069496,ALLENS AVE,ALLENS AVE EXIT ,ALLENS AVE / ALLENS AVE EXIT ,Mark Hubbard,267,07-Jul-10,Vehicle - Pedestrian,,,,"Two-Way , Not Divided",Dry,Dark - Lighted,Clear,1,Not a Collision Between Two Motor Vehicles in Transport,"Yes, M/V and Driver Left Scene",No Controls,2,1,Complains Of Pain
34273,7/8/10,4:42 PM,2010-00070090,PONTIAC AVE,RUTHERGLEN AVE ,PONTIAC AVE / RUTHERGLEN AVE ,Kusol Pea,174,09-Jul-10,Vehicle - Pedestrian,,,,"Two-Way, Divided, Unprotected (painted>4feet) Medium",Dry,Daylight,Clear,1,Angle (Front - to - Side) Right Angle (Includes Broadside),No,Stop Signs,2,1,Complains Of Pain
34407,7/10/10,11:43 PM,2010-00071097,CHALKSTONE AVE,CANDACE ST ,CHALKSTONE AVE / CANDACE ST ,Michael Mueller,165,11-Jul-10,Vehicle - Pedestrian,,,,"Two-Way , Not Divided",Dry,Dark - Lighted,Clear,3,Angle (Front - to - Side) Right Angle (Includes Broadside),"Yes, Driver Left Scene",Traffic Control Signal,7,0,No Injury
34345,7/10/10,1:58 AM,2010-00070729,BROAD ST,PENNSYLVANIA AVE ,BROAD ST / PENNSYLVANIA AVE ,Michael Clary,269,10-Jul-10,Vehicle - Pedestrian,,,,"Two-Way , Not Divided",Dry,Dark - Lighted,Clear,1,Other,No,Pavement Markings,2,1,Complains Of Pain
37561,7/11/10,6:04 PM,2010-00071402,Pleasant Valley Parkway ,,Pleasant Valley Parkway  / ,Robert Papa,187,16-Aug-10,Vehicle - Pedestrian,,,,"Two-Way , Not Divided",Dry,Daylight,Clear,2,Angle (Front - to - Side) Same Direction,No,No Controls,4,0,No Injury
34393,7/11/10,8:36 PM,2010-00071491,STATE HWY 10 N EXIT,PONTIAC AVE ,STATE HWY 10 N EXIT / PONTIAC AVE ,Jared Sherman,292,11-Jul-10,Vehicle - Pedestrian,,,,"Two-Way , Not Divided",Dry,Dark - Lighted,Clear,1,Angle (Front - to - Side) Same Direction,"Yes, M/V and Driver Left Scene",No Controls,2,2,Complains Of Pain
34444,7/12/10,3:31 PM,2010-00071753,BLACKSTONE BLVD,BUTLER DR ,BLACKSTONE BLVD / BUTLER DR ,Eric Greene,197,12-Jul-10,Vehicle - Pedestrian,,,,Unknown,Dry,Daylight,Clear,2,Rear End(Front-to-Rear),No,No Controls,4,0,No Injury
34534,7/13/10,10:59 PM,2010-00072317,WASHINGTON ST,GREENE ST ,WASHINGTON ST / GREENE ST ,Steffan Rasch,315,13-Jul-10,Vehicle - Pedestrian,,,,"Two-Way , Not Divided",Wet,Dark - Lighted,Rain,3,Angle (Front - to - Side) Right Angle (Includes Broadside),"Yes, M/V and Driver Left Scene",Traffic Control Signal,4,0,No Injury
34571,7/14/10,10:00 AM,2010-00072403,THURBERS AVE,I 95 ,THURBERS AVE / I 95 ,Werchadlo Jr,679,14-Jul-10,Vehicle - Pedestrian,,,,"Two-Way, Divided, Unprotected (painted>4feet) Medium",Dry,Daylight,Cloudy,2,Rear End(Front-to-Rear),"Yes, M/V and Driver Left Scene",No Controls,2,0,No Injury
34764,7/15/10,7:09 AM,2010-00072754,DUDLEY ST,CULVER ST ,DUDLEY ST / CULVER ST ,Troiano,295,16-Jul-10,Vehicle - Pedestrian,,,,"Two-Way , Not Divided",Dry,Daylight,Clear,2,Rear End(Front-to-Rear),"Yes, M/V and Driver Left Scene",No Controls,2,0,Unknown
34984,7/16/10,10:14 PM,2010-00073566,DALE ST,ATWELLS AVE ,DALE ST / ATWELLS AVE ,Ptlm. Carroll,142,18-Jul-10,Vehicle - Pedestrian,,,,"Two-Way , Not Divided",Dry,Dark - Lighted,Clear,2,"Sidwswipe, Opposite Direction","Yes, M/V and Driver Left Scene",No Controls,3,0,No Injury
34824,7/16/10,7:53 AM,2010-00073192,JILLSON ST,EDDY ST ,JILLSON ST / EDDY ST ,Juan Rodrigues,194,16-Jul-10,Vehicle - Pedestrian,,,,"Two-Way , Not Divided",Wet,Daylight,Clear,1,Angle (Front - to - Side) Same Direction,No,Stop Signs,3,1,Complains Of Pain
35189,7/18/10,1:22 PM,2010-00074307,GENEVA ST,CHALKSTONE AVE ,GENEVA ST / CHALKSTONE AVE ,Joseph Gallucci,503,21-Jul-10,Vehicle - Pedestrian,,,,"Two-Way , Not Divided",Dry,Daylight,Clear,2,Angle (Front - to - Side) Same Direction,"Yes, M/V and Driver Left Scene",No Controls,3,0,No Injury
34961,7/18/10,8:54 AM,2010-00074236,HOPE ST,CYPRESS ST ,HOPE ST / CYPRESS ST ,Khatchig Kazandjian,367,18-Jul-10,Vehicle - Pedestrian,,,,"Two-Way , Not Divided",Dry,Daylight,Clear,1,Head-On (Front - to - Front),No,Traffic Control Signal,4,1,Non-Incapacitating
35248,7/20/10,5:55 PM,2010-00075200,CHALKSTONE AVE,MANTON AVE ,CHALKSTONE AVE / MANTON AVE ,Matthew Greely,184,21-Jul-10,Vehicle - Pedestrian,X,,,"Two-Way , Not Divided",Dry,Daylight,Clear,1,Not a Collision Between Two Motor Vehicles in Transport,No,No Controls,3,0,No Injury
35302,7/20/10,4:45 PM,2010-00075164,WESTMINSTER ST,PARADE ST ,WESTMINSTER ST / PARADE ST ,Luis Pelaez,336,22-Jul-10,Vehicle - Pedestrian,X,,,"Two-Way , Not Divided",Dry,Daylight,Clear,1,Not a Collision Between Two Motor Vehicles in Transport,No,No Controls,2,1,Non-Incapacitating
35223,7/21/10,12:50 PM,2010-00075576,CENTRAL ST,PEARL ST ,CENTRAL ST / PEARL ST ,Kenneth Penza,534,21-Jul-10,Vehicle - Pedestrian,,,,"Two-Way , Not Divided",Dry,Daylight,Clear,1,Not a Collision Between Two Motor Vehicles in Transport,No,No Controls,5,1,Non-Incapacitating
35256,7/22/10,1:28 AM,2010-00075810,RICHMOND ST,FRIENDSHIP ST ,RICHMOND ST / FRIENDSHIP ST ,Andrew Groot,188,22-Jul-10,Vehicle - Pedestrian,,,,One-Way Trafficway,Dry,Dark - Lighted,Cloudy,1,Unknown,"Yes, M/V and Driver Left Scene",Traffic Control Signal,1,1,Non-Incapacitating
35928,7/24/10,10:33 PM,2010-00076850,JOHN ST,BROOK ST ,JOHN ST / BROOK ST ,Eric Greene,197,28-Jul-10,Vehicle - Pedestrian,X,,,"Two-Way , Not Divided",Dry,Daylight,Clear,1,Angle (Front - to - Side) Right Angle (Includes Broadside),No,No Controls,2,1,Complains Of Pain
35724,7/24/10,12:33 PM,2010-00076792,MANTON AVE,CHAFFEE ST ,MANTON AVE / CHAFFEE ST ,Edwin Kemble,364,24-Jul-10,Vehicle - Pedestrian,,,,"Two-Way , Not Divided",Dry,Daylight,Cloudy,1,Other,"Yes, M/V and Driver Left Scene",No Controls,2,1,Complains Of Pain
35500,7/24/10,9:10 PM,2010-00076979,BROAD ST,THURBERS AVE ,BROAD ST / THURBERS AVE ,Joshua Greeno,179,24-Jul-10,Vehicle - Pedestrian,X,,,"Two-Way , Not Divided",Dry,Dark - Lighted,Clear,1,Not a Collision Between Two Motor Vehicles in Transport,No,Traffic Control Signal,3,1,Complains Of Pain
35509,7/24/10,10:24 PM,2010-00077012,Broad Street,COMSTOCK AVE ,Broad Street / COMSTOCK AVE ,Carla Cavanaugh,189,24-Jul-10,Vehicle - Pedestrian,,,,"Two-Way , Not Divided",Dry,Dark - Lighted,Clear,1,Other,"Yes, M/V and Driver Left Scene",No Controls,1,1,Incapacitating
35599,7/25/10,3:11 PM,2010-00077311,CROWNINSHIELD ST,IDA ST ,CROWNINSHIELD ST / IDA ST ,Matthew Cute,308,25-Jul-10,Vehicle - Pedestrian,,,,"Two-Way , Not Divided",Dry,Daylight,Cloudy,1,Not a Collision Between Two Motor Vehicles in Transport,"Yes, M/V and Driver Left Scene",No Controls,2,2,Complains Of Pain
35681,7/26/10,5:50 PM,2010-00077806,MEDWAY STREET,GANO ST ,MEDWAY STREET / GANO ST ,Ralph Caraccia,360,26-Jul-10,Vehicle - Pedestrian,,,,"Two-Way , Not Divided",Dry,Daylight,Clear,2,Unknown,"Yes, M/V and Driver Left Scene",No Controls,2,0,Unknown
35730,7/27/10,8:35 AM,2010-00078050,HARTFORD AVE,KING PHILIP ST ,HARTFORD AVE / KING PHILIP ST ,Keith Lafazia,394,27-Jul-10,Vehicle - Pedestrian,X,,,"Two-Way , Not Divided",Dry,Daylight,Clear,1,Not a Collision Between Two Motor Vehicles in Transport,No,Stop Signs,3,1,Complains Of Pain
35789,7/27/10,5:25 PM,2010-00078223,HARRIS AVE,ATWELLS AVE ,HARRIS AVE / ATWELLS AVE ,David Harrington,276,27-Jul-10,Vehicle - Pedestrian,X,,,One-Way Trafficway,Dry,Daylight,Clear,1,Angle (Front - to - Side) Right Angle (Includes Broadside),No,Traffic Control Signal,4,1,Complains Of Pain
35875,7/28/10,9:15 AM,2010-00078477,BROAD ST,PORTLAND ST ,BROAD ST / PORTLAND ST ,Vincent Labianca,290,28-Jul-10,Vehicle - Pedestrian,,,,"Two-Way , Not Divided",Dry,Daylight,Clear,1,Not a Collision Between Two Motor Vehicles in Transport,No,No Controls,3,1,Complains Of Pain
35929,7/28/10,6:19 PM,2010-00078667,CROYLAND RD,POTTERS AVE ,CROYLAND RD / POTTERS AVE ,James Annis,454,28-Jul-10,Vehicle - Pedestrian,,,,"Two-Way , Not Divided",Dry,Daylight,Clear,1,Not a Collision Between Two Motor Vehicles in Transport,No,No Controls,3,1,Complains Of Pain
36058,7/29/10,6:52 PM,2010-00079077,DABOLL ST,BUCKLIN ST ,DABOLL ST / BUCKLIN ST ,Michael Maycock,281,29-Jul-10,Vehicle - Pedestrian,X,,,"Two-Way , Not Divided",Dry,Daylight,Clear,1,Not a Collision Between Two Motor Vehicles in Transport,No,No Controls,3,1,Non-Incapacitating
36082,7/30/10,8:40 AM,2010-00079281,HOPE ST,LLOYD AVE ,HOPE ST / LLOYD AVE ,Richard Mills,424,30-Jul-10,Vehicle - Pedestrian,X,,,"Two-Way , Not Divided",Dry,Daylight,Clear,2,"Sideswipe, Same Direction",No,No Controls,2,1,Complains Of Pain
36115,7/30/10,3:04 PM,2010-00079406,AMHERST ST,JULIAN ST ,AMHERST ST / JULIAN ST ,Christopher Poncia,333,30-Jul-10,Vehicle - Pedestrian,X,,,"Two-Way , Not Divided",Dry,Daylight,Clear,1,Angle (Front - to - Side) Right Angle (Includes Broadside),No,No Controls,2,1,Complains Of Pain
36116,7/30/10,3:27 PM,2010-00079421,LABAN ST,LAUREL HILL AVE ,LABAN ST / LAUREL HILL AVE ,Michael Gammino,491,30-Jul-10,Vehicle - Pedestrian,,,,"Two-Way , Not Divided",Dry,Daylight,Clear,1,Rear End(Front-to-Rear),"Yes, M/V and Driver Left Scene",No Controls,1,1,Complains Of Pain
36266,8/1/10,2:52 PM,2010-00080325,9 Parkis Avenue,BROAD ST ,9 Parkis Avenue / BROAD ST ,Donald Castigliego,287,01-Aug-10,Vehicle - Pedestrian,,,,"Two-Way , Not Divided",Dry,Daylight,Clear,2,Unknown,"Yes, M/V and Driver Left Scene",Unknown,2,0,Unknown
36348,8/2/10,5:30 PM,2010-00080794,ELMWOOD AVE,PRINCETON AVE ,ELMWOOD AVE / PRINCETON AVE ,Julie Pryde,310,02-Aug-10,Vehicle - Pedestrian,,,,"Two-Way , Not Divided",Dry,Daylight,Clear,1,Other,"Yes, M/V and Driver Left Scene",No Controls,2,2,Complains Of Pain
36400,8/3/10,6:15 PM,2010-000080788,PRINCETON AVE,BROAD ST ,PRINCETON AVE / BROAD ST ,James Annis,454,03-Aug-10,Vehicle - Pedestrian,,,,"Two-Way , Not Divided",Dry,Daylight,Clear,1,Not a Collision Between Two Motor Vehicles in Transport,No,No Controls,2,1,Complains Of Pain
36581,8/4/10,4:52 PM,2010-00081486,DOUGLAS AVE,CHAD BROWN ST ,DOUGLAS AVE / CHAD BROWN ST ,Brian Auclair,166,04-Aug-10,Vehicle - Pedestrian,,,,Unknown,Dry,Daylight,Clear,2,"Sidwswipe, Opposite Direction","Yes, M/V and Driver Left Scene",No Controls,2,0,Unknown
36587,8/4/10,3:05 PM,2010-00081444,BROAD ST,HOMER ST ,BROAD ST / HOMER ST ,Shay Chin,549,04-Aug-10,Vehicle - Pedestrian,,,,"Two-Way, Not Divided With a Continuous Left Turn Lane",Dry,Daylight,Clear,1,Not a Collision Between Two Motor Vehicles in Transport,"Yes, M/V and Driver Left Scene",No Controls,1,1,Non-Incapacitating
36644,8/5/10,3:15 PM,2010-00081851,BRANCH AVE,VEAZIE ST ,BRANCH AVE / VEAZIE ST ,John Henderson,148,05-Aug-10,Vehicle - Pedestrian,,,,"Two-Way , Not Divided",Dry,Daylight,Cloudy,1,Other,"Yes, M/V and Driver Left Scene",Stop Signs,2,1,Complains Of Pain
36650,8/6/10,1:44 AM,2010-00082079,THAYER ST,BOWEN ST ,THAYER ST / BOWEN ST ,Khari Bass,312,06-Aug-10,Vehicle - Pedestrian,,,,"Two-Way , Not Divided",Dry,Dark - Lighted,Clear,2,Rear - to - Side,No,No Controls,3,0,No Injury
36774,8/7/10,11:51 AM,2010-00082587,BROAD ST,CYR ST ,BROAD ST / CYR ST ,John Chmura,572,07-Aug-10,Vehicle - Pedestrian,,,,"Two-Way, Divided, Positive Median Barrier",Dry,Daylight,Clear,1,Other,"Yes, M/V and Driver Left Scene",No Controls,2,1,Non-Incapacitating
36805,8/7/10,9:20 PM,2010-00082758,ATWELLS AVE,ACADEMY AVE ,ATWELLS AVE / ACADEMY AVE ,Matthew Cute,308,07-Aug-10,Vehicle - Pedestrian,X,,,"Two-Way , Not Divided",Dry,Dark - Lighted,Clear,1,Unknown,"Yes, M/V and Driver Left Scene",Unknown,1,1,Non-Incapacitating
36807,8/7/10,6:52 PM,2010-00082694,BROAD ST,POTTERS AVE ,BROAD ST / POTTERS AVE ,Jared Stanzione,193,07-Aug-10,Vehicle - Pedestrian,,,,"Two-Way , Not Divided",Dry,Daylight,Clear,1,Not a Collision Between Two Motor Vehicles in Transport,No,No Controls,4,1,Complains Of Pain
37711,8/7/10,2:50 AM,2010-0082492,ORANGE ST, Friendship St,ORANGE ST /  Friendship St,Jessica Leone,258,12-Aug-10,Vehicle - Pedestrian,,,,One-Way Trafficway,Dry,Dark - Lighted,Clear,2,"Sideswipe, Same Direction","Yes, M/V and Driver Left Scene",No Controls,2,0,Unknown
36820,8/8/10,7:02 AM,2010-00082994,SAYLES ST,OCEAN ST ,SAYLES ST / OCEAN ST ,Werchadlo Jr.,679,08-Aug-10,Vehicle - Pedestrian,,,,"Two-Way , Not Divided",Dry,Daylight,Clear,2,Angle (Front - to - Side) Same Direction,Unknown,Stop Signs,4,0,Unknown
37374,8/9/10,10:25 AM,2010-00083381,BROADWAY,COURTLAND ST ,BROADWAY / COURTLAND ST ,James Carr,593,13-Aug-10,Vehicle - Pedestrian,,,,"Two-Way, Divided, Unprotected (painted>4feet) Medium",Dry,Daylight,Clear,2,"Sidwswipe, Opposite Direction",No,No Controls,2,0,No Injury
37015,8/10/10,4:59 PM,2010-00083900,N MAIN ST,WHITE ST ,N MAIN ST / WHITE ST ,Eric Greene,197,10-Aug-10,Vehicle - Pedestrian,,,,Unknown,Dry,Daylight,Clear,1,Other,No,No Controls,3,1,Complains Of Pain
37205,8/11/10,5:32 PM,2010-0084304,HARTFORD AVE,PRIVATE PROPERTY,HARTFORD AVE / PRIVATE PROPERTY,Douglas Steele,175,11-Aug-10,Vehicle - Pedestrian,,,,"Two-Way , Not Divided",Dry,Daylight,Clear,1,Rear End(Front-to-Rear),No,No Controls,5,1,Complains Of Pain
37211,8/11/10,7:54 PM,2010-00084351,434 MOUNT PLEASANT AVE,,434 MOUNT PLEASANT AVE / ,Edwardo Curi,294,11-Aug-10,Vehicle - Pedestrian,,,,"Two-Way , Not Divided",Dry,Dark - Lighted,Clear,1,Angle - Direction Not Specified,No,No Controls,4,0,No Injury
37620,8/12/10,10:35 AM,2010-00085413,MANTON AVE,ORTOLEVA DR ,MANTON AVE / ORTOLEVA DR ,Danilo Adoptante,636,17-Aug-10,Vehicle - Pedestrian,,,,"Two-Way, Divided, Unprotected (painted>4feet) Medium",Dry,Daylight,Clear,2,Angle (Front - to - Side) Right Angle (Includes Broadside),"Yes, M/V and Driver Left Scene",No Controls,2,0,No Injury
37405,8/13/10,8:48 PM,2010-00085179,PLENTY ST,ELMWOOD AVE ,PLENTY ST / ELMWOOD AVE ,Joshua Greeno,179,13-Aug-10,Vehicle - Pedestrian,,,,Unknown,Dry,Dark - Lighted,Clear,1,Not a Collision Between Two Motor Vehicles in Transport,"Yes, M/V and Driver Left Scene",No Controls,3,1,Incapacitating
38386,8/24/10,9:00 AM,2010-00089678,1 Cadillac Drive,NIAGARA ST ,1 Cadillac Drive / NIAGARA ST ,Michael Clement,273,24-Aug-10,Vehicle - Pedestrian,,,,Unknown,Wet,Unknown,Rain,1,Not a Collision Between Two Motor Vehicles in Transport,"Yes, M/V and Driver Left Scene",No Controls,1,0,Unknown
38610,8/25/10,4:36 PM,2010-00090094,WASHINGTON ST,DORRANCE ST ,WASHINGTON ST / DORRANCE ST ,Ivan Tavarez,204,25-Aug-10,Vehicle - Pedestrian,,,,"Two-Way, Divided, Unprotected (painted>4feet) Medium",Wet,Daylight,Rain,1,Other,No,Traffic Control Signal,5,1,Non-Incapacitating
38684,8/26/10,3:11 PM,2010-00090451,THAYER ST,CUSHING ST ,THAYER ST / CUSHING ST ,Jason Andrade,200,26-Aug-10,Vehicle - Pedestrian,,,,One-Way Trafficway,Dry,Daylight,Clear,1,Rear End(Front-to-Rear),No,No Controls,3,1,Complains Of Pain
38735,8/27/10,11:29 AM,2010-000090767,850 MANTON AVE,,850 MANTON AVE / ,Brian Corcoran,562,27-Aug-10,Vehicle - Pedestrian,,,,"Two-Way , Not Divided",Dry,Daylight,Clear,1,Other,No,No Controls,2,1,Complains Of Pain