CrashReportId,CrashDate,CrashTime,ReportNumber,StreetOrHighway,NearestIntersection,Location,Officer,Badge,ReportDate,TypeOfCollision,Bicycle,Scooter,Wheel Chair,TypeOfRoadway,RoadSurfaceCondition,LightCondition,WeatherCondition,NumberofVehicles,MannerofImpact,HitAndRun,TrafficControl,PersonCount,InjuryCount,MostSeriousInjury
38754,8/27/10,4:37 PM,2010-00090861,Gallileo,Victoria St. ,Gallileo / Victoria St. ,Robert Papa,187,27-Aug-10,Vehicle - Pedestrian,,,,"Two-Way , Not Divided",Dry,Daylight,Clear,2,Angle (Front - to - Side) Opposite Direction,No,No Controls,3,0,No Injury
39315,8/27/10,8:05 AM,2010-00090728,DOUGLAS AVE,WHIPPLE ST ,DOUGLAS AVE / WHIPPLE ST ,Ernest Forlini,343,27-Aug-10,Vehicle - Pedestrian,X,,,"Two-Way , Not Divided",Dry,Daylight,Clear,1,Angle (Front - to - Side) Right Angle (Includes Broadside),No,No Controls,2,1,Complains Of Pain
38945,8/28/10,6:08 PM,2010-00091333,WESTMINSTER ST,BAINBRIDGE AVE ,WESTMINSTER ST / BAINBRIDGE AVE ,Brian Romos,285,29-Aug-10,Vehicle - Pedestrian,X,,,"Two-Way , Not Divided",Dry,Daylight,Clear,1,Not a Collision Between Two Motor Vehicles in Transport,No,No Controls,3,1,Non-Incapacitating
39201,8/29/10,6:38 PM,2010-00091895,BONANZA WAY,BONANZA WAY ,BONANZA WAY / BONANZA WAY ,Glen Morgan,558,29-Aug-10,Vehicle - Pedestrian,,,,One-Way Trafficway,Dry,Daylight,Clear,1,Other,No,No Controls,2,1,Complains Of Pain
39060,8/30/10,11:33 AM,2010-00092150,Hawkins Street,Russo Street ,Hawkins Street / Russo Street ,Matthew Nadeau,271,30-Aug-10,Vehicle - Pedestrian,X,,,One-Way Trafficway,Dry,Daylight,Clear,1,Angle (Front - to - Side) Right Angle (Includes Broadside),No,No Controls,3,0,No Injury
39065,8/30/10,1:58 PM,2010-00092188,BROAD ST,HOUSTON ST ,BROAD ST / HOUSTON ST ,Michael Camardo,515,30-Aug-10,Vehicle - Pedestrian,,,,"Two-Way , Not Divided",Dry,Daylight,Clear,1,Not a Collision Between Two Motor Vehicles in Transport,"Yes, M/V and Driver Left Scene",No Controls,3,1,Complains Of Pain
39183,8/30/10,12:55 PM,2010-00092589,WHITFORD AVE,NELSON ST ,WHITFORD AVE / NELSON ST ,Merrick Cook,280,31-Aug-10,Vehicle - Pedestrian,X,,,"Two-Way , Not Divided",Dry,Daylight,Clear,1,Other,No,No Controls,3,1,Non-Incapacitating
39420,9/1/10,9:10 PM,2010-0093154,PUBLIC ST,BROAD ST ,PUBLIC ST / BROAD ST ,Jared Sherman,292,01-Sep-10,Vehicle - Pedestrian,,,,"Two-Way , Not Divided",Dry,Dark - Lighted,Clear,1,Not a Collision Between Two Motor Vehicles in Transport,No,Traffic Control Signal,2,1,Complains Of Pain
39465,9/2/10,11:25 AM,2010-00093362,ANGELL ST,DEFOE PL ,ANGELL ST / DEFOE PL ,Derrek Edmonds,550,02-Sep-10,Vehicle - Pedestrian,,,,One-Way Trafficway,Dry,Daylight,Clear,1,"Sideswipe, Same Direction",No,No Controls,2,0,Unknown
39508,9/2/10,4:04 PM,2010-00093460,BENTON ST,APPLETON ST ,BENTON ST / APPLETON ST ,Vincent LaBianca,290,02-Sep-10,Vehicle - Pedestrian,,,,"Two-Way , Not Divided",Dry,Daylight,Clear,1,Not a Collision Between Two Motor Vehicles in Transport,"Yes, M/V and Driver Left Scene",No Controls,1,1,Complains Of Pain
39542,9/3/10,8:34 AM,2010-00093755,DOUGLAS AVE,CONCANNON ST ,DOUGLAS AVE / CONCANNON ST ,Albert Decristofano,674,03-Sep-10,Vehicle - Pedestrian,,,,"Two-Way, Divided, Unprotected (painted>4feet) Medium",Dry,Daylight,Clear,1,Not a Collision Between Two Motor Vehicles in Transport,No,No Controls,3,1,Non-Incapacitating
39690,9/4/10,7:11 AM,2010-00094124,KILLINGLY ST,HARTFORD AVE ,KILLINGLY ST / HARTFORD AVE ,Danilo Adoptante,636,04-Sep-10,Vehicle - Pedestrian,,,,"Two-Way , Not Divided",Dry,Daylight,Clear,2,Rear End(Front-to-Rear),"Yes, M/V and Driver Left Scene",Traffic Control Signal,2,0,Unknown
39754,9/4/10,2:42 PM,2010-00094238,GLENBRIDGE AVE,BARBARA ST ,GLENBRIDGE AVE / BARBARA ST ,Douglas Steele,175,04-Sep-10,Vehicle - Pedestrian,X,,,"Two-Way , Not Divided",Dry,Daylight,Clear,1,Angle (Front - to - Side) Right Angle (Includes Broadside),No,Stop Signs,3,1,Complains Of Pain
40999,9/6/10,10:08 PM,2010-00095372,Point ST,RICHMOND ST ,Point ST / RICHMOND ST ,Christopher Ziroli,283,07-Sep-10,Vehicle - Pedestrian,X,,,"Two-Way , Not Divided",Dry,Dark - Lighted,Clear,1,Not a Collision Between Two Motor Vehicles in Transport,No,No Controls,3,1,Non-Incapacitating
39957,9/6/10,1:22 AM,2010-00095005,ACADEMY AVE,EATON ST ,ACADEMY AVE / EATON ST ,Ryan Moroney,324,06-Sep-10,Vehicle - Pedestrian,,,,"Two-Way , Not Divided",Dry,Dark - Lighted,Clear,2,Rear End(Front-to-Rear),No,No Controls,4,0,No Injury
39997,9/6/10,5:37 PM,2010-00095259,S MAIN ST,PACKET ST ,S MAIN ST / PACKET ST ,Jason Andrade,200,06-Sep-10,Vehicle - Pedestrian,,,,One-Way Trafficway,Dry,Daylight,Clear,1,Unknown,No,No Controls,3,1,Complains Of Pain
40100,9/7/10,7:16 PM,2010-00095688,316 Pocasset Ave.,UNION AVE ,316 Pocasset Ave. / UNION AVE ,Douglas Steele,175,07-Sep-10,Vehicle - Pedestrian,,,,"Two-Way , Not Divided",Dry,Dark - Lighted,Clear,1,Rear - to - Side,No,No Controls,3,2,Complains Of Pain
40208,9/8/10,1:34 PM,2010-00095946,EXCHANGE TER,EXCHANGE ST ,EXCHANGE TER / EXCHANGE ST ,Christopher Owens,611,08-Sep-10,Vehicle - Pedestrian,,,,One-Way Trafficway,Dry,Daylight,Clear,1,"Sidwswipe, Opposite Direction",No,Stop Signs,8,1,Incapacitating
40790,9/11/10,12:02 AM,2010-00096955,BATH ST,OKIE ST ,BATH ST / OKIE ST ,Everett Carvalho,268,15-Sep-10,Vehicle - Pedestrian,,,,"Two-Way , Not Divided",Dry,Dark - Lighted,Clear,2,Angle - Direction Not Specified,"Yes, M/V and Driver Left Scene",No Controls,2,0,No Injury
40631,9/13/10,8:07 AM,2010-00097881,SMITH ST,PEMBROKE AVE ,SMITH ST / PEMBROKE AVE ,Rhonda Kessler,108,13-Sep-10,Vehicle - Pedestrian,,,,"Two-Way , Not Divided",Dry,Daylight,Cloudy,1,Other,No,No Controls,7,1,Complains Of Pain
40750,9/14/10,8:30 PM,2010-00098522,CAMDEN AVE,CHALKSTONE AVE ,CAMDEN AVE / CHALKSTONE AVE ,Thomas Richards,279,14-Sep-10,Vehicle - Pedestrian,,,,One-Way Trafficway,Dry,Dark - Lighted,Clear,1,Not a Collision Between Two Motor Vehicles in Transport,"Yes, M/V and Driver Left Scene",No Controls,2,1,Complains Of Pain
40779,9/14/10,3:35 PM,2010-00098381,SORRENTO ST,ALTHEA ST ,SORRENTO ST / ALTHEA ST ,Juan Rodrigues,194,14-Sep-10,Vehicle - Pedestrian,X,,,"Two-Way , Not Divided",Dry,Daylight,Clear,1,Angle (Front - to - Side) Right Angle (Includes Broadside),"Yes, M/V and Driver Left Scene",No Controls,1,1,Non-Incapacitating
40784,9/14/10,11:19 PM,2010-00098561,N MAIN ST,BRANCH AVE ,N MAIN ST / BRANCH AVE ,Joanna D'iorio,966,14-Sep-10,Vehicle - Pedestrian,,,,Unknown,Dry,Daylight,Clear,2,Angle (Front - to - Side) Opposite Direction,"Yes, M/V and Driver Left Scene",No Controls,2,0,Unknown
40786,9/14/10,2:53 PM,2010-00098361,Stewart Street,Pine Street,Stewart Street / Pine Street,Daniel Gonzalez,469,14-Sep-10,Vehicle - Pedestrian,,,,"Two-Way , Not Divided",Dry,Daylight,Clear,1,Head-On (Front - to - Front),"Yes, M/V and Driver Left Scene",No Controls,1,1,Complains Of Pain
40808,9/15/10,7:27 AM,2010-00098602,STOKES ST,WESTMINSTER ST ,STOKES ST / WESTMINSTER ST ,Thomas Connetta,374,15-Sep-10,Vehicle - Pedestrian,,,,"Two-Way , Not Divided",Dry,Daylight,Clear,1,Head-On (Front - to - Front),No,No Controls,6,1,Fatal
40856,9/15/10,7:02 PM,2010-00098837,ORMS ST,DOUGLAS AVE ,ORMS ST / DOUGLAS AVE ,Thomas Richards,279,15-Sep-10,Vehicle - Pedestrian,,,,"Two-Way, Divided, Unprotected (painted>4feet) Medium",Dry,Dark - Lighted,Clear,1,Not a Collision Between Two Motor Vehicles in Transport,"Yes, M/V and Driver Left Scene",No Controls,1,0,No Injury
40857,9/15/10,3:23 PM,2010-00098741,PRAIRIE AVE,ELMA ST ,PRAIRIE AVE / ELMA ST ,Jose Mendez,321,15-Sep-10,Vehicle - Pedestrian,,,,"Two-Way , Not Divided",Dry,Daylight,Clear,1,Unknown,No,No Controls,3,1,Complains Of Pain
40858,9/15/10,6:03 PM,2010-00098811,IVES ST,E MANNING ST ,IVES ST / E MANNING ST ,James Grennan,332,15-Sep-10,Vehicle - Pedestrian,X,,,"Two-Way , Not Divided",Dry,Daylight,Clear,1,Angle (Front - to - Side) Right Angle (Includes Broadside),No,Stop Signs,2,1,Non-Incapacitating
41296,9/16/10,4:25 PM,2010-00099137,bowen,hope,bowen / hope,Joseph Villella,368,16-Sep-10,Vehicle - Pedestrian,,,,"Two-Way , Not Divided",Dry,Daylight,Clear,1,Other,No,No Controls,2,0,No Injury
41099,9/17/10,1:55 PM,2010-00099438,BROADWAY,DEAN ST ,BROADWAY / DEAN ST ,John Abatiello,692,17-Sep-10,Vehicle - Pedestrian,,,,"Two-Way, Divided, Unprotected (painted>4feet) Medium",Dry,Daylight,Clear,2,Other,No,Traffic Control Signal,3,1,Complains Of Pain
41236,9/18/10,11:04 PM,2010-00100070,GEORGE ST,THAYER ST ,GEORGE ST / THAYER ST ,David Iamarone,334,19-Sep-10,Vehicle - Pedestrian,X,,,"Two-Way , Not Divided",Dry,Dark - Lighted,Clear,1,Head-On (Front - to - Front),"Yes, M/V and Driver Left Scene",Stop Signs,4,1,Complains Of Pain
41247,9/19/10,2:00 PM,2010-00100334,BLACKSTONE BLVD,ROCHAMBEAU AVE ,BLACKSTONE BLVD / ROCHAMBEAU AVE ,Khatchig Kazandjian,367,19-Sep-10,Vehicle - Pedestrian,,,,One-Way Trafficway,Dry,Daylight,Clear,1,Angle (Front - to - Side) Right Angle (Includes Broadside),No,Stop Signs,2,1,Complains Of Pain
41336,9/20/10,5:07 PM,2010-00100780,NELLIE ST,SELKIRK ST ,NELLIE ST / SELKIRK ST ,Timothy Benson,299,20-Sep-10,Vehicle - Pedestrian,X,,,"Two-Way , Not Divided",Dry,Daylight,Clear,1,"Sidwswipe, Opposite Direction",No,No Controls,2,1,Complains Of Pain
41337,9/20/10,5:13 PM,2010-00100784,507 Public st. ,,507 Public st.  / , Papa,187,20-Sep-10,Vehicle - Pedestrian,X,,,"Two-Way , Not Divided",Dry,Daylight,Clear,1,Head-On (Front - to - Front),No,No Controls,4,1,Incapacitating
41355,9/20/10,3:21 PM,2010-0100729,OAKLAND AVE,SMITH ST ,OAKLAND AVE / SMITH ST ,Vincent Pazzetta,641,20-Sep-10,Vehicle - Pedestrian,,,,"Two-Way , Not Divided",Dry,Daylight,Clear,1,Not a Collision Between Two Motor Vehicles in Transport,No,Traffic Control Signal,2,1,Incapacitating
41524,9/21/10,8:32 AM,2010-00100989,BRANCH AVE,CYPRESS ST ,BRANCH AVE / CYPRESS ST ,Edwin Kemble,364,23-Sep-10,Vehicle - Pedestrian,,,,"Two-Way , Not Divided",Dry,Daylight,Clear,2,"Sideswipe, Same Direction","Yes, M/V and Driver Left Scene",Traffic Control Signal,2,1,Complains Of Pain
41713,9/23/10,4:51 PM,2010-00101946,ATLANTIC AVE,BROAD ST ,ATLANTIC AVE / BROAD ST ,Joshua Greeno,179,23-Sep-10,Vehicle - Pedestrian,,,,"Two-Way , Not Divided",Dry,Daylight,Clear,1,Not a Collision Between Two Motor Vehicles in Transport,No,No Controls,2,1,Complains Of Pain
41931,9/23/10,10:12 PM,2010-0000010282,PLAINFIELD ST,DUNFORD ST ,PLAINFIELD ST / DUNFORD ST ,Brian Dyer,180,27-Sep-10,Vehicle - Pedestrian,,,,Unknown,Dry,Dark - Lighted,Clear,2,"Sidwswipe, Opposite Direction","Yes, M/V and Driver Left Scene",No Controls,2,0,Unknown
41523,9/23/10,6:31 AM,2010-00101761,WASHINGTON ST,EMPIRE ST ,WASHINGTON ST / EMPIRE ST ,Steffan Rasch,315,23-Sep-10,Vehicle - Pedestrian,,,,One-Way Trafficway,Dry,Daylight,Clear,1,Not a Collision Between Two Motor Vehicles in Transport,No,Traffic Control Signal,4,1,Incapacitating
41556,9/23/10,9:00 AM,2010-00101783,WASHINGTON ST,DEAN ST ,WASHINGTON ST / DEAN ST ,Edward Gonzalez,618,23-Sep-10,Vehicle - Pedestrian,,,,"Two-Way, Divided, Unprotected (painted>4feet) Medium",Dry,Daylight,Clear,1,Head-On (Front - to - Front),No,Stop Signs,6,1,Complains Of Pain
41599,9/23/10,3:34 PM,2010-00101908,N MAIN ST,OLNEY ST ,N MAIN ST / OLNEY ST ,Glen Morgan,558,23-Sep-10,Vehicle - Pedestrian,,,,One-Way Trafficway,Dry,Daylight,Clear,1,Not a Collision Between Two Motor Vehicles in Transport,No,Traffic Control Signal,2,1,Complains Of Pain
41689,9/24/10,7:34 PM,2010-00102434,HOPE ST,GLENDALE AVE ,HOPE ST / GLENDALE AVE ,Kenneth Demarco,176,24-Sep-10,Vehicle - Pedestrian,,,,"Two-Way , Not Divided",Dry,Dark - Lighted,Cloudy,2,Rear End(Front-to-Rear),No,No Controls,4,1,Non-Incapacitating
41724,9/25/10,3:11 AM,2010-00102663,LABAN ST,WEBSTER AVE ,LABAN ST / WEBSTER AVE ,Adam Chin,289,25-Sep-10,Vehicle - Pedestrian,,,,"Two-Way , Not Divided",Dry,Dark - Lighted,Clear,1,Not a Collision Between Two Motor Vehicles in Transport,"Yes, Driver Left Scene",Stop Signs,1,1,Complains Of Pain
41740,9/25/10,8:43 AM,2010-00102708,CHALKSTONE AVE,ACADEMY AVE ,CHALKSTONE AVE / ACADEMY AVE ,Ernest Forlini,343,25-Sep-10,Vehicle - Pedestrian,,,,"Two-Way , Not Divided",Dry,Daylight,Cloudy,1,Other,No,No Controls,3,1,Complains Of Pain
43893,9/25/10,12:00 PM,2010-00102754,THAYER ST,CUSHING ST ,THAYER ST / CUSHING ST ,Thomas Rose,465,25-Sep-10,Vehicle - Pedestrian,,,,One-Way Trafficway,Dry,Daylight,Clear,1,Other,No,No Controls,2,1,Incapacitating
42143,9/28/10,3:54 PM,2010-00104231,Manton Ave,Glenbridge Ave,Manton Ave / Glenbridge Ave,Brian Dyer,180,29-Sep-10,Vehicle - Pedestrian,,,,"Two-Way , Not Divided",Dry,Daylight,Clear,3,Rear End(Front-to-Rear),"Yes, M/V and Driver Left Scene",No Controls,5,0,No Injury
42005,9/28/10,3:30 PM,2010-00104007,FULTON ST,DORRANCE ST ,FULTON ST / DORRANCE ST ,Jonathan Primiano,623,28-Sep-10,Vehicle - Pedestrian,,,,"Two-Way, Divided, Unprotected (painted>4feet) Medium",Wet,Daylight,Cloudy,1,Not a Collision Between Two Motor Vehicles in Transport,"Yes, M/V and Driver Left Scene",Traffic Control Signal,4,0,No Injury
42079,9/29/10,10:00 AM,2010-00104254,PAGE ST,PINE ST ,PAGE ST / PINE ST ,Mark Dececco,407,29-Sep-10,Vehicle - Pedestrian,,,,One-Way Trafficway,Dry,Daylight,Clear,2,Rear End(Front-to-Rear),No,No Controls,4,0,No Injury
42161,9/29/10,7:59 PM,2010-00104475,12 harvard ave,,12 harvard ave / ,Robert Papa,187,29-Sep-10,Vehicle - Pedestrian,,,,"Two-Way , Not Divided",Dry,Dark - Lighted,Clear,1,Not a Collision Between Two Motor Vehicles in Transport,"Yes, Driver Left Scene",No Controls,2,1,Incapacitating
42460,10/1/10,2:55 PM,2010-00105127,VEAZIE ST,DOUGLAS AVE ,VEAZIE ST / DOUGLAS AVE ,Ludwig Castro,201,02-Oct-10,Vehicle - Pedestrian,,,,"Two-Way , Not Divided",Dry,Daylight,Clear,1,Not a Collision Between Two Motor Vehicles in Transport,"Yes, M/V and Driver Left Scene",No Controls,2,1,Complains Of Pain
42470,10/1/10,5:05 PM,2010-00105181,FELIX ST,CHALKSTONE AVE ,FELIX ST / CHALKSTONE AVE ,Brian Auclair,166,02-Oct-10,Vehicle - Pedestrian,,,,"Two-Way , Not Divided",Dry,Daylight,Clear,1,Unknown,No,Stop Signs,5,1,Complains Of Pain
42284,10/1/10,12:28 PM,2010-105078,VALLEY ST,BARSTOW ST ,VALLEY ST / BARSTOW ST ,Keith Lafazia,394,01-Oct-10,Vehicle - Pedestrian,,,,"Two-Way, Divided, Unprotected (painted>4feet) Medium",Wet,Daylight,Rain,1,"Sideswipe, Same Direction",No,No Controls,6,1,Complains Of Pain
42399,10/1/10,9:47 PM,2010-00105288,EXCHANGE ST,WASHINGTON ST ,EXCHANGE ST / WASHINGTON ST ,Jonathan Primiano,623,01-Oct-10,Vehicle - Pedestrian,,,,"Two-Way, Divided, Unprotected (painted>4feet) Medium",Wet,Dark - Unknown Lighting,Clear,1,Not a Collision Between Two Motor Vehicles in Transport,No,No Controls,5,2,Complains Of Pain
46119,10/1/10,11:22 PM,2010-00105319,HARRIS AVE,EXIT 22C ,HARRIS AVE / EXIT 22C ,Jimmy Lamboy,191,02-Oct-10,Vehicle - Pedestrian,,,,"Two-Way , Not Divided",Wet,Dark - Not Lighted,Rain,1,Head-On (Front - to - Front),No,No Controls,3,1,Complains Of Pain
42517,10/2/10,4:53 PM,2010-000105592,PLAINFIELD ST, ROUTE 6 WEST EXIT ,PLAINFIELD ST /  ROUTE 6 WEST EXIT ,Brian Dyer,180,03-Oct-10,Vehicle - Pedestrian,,,,"Two-Way , Not Divided",Dry,Daylight,Clear,1,Head-On (Front - to - Front),No,No Controls,3,1,Non-Incapacitating
42459,10/2/10,6:57 PM,2010-00105644,WESTMINSTER ST,STOKES ST ,WESTMINSTER ST / STOKES ST ,Francisco Guerra,190,02-Oct-10,Vehicle - Pedestrian,,,,"Two-Way, Divided, Unprotected (painted>4feet) Medium",Dry,Dark - Lighted,Clear,1,Not a Collision Between Two Motor Vehicles in Transport,No,No Controls,2,1,Complains Of Pain
42510,10/3/10,4:32 PM,2010-00105993,BATH ST,ORMS ST ,BATH ST / ORMS ST ,Vincent Pazzetta,641,03-Oct-10,Vehicle - Pedestrian,,,,"Two-Way , Not Divided",Dry,Daylight,Clear,1,Not a Collision Between Two Motor Vehicles in Transport,No,No Controls,3,1,Non-Incapacitating
43336,10/3/10,2:00 AM,2010-00109130,HANOVER STREET,ELMWOOD AVE ,HANOVER STREET / ELMWOOD AVE ,D. Eddy,528,12-Oct-10,Vehicle - Pedestrian,,,,Unknown,Unknown,Unknown,Clear,1,Not a Collision Between Two Motor Vehicles in Transport,"Yes, M/V and Driver Left Scene",No Controls,1,1,Incapacitating
42539,10/4/10,8:09 AM,2010-00106162,HOPE ST,CUSHING ST ,HOPE ST / CUSHING ST ,Richard Mills,424,04-Oct-10,Vehicle - Pedestrian,,,,"Two-Way , Not Divided",Wet,Daylight,Rain,1,"Sideswipe, Same Direction",No,No Controls,2,1,Complains Of Pain
42586,10/4/10,6:37 PM,2010-000106349,CARLETON ST,CHALKSTONE AVE ,CARLETON ST / CHALKSTONE AVE ,O.R Proctor ,627,04-Oct-10,Vehicle - Pedestrian,X,,,"Two-Way , Not Divided",Wet,Dark - Lighted,Rain,1,Not a Collision Between Two Motor Vehicles in Transport,No,No Controls,2,1,Complains Of Pain
43073,10/8/10,9:19 AM,2010-00107533,DOUGLAS AVE,COGGESHALL ST ,DOUGLAS AVE / COGGESHALL ST ,Raymond King,633,09-Oct-10,Vehicle - Pedestrian,,,,Unknown,Dry,Daylight,Clear,1,"Sideswipe, Same Direction","Yes, M/V and Driver Left Scene",No Controls,1,1,Complains Of Pain
43123,10/9/10,5:08 PM,2010-00108175,BLACKSTONE BLVD.,IRVING AVE.,BLACKSTONE BLVD. / IRVING AVE.,Fausto Garcia,109,09-Oct-10,Vehicle - Pedestrian,X,,,One-Way Trafficway,Dry,Daylight,Clear,1,Not a Collision Between Two Motor Vehicles in Transport,No,Stop Signs,2,1,Non-Incapacitating
43142,10/9/10,12:53 PM,2010-00108084,HOPE ST,9TH ST ,HOPE ST / 9TH ST ,Andrew Frolich,673,09-Oct-10,Vehicle - Pedestrian,,,,"Two-Way, Divided, Unprotected (painted>4feet) Medium",Dry,Daylight,Clear,1,Other,No,No Controls,4,1,Complains Of Pain
46164,10/9/10,9:48 PM,2010-00108263,WASHINGTON ST,EMPIRE ST ,WASHINGTON ST / EMPIRE ST ,James Cryan,352,09-Nov-10,Vehicle - Pedestrian,X,,,"Two-Way , Not Divided",Dry,Dark - Lighted,Clear,1,"Sidwswipe, Opposite Direction",No,Traffic Control Signal,3,1,Complains Of Pain
43174,10/10/10,2:23 PM,2010-00108507,575 SOUTH WATER STREET,TOCKWOTTON ST ,575 SOUTH WATER STREET / TOCKWOTTON ST ,Ralph Caraccia,360,10-Oct-10,Vehicle - Pedestrian,,,,Unknown,Dry,Daylight,Clear,2,Rear - to - Rear,"Yes, M/V and Driver Left Scene",No Controls,2,0,Unknown
43214,10/10/10,4:42 PM,2010-00108553,Federal Street,BERCLAY ST ,Federal Street / BERCLAY ST ,Michele Rudolph,512,10-Oct-10,Vehicle - Pedestrian,,,,"Two-Way , Not Divided",Dry,Daylight,Cloudy,2,Unknown,"Yes, M/V and Driver Left Scene",No Controls,2,0,Unknown
44055,10/10/10,3:05 PM,2010-00108514,MASSACHUSETTS AVE,NARRAGANSETT BLVD ,MASSACHUSETTS AVE / NARRAGANSETT BLVD ,Thomas Kane,545,14-Oct-10,Vehicle - Pedestrian,,,,"Two-Way , Not Divided",Dry,Daylight,Clear,1,Not a Collision Between Two Motor Vehicles in Transport,No,Stop Signs,2,1,Complains Of Pain
43247,10/11/10,3:12 PM,2010-000108850,BLACKSTONE BLVD,WINFIELD RD ,BLACKSTONE BLVD / WINFIELD RD ,Glen Morgan,558,11-Oct-10,Vehicle - Pedestrian,,,,One-Way Trafficway,Dry,Daylight,Clear,1,Not a Collision Between Two Motor Vehicles in Transport,No,No Controls,2,1,Incapacitating
43738,10/14/10,2:23 PM,2010-00109893,10 Arch Street,ELMWOOD AVE ,10 Arch Street / ELMWOOD AVE ,Kenneth Wigginton,359,15-Oct-10,Vehicle - Pedestrian,X,,,"Two-Way , Not Divided",Dry,Daylight,Clear,1,Other,"Yes, M/V and Driver Left Scene",Traffic Control Signal,1,0,No Injury
43578,10/14/10,12:00 AM,2010-00110133, 741 ACADEMY AVE,SALTER ST , 741 ACADEMY AVE / SALTER ST ,Rhonda Kessler,108,15-Oct-10,Vehicle - Pedestrian,,,,Unknown,Unknown,Unknown,Clear,1,Unknown,Unknown,Unknown,2,0,No Injury
43613,10/14/10,5:35 PM,2010-00109953,CHESTNUT ST,FRIENDSHIP ST ,CHESTNUT ST / FRIENDSHIP ST ,Ptlm Don Brien,630,15-Oct-10,Vehicle - Pedestrian,,,,One-Way Trafficway,Dry,Daylight,Cloudy,2,Unknown,"Yes, M/V and Driver Left Scene",No Controls,2,0,Unknown
43720,10/15/10,9:00 PM,2010-00110562,DOYLE AVE,THOMAS OLNEY CMN ,DOYLE AVE / THOMAS OLNEY CMN ,N Kemble,364,17-Oct-10,Vehicle - Pedestrian,,,,"Two-Way , Not Divided",Dry,Dark - Unknown Lighting,Rain,2,Unknown,"Yes, M/V and Driver Left Scene",No Controls,2,0,Unknown
43672,10/16/10,1:45 AM,2010-00110476,ALLENS AVE,ALLENS AVE EXIT ,ALLENS AVE / ALLENS AVE EXIT ,Francisco Colon,265,16-Oct-10,Vehicle - Pedestrian,,,,"Two-Way , Not Divided",Dry,Dark - Lighted,Clear,1,Not a Collision Between Two Motor Vehicles in Transport,"Yes, M/V and Driver Left Scene",No Controls,3,0,No Injury
43702,10/16/10,3:19 PM,2010-00110666,53 GOVERNOR STREET,ARNOLD ST ,53 GOVERNOR STREET / ARNOLD ST ,Ralph Caraccia,360,16-Oct-10,Vehicle - Pedestrian,,,,"Two-Way , Not Divided",Dry,Daylight,Clear,2,"Sideswipe, Same Direction","Yes, M/V and Driver Left Scene",No Controls,2,0,No Injury
43742,10/17/10,3:19 PM,2010-00111056,SHELDON STREET,TRAVERSE ST ,SHELDON STREET / TRAVERSE ST ,Ralph Caraccia,360,17-Oct-10,Vehicle - Pedestrian,,,,"Two-Way , Not Divided",Dry,Daylight,Clear,2,Unknown,"Yes, M/V and Driver Left Scene",No Controls,2,0,Unknown
43902,10/18/10,10:20 PM,2010-00111522,BROWN ST,BENEVOLENT ST ,BROWN ST / BENEVOLENT ST ,Ralph Caraccia,360,19-Oct-10,Vehicle - Pedestrian,,,,"Two-Way , Not Divided",Dry,Dark - Lighted,Clear,2,Unknown,"Yes, M/V and Driver Left Scene",No Controls,2,0,Unknown
43800,10/18/10,9:27 AM,2010-00111249,FRUIT HILL AVE,WOONASQUATUCKET AVE ,FRUIT HILL AVE / WOONASQUATUCKET AVE ,Merrick Cook,280,18-Oct-10,Vehicle - Pedestrian,,,,"Two-Way , Not Divided",Dry,Daylight,Clear,2,Rear End(Front-to-Rear),No,No Controls,4,1,Complains Of Pain
43930,10/19/10,4:58 PM,2010-00111747,JILLSON ST,OCONNOR ST ,JILLSON ST / OCONNOR ST ,Miguel Castillo,489,19-Oct-10,Vehicle - Pedestrian,X,,,"Two-Way , Not Divided",Dry,Daylight,Clear,1,Angle (Front - to - Side) Right Angle (Includes Broadside),No,No Controls,2,1,Complains Of Pain
44114,10/21/10,1:22 PM,2010-00112404,NIANTIC AVE,CRANSTON ST ,NIANTIC AVE / CRANSTON ST ,Luis Fernandez,531,22-Oct-10,Vehicle - Pedestrian,,,,"Two-Way, Divided, Unprotected (painted>4feet) Medium",Dry,Daylight,Clear,1,Other,No,Traffic Control Signal,2,0,No Injury
44021,10/21/10,12:34 PM,2010-00112382, 986 SMITH ST,NELSON ST , 986 SMITH ST / NELSON ST ,Rhonda Kessler,108,21-Oct-10,Vehicle - Pedestrian,,,,"Two-Way , Not Divided",Wet,Daylight,Rain,2,"Sideswipe, Same Direction","Yes, M/V and Driver Left Scene",No Controls,3,0,Unknown
44212,10/22/10,3:31 PM,2010-00112811,BROAD ST,CHESTNUT ST ,BROAD ST / CHESTNUT ST ,Jason Andrade,200,22-Oct-10,Vehicle - Pedestrian,,,,"Two-Way, Divided, Positive Median Barrier",Dry,Daylight,Clear,1,Other,No,No Controls,4,1,Complains Of Pain
44227,10/23/10,11:34 AM,2010-00113149,1000 Eddy St,THURBERS AVE ,1000 Eddy St / THURBERS AVE ,Jose Deschamps,419,23-Oct-10,Vehicle - Pedestrian,,,,"Two-Way , Not Divided",Dry,Daylight,Clear,3,Other,No,No Controls,8,3,Complains Of Pain
44263,10/23/10,3:27 PM,2010-00113212,POWER STREET,HOPE ST ,POWER STREET / HOPE ST ,Ralph Caraccia,360,23-Oct-10,Vehicle - Pedestrian,,,,"Two-Way , Not Divided",Dry,Daylight,Clear,2,Unknown,"Yes, M/V and Driver Left Scene",No Controls,2,0,Unknown
44276,10/24/10,1:59 AM,2010-00113445,ATWELLS AVE,MARCELLO ST ,ATWELLS AVE / MARCELLO ST ,Koren Pacheco,306,24-Oct-10,Vehicle - Pedestrian,,,,"Two-Way , Not Divided",Wet,Dark - Lighted,Clear,2,Not a Collision Between Two Motor Vehicles in Transport,"Yes, M/V and Driver Left Scene",No Controls,5,0,Unknown
44574,10/26/10,3:31 PM,2010-00114256,BROAD ST,ADELAIDE AVE,BROAD ST / ADELAIDE AVE,Alicia Hersperger,327,26-Oct-10,Vehicle - Pedestrian,,,,"Two-Way, Divided, Unprotected (painted>4feet) Medium",Dry,Daylight,Clear,1,Other,No,No Controls,2,0,No Injury