CrashReportId,CrashDate,CrashTime,ReportNumber,StreetOrHighway,NearestIntersection,Location,Officer,Badge,ReportDate,TypeOfCollision,Bicycle,Scooter,Wheel Chair,TypeOfRoadway,RoadSurfaceCondition,LightCondition,WeatherCondition,NumberofVehicles,MannerofImpact,HitAndRun,TrafficControl,PersonCount,InjuryCount,MostSeriousInjury
44579,10/26/10,8:50 PM,2010-00114365,WESTMINSTER ST,MESSER ST ,WESTMINSTER ST / MESSER ST ,Richard Ramirez,338,26-Oct-10,Vehicle - Pedestrian,,,,"Two-Way , Not Divided",Dry,Dark - Lighted,Clear,1,Not a Collision Between Two Motor Vehicles in Transport,No,Stop Signs,3,1,Complains Of Pain
44633,10/27/10,7:13 AM,2010-00114456,NARRAGANSETT BLVD,OHIO AVE ,NARRAGANSETT BLVD / OHIO AVE ,John Abatiello,692,27-Oct-10,Vehicle - Pedestrian,,,,"Two-Way, Divided, Unprotected (painted>4feet) Medium",Wet,Daylight,Rain,1,Not a Collision Between Two Motor Vehicles in Transport,No,No Controls,2,1,Non-Incapacitating
44743,10/27/10,7:28 PM,2010-00114672,ALVERSON AVE,HARTFORD AVE ,ALVERSON AVE / HARTFORD AVE ,Eric Greene,197,27-Oct-10,Vehicle - Pedestrian,X,,,"Two-Way , Not Divided",Wet,Dark - Lighted,Clear,1,Rear End(Front-to-Rear),"Yes, M/V and Driver Left Scene",No Controls,1,1,Complains Of Pain
44755,10/28/10,7:13 AM,2010-00114791,PLAINFIELD ST,WEBSTER AVE ,PLAINFIELD ST / WEBSTER AVE ,Richard Mills,424,28-Oct-10,Vehicle - Pedestrian,X,,,"Two-Way , Not Divided",Dry,Daylight,Clear,1,Angle (Front - to - Side) Right Angle (Includes Broadside),No,Traffic Control Signal,2,1,Complains Of Pain
44812,10/28/10,5:50 PM,2010-00114997,457 BENEFIT STREET,,457 BENEFIT STREET / ,Ralph Caraccia,360,28-Oct-10,Vehicle - Pedestrian,,,,Unknown,Dry,Dark - Lighted,Clear,2,Rear - to - Side,"Yes, M/V and Driver Left Scene",No Controls,3,0,Unknown
46080,10/28/10,12:34 AM,2010-00114749,CRANSTON ST,BENEDICT ST ,CRANSTON ST / BENEDICT ST ,Michael Sullivan,347,08-Nov-10,Vehicle - Pedestrian,,,,"Two-Way , Not Divided",Wet,Dark - Lighted,Clear,1,Not a Collision Between Two Motor Vehicles in Transport,"Yes, M/V and Driver Left Scene",No Controls,2,1,Complains Of Pain
44927,10/29/10,3:58 PM,2010-00115329,HOPE ST,BARNES ST,HOPE ST / BARNES ST,James Grennan,332,29-Oct-10,Vehicle - Pedestrian,,,,"Two-Way , Not Divided",Dry,Daylight,Clear,1,Other,No,Pavement Markings,3,1,Complains Of Pain
44919,10/29/10,8:55 PM,2010-00115434,ATWELLS AVE,PIEDMONT ST ,ATWELLS AVE / PIEDMONT ST ,Thomas Connetta/J. Sigillo,374,30-Oct-10,Vehicle - Pedestrian,,,,"Two-Way , Not Divided",Dry,Dark - Lighted,Clear,1,Head-On (Front - to - Front),"Yes, M/V and Driver Left Scene",No Controls,5,1,Incapacitating
44920,10/30/10,1:22 AM,2010-00115542,VALLEY ST,HAROLD ST ,VALLEY ST / HAROLD ST ,Ryan Moroney,324,30-Oct-10,Vehicle - Pedestrian,,,,Unknown,Dry,Dark - Lighted,Clear,2,Angle (Front - to - Side) Same Direction,"Yes, M/V and Driver Left Scene",No Controls,3,0,Unknown
44925,10/30/10,12:45 AM,2010-00115533,THAYER ST,FONES ALY ,THAYER ST / FONES ALY ,Noel Field,260,30-Oct-10,Vehicle - Pedestrian,,,,One-Way Trafficway,Dry,Dark - Lighted,Clear,1,Not a Collision Between Two Motor Vehicles in Transport,"Yes, M/V and Driver Left Scene",No Controls,2,1,Complains Of Pain
45113,10/31/10,6:09 PM,2010-00116206,HOPE ST,BAYARD ST ,HOPE ST / BAYARD ST ,Matthew Mulligan,589,01-Nov-10,Vehicle - Pedestrian,,,,"Two-Way , Not Divided",Dry,Dark - Lighted,Clear,1,Head-On (Front - to - Front),No,No Controls,2,1,Non-Incapacitating
45245,11/2/10,2:46 PM,2010-00116816,PROMENADE ST,DEAN ST ,PROMENADE ST / DEAN ST ,Stephen Frechette,362,02-Nov-10,Vehicle - Pedestrian,X,,,"Two-Way, Divided, Positive Median Barrier",Dry,Daylight,Clear,1,Rear End(Front-to-Rear),"Yes, M/V and Driver Left Scene",No Controls,1,1,Complains Of Pain
45382,11/3/10,3:49 PM,2010-0117154,Memorial Blvd,Steeple Street,Memorial Blvd / Steeple Street,Anthony Doucette,475,03-Nov-10,Vehicle - Pedestrian,,,,"Two-Way , Not Divided",Dry,Daylight,Clear,1,Unknown,No,Traffic Control Signal,2,1,Complains Of Pain
45492,11/4/10,6:30 AM,2010-00117374,195 WHITEHALL STREET,,195 WHITEHALL STREET / ,Louis Salinaro,592,04-Nov-10,Vehicle - Pedestrian,,,,"Two-Way , Not Divided",Wet,Daylight,Clear,1,Head-On (Front - to - Front),"Yes, M/V and Driver Left Scene",No Controls,3,1,Complains Of Pain
45565,11/4/10,5:23 PM,2010-00117525,883 MANTON AVE,,883 MANTON AVE / ,MICHAEL R. TROIA,331,04-Nov-10,Vehicle - Pedestrian,,,,"Two-Way , Not Divided",Wet,Dark - Lighted,Rain,1,Head-On (Front - to - Front),No,No Controls,2,1,Complains Of Pain
45607,11/4/10,6:01 PM,2010-00117538,BROWN ST,WATERMAN ST ,BROWN ST / WATERMAN ST ,James Grennan,332,04-Nov-10,Vehicle - Pedestrian,,,,"Two-Way , Not Divided",Wet,Dark - Lighted,Rain,1,Other,No,Stop Signs,3,1,Complains Of Pain
45699,11/4/10,10:10 PM,2010-00117624,INDIA STREET,GANO STREET ,INDIA STREET / GANO STREET ,Ralph Caraccia,360,05-Nov-10,Vehicle - Pedestrian,,,,"Two-Way , Not Divided",Wet,Dark - Lighted,Rain,2,Rear End(Front-to-Rear),"Yes, M/V and Driver Left Scene",Stop Signs,4,0,No Injury
45868,11/4/10,12:56 PM,2010-00117428,N MAIN ST,BRANCH AVE ,N MAIN ST / BRANCH AVE ,Edwin Kemble,364,07-Nov-10,Vehicle - Pedestrian,,,,One-Way Trafficway,Dry,Daylight,Clear,2,"Sideswipe, Same Direction","Yes, M/V and Driver Left Scene",Traffic Control Signal,3,0,No Injury
46101,11/8/10,5:11 PM,2010-00118965,RIVER AVE,CHALKSTONE AVE ,RIVER AVE / CHALKSTONE AVE ,Nelson Morales,300,08-Nov-10,Vehicle - Pedestrian,,,,"Two-Way , Not Divided",Wet,Dark - Lighted,Rain,1,Not a Collision Between Two Motor Vehicles in Transport,No,No Controls,2,1,Complains Of Pain
45977,11/8/10,9:30 AM,2010-00118816,CHALKSTONE AVE,VIOLET ST ,CHALKSTONE AVE / VIOLET ST ,Wayne Mann,563,08-Nov-10,Vehicle - Pedestrian,,,,"Two-Way , Not Divided",Wet,Daylight,"Sleet, Hail (Freezing Rain or Drizzle)",1,Other,"Yes, M/V and Driver Left Scene",No Controls,2,1,Non-Incapacitating
46067,11/8/10,8:15 AM,2010-00118972,N MAIN ST,CHURCH ST ,N MAIN ST / CHURCH ST ,Ptlm Ramos,285,08-Nov-10,Vehicle - Pedestrian,,,,"Two-Way , Not Divided",Wet,Daylight,Rain,1,Unknown,No,Stop Signs,2,1,Complains Of Pain
46176,11/9/10,4:17 PM,2010-00119258,CORINTH ST,BROAD ST ,CORINTH ST / BROAD ST ,Alicia Hersperger,327,09-Nov-10,Vehicle - Pedestrian,,,,"Two-Way , Not Divided",Wet,Daylight,Clear,1,Other,No,Traffic Control Signal,3,1,Complains Of Pain
46338,11/9/10,1:49 PM,2010-00119203,BUCKLIN ST,DABOLL ST ,BUCKLIN ST / DABOLL ST ,Michael Caraccia,624,10-Nov-10,Vehicle - Pedestrian,,,,"Two-Way , Not Divided",Wet,Daylight,Rain,1,Other,No,No Controls,3,1,Complains Of Pain
46861,11/10/10,4:15 PM,2010-00119256,COMMODORE ST,DENISON ST ,COMMODORE ST / DENISON ST ,Timothy Benson,299,16-Nov-10,Vehicle - Pedestrian,,,,"Two-Way , Not Divided",Wet,Dusk,Cloudy,1,Other,No,No Controls,2,1,Complains Of Pain
46390,11/10/10,3:39 PM,2010-00119563,MILL ST,CANAL ST ,MILL ST / CANAL ST ,Mark Hubbard,267,10-Nov-10,Vehicle - Pedestrian,,,,One-Way Trafficway,Dry,Daylight,Clear,1,Not a Collision Between Two Motor Vehicles in Transport,No,No Controls,2,1,Complains Of Pain
46392,11/10/10,4:45 PM,2010-00119587,MOWRY ST,ADMIRAL ST ,MOWRY ST / ADMIRAL ST ,Christopher Currier,522,10-Nov-10,Vehicle - Pedestrian,,,,"Two-Way , Not Divided",Dry,Dusk,Clear,1,Not a Collision Between Two Motor Vehicles in Transport,No,No Controls,3,1,Complains Of Pain
47160,11/13/10,9:30 AM,2010-00120616,335 Hartford Ave,BODELL AVE ,335 Hartford Ave / BODELL AVE ,David Perez,181,19-Nov-10,Vehicle - Pedestrian,,,,"Two-Way , Not Divided",Dry,Daylight,Clear,2,Rear - to - Side,No,No Controls,4,0,No Injury
46691,11/14/10,2:56 PM,2010-00121116,BLACKSTONE BLVD,BUTLER DR ,BLACKSTONE BLVD / BUTLER DR ,Kenneth Demarco,176,14-Nov-10,Vehicle - Pedestrian,,,,One-Way Trafficway,Dry,Daylight,Clear,1,Angle (Front - to - Side) Right Angle (Includes Broadside),No,Stop Signs,3,1,Incapacitating
46895,11/16/10,4:03 PM,2010-00121756,BRIDGHAM ST,CARPENTER ST ,BRIDGHAM ST / CARPENTER ST ,Michele Rudolph,512,16-Nov-10,Vehicle - Pedestrian,,,,"Two-Way , Not Divided",Dry,Daylight,Clear,2,"Sideswipe, Same Direction","Yes, M/V and Driver Left Scene",No Controls,3,0,No Injury
47106,11/18/10,7:00 PM,2010-000122544,GANO ST, India St.,GANO ST /  India St.,Scott Sousa,464,18-Nov-10,Vehicle - Pedestrian,,,,"Two-Way , Not Divided",Dry,Dark - Lighted,Clear,1,Angle (Front - to - Side) Right Angle (Includes Broadside),No,No Controls,2,1,Complains Of Pain
47653,11/19/10,1:31 AM,2010-00122659,CHARLES ST,CHARLES ST EXIT 23 ,CHARLES ST / CHARLES ST EXIT 23 ,Michael Clary,269,24-Nov-10,Vehicle - Pedestrian,,,,One-Way Trafficway,Dry,Dark - Lighted,Clear,2,Angle (Front - to - Side) Right Angle (Includes Broadside),"Yes, M/V and Driver Left Scene",Stop Signs,2,0,No Injury
47221,11/19/10,4:20 PM,2010-00122882,Delaine St,HARRIS AVE ,Delaine St / HARRIS AVE ,Christopher Poncia,333,19-Nov-10,Vehicle - Pedestrian,,,,"Two-Way , Not Divided",Dry,Daylight,Clear,2,Rear End(Front-to-Rear),"Yes, M/V and Driver Left Scene",Stop Signs,2,1,Complains Of Pain
47229,11/19/10,5:57 PM,2010-00122926,ORMS ST,ORMS ST EXIT 23 ,ORMS ST / ORMS ST EXIT 23 ,Brian Auclair,166,19-Nov-10,Vehicle - Pedestrian,,,,"Two-Way , Not Divided",Dry,Dark - Lighted,Clear,1,"Sideswipe, Same Direction",No,No Controls,4,1,Complains Of Pain
47300,11/19/10,2:14 PM,2010-00122834,PARK ROW E,CANAL ST ,PARK ROW E / CANAL ST ,John Henderson,148,20-Nov-10,Vehicle - Pedestrian,,,,"Two-Way , Not Divided",Dry,Daylight,Clear,1,Other,No,Stop Signs,3,1,Complains Of Pain
47659,11/21/10,12:17 AM,2010-00123401,GREENE ST,BROAD ST ,GREENE ST / BROAD ST ,Alberto DaCruz,205,24-Nov-10,Vehicle - Pedestrian,,,,One-Way Trafficway,Dry,Dark - Lighted,Clear,2,Not a Collision Between Two Motor Vehicles in Transport,No,No Controls,2,0,Unknown
47591,11/23/10,9:13 AM,2010-00124142,PRAIRIE AVE,COMSTOCK AVE ,PRAIRIE AVE / COMSTOCK AVE ,Roderick Soares,399,23-Nov-10,Vehicle - Pedestrian,,,,"Two-Way , Not Divided",Dry,Daylight,Clear,2,Angle (Front - to - Side) Same Direction,"Yes, M/V and Driver Left Scene",No Controls,2,0,Unknown
48167,11/24/10,7:22 PM,2010-000124678,MOORE ST,UPDIKE ST ,MOORE ST / UPDIKE ST ,James Annis,454,29-Nov-10,Vehicle - Pedestrian,,,,"Two-Way , Not Divided",Dry,Daylight,Clear,2,Rear End(Front-to-Rear),"Yes, M/V and Driver Left Scene",No Controls,2,0,Unknown
47706,11/24/10,7:53 AM,2010-00124473,BARTON ST,BROADWAY ,BARTON ST / BROADWAY ,William Hutchinson,391,24-Nov-10,Vehicle - Pedestrian,,,,"Two-Way , Not Divided",Dry,Daylight,Clear,2,Other,No,No Controls,4,1,Complains Of Pain
48046,11/27/10,9:25 PM,2010-00125642,112 MAWNEY ST,DEXTER ST ,112 MAWNEY ST / DEXTER ST ,Miguel Mena-Torres,493,28-Nov-10,Vehicle - Pedestrian,,,,"Two-Way , Not Divided",Dry,Dark - Lighted,Clear,2,"Sideswipe, Same Direction",No,No Controls,4,1,Complains Of Pain
48295,11/30/10,4:51 PM,2010-00126495,SMITH ST,PARK ST ,SMITH ST / PARK ST ,Ken M,348,30-Nov-10,Vehicle - Pedestrian,,,,"Two-Way, Divided, Unprotected (painted>4feet) Medium",Dry,Dark - Not Lighted,Clear,1,Not a Collision Between Two Motor Vehicles in Transport,No,Traffic Control Signal,4,1,Complains Of Pain
48305,11/30/10,6:04 PM,2010-00126519,BROADWAY,COURTLAND ST ,BROADWAY / COURTLAND ST ,Ptlm. Chin,516,30-Nov-10,Vehicle - Pedestrian,,,,One-Way Trafficway,Dry,Dark - Lighted,Clear,1,Not a Collision Between Two Motor Vehicles in Transport,No,No Controls,4,1,Complains Of Pain
48369,12/1/10,3:22 PM,2010-00126751,HARRIS AVE,HELME ST ,HARRIS AVE / HELME ST ,Christopher Poncia,333,01-Dec-10,Vehicle - Pedestrian,,,,"Two-Way , Not Divided",Wet,Daylight,Rain,2,Rear - to - Side,No,No Controls,2,0,No Injury
48405,12/1/10,4:15 PM,2010-00126772,20 NORTH MAIN ST,COLLEGE ST ,20 NORTH MAIN ST / COLLEGE ST ,Fausto Garcia,109,01-Dec-10,Vehicle - Pedestrian,,,,One-Way Trafficway,Wet,Dark - Lighted,Rain,1,Not a Collision Between Two Motor Vehicles in Transport,No,No Controls,2,1,Non-Incapacitating
48464,12/1/10,8:07 PM,2010-00126853,MEMORIAL BLVD,FRANCIS ST ,MEMORIAL BLVD / FRANCIS ST ,Michael Sullivan,347,01-Dec-10,Vehicle - Pedestrian,,,,"Two-Way, Divided, Positive Median Barrier",Wet,Dark - Lighted,Rain,2,Other,No,No Controls,5,0,No Injury
48615,12/2/10,3:56 PM,2010-00127090,WINTER ST,WESTMINSTER ST ,WINTER ST / WESTMINSTER ST ,Miguel Mena-Torres,493,02-Dec-10,Vehicle - Pedestrian,,,,"Two-Way , Not Divided",Dry,Daylight,Cloudy,2,Rear End(Front-to-Rear),"Yes, M/V and Driver Left Scene",Traffic Control Signal,3,0,No Injury
48654,12/2/10,4:14 PM,2010-000127105,BROAD ST,MOORE ST ,BROAD ST / MOORE ST ,Andre Elie,167,02-Dec-10,Vehicle - Pedestrian,,,,Unknown,Dry,Daylight,Clear,1,Other,No,No Controls,2,1,Complains Of Pain
48763,12/2/10,2:01 PM,2010-00127061,ROGER WILLIAMS GREEN,OLNEY ST ,ROGER WILLIAMS GREEN / OLNEY ST ,Edwin Kemble,364,03-Dec-10,Vehicle - Pedestrian,,,,Unknown,Dry,Daylight,Clear,2,"Sideswipe, Same Direction","Yes, M/V and Driver Left Scene",No Controls,2,0,Unknown
48829,12/3/10,7:13 PM,2010-00127505,Prairie ,Lockwood St. ,Prairie  / Lockwood St. ,Robert Papa,187,03-Dec-10,Vehicle - Pedestrian,,,,"Two-Way , Not Divided",Dry,Dark - Lighted,Clear,1,Not a Collision Between Two Motor Vehicles in Transport,No,No Controls,3,1,Incapacitating
51797,12/4/10,1:19 AM,2010-00127596,BROADWAY,VINTON ST ,BROADWAY / VINTON ST ,Jimmy Lamboy,191,29-Dec-10,Vehicle - Pedestrian,,,,"Two-Way , Not Divided",Dry,Dark - Lighted,Clear,1,Head-On (Front - to - Front),"Yes, M/V and Driver Left Scene",No Controls,2,1,Incapacitating
48909,12/4/10,4:49 PM,2010-00127824,MANTON AVE,WESTCOTT AVE ,MANTON AVE / WESTCOTT AVE ,MICHAEL R. TROIA,331,04-Dec-10,Vehicle - Pedestrian,,,,"Two-Way , Not Divided",Dry,Dark - Lighted,Clear,1,Angle (Front - to - Side) Same Direction,No,No Controls,4,1,Complains Of Pain
49321,12/7/10,3:44 PM,2010-00128730,MANTON AVE,HERSCHEL ST ,MANTON AVE / HERSCHEL ST ,OR PROCTOR ,627,07-Dec-10,Vehicle - Pedestrian,,,,Unknown,Dry,Daylight,Clear,1,Other,"Yes, M/V and Driver Left Scene",No Controls,2,1,Complains Of Pain
49435,12/8/10,12:30 PM,2010-00128992,IRVING AVE,WAYLAND AVE ,IRVING AVE / WAYLAND AVE ,Thomas Rose,465,08-Dec-10,Vehicle - Pedestrian,X,,,"Two-Way , Not Divided",Dry,Daylight,Clear,1,Angle (Front - to - Side) Right Angle (Includes Broadside),No,Stop Signs,2,1,Complains Of Pain
49659,12/10/10,7:43 PM,2010-00129771,POCASSET AVE,LOWELL AVE ,POCASSET AVE / LOWELL AVE ,Christopher Poncia,333,10-Dec-10,Vehicle - Pedestrian,X,,,"Two-Way , Not Divided",Dry,Dark - Not Lighted,Clear,1,"Sideswipe, Same Direction",No,No Controls,2,1,Complains Of Pain
49805,12/12/10,2:10 AM,2010-00130238,ATWELLS AVE,AMERICA ST ,ATWELLS AVE / AMERICA ST ,Clifford Torres,270,12-Dec-10,Vehicle - Pedestrian,,,,"Two-Way, Divided, Unprotected (painted>4feet) Medium",Dry,Dark - Lighted,Clear,1,Unknown,"Yes, M/V and Driver Left Scene",No Controls,1,1,Complains Of Pain
49829,12/12/10,11:00 AM,2010-00130319,SMITH ST,FREDERICK ST ,SMITH ST / FREDERICK ST ,Miguel Castillo,489,12-Dec-10,Vehicle - Pedestrian,,,,Unknown,Wet,Daylight,Rain,2,Rear - to - Side,No,No Controls,3,0,No Injury
49876,12/12/10,4:57 PM,2010-00130393,124 PITMAN ST,E GEORGE ST ,124 PITMAN ST / E GEORGE ST ,Ricardo Silva,185,12-Dec-10,Vehicle - Pedestrian,,,,"Two-Way, Divided, Unprotected (painted>4feet) Medium",Wet,Dark - Lighted,Rain,1,Not a Collision Between Two Motor Vehicles in Transport,No,No Controls,2,1,Complains Of Pain
49878,12/12/10,6:53 PM,2010-00130434,WESTMINSTER ST,MESSER ST ,WESTMINSTER ST / MESSER ST ,Ptlm. Chin,516,12-Dec-10,Vehicle - Pedestrian,,,,"Two-Way , Not Divided",Wet,Dark - Lighted,Rain,1,Head-On (Front - to - Front),No,No Controls,3,1,Complains Of Pain
49897,12/12/10,5:34 PM,2010-00130405,BROADWAY,EMPIRE ST ,BROADWAY / EMPIRE ST ,Jonathan Primiano,623,12-Dec-10,Vehicle - Pedestrian,,,,One-Way Trafficway,Wet,Dark - Lighted,Rain,1,Not a Collision Between Two Motor Vehicles in Transport,No,No Controls,3,1,Complains Of Pain
49965,12/13/10,12:45 PM,2010-00130636,S MAIN ST,COLLEGE ST ,S MAIN ST / COLLEGE ST ,Thomas Rose,465,13-Dec-10,Vehicle - Pedestrian,,,,One-Way Trafficway,Wet,Daylight,Cloudy,1,Other,No,Traffic Control Signal,3,1,Complains Of Pain
49980,12/13/10,4:30 PM,2010-00130723,EXCHANGE TER,EXCHANGE ST ,EXCHANGE TER / EXCHANGE ST ,Michael Maycock,281,13-Dec-10,Vehicle - Pedestrian,,,,One-Way Trafficway,Dry,Dusk,Cloudy,1,Not a Collision Between Two Motor Vehicles in Transport,No,No Controls,4,2,Complains Of Pain
49981,12/13/10,6:43 PM,2010-00130776,DUDLEY ST,PRAIRIE AVE ,DUDLEY ST / PRAIRIE AVE ,Raymond Majeau,275,13-Dec-10,Vehicle - Pedestrian,,,,"Two-Way , Not Divided",Dry,Dark - Not Lighted,Clear,1,Other,No,No Controls,5,1,Complains Of Pain
50352,12/17/10,12:56 AM,2010-00131850,PINE ST,PAGE ST ,PINE ST / PAGE ST ,Michelle Chasse,264,17-Dec-10,Vehicle - Pedestrian,,,,Unknown,Dry,Dark - Lighted,Clear,1,Not a Collision Between Two Motor Vehicles in Transport,"Yes, M/V and Driver Left Scene",No Controls,5,1,Complains Of Pain
50592,12/17/10,9:27 PM,2010-00132128,REGENT AVE,RIVER AVE,REGENT AVE / RIVER AVE,Giuseppe Scarcello,485,18-Dec-10,Vehicle - Pedestrian,,,,"Two-Way , Not Divided",Dry,Dark - Lighted,Clear,1,Head-On (Front - to - Front),No,Stop Signs,3,1,Non-Incapacitating
52203,12/17/10,8:51 AM,2011-000131900,Flowers Ave,Hartford Ave,Flowers Ave / Hartford Ave,James Carr,593,01-Jan-11,Vehicle - Pedestrian,,,,"Two-Way, Divided, Unprotected (painted>4feet) Medium",Dry,Daylight,Clear,2,Other,No,No Controls,3,1,Complains Of Pain
51002,12/21/10,6:43 PM,2010-00133295,WASHINGTON ST,EMPIRE ST ,WASHINGTON ST / EMPIRE ST ,Ivan Tavarez,204,21-Dec-10,Vehicle - Pedestrian,,,,One-Way Trafficway,Dry,Dark - Lighted,Clear,1,Other,No,Traffic Control Signal,2,1,Complains Of Pain
51090,12/22/10,12:00 PM,2010-00133462,100 broad street providence ri, 100 BROAD ST ,100 broad street providence ri /  100 BROAD ST ,Richard Piccirillo,302,22-Dec-10,Vehicle - Pedestrian,,,,Unknown,Dry,Dark - Lighted,Cloudy,2,Angle - Direction Not Specified,"Yes, M/V and Driver Left Scene",No Controls,2,0,No Injury
51248,12/23/10,5:08 PM,2010-00133841,ACADEMY AVE,NEWARK ST ,ACADEMY AVE / NEWARK ST ,MICHAEL R. TROIA,331,23-Dec-10,Vehicle - Pedestrian,X,,,"Two-Way , Not Divided",Dry,Dark - Lighted,Clear,1,Rear End(Front-to-Rear),"Yes, M/V and Driver Left Scene",No Controls,1,1,Complains Of Pain
51319,12/24/10,4:40 PM,2010-00134122,HARTFORD AVE,HILARITY ST ,HARTFORD AVE / HILARITY ST ,Jennette,311,24-Dec-10,Vehicle - Pedestrian,,,,Unknown,Dry,Dark - Lighted,Clear,1,Other,No,No Controls,3,1,Incapacitating
51365,12/24/10,11:15 PM,2010-00134205,103 Home Ave,GLOVER ST ,103 Home Ave / GLOVER ST ,Ryan Moroney,324,25-Dec-10,Vehicle - Pedestrian,,,,"Two-Way , Not Divided",Dry,Dark - Lighted,Clear,3,Angle (Front - to - Side) Same Direction,"Yes, M/V and Driver Left Scene",No Controls,8,0,No Injury
51424,12/25/10,3:21 AM,2010-00134270,25 Bancroft St.,MAGNOLIA ST ,25 Bancroft St. / MAGNOLIA ST ,Matthew Pine,319,25-Dec-10,Vehicle - Pedestrian,,,,"Two-Way , Not Divided",Dry,Dark - Lighted,Clear,1,Not a Collision Between Two Motor Vehicles in Transport,"Yes, M/V and Driver Left Scene",No Controls,2,1,Incapacitating
51475,12/25/10,11:34 AM,2010-00134313,CAMP ST,EVERGREEN ST ,CAMP ST / EVERGREEN ST ,Edwin Kemble,364,26-Dec-10,Vehicle - Pedestrian,,,,"Two-Way , Not Divided",Dry,Daylight,Clear,2,"Sideswipe, Same Direction","Yes, M/V and Driver Left Scene",No Controls,2,0,Unknown
51753,12/28/10,9:07 PM,2010-00134921,FOUNTAIN ST,UNION ST ,FOUNTAIN ST / UNION ST ,Ptlm. Carroll,142,28-Dec-10,Vehicle - Pedestrian,,,,One-Way Trafficway,Dry,Dark - Lighted,Clear,2,Rear End(Front-to-Rear),"Yes, M/V and Driver Left Scene",Traffic Control Signal,3,0,No Injury
52009,12/30/10,6:56 PM,2010-00135775,INDIANA AVE,MICHIGAN AVE ,INDIANA AVE / MICHIGAN AVE ,Miguel Castillo,489,30-Dec-10,Vehicle - Pedestrian,,,,"Two-Way , Not Divided",Wet,Dark - Lighted,Clear,2,"Sideswipe, Same Direction",No,No Controls,3,0,No Injury
52054,12/30/10,9:46 PM,2010-00135820,ALLENS AVE,TORONTO AVE ,ALLENS AVE / TORONTO AVE ,Kenneth Penza,534,31-Dec-10,Vehicle - Pedestrian,,,,"Two-Way , Not Divided",Ice/Frost,Dark - Lighted,Clear,1,Other,No,No Controls,3,1,Incapacitating
52357,1/2/11,6:23 PM,2011-00000605,CRANSTON ST,DEXTER ST ,CRANSTON ST / DEXTER ST ,Ptlm. Chin,516,02-Jan-11,Vehicle - Pedestrian,,,,"Two-Way , Not Divided",Wet,Dark - Lighted,Rain,1,Head-On (Front - to - Front),No,Traffic Control Signal,4,1,Non-Incapacitating
52362,1/2/11,8:36 PM,2011-00000635,CHARLES ST,HAWKINS ST ,CHARLES ST / HAWKINS ST ,Michael Pattie,316,02-Jan-11,Vehicle - Pedestrian,,,,"Two-Way, Divided, Unprotected (painted>4feet) Medium",Wet,Dark - Lighted,Rain,1,Other,No,No Controls,3,1,Non-Incapacitating
53803,1/4/11,2:59 PM,2011-00001114,MESSER ST,CRANSTON ST ,MESSER ST / CRANSTON ST ,Luis Pelaez,336,13-Jan-11,Vehicle - Pedestrian,,,,"Two-Way , Not Divided",Dry,Daylight,Clear,1,Other,No,No Controls,2,1,Complains Of Pain
52531,1/4/11,9:26 AM,2011-00001037,PLAIN ST,BORDEN ST ,PLAIN ST / BORDEN ST ,Roderick Soares,399,04-Jan-11,Vehicle - Pedestrian,,,,"Two-Way , Not Divided",Dry,Daylight,Clear,1,Not a Collision Between Two Motor Vehicles in Transport,"Yes, M/V and Driver Left Scene",No Controls,3,1,Complains Of Pain
52554,1/4/11,11:00 AM,2011-00001070,CUMBERLAND ST,WARDLAW AVE ,CUMBERLAND ST / WARDLAW AVE ,Dennis O'Brien,067,04-Jan-11,Vehicle - Pedestrian,,,,"Two-Way , Not Divided",Dry,Daylight,Clear,2,"Sidwswipe, Opposite Direction","Yes, M/V and Driver Left Scene",No Controls,2,0,Unknown
52639,1/5/11,8:56 AM,2011-00001360,ROANOKE ST,LEAH ST ,ROANOKE ST / LEAH ST ,Rhonda Kessler,108,05-Jan-11,Vehicle - Pedestrian,,,,One-Way Trafficway,Dry,Daylight,Clear,1,Not a Collision Between Two Motor Vehicles in Transport,No,No Controls,3,1,Complains Of Pain
52843,1/6/11,8:16 AM,2011-00001662,Hayward St,PEARL ST ,Hayward St / PEARL ST ,Jose Deschamps,419,06-Jan-11,Vehicle - Pedestrian,,,,"Two-Way , Not Divided",Dry,Daylight,Clear,1,Other,No,Stop Signs,7,1,Complains Of Pain
52876,1/6/11,12:07 PM,2011-00001719,215 Atwells Ave,MESSENGER ST ,215 Atwells Ave / MESSENGER ST ,Michael Caraccia,624,06-Jan-11,Vehicle - Pedestrian,,,,Unknown,Dry,Daylight,Clear,1,Other,"Yes, M/V and Driver Left Scene",No Controls,2,1,Complains Of Pain
53074,1/7/11,2:41 PM,2011-00002093,MANTON AVE,LYNCH ST ,MANTON AVE / LYNCH ST ,Christopher Poncia,333,07-Jan-11,Vehicle - Pedestrian,,,,"Two-Way , Not Divided",Dry,Daylight,Clear,1,Not a Collision Between Two Motor Vehicles in Transport,No,No Controls,2,1,Complains Of Pain
53257,1/8/11,8:10 PM,2011-00002525,VALLEY ST,DELAINE ST ,VALLEY ST / DELAINE ST ,Christopher Poncia,333,08-Jan-11,Vehicle - Pedestrian,,,,"Two-Way , Not Divided",Snow,Dark - Lighted,Snow,1,"Sideswipe, Same Direction","Yes, M/V and Driver Left Scene",No Controls,1,1,Complains Of Pain
53331,1/9/11,8:53 PM,2011-00002821,Hope St.,Rochambeau Ave.,Hope St. / Rochambeau Ave.,Travis McCusker,483,09-Jan-11,Vehicle - Pedestrian,,,,"Two-Way , Not Divided",Dry,Dark - Lighted,Clear,2,"Sideswipe, Same Direction","Yes, M/V and Driver Left Scene",No Controls,5,2,Complains Of Pain