CrashReportId,CrashDate,CrashTime,ReportNumber,StreetOrHighway,NearestIntersection,Location,Officer,Badge,ReportDate,TypeOfCollision,Bicycle,Scooter,Wheel Chair,TypeOfRoadway,RoadSurfaceCondition,LightCondition,WeatherCondition,NumberofVehicles,MannerofImpact,HitAndRun,TrafficControl,PersonCount,InjuryCount,MostSeriousInjury
53467,1/10/11,4:18 PM,2011-00003020,CHALKSTONE AVENUE,FERN STREET,CHALKSTONE AVENUE / FERN STREET,Giuseppe Scarcello,485,10-Jan-11,Vehicle - Pedestrian,,,,"Two-Way , Not Divided",Dry,Daylight,Clear,1,Head-On (Front - to - Front),No,No Controls,2,1,Non-Incapacitating
53699,1/13/11,8:24 AM,2011-00003775,BROAD ST,LOCKWOOD ST ,BROAD ST / LOCKWOOD ST ,William Hutchinson,391,13-Jan-11,Vehicle - Pedestrian,,,,One-Way Trafficway,Slush,Daylight,Clear,1,Angle (Front - to - Side) Same Direction,No,No Controls,3,1,Complains Of Pain
53759,1/13/11,2:22 PM,2011-00003889,BENEDICT ST,BRATTLE ST ,BENEDICT ST / BRATTLE ST ,Luis Fernandez,531,13-Jan-11,Vehicle - Pedestrian,,,,"Two-Way , Not Divided",Slush,Daylight,Clear,1,"Sidwswipe, Opposite Direction","Yes, M/V and Driver Left Scene",No Controls,3,3,Complains Of Pain
53772,1/13/11,8:47 AM,2011-00003781,EDDY ST,THURBERS AVE ,EDDY ST / THURBERS AVE ,Werchadlo Jr.,679,13-Jan-11,Vehicle - Pedestrian,,,,"Two-Way , Not Divided",Slush,Daylight,Clear,1,Not a Collision Between Two Motor Vehicles in Transport,"Yes, M/V and Driver Left Scene",No Controls,2,0,No Injury
53790,1/13/11,10:14 AM,2011-00003799,ACADEMY AVE,BEAUFORT ST ,ACADEMY AVE / BEAUFORT ST ,Anthony Hampton,681,13-Jan-11,Vehicle - Pedestrian,,,,"Two-Way , Not Divided",Snow,Daylight,Snow,2,"Sidwswipe, Opposite Direction",No,No Controls,4,0,No Injury
54281,1/15/11,11:01 PM,2011-00004774,Metcalf Street,GRAFTON ST ,Metcalf Street / GRAFTON ST ,Paul Principale,322,16-Jan-11,Vehicle - Pedestrian,,,,"Two-Way , Not Divided",Slush,Dark - Lighted,Clear,2,"Sideswipe, Same Direction",No,No Controls,4,0,No Injury
54702,1/16/11,10:57 PM,2011-00005068,ATWELLS AVE,SOLAR ST ,ATWELLS AVE / SOLAR ST ,Jessica Leone,258,19-Jan-11,Vehicle - Pedestrian,,,,"Two-Way , Not Divided",Wet,Dark - Lighted,Clear,2,Rear End(Front-to-Rear),"Yes, M/V and Driver Left Scene",No Controls,4,0,No Injury
54316,1/16/11,11:49 AM,2011-00004912,SMITH ST,NELSON ST ,SMITH ST / NELSON ST ,Richard Ramirez,338,16-Jan-11,Vehicle - Pedestrian,,,,"Two-Way, Divided, Unprotected (painted>4feet) Medium",Snow,Daylight,Clear,1,Angle (Front - to - Side) Right Angle (Includes Broadside),No,No Controls,3,1,Complains Of Pain
54379,1/16/11,11:48 PM,2011-00005084,ANDEM ST,ACADEMY AVE ,ANDEM ST / ACADEMY AVE ,Ryan Moroney,324,17-Jan-11,Vehicle - Pedestrian,,,,"Two-Way , Not Divided",Snow,Dark - Lighted,Clear,2,Rear - to - Rear,"Yes, Driver Left Scene",No Controls,4,0,Unknown
54665,1/18/11,6:26 PM,2011-00005615,WESTMINSTER ST,CAHIR ST ,WESTMINSTER ST / CAHIR ST ,Ptlm. Chin,516,18-Jan-11,Vehicle - Pedestrian,,,,"Two-Way , Not Divided",Wet,Dark - Lighted,Rain,1,Head-On (Front - to - Front),No,Traffic Control Signal,4,1,Complains Of Pain
54812,1/19/11,11:07 AM,2011-00005766,BROWNELL ST,HOLDEN ST ,BROWNELL ST / HOLDEN ST ,Raymond King,633,19-Jan-11,Vehicle - Pedestrian,,,,One-Way Trafficway,Ice/Frost,Daylight,Clear,2,"Sidwswipe, Opposite Direction",No,No Controls,4,0,No Injury
55064,1/20/11,1:45 PM,2011-00006142,BLACKSTONE BLVD,UPTON AVE ,BLACKSTONE BLVD / UPTON AVE ,Edwin Kemble,364,21-Jan-11,Vehicle - Pedestrian,,,,One-Way Trafficway,Dry,Daylight,Clear,2,Rear End(Front-to-Rear),"Yes, M/V and Driver Left Scene",No Controls,5,0,No Injury
55179,1/22/11,1:47 AM,2011-00006743,SAYLES ST,FRENCH ST ,SAYLES ST / FRENCH ST ,Matthew Rampone,266,22-Jan-11,Vehicle - Pedestrian,,,,"Two-Way , Not Divided",Slush,Dark - Lighted,Clear,1,Head-On (Front - to - Front),"Yes, Driver Left Scene",No Controls,4,0,Unknown
55338,1/22/11,12:41 PM,2011-00006853,ADELAIDE AVE,BROAD ST ,ADELAIDE AVE / BROAD ST ,Roderick Soares,399,23-Jan-11,Vehicle - Pedestrian,,,,"Two-Way , Not Divided",Slush,Daylight,Clear,3,Rear End(Front-to-Rear),No,Traffic Control Signal,10,1,Complains Of Pain
55504,1/24/11,7:51 AM,2011-00007395,Whelan Road,BODELL AVE ,Whelan Road / BODELL AVE ,David Perez,181,24-Jan-11,Vehicle - Pedestrian,,,,"Two-Way , Not Divided",Ice/Frost,Daylight,Clear,1,Not a Collision Between Two Motor Vehicles in Transport,No,No Controls,4,1,Complains Of Pain
55577,1/24/11,1:14 PM,2011-00007485,WEST CLIFFORD ST,LOCKWOOD ST ,WEST CLIFFORD ST / LOCKWOOD ST ,Jose Deschamps,419,24-Jan-11,Vehicle - Pedestrian,,,,"Two-Way , Not Divided",Wet,Daylight,Clear,1,Other,"Yes, M/V and Driver Left Scene",No Controls,3,1,Complains Of Pain
55583,1/24/11,12:07 PM,2011-00007463,RANDALL ST,CHARLES ST,RANDALL ST / CHARLES ST,Edwin Kemble,364,24-Jan-11,Vehicle - Pedestrian,,,,"Two-Way , Not Divided",Dry,Daylight,Clear,2,"Sidwswipe, Opposite Direction","Yes, M/V and Driver Left Scene",Traffic Control Signal,3,0,No Injury
55598,1/24/11,1:30 PM,2011-00007477,EXCHANGE ST,WESTMINSTER ST ,EXCHANGE ST / WESTMINSTER ST ,Anthony Hampton,681,24-Jan-11,Vehicle - Pedestrian,,,,"Two-Way , Not Divided",Dry,Daylight,Cloudy,2,Rear - to - Rear,No,Traffic Control Signal,5,0,No Injury
55655,1/24/11,5:28 PM,2011-00007587,WESTMINSTER ST,BOUGH ST ,WESTMINSTER ST / BOUGH ST ,Michael Gammino,491,24-Jan-11,Vehicle - Pedestrian,,,,"Two-Way, Divided, Unprotected (painted>4feet) Medium",Dry,Dark - Lighted,Clear,1,"Sideswipe, Same Direction",No,No Controls,4,1,Complains Of Pain
55957,1/25/11,5:27 PM,2011-00007900,ACADEMY AVE,REGENT AVE ,ACADEMY AVE / REGENT AVE ,Stephen Frechette,362,25-Jan-11,Vehicle - Pedestrian,,,,"Two-Way , Not Divided",Ice/Frost,Daylight,Clear,1,Head-On (Front - to - Front),"Yes, M/V and Driver Left Scene",Stop Signs,1,1,Complains Of Pain
56815,1/27/11,12:19 PM,2011-00008429,SISSON ST,TICKNOR ST ,SISSON ST / TICKNOR ST ,Kenneth Pike,130,29-Jan-11,Vehicle - Pedestrian,,,,"Two-Way , Not Divided",Snow,Daylight,Clear,1,Not a Collision Between Two Motor Vehicles in Transport,"Yes, M/V and Driver Left Scene",No Controls,2,1,Complains Of Pain
56483,1/27/11,3:19 PM,2011-00008488,593 public,,593 public / ,Papa ,187,27-Jan-11,Vehicle - Pedestrian,,,,"Two-Way , Not Divided",Snow,Daylight,Clear,1,Not a Collision Between Two Motor Vehicles in Transport,No,No Controls,3,1,Complains Of Pain
56519,1/27/11,5:37 PM,2011-00008553,BENEFIT ST,GEORGE ST ,BENEFIT ST / GEORGE ST ,James Grennan,332,27-Jan-11,Vehicle - Pedestrian,,,,"Two-Way , Not Divided",Snow,Dark - Lighted,Clear,2,"Sideswipe, Same Direction",No,No Controls,2,0,No Injury
56520,1/27/11,9:23 PM,2011-00008623,BROOK ST,SHELDON ST ,BROOK ST / SHELDON ST ,James Grennan,332,27-Jan-11,Vehicle - Pedestrian,,,,"Two-Way , Not Divided",Snow,Dark - Lighted,Clear,2,"Sideswipe, Same Direction","Yes, M/V and Driver Left Scene",No Controls,3,0,Unknown
56732,1/28/11,3:26 PM,2011-00008858,EDDY ST,WASHINGTON AVE ,EDDY ST / WASHINGTON AVE ,Miguel Castillo,489,28-Jan-11,Vehicle - Pedestrian,,,,One-Way Trafficway,Wet,Daylight,Cloudy,2,Angle (Front - to - Side) Same Direction,No,No Controls,4,0,No Injury
56778,1/28/11,11:05 PM,2011-00009049,VEAZIE ST,ONEIL ST ,VEAZIE ST / ONEIL ST ,Matthew Nadeau,271,29-Jan-11,Vehicle - Pedestrian,,,,"Two-Way, Divided, Unprotected (painted>4feet) Medium",Snow,Dark - Lighted,Clear,2,"Sidwswipe, Opposite Direction",No,No Controls,5,0,No Injury
56832,1/29/11,1:21 PM,2011-00009255,ALVERSON AVE,NYE ST ,ALVERSON AVE / NYE ST ,Francisco Furtado,635,29-Jan-11,Vehicle - Pedestrian,,,,"Two-Way, Divided, Unprotected (painted>4feet) Medium",Ice/Frost,Daylight,Clear,1,Other,"Yes, M/V and Driver Left Scene",No Controls,1,1,Complains Of Pain
56864,1/29/11,5:09 PM,2011-00009334,CAROLINA AVE,ALLENS AVE ,CAROLINA AVE / ALLENS AVE ,Miguel Castillo,489,29-Jan-11,Vehicle - Pedestrian,,,,Unknown,Wet,Unknown,Cloudy,1,Unknown,Unknown,Unknown,2,0,No Injury
56789,1/29/11,12:11 AM,2011-00009079,VEAZIE ST,ONEIL ST ,VEAZIE ST / ONEIL ST ,Matthew Nadeau,271,29-Jan-11,Vehicle - Pedestrian,,,,"Two-Way, Divided, Unprotected (painted>4feet) Medium",Snow,Dark - Lighted,Clear,2,"Sideswipe, Same Direction","Yes, M/V and Driver Left Scene",No Controls,2,0,No Injury
57055,1/31/11,8:34 AM,2011-00009749,DUDLEY ST,CULVER ST ,DUDLEY ST / CULVER ST ,Jose Deschamps,419,31-Jan-11,Vehicle - Pedestrian,,,,One-Way Trafficway,Dry,Daylight,Clear,1,Other,"Yes, M/V and Driver Left Scene",No Controls,1,1,Complains Of Pain
57724,2/1/11,1:36 PM,2011-00010279,CANAL ST,PARK ROW ,CANAL ST / PARK ROW ,Michael Camardo,515,03-Feb-11,Vehicle - Pedestrian,,,,One-Way Trafficway,Snow,Daylight,Snow,2,Not a Collision Between Two Motor Vehicles in Transport,No,No Controls,4,1,Incapacitating
57405,2/1/11,10:03 AM,2011-00010215,ELMWOOD AVE,PLENTY ST ,ELMWOOD AVE / PLENTY ST ,Roderick Soares,399,01-Feb-11,Vehicle - Pedestrian,,,,"Two-Way , Not Divided",Snow,Daylight,Snow,1,Other,"Yes, M/V and Driver Left Scene",No Controls,1,1,Complains Of Pain
57430,2/1/11,10:47 AM,2011-00010222,5TH ST,SUMMIT AVE ,5TH ST / SUMMIT AVE ,Andrew Frolich,673,01-Feb-11,Vehicle - Pedestrian,,,,Unknown,Snow,Daylight,Snow,2,Rear - to - Side,No,No Controls,4,1,Complains Of Pain
57489,2/1/11,2:15 PM,2011-00010367,ELMWOOD AVE,WARRINGTON ST,ELMWOOD AVE / WARRINGTON ST,Alicia Hersperger,327,01-Feb-11,Vehicle - Pedestrian,,,,"Two-Way, Divided, Positive Median Barrier",Snow,Daylight,"Sleet, Hail (Freezing Rain or Drizzle)",1,Not a Collision Between Two Motor Vehicles in Transport,"Yes, M/V and Driver Left Scene",No Controls,2,1,Complains Of Pain
57533,2/1/11,1:11 PM,2011-00010272,THURBERS AVE,EXIT ,THURBERS AVE / EXIT ,Louis Stravato,497,02-Feb-11,Vehicle - Pedestrian,,,,One-Way Trafficway,Snow,Daylight,Snow,2,Rear End(Front-to-Rear),"Yes, M/V and Driver Left Scene",No Controls,2,0,No Injury
57687,2/2/11,5:22 PM,2011-00010719,24 Gallup Street,RUGBY ST ,24 Gallup Street / RUGBY ST ,Carla Cavanaugh,189,02-Feb-11,Vehicle - Pedestrian,,,,Unknown,Snow,Daylight,Rain,2,Unknown,"Yes, Driver Left Scene",No Controls,2,0,No Injury
57888,2/3/11,8:57 PM,2011-00006324,BROADWAY,GREENMAN LN ,BROADWAY / GREENMAN LN ,Ptlm. Carroll,142,03-Feb-11,Vehicle - Pedestrian,X,,,One-Way Trafficway,Snow,Dark - Lighted,Clear,1,Other,No,Traffic Control Signal,3,1,Complains Of Pain
58051,2/4/11,4:11 PM,2011-00011506,611 HARTFORD AVE,SPRINGFIELD ST ,611 HARTFORD AVE / SPRINGFIELD ST ,John Sigillo,590,04-Feb-11,Vehicle - Pedestrian,,,,"Two-Way , Not Divided",Slush,Daylight,Clear,2,"Sideswipe, Same Direction","Yes, M/V and Driver Left Scene",Person,5,0,Unknown
58415,2/6/11,2:15 AM,2011-00012146,180 Pine Street,RICHMOND ST ,180 Pine Street / RICHMOND ST ,Anthony Doucette,475,06-Feb-11,Vehicle - Pedestrian,,,,"Two-Way , Not Divided",Wet,Dark - Unknown Lighting,Cloudy,2,Unknown,"Yes, Driver Left Scene",No Controls,10,1,Complains Of Pain
58552,2/7/11,3:37 PM,2011-00012608,MANTON AVE,ATWELLS AVE ,MANTON AVE / ATWELLS AVE ,Christopher Poncia,333,07-Feb-11,Vehicle - Pedestrian,,,,"Two-Way , Not Divided",Dry,Daylight,Clear,2,Rear End(Front-to-Rear),"Yes, M/V and Driver Left Scene",Traffic Control Signal,2,0,No Injury
58713,2/8/11,7:40 AM,2011-00012840,NICHOLAS BROWN YARDS,OLNEY ST ,NICHOLAS BROWN YARDS / OLNEY ST ,Edwin Kemble,364,08-Feb-11,Vehicle - Pedestrian,,,,Unknown,Wet,Daylight,Rain,2,"Sideswipe, Same Direction","Yes, M/V and Driver Left Scene",No Controls,2,0,Unknown
59624,2/9/11,2:29 PM,2011-0000013304,GALILEO AVE,CHALKSTONE AVE,GALILEO AVE / CHALKSTONE AVE,Brian Corcoran,562,12-Feb-11,Vehicle - Pedestrian,,,,"Two-Way , Not Divided",Dry,Daylight,Clear,1,Other,No,No Controls,5,0,No Injury
59964,2/11/11,9:06 AM,2011-00013822,ELMGROVE AVE,ELMWAY ST ,ELMGROVE AVE / ELMWAY ST ,Edwin Kemble,364,14-Feb-11,Vehicle - Pedestrian,,,,"Two-Way , Not Divided",Dry,Daylight,Clear,2,"Sideswipe, Same Direction","Yes, M/V and Driver Left Scene",No Controls,2,0,No Injury
59337,2/11/11,1:15 AM,2011-00013779,HARRIS AVE,DEAN ST ,HARRIS AVE / DEAN ST ,Michael Mueller,165,11-Feb-11,Vehicle - Pedestrian,,,,"Two-Way , Not Divided",Ice/Frost,Dark - Lighted,Clear,2,Not a Collision Between Two Motor Vehicles in Transport,"Yes, M/V and Driver Left Scene",No Controls,2,0,Unknown
59473,2/11/11,3:23 PM,2011-00013954,ATWELLS AVE,DUTTON ST ,ATWELLS AVE / DUTTON ST ,Matthew Greely,184,11-Feb-11,Vehicle - Pedestrian,,,,"Two-Way , Not Divided",Wet,Daylight,Clear,1,Not a Collision Between Two Motor Vehicles in Transport,No,No Controls,2,1,Complains Of Pain
60634,2/11/11,9:50 PM,2011-00014113,140 DODGE ST,BOOTH ST ,140 DODGE ST / BOOTH ST ,Miguel Mena-Torres,493,17-Feb-11,Vehicle - Pedestrian,,,,"Two-Way , Not Divided",Wet,Dark - Lighted,Cloudy,2,Rear - to - Side,"Yes, M/V and Driver Left Scene",No Controls,3,0,No Injury
59990,2/13/11,6:18 PM,2011-00014781,PAGE ST,FRIENDSHIP ST ,PAGE ST / FRIENDSHIP ST ,Donald Brien,630,14-Feb-11,Vehicle - Pedestrian,,,,One-Way Trafficway,Dry,Dark - Lighted,Clear,2,"Sideswipe, Same Direction","Yes, M/V and Driver Left Scene",No Controls,4,0,Unknown
59970,2/14/11,8:22 AM,2011-00014878,PETTIS ST,N MAIN ST ,PETTIS ST / N MAIN ST ,Edwin Kemble,364,14-Feb-11,Vehicle - Pedestrian,,,,"Two-Way , Not Divided",Dry,Daylight,Clear,2,Unknown,"Yes, Driver Left Scene",No Controls,2,0,Unknown
59976,2/14/11,12:37 PM,2011-00014948,GEORGE ST,BENEFIT ST ,GEORGE ST / BENEFIT ST ,Derrek Edmonds,550,14-Feb-11,Vehicle - Pedestrian,,,,"Two-Way , Not Divided",Ice/Frost,Daylight,Clear,2,Rear End(Front-to-Rear),No,No Controls,4,0,Unknown
60318,2/15/11,12:30 PM,2011-00015304,105 Peace St,,105 Peace St / ,James Carr,593,16-Feb-11,Vehicle - Pedestrian,,,,"Two-Way , Not Divided",Ice/Frost,Daylight,Clear,2,"Sideswipe, Same Direction",No,No Controls,3,0,No Injury
60562,2/17/11,8:29 AM,2011-00015856,CHALKSTONE AVE,MOUNT PLEASANT AVE ,CHALKSTONE AVE / MOUNT PLEASANT AVE ,Rhonda Kessler,108,17-Feb-11,Vehicle - Pedestrian,,,,"Two-Way , Not Divided",Dry,Daylight,Clear,2,"Sideswipe, Same Direction",No,No Controls,3,0,No Injury
60564,2/17/11,1:28 AM,2011-00015813,N MAIN ST,BENEFIT ST ,N MAIN ST / BENEFIT ST ,Ptlm T.  Connetta/K. Penza,374,17-Feb-11,Vehicle - Pedestrian,,,,"Two-Way , Not Divided",Dry,Dark - Lighted,Cloudy,1,Head-On (Front - to - Front),"Yes, M/V and Driver Left Scene",No Controls,7,1,Fatal
60663,2/17/11,3:25 PM,2011-00015978,1880 Westminster Street,Broadway/Valley Street,1880 Westminster Street / Broadway/Valley Street,Michele Tella,668,17-Feb-11,Vehicle - Pedestrian,,,,One-Way Trafficway,Dry,Daylight,Clear,1,Other,"Yes, M/V and Driver Left Scene",Traffic Control Signal,2,1,Incapacitating
60711,2/17/11,4:48 PM,2011-00016017,PLAINFIELD ST,LAUREL HILL AVE ,PLAINFIELD ST / LAUREL HILL AVE ,Brian Dyer,180,17-Feb-11,Vehicle - Pedestrian,,,,"Two-Way , Not Divided",Dry,Daylight,Clear,1,Other,"Yes, M/V and Driver Left Scene",No Controls,2,1,Complains Of Pain
60718,2/17/11,8:41 PM,2011-00016100,ATWELLS AVE,EAGLE ST ,ATWELLS AVE / EAGLE ST ,Christopher Poncia,333,17-Feb-11,Vehicle - Pedestrian,,,,"Two-Way , Not Divided",Dry,Dark - Lighted,Clear,2,Angle (Front - to - Side) Opposite Direction,"Yes, M/V and Driver Left Scene",Traffic Control Signal,2,0,No Injury
60941,2/18/11,8:50 AM,2011-00016203,LYDIA ST,CANDACE ST ,LYDIA ST / CANDACE ST ,Raymond King,633,18-Feb-11,Vehicle - Pedestrian,,,,One-Way Trafficway,Dry,Daylight,Clear,1,Head-On (Front - to - Front),No,No Controls,4,0,No Injury
60842,2/18/11,2:49 PM,2011-00016284,HOPE ST,5TH ST ,HOPE ST / 5TH ST ,Glen Morgan,558,18-Feb-11,Vehicle - Pedestrian,,,,"Two-Way, Divided, Unprotected (painted>4feet) Medium",Dry,Daylight,Clear,1,Head-On (Front - to - Front),"Yes, M/V and Driver Left Scene",No Controls,2,1,Complains Of Pain
60863,2/18/11,5:56 PM,2011-00016370,broadway,HARRIS AVE ,broadway / HARRIS AVE ,Christopher Poncia,333,18-Feb-11,Vehicle - Pedestrian,,,,"Two-Way , Not Divided",Dry,Dusk,Clear,2,Angle (Front - to - Side) Opposite Direction,"Yes, M/V and Driver Left Scene",No Controls,2,0,No Injury
60901,2/19/11,2:11 AM,2011-00016542,PEMBROKE AVE,CHAD BROWN ST ,PEMBROKE AVE / CHAD BROWN ST ,Adam Chin,289,19-Feb-11,Vehicle - Pedestrian,,,,"Two-Way , Not Divided",Dry,Dark - Lighted,Clear,1,Other,"Yes, M/V and Driver Left Scene",No Controls,1,1,Complains Of Pain
61607,2/20/11,4:58 PM,2011-00017082,CHALKSTONE AVE,MOUNT PLEASANT AVE ,CHALKSTONE AVE / MOUNT PLEASANT AVE ,Brian Muldoon,182,20-Feb-11,Vehicle - Pedestrian,,,,"Two-Way , Not Divided",Dry,Daylight,Clear,1,Head-On (Front - to - Front),"Yes, M/V and Driver Left Scene",Traffic Control Signal,2,1,Complains Of Pain
61293,2/22/11,3:43 PM,2011-00017638,WILLARD AVE,PLAIN ST ,WILLARD AVE / PLAIN ST ,Jared Stanzione,193,22-Feb-11,Vehicle - Pedestrian,,,,"Two-Way , Not Divided",Dry,Daylight,Clear,1,Not a Collision Between Two Motor Vehicles in Transport,No,Stop Signs,2,1,Complains Of Pain
61858,2/27/11,10:37 PM,2011-00019017,REYNOLDS AVE,BURNSIDE ST ,REYNOLDS AVE / BURNSIDE ST ,Matthew Rampone,266,27-Feb-11,Vehicle - Pedestrian,,,,"Two-Way , Not Divided",Snow,Dark - Lighted,Snow,2,"Sideswipe, Same Direction","Yes, M/V and Driver Left Scene",No Controls,2,0,Unknown
62201,2/28/11,4:49 PM,2011-00019520,ERASTUS ST,ATWELLS AVE ,ERASTUS ST / ATWELLS AVE ,Douglas Steele,175,28-Feb-11,Vehicle - Pedestrian,,,,"Two-Way , Not Divided",Wet,Daylight,Rain,1,"Sideswipe, Same Direction",No,No Controls,2,1,Complains Of Pain
62661,3/3/11,11:33 AM,2011-00020629,ATWELLS AVE,VALLEY ST ,ATWELLS AVE / VALLEY ST ,Dennis O'Brien,067,04-Mar-11,Vehicle - Pedestrian,,,,Unknown,Dry,Daylight,Clear,1,Unknown,No,No Controls,4,0,No Injury
62681,3/4/11,12:26 PM,2011-00020700,Sutton St,Atwells Ave,Sutton St / Atwells Ave,Michael Caraccia,624,04-Mar-11,Vehicle - Pedestrian,,,,One-Way Trafficway,Dry,Daylight,Clear,2,Unknown,"Yes, M/V and Driver Left Scene",No Controls,2,0,Unknown
63141,3/4/11,7:02 AM,2011-00020627,WASHINGTON ST,UNION ST ,WASHINGTON ST / UNION ST ,George SanAntonio,604,04-Mar-11,Vehicle - Pedestrian,,,,"Two-Way , Not Divided",Dry,Daylight,Clear,1,Not a Collision Between Two Motor Vehicles in Transport,"Yes, M/V and Driver Left Scene",Traffic Control Signal,2,0,No Injury
62915,3/5/11,7:33 PM,2011-00021163,BENEDICT ST,SALEM ST ,BENEDICT ST / SALEM ST ,Luis Pelaez,336,06-Mar-11,Vehicle - Pedestrian,,,,"Two-Way , Not Divided",Dry,Dark - Lighted,Clear,2,Rear - to - Rear,"Yes, M/V and Driver Left Scene",No Controls,2,0,No Injury
62790,3/5/11,8:38 PM,2011-00021189,JOSLIN ST,KOSSUTH ST ,JOSLIN ST / KOSSUTH ST ,Douglas Steele,175,05-Mar-11,Vehicle - Pedestrian,,,,"Two-Way , Not Divided",Dry,Dark - Lighted,Clear,2,Rear - to - Side,"Yes, M/V and Driver Left Scene",No Controls,5,0,No Injury
62870,3/6/11,1:02 AM,2011-00021273,WASHINGTON ST,UNION ST ,WASHINGTON ST / UNION ST ,Alberto DaCruz,205,06-Mar-11,Vehicle - Pedestrian,,,,Unknown,Dry,Dark - Lighted,Clear,1,Not a Collision Between Two Motor Vehicles in Transport,No,No Controls,7,1,Non-Incapacitating
62937,3/6/11,6:05 PM,2011-00021527,ADELAIDE AVE,NIAGARA ST ,ADELAIDE AVE / NIAGARA ST ,Thomas Richards,162,06-Mar-11,Vehicle - Pedestrian,,,,"Two-Way , Not Divided",Wet,Dark - Lighted,"Sleet, Hail (Freezing Rain or Drizzle)",1,Not a Collision Between Two Motor Vehicles in Transport,No,Stop Signs,2,1,Complains Of Pain
63047,3/7/11,3:49 PM,2011-00021815,EDDY ST,NEW YORK AVE ,EDDY ST / NEW YORK AVE ,OR PROCTOR ,627,07-Mar-11,Vehicle - Pedestrian,,,,Unknown,Other,Daylight,Clear,2,Rear - to - Side,No,No Controls,4,0,No Injury
63116,3/7/11,6:36 PM,2011-00021883,111 BROWN ST,CUSHING ST ,111 BROWN ST / CUSHING ST ,Fausto Garcia,109,07-Mar-11,Vehicle - Pedestrian,,,,"Two-Way , Not Divided",Dry,Unknown,Cloudy,2,Rear End(Front-to-Rear),"Yes, M/V and Driver Left Scene",No Controls,3,0,Unknown
63226,3/9/11,1:22 PM,2011-00022403,WESTMINSTER ST,ABORN ST ,WESTMINSTER ST / ABORN ST ,Mark Dececco,407,09-Mar-11,Vehicle - Pedestrian,,,,One-Way Trafficway,Dry,Daylight,Clear,1,Other,No,No Controls,2,1,Complains Of Pain
63431,3/10/11,7:30 PM,2011-00022861,VERMONT AVE,EDDY ST ,VERMONT AVE / EDDY ST ,OR PROCTOR ,627,10-Mar-11,Vehicle - Pedestrian,,,,"Two-Way, Divided, Unprotected (painted>4feet) Medium",Wet,Dark - Lighted,Rain,1,Other,No,No Controls,3,1,Complains Of Pain
63491,3/10/11,9:00 PM,2011-00022925,CYPRESS ST,CAMP ST ,CYPRESS ST / CAMP ST ,David Iamarone,334,11-Mar-11,Vehicle - Pedestrian,,,,"Two-Way , Not Divided",Wet,Dark - Lighted,Rain,1,Unknown,"Yes, M/V and Driver Left Scene",Unknown,1,1,Complains Of Pain
63508,3/11/11,9:15 AM,2011-00023004,MEDWAY ST,WAYLAND AVE ,MEDWAY ST / WAYLAND AVE ,Edward Enright,480,11-Mar-11,Vehicle - Pedestrian,,,,"Two-Way, Divided, Unprotected (painted>4feet) Medium",Wet,Daylight,Cloudy,1,Angle (Front - to - Side) Right Angle (Includes Broadside),Unknown,Stop Signs,2,1,Complains Of Pain
64073,3/12/11,12:30 AM,2011-00023281,MEMORIAL BLVD,STEEPLE ST ,MEMORIAL BLVD / STEEPLE ST ,Jason Cotugno,173,12-Mar-11,Vehicle - Pedestrian,,,,"Two-Way, Divided, Positive Median Barrier",Wet,Dark - Lighted,Cloudy,1,Head-On (Front - to - Front),No,Traffic Control Signal,3,1,Non-Incapacitating
63641,3/12/11,12:33 AM,2011-00023283,301 HARRIS AVE,CHARLOTTE HOPE ST ,301 HARRIS AVE / CHARLOTTE HOPE ST ,Joseph Kane,544,12-Mar-11,Vehicle - Pedestrian,,,,"Two-Way, Divided, Unprotected (painted>4feet) Medium",Dry,Dark - Lighted,Cloudy,1,Unknown,"Yes, M/V and Driver Left Scene",No Controls,5,1,Non-Incapacitating
63774,3/13/11,10:27 AM,2011-00023816,850 MANTON AVE,PALFREY PL ,850 MANTON AVE / PALFREY PL ,Rhonda Kessler,108,13-Mar-11,Vehicle - Pedestrian,,,,"Two-Way, Divided, Positive Median Barrier",Dry,Daylight,Cloudy,2,Unknown,No,No Controls,2,0,Unknown
64458,3/18/11,1:23 AM,2011-00025331,MEMORIAL BLVD,EXCHANGE ST ,MEMORIAL BLVD / EXCHANGE ST ,Jason Cotugno,173,18-Mar-11,Vehicle - Pedestrian,,,,"Two-Way, Divided, Positive Median Barrier",Dry,Dark - Lighted,Clear,1,"Sideswipe, Same Direction","Yes, M/V and Driver Left Scene",Traffic Control Signal,2,1,Complains Of Pain
64516,3/18/11,4:13 AM,2011-00025367,CHALKSTONE AVE,ROWAN ST ,CHALKSTONE AVE / ROWAN ST ,Ryan Moroney,324,18-Mar-11,Vehicle - Pedestrian,,,,"Two-Way , Not Divided",Dry,Dark - Lighted,Clear,1,Unknown,"Yes, M/V and Driver Left Scene",Unknown,3,0,No Injury
64774,3/19/11,9:57 AM,2011-00025843,TRAVERSE ST,WICKENDEN ST ,TRAVERSE ST / WICKENDEN ST ,Edward Enright,480,19-Mar-11,Vehicle - Pedestrian,,,,"Two-Way, Divided, Unprotected (painted>4feet) Medium",Dry,Daylight,Clear,1,"Sideswipe, Same Direction",No,No Controls,2,0,No Injury
64903,3/20/11,1:30 AM,2011-00026135,W EXCHANGE ST,FOX PL ,W EXCHANGE ST / FOX PL ,Jessica Leone,258,20-Mar-11,Vehicle - Pedestrian,,,,"Two-Way , Not Divided",Dry,Dark - Not Lighted,Clear,1,Not a Collision Between Two Motor Vehicles in Transport,No,No Controls,2,1,Complains Of Pain
65077,3/21/11,8:42 PM,2011-00026638,601 North Main Street,RANDALL SQ ,601 North Main Street / RANDALL SQ ,Anthony Doucette,475,21-Mar-11,Vehicle - Pedestrian,,,,Unknown,Wet,Dark - Unknown Lighting,Rain,2,Unknown,"Yes, M/V and Driver Left Scene",No Controls,2,0,Unknown
65166,3/22/11,4:27 PM,2011-00026885,ACADEMY AVE,HEALTH AVE ,ACADEMY AVE / HEALTH AVE ,Stephen Frechette,362,22-Mar-11,Vehicle - Pedestrian,,,,Unknown,Dry,Daylight,Clear,1,Not a Collision Between Two Motor Vehicles in Transport,"Yes, M/V and Driver Left Scene",No Controls,2,0,No Injury