CrashReportId,CrashDate,CrashTime,ReportNumber,StreetOrHighway,NearestIntersection,Location,Officer,Badge,ReportDate,TypeOfCollision,Bicycle,Scooter,Wheel Chair,TypeOfRoadway,RoadSurfaceCondition,LightCondition,WeatherCondition,NumberofVehicles,MannerofImpact,HitAndRun,TrafficControl,PersonCount,InjuryCount,MostSeriousInjury
65192,3/22/11,3:36 PM,2011-00026855,STEUBEN ST,AMHERST ST ,STEUBEN ST / AMHERST ST ,Christopher Poncia,333,22-Mar-11,Vehicle - Pedestrian,,,,"Two-Way , Not Divided",Dry,Daylight,Clear,2,"Sidwswipe, Opposite Direction","Yes, M/V and Driver Left Scene",No Controls,2,1,Complains Of Pain
65298,3/23/11,4:13 PM,2011-00027180,STILLMAN ST,PARK ROW ,STILLMAN ST / PARK ROW ,Nicholas Froncillo,163,23-Mar-11,Vehicle - Pedestrian,,,,"Two-Way , Not Divided",Dry,Daylight,Clear,1,Not a Collision Between Two Motor Vehicles in Transport,No,No Controls,3,2,Complains Of Pain
65709,3/26/11,5:16 PM,2011-00028174,110 BOWDOIN ST,AMHERST ST ,110 BOWDOIN ST / AMHERST ST ,Juan Rodrigues,194,26-Mar-11,Vehicle - Pedestrian,,,,"Two-Way , Not Divided",Dry,Daylight,Clear,1,Other,No,No Controls,3,1,Complains Of Pain
66470,3/27/11,7:37 PM,2011-00028560,WESTMINSTER ST,BRIDGHAM ST ,WESTMINSTER ST / BRIDGHAM ST ,Miguel Mena-Torres,493,31-Mar-11,Vehicle - Pedestrian,,,,"Two-Way , Not Divided",Dry,Daylight,Clear,1,Not a Collision Between Two Motor Vehicles in Transport,No,No Controls,2,1,Complains Of Pain
65781,3/27/11,7:12 AM,2011-00028418,THURBERS AVE,EDDY ST ,THURBERS AVE / EDDY ST ,Jose Deschamps,419,27-Mar-11,Vehicle - Pedestrian,,,,"Two-Way , Not Divided",Dry,Daylight,Clear,1,Other,No,No Controls,4,2,Complains Of Pain
70095,3/28/11,5:04 PM,2011-00028802,KNIGHT ST,BROADWAY ,KNIGHT ST / BROADWAY ,Alex Gonzalez,473,24-Apr-11,Vehicle - Pedestrian,,,,"Two-Way , Not Divided",Dry,Daylight,Clear,2,Rear End(Front-to-Rear),"Yes, M/V and Driver Left Scene",No Controls,2,0,No Injury
66084,3/29/11,6:27 PM,2011-00029121,ATWELLS AVE,CARLETON ST ,ATWELLS AVE / CARLETON ST ,MICHAEL R. TROIA,331,29-Mar-11,Vehicle - Pedestrian,,,,"Two-Way , Not Divided",Dry,Daylight,Clear,1,Head-On (Front - to - Front),No,No Controls,4,1,Complains Of Pain
66090,3/29/11,5:17 PM,2011-00029100,HARBORSIDE BLVD,NARRAGANSETT BLVD ,HARBORSIDE BLVD / NARRAGANSETT BLVD ,Miguel Castillo,489,29-Mar-11,Vehicle - Pedestrian,,,,Unknown,Dry,Daylight,Clear,2,Unknown,"Yes, M/V and Driver Left Scene",No Controls,2,0,No Injury
66236,3/31/11,12:31 AM,2011-00029561,ATLANTIC AVE,NIAGARA ST ,ATLANTIC AVE / NIAGARA ST ,Matthew Rampone,266,31-Mar-11,Vehicle - Pedestrian,,,,"Two-Way , Not Divided",Dry,Dark - Lighted,Clear,2,"Sideswipe, Same Direction","Yes, M/V and Driver Left Scene",No Controls,2,0,No Injury
66338,3/31/11,4:21 PM,2011-00029719,BRANCH AVE,On Ramp,BRANCH AVE / On Ramp,Michael Pattie,316,31-Mar-11,Vehicle - Pedestrian,,,,"Two-Way, Divided, Unprotected (painted>4feet) Medium",Wet,Daylight,Rain,1,Other,No,No Controls,3,1,Incapacitating
66380,3/31/11,8:41 PM,2011-00029792,VALLEY ST,NEWARK ST ,VALLEY ST / NEWARK ST ,Stephen Frechette,362,31-Mar-11,Vehicle - Pedestrian,,,,"Two-Way , Not Divided",Wet,Dark - Lighted,Snow,1,Not a Collision Between Two Motor Vehicles in Transport,"Yes, M/V and Driver Left Scene",No Controls,1,1,Incapacitating
66388,4/1/11,10:03 PM,2011-00029817,Waterman Street,THAYER ST ,Waterman Street / THAYER ST ,Anthony Doucette,475,01-Apr-11,Vehicle - Pedestrian,,,,One-Way Trafficway,Wet,Dark - Unknown Lighting,Snow,1,Unknown,"Yes, M/V and Driver Left Scene",Traffic Control Signal,3,1,Complains Of Pain
66787,4/3/11,10:51 AM,2011-00030746,LABAN STREET,RALPH ST ,LABAN STREET / RALPH ST ,Louis Salinaro,592,03-Apr-11,Vehicle - Pedestrian,,,,"Two-Way , Not Divided",Dry,Daylight,Clear,2,Angle (Front - to - Side) Right Angle (Includes Broadside),No,Stop Signs,5,0,No Injury
66912,4/3/11,7:33 PM,2011-00030898,BUCKLIN ST,HAWTHORNE ST ,BUCKLIN ST / HAWTHORNE ST ,Sean Lafferty,272,04-Apr-11,Vehicle - Pedestrian,X,,,"Two-Way , Not Divided",Dry,Dark - Lighted,Clear,1,Other,No,No Controls,2,1,Complains Of Pain
66868,4/4/11,9:03 AM,2011-00031011,WESTMINSTER ST,WEYBOSSET ST ,WESTMINSTER ST / WEYBOSSET ST ,Thiago Gomes,532,04-Apr-11,Vehicle - Pedestrian,,,,"Two-Way , Not Divided",Dry,Daylight,Clear,1,Other,No,No Controls,3,1,Incapacitating
66957,4/4/11,5:27 PM,2011-00030860,BUTLER DR,RAY DR ,BUTLER DR / RAY DR ,Jason Andrade,200,04-Apr-11,Vehicle - Pedestrian,,,,One-Way Trafficway,Dry,Dawn,Clear,1,Other,"Yes, M/V and Driver Left Scene",No Controls,1,1,Complains Of Pain
67278,4/6/11,1:08 PM,2011-00031703,CLAVERICK ST,BROAD ST ,CLAVERICK ST / BROAD ST ,James Conti,606,06-Apr-11,Vehicle - Pedestrian,,,,One-Way Trafficway,Dry,Daylight,Clear,1,Not a Collision Between Two Motor Vehicles in Transport,No,No Controls,3,1,Non-Incapacitating
67713,4/9/11,1:32 AM,2011-00032677,N MAIN ST,CADY ST ,N MAIN ST / CADY ST ,Khari Bass,312,09-Apr-11,Vehicle - Pedestrian,,,,One-Way Trafficway,Dry,Dark - Lighted,Clear,1,Not a Collision Between Two Motor Vehicles in Transport,No,No Controls,4,1,Incapacitating
67929,4/9/11,10:55 PM,2011-00033007,Charlesfield Street,Hope Street ,Charlesfield Street / Hope Street ,Daniel Gonzalez,469,10-Apr-11,Vehicle - Pedestrian,,,,"Two-Way , Not Divided",Dry,Dark - Not Lighted,Clear,1,Not a Collision Between Two Motor Vehicles in Transport,"Yes, M/V and Driver Left Scene",No Controls,6,2,Incapacitating
67993,4/9/11,5:57 PM,2011-00032931,HOPE ST,LANGHAM RD ,HOPE ST / LANGHAM RD ,Matthew Mulligan,589,09-Apr-11,Vehicle - Pedestrian,,,,"Two-Way , Not Divided",Dry,Daylight,Clear,1,"Sideswipe, Same Direction",No,No Controls,2,0,No Injury
68166,4/11/11,7:06 PM,2011-00033631,BROADWAY,DEAN ST ,BROADWAY / DEAN ST ,Luis Pelaez,336,11-Apr-11,Vehicle - Pedestrian,,,,"Two-Way , Not Divided",Dry,Daylight,Clear,1,Not a Collision Between Two Motor Vehicles in Transport,No,Traffic Control Signal,7,1,Complains Of Pain
68794,4/14/11,3:25 PM,2011-00034518,ADMIRAL ST,EXIT ,ADMIRAL ST / EXIT ,Andrew Mignanelli,361,15-Apr-11,Vehicle - Pedestrian,,,,"Two-Way , Not Divided",Dry,Daylight,Clear,1,Other,No,Traffic Control Signal,3,1,Complains Of Pain
68569,4/14/11,4:38 PM,2011-00034551,ALEPPO ST,PELHAM ST ,ALEPPO ST / PELHAM ST ,Christopher Poncia,333,14-Apr-11,Vehicle - Pedestrian,,,,"Two-Way , Not Divided","Mud, Dirt, Gravel",Daylight,Clear,1,Not a Collision Between Two Motor Vehicles in Transport,No,No Controls,2,0,No Injury
68623,4/14/11,7:35 PM,2011-0034614,ATWELLS AVE,DE PASQUALE AVE ,ATWELLS AVE / DE PASQUALE AVE ,Anthony Doucette,475,14-Apr-11,Vehicle - Pedestrian,,,,"Two-Way , Not Divided",Dry,Dark - Unknown Lighting,Clear,1,Unknown,No,Traffic Control Signal,4,1,Complains Of Pain
69654,4/14/11,1:48 PM,2011-00034501,GEORGE M. COHEN BLVD,THOMPSON ST ,GEORGE M. COHEN BLVD / THOMPSON ST ,Ralph Caraccia,360,14-Apr-11,Vehicle - Pedestrian,,,,"Two-Way , Not Divided",Dry,Daylight,Clear,2,Angle (Front - to - Side) Right Angle (Includes Broadside),"Yes, M/V and Driver Left Scene",No Controls,2,1,Complains Of Pain
68829,4/15/11,9:15 PM,2011-00035046,VALLEY ST,DEAN ST ,VALLEY ST / DEAN ST ,Richard Esposito,320,15-Apr-11,Vehicle - Pedestrian,X,,,"Two-Way, Divided, Positive Median Barrier",Dry,Dark - Lighted,Clear,1,Not a Collision Between Two Motor Vehicles in Transport,No,Traffic Control Signal,4,0,No Injury
68644,4/15/11,8:02 PM,2011-00034619,WHITTIER AVE,WEBSTER AVE ,WHITTIER AVE / WEBSTER AVE ,Michael Gammino,491,15-Apr-11,Vehicle - Pedestrian,,,,"Two-Way , Not Divided",Dry,Dark - Lighted,Clear,1,"Sideswipe, Same Direction","Yes, M/V and Driver Left Scene",No Controls,3,1,Complains Of Pain
69073,4/17/11,5:24 PM,2011-00035713,BROAD ST,FARRAGUT AVE ,BROAD ST / FARRAGUT AVE ,Miguel Castillo,489,17-Apr-11,Vehicle - Pedestrian,X,,,"Two-Way, Divided, Unprotected (painted>4feet) Medium",Dry,Daylight,Clear,1,Head-On (Front - to - Front),No,Traffic Control Signal,4,1,Complains Of Pain
69193,4/18/11,4:22 PM,2011-00036050,350 ORMS ST,,350 ORMS ST / ,Vincent Pazzetta,641,18-Apr-11,Vehicle - Pedestrian,,,,Unknown,"Mud, Dirt, Gravel",Daylight,Clear,1,Not a Collision Between Two Motor Vehicles in Transport,No,No Controls,2,1,Non-Incapacitating
69398,4/19/11,4:14 PM,2011-00036364,Pine ,,Pine  / , Papa,187,19-Apr-11,Vehicle - Pedestrian,,,,Unknown,Dry,Daylight,Clear,2,Unknown,"Yes, M/V and Driver Left Scene",No Controls,2,0,Unknown
69408,4/19/11,4:11 PM,2011-00036347,ANGELL ST,STIMSON AVE ,ANGELL ST / STIMSON AVE ,Fausto Garcia,109,19-Apr-11,Vehicle - Pedestrian,,,,Unknown,Wet,Daylight,"Sleet, Hail (Freezing Rain or Drizzle)",1,Other,No,Stop Signs,4,1,Complains Of Pain
69518,4/20/11,4:27 PM,2011-00036661,SHIPYARD ST,HARBORSIDE BLVD ,SHIPYARD ST / HARBORSIDE BLVD ,OR PROCTOR ,627,20-Apr-11,Vehicle - Pedestrian,,,,Unknown,Unknown,Unknown,Clear,2,Unknown,"Yes, M/V and Driver Left Scene",No Controls,2,0,Unknown
70121,4/20/11,8:12 PM,2011-00036745,POTTERS AVE,PURITAN ST ,POTTERS AVE / PURITAN ST ,Troy Lambert,413,21-Apr-11,Vehicle - Pedestrian,X,,,"Two-Way , Not Divided",Dry,Dusk,Clear,1,Not a Collision Between Two Motor Vehicles in Transport,"Yes, M/V and Driver Left Scene",No Controls,1,1,Complains Of Pain
70398,4/21/11,12:44 PM,2011-00036932,ACADEMY AVE,CHALKSTONE AVE ,ACADEMY AVE / CHALKSTONE AVE ,John Reposa,686,26-Apr-11,Vehicle - Pedestrian,,,,"Two-Way , Not Divided",Dry,Daylight,Clear,1,Not a Collision Between Two Motor Vehicles in Transport,"Yes, M/V and Driver Left Scene",No Controls,2,1,Complains Of Pain
69675,4/21/11,6:42 PM,2011-00037057,ERNEST ST,PORTER ST ,ERNEST ST / PORTER ST ,Kusol Pea,174,21-Apr-11,Vehicle - Pedestrian,,,,"Two-Way , Not Divided",Dry,Daylight,Clear,2,Rear End(Front-to-Rear),No,No Controls,3,1,Complains Of Pain
69589,4/21/11,7:57 AM,2011-00036869,DEAN ST,UNNAMED_42 ,DEAN ST / UNNAMED_42 ,John Reposa,686,21-Apr-11,Vehicle - Pedestrian,X,,,"Two-Way, Not Divided With a Continuous Left Turn Lane",Dry,Daylight,Clear,1,Rear End(Front-to-Rear),No,No Controls,2,1,Non-Incapacitating
70394,4/23/11,9:30 PM,2011-00037788,1 FRANKLIN SQ,ALLENS AVE ,1 FRANKLIN SQ / ALLENS AVE ,MICHAEL MARTINOUS,97,26-Apr-11,Vehicle - Pedestrian,,,,Unknown,Dry,Dark - Lighted,Clear,2,Angle (Front - to - Side) Same Direction,"Yes, M/V and Driver Left Scene",No Controls,4,0,Unknown
70248,4/25/11,4:16 PM,2011-00038405,WAYLAND AVE,EAST GEORGE,WAYLAND AVE / EAST GEORGE,James Grennan,332,25-Apr-11,Vehicle - Pedestrian,,,,One-Way Trafficway,Dry,Daylight,Cloudy,2,"Sideswipe, Same Direction","Yes, M/V and Driver Left Scene",No Controls,3,0,Unknown
70413,4/26/11,1:45 PM,2011-00038729,N MAIN ST,STENTON AVE ,N MAIN ST / STENTON AVE ,Andrew Frolich,673,26-Apr-11,Vehicle - Pedestrian,X,,,"Two-Way, Divided, Unprotected (painted>4feet) Medium",Dry,Daylight,Clear,1,Angle (Front - to - Side) Right Angle (Includes Broadside),No,Stop Signs,2,1,Incapacitating
70893,4/27/11,3:00 PM,2011-00039528,SPRINGFIELD ST,HARTFORD AVE ,SPRINGFIELD ST / HARTFORD AVE ,John Sigillo,590,29-Apr-11,Vehicle - Pedestrian,,,,"Two-Way , Not Divided",Dry,Daylight,Cloudy,1,Not a Collision Between Two Motor Vehicles in Transport,No,Stop Signs,2,1,Non-Incapacitating
70664,4/27/11,9:31 PM,2011-00039308,WATERMAN ST,BENEFIT ST ,WATERMAN ST / BENEFIT ST ,James Grennan,332,27-Apr-11,Vehicle - Pedestrian,,,,One-Way Trafficway,Wet,Dark - Lighted,Rain,1,Other,No,Traffic Control Signal,4,1,Complains Of Pain
70674,4/28/11,12:45 AM,2011-00039358,POWER ST,BENEFIT ST ,POWER ST / BENEFIT ST ,Matthew McGloin,278,28-Apr-11,Vehicle - Pedestrian,,,,"Two-Way , Not Divided",Wet,Dark - Not Lighted,Rain,1,Not a Collision Between Two Motor Vehicles in Transport,No,No Controls,3,1,Complains Of Pain
70743,4/28/11,10:46 AM,2011-00039439,SUTTON ST,ATWELLS AVE ,SUTTON ST / ATWELLS AVE ,Troy Lambert,413,28-Apr-11,Vehicle - Pedestrian,,,,One-Way Trafficway,Wet,Daylight,Clear,1,Not a Collision Between Two Motor Vehicles in Transport,No,No Controls,3,1,Complains Of Pain
71406,4/29/11,8:24 PM,2011-00040052,GEORGE ST,BROWN ST ,GEORGE ST / BROWN ST ,Nicole Darling,325,02-May-11,Vehicle - Pedestrian,,,,"Two-Way , Not Divided",Dry,Dark - Lighted,Clear,1,Not a Collision Between Two Motor Vehicles in Transport,No,No Controls,2,1,Non-Incapacitating
71039,4/30/11,1:19 AM,2011-00040186,HOPE ST,LARCH ST ,HOPE ST / LARCH ST ,Raymond Majeau,275,30-Apr-11,Vehicle - Pedestrian,,,,"Two-Way , Not Divided",Dry,Dark - Not Lighted,Clear,2,Rear End(Front-to-Rear),"Yes, M/V and Driver Left Scene",No Controls,6,0,Unknown
71052,4/30/11,10:29 AM,2011-00040310,160 Broad street,Service Road #7,160 Broad street / Service Road #7,Kenneth Wigginton,359,30-Apr-11,Vehicle - Pedestrian,X,,,"Two-Way , Not Divided",Dry,Daylight,Clear,1,Not a Collision Between Two Motor Vehicles in Transport,"Yes, M/V and Driver Left Scene",Traffic Control Signal,1,1,Complains Of Pain
71559,5/2/11,12:23 PM,2011-00041078,96 HOLDEN ST,JEWETT ST ,96 HOLDEN ST / JEWETT ST ,Joseph Madeira,552,03-May-11,Vehicle - Pedestrian,,,,"Two-Way , Not Divided",Dry,Daylight,Clear,1,Other,"Yes, M/V and Driver Left Scene",No Controls,1,1,Complains Of Pain
71365,5/2/11,9:30 AM,2011-00041047,ERNEST ST,FIELDS POINT DR ,ERNEST ST / FIELDS POINT DR ,Brian Thornton,672,02-May-11,Vehicle - Pedestrian,,,,"Two-Way , Not Divided",Dry,Daylight,Clear,1,Rear - to - Side,No,No Controls,3,0,No Injury
71543,5/3/11,8:24 AM,2011-00041405,295 PROMENADE STREET,LELAND STREET,295 PROMENADE STREET / LELAND STREET,Joseph Madeira,552,03-May-11,Vehicle - Pedestrian,,,,One-Way Trafficway,Dry,Daylight,Clear,1,Other,No,Stop Signs,2,1,Complains Of Pain
71826,5/3/11,12:26 PM,2011-00041476,CHARLESFIELD ST,THAYER ST ,CHARLESFIELD ST / THAYER ST ,Khatchig Kazandjian,367,03-May-11,Vehicle - Pedestrian,,,,"Two-Way , Not Divided",Dry,Daylight,Clear,1,Angle (Front - to - Side) Right Angle (Includes Broadside),No,Stop Signs,2,1,Complains Of Pain
72003,5/4/11,11:00 PM,2011-00042213,SABIN ST,MATHEWSON ST ,SABIN ST / MATHEWSON ST ,Francisco Furtado,635,05-May-11,Vehicle - Pedestrian,,,,Unknown,Wet,Dark - Lighted,"Sleet, Hail (Freezing Rain or Drizzle)",1,Other,No,No Controls,2,1,Complains Of Pain
72030,5/5/11,8:58 AM,2011-00042126,WASHINGTON ST,SERVICE ROAD 8 ,WASHINGTON ST / SERVICE ROAD 8 ,George SanAntonio,604,05-May-11,Vehicle - Pedestrian,,,,One-Way Trafficway,Dry,Daylight,Clear,1,Other,No,Traffic Control Signal,2,1,Incapacitating
72187,5/6/11,12:26 PM,2011-00042587,ELMGROVE AVE,EMELINE ST ,ELMGROVE AVE / EMELINE ST ,Edwin Kemble,364,06-May-11,Vehicle - Pedestrian,,,,"Two-Way , Not Divided",Dry,Daylight,Clear,1,"Sideswipe, Same Direction",No,No Controls,4,1,Complains Of Pain
72199,5/6/11,2:44 PM,2011-00042629,POMONA AVE,PEMBERTON ST ,POMONA AVE / PEMBERTON ST ,Stephen Frechette,362,06-May-11,Vehicle - Pedestrian,,,,"Two-Way , Not Divided",Dry,Daylight,Clear,1,Not a Collision Between Two Motor Vehicles in Transport,"Yes, M/V and Driver Left Scene",No Controls,4,1,Incapacitating
72229,5/6/11,1:53 PM,2011-00042614,VALLEY ST,GROVE ST ,VALLEY ST / GROVE ST ,Anthony Roberson,639,06-May-11,Vehicle - Pedestrian,,,,"Two-Way , Not Divided",Dry,Daylight,Clear,3,Rear End(Front-to-Rear),No,No Controls,8,3,Incapacitating
72313,5/6/11,9:05 PM,2011-00042778,SHIPYARD ST,ERNEST ST ,SHIPYARD ST / ERNEST ST ,OR PROCTOR ,627,06-May-11,Vehicle - Pedestrian,,,,Unknown,Other,Unknown,Clear,2,Unknown,"Yes, M/V and Driver Left Scene",No Controls,2,0,No Injury
72486,5/7/11,11:30 AM,2011-00042989,BLACKSTONE BLVD,IRVING AVE ,BLACKSTONE BLVD / IRVING AVE ,Thomas Rose,465,07-May-11,Vehicle - Pedestrian,,,,One-Way Trafficway,Dry,Daylight,Clear,1,Angle - Direction Not Specified,No,No Controls,2,1,Non-Incapacitating
72373,5/7/11,12:56 PM,2011-00043022,310 CRANSTON ST,DEXTER ST ,310 CRANSTON ST / DEXTER ST ,Luis Fernandez,531,07-May-11,Vehicle - Pedestrian,,,,"Two-Way , Not Divided",Dry,Daylight,Clear,1,Not a Collision Between Two Motor Vehicles in Transport,No,No Controls,2,1,Complains Of Pain
72478,5/8/11,1:09 AM,2011-00043291,CHAPIN AVE,ELLERY ST ,CHAPIN AVE / ELLERY ST ,Jessica Leone,258,08-May-11,Vehicle - Pedestrian,,,,"Two-Way , Not Divided",Dry,Dark - Lighted,Clear,2,Unknown,"Yes, M/V and Driver Left Scene",No Controls,2,0,Unknown
73527,5/9/11,8:53 PM,2011-00046668,DOUGLAS AVE,FILLMORE ST ,DOUGLAS AVE / FILLMORE ST ,Brian Auclair,166,16-May-11,Vehicle - Pedestrian,,,,"Two-Way , Not Divided",Wet,Dark - Lighted,Rain,1,Not a Collision Between Two Motor Vehicles in Transport,"Yes, M/V and Driver Left Scene",No Controls,1,1,Complains Of Pain
72717,5/9/11,5:01 PM,2011-00043887,PRESIDENT AVE,BLACKSTONE BLVD ,PRESIDENT AVE / BLACKSTONE BLVD ,James Grennan,332,09-May-11,Vehicle - Pedestrian,X,,,"Two-Way , Not Divided",Dry,Daylight,Cloudy,1,Other,No,Stop Signs,5,1,Complains Of Pain
72888,5/9/11,8:36 AM,2011-00043723,100 GASPEE ST,FRANCIS ST ,100 GASPEE ST / FRANCIS ST ,George SanAntonio,604,09-May-11,Vehicle - Pedestrian,X,,,"Two-Way , Not Divided",Dry,Daylight,Clear,1,Other,No,No Controls,3,1,Incapacitating
73024,5/12/11,8:53 AM,2011-00044803,324 HOPE ST,ONLEY ST ,324 HOPE ST / ONLEY ST ,Edward Enright,480,12-May-11,Vehicle - Pedestrian,,,,"Two-Way, Divided, Unprotected (painted>4feet) Medium",Dry,Daylight,Cloudy,1,Not a Collision Between Two Motor Vehicles in Transport,No,No Controls,3,1,Complains Of Pain
73082,5/12/11,3:54 PM,2011-00044929,FRANCIS ST,FINANCE WAY,FRANCIS ST / FINANCE WAY,KEN MATSUMOTO,348,12-May-11,Vehicle - Pedestrian,,,,"Two-Way, Divided, Unprotected (painted>4feet) Medium",Dry,Daylight,Clear,1,Not a Collision Between Two Motor Vehicles in Transport,No,Traffic Control Signal,5,1,Complains Of Pain
73568,5/16/11,10:32 PM,2011-00046703,WASHINGTON ST,UNION ST ,WASHINGTON ST / UNION ST ,Michael Sullivan,347,16-May-11,Vehicle - Pedestrian,X,,,"Two-Way , Not Divided",Wet,Dark - Lighted,Rain,1,Angle (Front - to - Side) Same Direction,No,Traffic Control Signal,2,1,Complains Of Pain
73650,5/16/11,11:39 AM,2011-00046483,FRIENDSHIP STREET,SUMMER ST ,FRIENDSHIP STREET / SUMMER ST ,Roderick Soares,399,17-May-11,Vehicle - Pedestrian,,,,One-Way Trafficway,Dry,Daylight,Clear,2,"Sideswipe, Same Direction","Yes, M/V and Driver Left Scene",No Controls,2,0,Unknown
73902,5/18/11,9:13 PM,2011-00047396,FRANCIS ST,GASPEE ST ,FRANCIS ST / GASPEE ST ,Michael Sullivan,347,18-May-11,Vehicle - Pedestrian,,,,"Two-Way , Not Divided",Dry,Dark - Lighted,Clear,1,Not a Collision Between Two Motor Vehicles in Transport,No,No Controls,3,1,Complains Of Pain
73979,5/19/11,11:10 AM,2011-00047541,575 CHARLES ST,MARIETTA ST ,575 CHARLES ST / MARIETTA ST ,Peter Conley,571,19-May-11,Vehicle - Pedestrian,,,,"Two-Way , Not Divided",Wet,Daylight,Rain,1,"Sideswipe, Same Direction",No,No Controls,3,1,Complains Of Pain
74171,5/19/11,9:13 PM,2011-00047767,CHARLES ST,CHARLES ST EXIT ,CHARLES ST / CHARLES ST EXIT ,Michael Pattie,316,19-May-11,Vehicle - Pedestrian,,,,"Two-Way, Divided, Unprotected (painted>4feet) Medium",Wet,Dark - Lighted,Cloudy,1,Other,No,Traffic Control Signal,4,1,Complains Of Pain
74180,5/19/11,8:59 PM,2011-00047753,48 ACADEMY AVE,,48 ACADEMY AVE / ,Anthony Doucette,475,19-May-11,Vehicle - Pedestrian,,,,"Two-Way , Not Divided",Wet,Dark - Unknown Lighting,Rain,1,Unknown,"Yes, M/V and Driver Left Scene",No Controls,2,1,Complains Of Pain
74293,5/20/11,3:59 PM,2011-00047996,Manila St,Lubec Street,Manila St / Lubec Street,Richard Esposito,320,20-May-11,Vehicle - Pedestrian,X,,,One-Way Trafficway,Dry,Daylight,Clear,1,Other,No,Stop Signs,4,1,Complains Of Pain
74524,5/22/11,12:51 AM,2011-00048691,ELMWOOD AVE,PRINCETON AVE ,ELMWOOD AVE / PRINCETON AVE ,Mark Hubbard,267,22-May-11,Vehicle - Pedestrian,,,,"Two-Way , Not Divided",Dry,Dark - Lighted,Clear,1,Not a Collision Between Two Motor Vehicles in Transport,"Yes, M/V and Driver Left Scene",No Controls,3,1,Incapacitating
74791,5/24/11,8:31 PM,2011-00049734,CRANSTON ST,DIAMOND ST ,CRANSTON ST / DIAMOND ST ,Ptlm. Chin,516,24-May-11,Vehicle - Pedestrian,,,,"Two-Way , Not Divided",Dry,Daylight,Clear,1,"Sideswipe, Same Direction","Yes, M/V and Driver Left Scene",No Controls,2,1,Complains Of Pain
74803,5/24/11,9:26 PM,2011-00049770,amherst street,LA VAUGHN ST ,amherst street / LA VAUGHN ST ,Christopher Poncia,333,24-May-11,Vehicle - Pedestrian,,,,"Two-Way , Not Divided",Dry,Dark - Lighted,Clear,2,"Sideswipe, Same Direction","Yes, M/V and Driver Left Scene",No Controls,2,0,Unknown
74927,5/25/11,5:45 PM,2011-00050077,WESTMINSTER ST,MESSER ST ,WESTMINSTER ST / MESSER ST ,Ptlm. Chin,516,25-May-11,Vehicle - Pedestrian,,,,"Two-Way , Not Divided",Dry,Daylight,Clear,1,"Sideswipe, Same Direction",No,Stop Signs,3,1,Complains Of Pain
74994,5/25/11,1:17 PM,2011-00049968,53 Grove Street,Andrew St,53 Grove Street / Andrew St,Michael Caraccia,624,26-May-11,Vehicle - Pedestrian,,,,"Two-Way , Not Divided",Dry,Daylight,Clear,2,Rear - to - Side,"Yes, M/V and Driver Left Scene",No Controls,2,0,Unknown
75306,5/27/11,6:51 PM,2011-00050872,MICHIGAN AVE,NEW YORK AVE ,MICHIGAN AVE / NEW YORK AVE ,OR PROCTOR ,627,27-May-11,Vehicle - Pedestrian,,,,"Two-Way, Divided, Unprotected (painted>4feet) Medium",Dry,Daylight,Clear,2,Other,"Yes, M/V and Driver Left Scene",No Controls,3,0,No Injury
75503,5/29/11,12:51 PM,2011-00051729,RIVER AVE,EATON ST ,RIVER AVE / EATON ST ,Anthony Corsetti,449,29-May-11,Vehicle - Pedestrian,,,,"Two-Way, Divided, Unprotected (painted>4feet) Medium",Dry,Daylight,Clear,1,Other,No,No Controls,3,1,Complains Of Pain
75523,5/30/11,2:08 AM,2011-00052021,LENOX AVE,BROAD ST ,LENOX AVE / BROAD ST ,Jason Decesare,426,30-May-11,Vehicle - Pedestrian,,,,"Two-Way , Not Divided",Dry,Daylight,Clear,3,Not a Collision Between Two Motor Vehicles in Transport,"Yes, M/V and Driver Left Scene",Traffic Control Signal,5,1,Complains Of Pain
75928,6/2/11,5:41 PM,2011-00055369,WARREN ST,HARRISON ST ,WARREN ST / HARRISON ST ,Miguel Mena-Torres,493,02-Jun-11,Vehicle - Pedestrian,,,,"Two-Way , Not Divided",Dry,Daylight,Clear,1,Not a Collision Between Two Motor Vehicles in Transport,No,No Controls,5,1,Non-Incapacitating
76028,6/2/11,1:33 PM,2011-00053264,W FOUNTAIN ST,WINTER ST ,W FOUNTAIN ST / WINTER ST ,Scott Logan,393,02-Jun-11,Vehicle - Pedestrian,,,,Unknown,Dry,Daylight,Clear,2,Other,"Yes, M/V and Driver Left Scene",No Controls,2,0,Unknown
76193,6/3/11,6:44 PM,2011-0053738,WEYBOSSET ST,RICHMOND ST ,WEYBOSSET ST / RICHMOND ST ,Baez,687,04-Jun-11,Vehicle - Pedestrian,,,,One-Way Trafficway,Dry,Daylight,Clear,1,Head-On (Front - to - Front),No,Person,3,1,Complains Of Pain
76032,6/3/11,12:51 AM,2011-00053491,REGENT AVE,HAROLD ST ,REGENT AVE / HAROLD ST ,Matthew Nadeau,271,03-Jun-11,Vehicle - Pedestrian,,,,"Two-Way , Not Divided",Dry,Dark - Lighted,Clear,1,Not a Collision Between Two Motor Vehicles in Transport,"Yes, M/V and Driver Left Scene",No Controls,3,1,Non-Incapacitating
76441,6/4/11,11:54 PM,2011-00054298,UNION AVE,WAVERLY ST ,UNION AVE / WAVERLY ST ,Jessica Leone,258,05-Jun-11,Vehicle - Pedestrian,,,,"Two-Way , Not Divided",Dry,Dark - Lighted,Clear,2,"Sideswipe, Same Direction","Yes, M/V and Driver Left Scene",No Controls,1,0,Unknown
76175,6/4/11,2:59 AM,2011-00053909,FRIENDSHIP ST,RICHMOND ST ,FRIENDSHIP ST / RICHMOND ST ,Steffan Rasch,315,04-Jun-11,Vehicle - Pedestrian,,,,Unknown,Dry,Dark - Lighted,Clear,2,Other,No,No Controls,3,0,Unknown