CrashReportId,CrashDate,CrashTime,ReportNumber,StreetOrHighway,NearestIntersection,Location,Officer,Badge,ReportDate,TypeOfCollision,Bicycle,Scooter,Wheel Chair,TypeOfRoadway,RoadSurfaceCondition,LightCondition,WeatherCondition,NumberofVehicles,MannerofImpact,HitAndRun,TrafficControl,PersonCount,InjuryCount,MostSeriousInjury
76176,6/4/11,2:00 AM,2011-00053922,121 SPRUCE ST,ACORN ST ,121 SPRUCE ST / ACORN ST ,Koren Pacheco,306,04-Jun-11,Vehicle - Pedestrian,,,,"Two-Way , Not Divided",Dry,Dark - Lighted,Clear,2,Unknown,"Yes, M/V and Driver Left Scene",No Controls,3,0,Unknown
76728,6/8/11,1:16 AM,2011-00055439,SOUTH ST,CHESTNUT ST ,SOUTH ST / CHESTNUT ST ,Michelle Chasse,264,08-Jun-11,Vehicle - Pedestrian,,,,"Two-Way , Not Divided",Dry,Dark - Lighted,Clear,1,Not a Collision Between Two Motor Vehicles in Transport,No,No Controls,3,1,Complains Of Pain
76870,6/9/11,2:29 PM,2011-00056165,DORRANCE ST,FRIENDSHIP ST ,DORRANCE ST / FRIENDSHIP ST ,Ken Matsumoto,348,09-Jun-11,Vehicle - Pedestrian,,,,"Two-Way, Divided, Unprotected (painted>4feet) Medium",Dry,Daylight,Clear,1,Not a Collision Between Two Motor Vehicles in Transport,No,No Controls,6,1,Complains Of Pain
76878,6/9/11,4:23 PM,2011-00056219,FLORENCE ST,KOSSUTH ST ,FLORENCE ST / KOSSUTH ST ,Douglas Steele,175,09-Jun-11,Vehicle - Pedestrian,,,,One-Way Trafficway,Wet,Daylight,Clear,1,Not a Collision Between Two Motor Vehicles in Transport,No,No Controls,3,1,Complains Of Pain
77001,6/10/11,10:16 PM,2011-00056735,GILLEN ST,CARNAC ST ,GILLEN ST / CARNAC ST ,Ralph Abenante,511,10-Jun-11,Vehicle - Pedestrian,,,,"Two-Way , Not Divided",Dry,Dark - Lighted,Clear,1,Head-On (Front - to - Front),"Yes, M/V and Driver Left Scene",No Controls,3,1,Complains Of Pain
77078,6/10/11,2:59 AM,2011-00056582,MOUNT PLEASANT AVE,OLD RD ,MOUNT PLEASANT AVE / OLD RD ,Roland Reed,505,11-Jun-11,Vehicle - Pedestrian,,,,"Two-Way , Not Divided",Dry,Daylight,Clear,1,Rear - to - Side,No,No Controls,2,1,Complains Of Pain
77354,6/12/11,2:45 AM,2011-00057216,45 Pleasant Valley Parkway,DEAN ST ,45 Pleasant Valley Parkway / DEAN ST ,Robert Heaton,539,14-Jun-11,Vehicle - Pedestrian,,,,Unknown,Wet,Dark - Lighted,Rain,2,Angle (Front - to - Side) Right Angle (Includes Broadside),"Yes, M/V and Driver Left Scene",No Controls,2,0,No Injury
83457,6/12/11,10:44 AM,2011-00057287,CHAD BROWN ST,MARCH ST ,CHAD BROWN ST / MARCH ST ,Raymond King,633,12-Jun-11,Vehicle - Pedestrian,,,,Unknown,Wet,Daylight,Rain,2,Unknown,"Yes, M/V and Driver Left Scene",No Controls,2,0,Unknown
77453,6/13/11,3:03 PM,2011-00057725,MASHAPAUG ST,HUNTINGTON AVE ,MASHAPAUG ST / HUNTINGTON AVE ,Miguel Mena-Torres,493,14-Jun-11,Vehicle - Pedestrian,,,,"Two-Way , Not Divided",Dry,Daylight,Cloudy,2,Rear - to - Side,"Yes, Driver Left Scene",No Controls,2,0,Unknown
77305,6/13/11,1:15 PM,2011-00057683,WEYBOSSET ST,ORANGE ST ,WEYBOSSET ST / ORANGE ST ,James Conti,606,13-Jun-11,Vehicle - Pedestrian,X,,,One-Way Trafficway,Dry,Daylight,Cloudy,1,Not a Collision Between Two Motor Vehicles in Transport,No,No Controls,3,1,Non-Incapacitating
77596,6/15/11,9:44 AM,2011-00058329,OXFORD ST,GORDON AVE ,OXFORD ST / GORDON AVE ,David Morgan,474,15-Jun-11,Vehicle - Pedestrian,,,,"Two-Way , Not Divided",Dry,Daylight,Clear,2,Head-On (Front - to - Front),"Yes, M/V and Driver Left Scene",Stop Signs,5,0,Unknown
77727,6/16/11,7:56 AM,2011-00058657,ATWELLS AVE,VALLEY ST ,ATWELLS AVE / VALLEY ST ,Kenneth Pike,130,16-Jun-11,Vehicle - Pedestrian,,,,"Two-Way, Divided, Unprotected (painted>4feet) Medium",Dry,Daylight,Clear,1,Other,No,Traffic Control Signal,3,1,Non-Incapacitating
77732,6/16/11,10:40 AM,2011-00058702,ATWELLS AVE,COVELL ST ,ATWELLS AVE / COVELL ST ,Kenneth Pike,130,16-Jun-11,Vehicle - Pedestrian,,,,"Two-Way, Divided, Unprotected (painted>4feet) Medium",Dry,Daylight,Clear,2,"Sideswipe, Same Direction",No,No Controls,4,0,No Injury
77798,6/16/11,3:21 PM,2011-00058795,HARTFORD AVE,ELIZA ST ,HARTFORD AVE / ELIZA ST ,Kenneth Penza,534,16-Jun-11,Vehicle - Pedestrian,,,,"Two-Way , Not Divided",Dry,Daylight,Clear,1,Not a Collision Between Two Motor Vehicles in Transport,No,No Controls,6,1,Incapacitating
78062,6/19/11,3:45 AM,2011-00059860,CANTON ST,ANDEM ST ,CANTON ST / ANDEM ST ,David Santos,634,19-Jun-11,Vehicle - Pedestrian,,,,"Two-Way , Not Divided",Dry,Dark - Lighted,Clear,2,Rear End(Front-to-Rear),"Yes, M/V and Driver Left Scene",No Controls,3,1,Complains Of Pain
78303,6/20/11,7:09 PM,2011-00060430,MONTROSE ST,RIDGELAND ST ,MONTROSE ST / RIDGELAND ST ,Matthew McGloin,278,20-Jun-11,Vehicle - Pedestrian,,,,"Two-Way , Not Divided",Dry,Daylight,Clear,1,Not a Collision Between Two Motor Vehicles in Transport,No,No Controls,3,1,Incapacitating
78336,6/20/11,7:49 PM,2011-00060445,CRANSTON ST,FORD ST ,CRANSTON ST / FORD ST ,Troy Lambert,413,20-Jun-11,Vehicle - Pedestrian,,,,"Two-Way , Not Divided",Dry,Daylight,Clear,3,Angle (Front - to - Side) Opposite Direction,No,No Controls,4,0,No Injury
78611,6/20/11,8:25 PM,2011-00060463,GLASGOW ST,GLASGOW ST ,GLASGOW ST / GLASGOW ST ,Scott Zambarano,164,20-Jun-11,Vehicle - Pedestrian,,,,"Two-Way , Not Divided",Dry,Daylight,Clear,1,Head-On (Front - to - Front),"Yes, M/V and Driver Left Scene",No Controls,1,0,No Injury
78493,6/21/11,5:49 PM,2011-00060781,ADELAIDE AVE,HAMILTON ST ,ADELAIDE AVE / HAMILTON ST ,Thomas Richards,162,21-Jun-11,Vehicle - Pedestrian,,,,"Two-Way , Not Divided",Dry,Daylight,Clear,1,Other,No,No Controls,2,1,Complains Of Pain
78561,6/22/11,12:09 AM,2011-00060923,WILDWOOD AVE,LOUIS AVE ,WILDWOOD AVE / LOUIS AVE ,Jerome Lynch,582,22-Jun-11,Vehicle - Pedestrian,,,,"Two-Way , Not Divided",Dry,Dark - Lighted,Clear,2,"Sidwswipe, Opposite Direction","Yes, M/V and Driver Left Scene",No Controls,3,1,Complains Of Pain
80941,6/22/11,11:12 PM,2011-00061258,BROAD ST,SERVICE ROAD 7 ,BROAD ST / SERVICE ROAD 7 ,Mark Hubbard,267,23-Jun-11,Vehicle - Pedestrian,,,,"Two-Way , Not Divided",Wet,Dark - Lighted,Rain,1,Not a Collision Between Two Motor Vehicles in Transport,No,No Controls,4,2,Complains Of Pain
78991,6/24/11,1:26 PM,2011-00061764,461 PLAINFIELD STREET,RALPH ST ,461 PLAINFIELD STREET / RALPH ST ,Louis Salinaro,592,26-Jun-11,Vehicle - Pedestrian,,,,"Two-Way , Not Divided",Dry,Daylight,Cloudy,1,Other,No,No Controls,4,1,Complains Of Pain
78998,6/25/11,12:43 PM,2011-00062178,UNION AVE,POCASSET AVE ,UNION AVE / POCASSET AVE ,Francisco Furtado,635,26-Jun-11,Vehicle - Pedestrian,,,,"Two-Way, Divided, Unprotected (painted>4feet) Medium",Dry,Daylight,Clear,1,Other,"Yes, M/V and Driver Left Scene",Traffic Control Signal,2,1,Complains Of Pain
78868,6/25/11,12:15 AM,2011-00061985,731 EDDY,PUBLIC ST,731 EDDY / PUBLIC ST,Francisco Colon,265,25-Jun-11,Vehicle - Pedestrian,,,,Unknown,Wet,Dark - Lighted,Rain,1,Not a Collision Between Two Motor Vehicles in Transport,"Yes, M/V and Driver Left Scene",Other,4,2,Complains Of Pain
78956,6/25/11,3:40 PM,2011-00062230,UNION AVE,ALTHEA ST ,UNION AVE / ALTHEA ST ,Michael Moonan,286,25-Jun-11,Vehicle - Pedestrian,X,,,"Two-Way , Not Divided",Dry,Daylight,Clear,1,Not a Collision Between Two Motor Vehicles in Transport,No,Stop Signs,4,1,Non-Incapacitating
79101,6/27/11,10:11 AM,2011-00062928,5TH ST,SUMMIT AVE ,5TH ST / SUMMIT AVE ,Khatchig Kazandjian,367,27-Jun-11,Vehicle - Pedestrian,,,,"Two-Way , Not Divided",Dry,Daylight,Clear,1,Angle (Front - to - Side) Right Angle (Includes Broadside),No,Stop Signs,2,1,Complains Of Pain
79407,6/28/11,10:08 PM,2011-00063547,SMITH ST,BRIGHTWOOD AVE ,SMITH ST / BRIGHTWOOD AVE ,Roland Reed,505,28-Jun-11,Vehicle - Pedestrian,,,,"Two-Way , Not Divided",Dry,Dark - Lighted,Clear,1,Head-On (Front - to - Front),"Yes, M/V and Driver Left Scene",No Controls,2,1,Non-Incapacitating
80273,6/29/11,3:53 PM,2011-0063774,N MAIN ST,STENTON AVE ,N MAIN ST / STENTON AVE ,Glen Morgan,558,29-Jun-11,Vehicle - Pedestrian,,,,One-Way Trafficway,Dry,Daylight,Clear,1,"Sidwswipe, Opposite Direction",No,No Controls,3,1,Complains Of Pain
79408,6/29/11,6:33 PM,2011-00063843,KIMBALL AVENUE ,CHALKSTONE AVENUE ,KIMBALL AVENUE  / CHALKSTONE AVENUE ,Giuseppe Scarcello,485,29-Jun-11,Vehicle - Pedestrian,,,,"Two-Way , Not Divided",Dry,Daylight,Clear,1,Angle (Front - to - Side) Right Angle (Includes Broadside),"Yes, Driver Left Scene",Stop Signs,1,1,Incapacitating
79441,6/29/11,1:31 PM,2011-00063726,WATERMAN ST,IVES ST ,WATERMAN ST / IVES ST ,Derrek Edmonds,550,30-Jun-11,Vehicle - Pedestrian,,,,Unknown,Dry,Daylight,Clear,2,"Sideswipe, Same Direction","Yes, M/V and Driver Left Scene",No Controls,4,1,Complains Of Pain
79476,6/30/11,4:41 PM,2011-00064179,NIAGARA ST,SACKETT ST ,NIAGARA ST / SACKETT ST ,Alicia Hersperger,327,30-Jun-11,Vehicle - Pedestrian,,,,"Two-Way , Not Divided",Dry,Daylight,Clear,1,Other,No,No Controls,3,1,Complains Of Pain
79704,7/2/11,8:06 AM,2011-00064883,825 hope st,4TH ST ,825 hope st / 4TH ST ,Andrew Frolich,673,02-Jul-11,Vehicle - Pedestrian,,,,"Two-Way, Divided, Unprotected (painted>4feet) Medium",Dry,Daylight,Clear,1,Unknown,No,No Controls,2,1,Complains Of Pain
79884,7/4/11,10:10 PM,2011-00065904,HARTFORD AVE,OLNEYVILLE SQ ,HARTFORD AVE / OLNEYVILLE SQ ,Matthew Cute,308,04-Jul-11,Vehicle - Pedestrian,,,,One-Way Trafficway,Dry,Dark - Lighted,Clear,1,Angle (Front - to - Side) Right Angle (Includes Broadside),No,No Controls,3,0,No Injury
79896,7/4/11,9:50 PM,2011-00065888,ROBIN ST,HARVEST ST ,ROBIN ST / HARVEST ST ,Brian Muldoon,182,04-Jul-11,Vehicle - Pedestrian,,,,"Two-Way , Not Divided",Dry,Dark - Lighted,Clear,1,Other,No,No Controls,3,1,Complains Of Pain
80302,7/6/11,10:11 PM,2011-00066741,LEDGE ST,JOB ST ,LEDGE ST / JOB ST ,Richard Esposito,320,07-Jul-11,Vehicle - Pedestrian,,,,"Two-Way , Not Divided",Dry,Dark - Lighted,Clear,1,Not a Collision Between Two Motor Vehicles in Transport,"Yes, Driver Left Scene",No Controls,2,0,Unknown
80284,7/7/11,2:14 PM,2011-00066952,CHALKSTONE AVE,GENEVA ST ,CHALKSTONE AVE / GENEVA ST ,Wayne Mann,563,07-Jul-11,Vehicle - Pedestrian,,,,"Two-Way , Not Divided",Dry,Daylight,Clear,1,Other,No,No Controls,4,1,Complains Of Pain
80369,7/8/11,3:08 AM,2011-00067239,CONGRESS AVE,NIAGARA ST ,CONGRESS AVE / NIAGARA ST ,Mark Hubbard,267,08-Jul-11,Vehicle - Pedestrian,,,,"Two-Way , Not Divided",Dry,Dark - Lighted,Clear,1,Not a Collision Between Two Motor Vehicles in Transport,"Yes, M/V and Driver Left Scene",No Controls,1,1,Complains Of Pain
80492,7/8/11,3:34 PM,2011-00067412,SILVER SPRING ST,BRANCH AVE ,SILVER SPRING ST / BRANCH AVE ,Richard Esposito,320,08-Jul-11,Vehicle - Pedestrian,,,,"Two-Way , Not Divided",Dry,Daylight,Clear,2,Rear - to - Side,"Yes, Driver Left Scene",Traffic Control Signal,3,0,No Injury
80521,7/9/11,2:05 AM,2011-00067591,DE PASQUALE AVE,AFRICA ST ,DE PASQUALE AVE / AFRICA ST ,Michael Maycock,281,09-Jul-11,Vehicle - Pedestrian,,,,"Two-Way , Not Divided",Wet,Dark - Lighted,Rain,1,Not a Collision Between Two Motor Vehicles in Transport,"Yes, M/V and Driver Left Scene",No Controls,3,1,Complains Of Pain
82055,7/10/11,2:15 PM,2011-00068247,GALLUP ST,PRAIRIE AVE ,GALLUP ST / PRAIRIE AVE ,Werchadlo Jr.,679,11-Jul-11,Vehicle - Pedestrian,X,,,"Two-Way , Not Divided",Dry,Daylight,Clear,1,Other,No,No Controls,3,1,Complains Of Pain
80591,7/10/11,9:46 AM,2011-00068183,112 POCASSET AVE,MAGNOLIA ST ,112 POCASSET AVE / MAGNOLIA ST ,Keith Lafazia,394,10-Jul-11,Vehicle - Pedestrian,X,,,"Two-Way , Not Divided",Dry,Daylight,Clear,1,Angle (Front - to - Side) Right Angle (Includes Broadside),No,No Controls,2,1,Complains Of Pain
80680,7/11/11,11:19 AM,2011-00068609,CHAPEL ST,SNOW ST ,CHAPEL ST / SNOW ST ,John Sigillo,590,11-Jul-11,Vehicle - Pedestrian,X,,,One-Way Trafficway,Dry,Daylight,Clear,1,Angle (Front - to - Side) Right Angle (Includes Broadside),No,Stop Signs,2,0,No Injury
80760,7/11/11,9:15 PM,2011-00068829,280 Broad St. ,,280 Broad St.  / ,Papa ,187,11-Jul-11,Vehicle - Pedestrian,,,,"Two-Way, Divided, Unprotected (painted>4feet) Medium",Dry,Dark - Lighted,Clear,1,Head-On (Front - to - Front),"Yes, M/V and Driver Left Scene",No Controls,1,1,Complains Of Pain
82867,7/15/11,6:11 PM,2011-00070239,BANCROFT ST,KELLEY ST ,BANCROFT ST / KELLEY ST ,Matthew Cute,308,16-Jul-11,Vehicle - Pedestrian,,,,"Two-Way , Not Divided",Dry,Daylight,Clear,1,Not a Collision Between Two Motor Vehicles in Transport,No,No Controls,3,0,No Injury
81271,7/15/11,1:09 AM,2011-00069981,ABBOTT PARK PL,WEYBOSSET ST ,ABBOTT PARK PL / WEYBOSSET ST ,Steffan Rasch,315,15-Jul-11,Vehicle - Pedestrian,,,,One-Way Trafficway,Dry,Dark - Lighted,Clear,1,Not a Collision Between Two Motor Vehicles in Transport,"Yes, M/V and Driver Left Scene",No Controls,8,2,Incapacitating
82268,7/18/11,12:35 PM,2011-00071429,THURBERS AVE,ALLENS AVE ,THURBERS AVE / ALLENS AVE ,Werchadlo Jr.,679,22-Jul-11,Vehicle - Pedestrian,,,,Unknown,Dry,Daylight,Clear,2,"Sidwswipe, Opposite Direction","Yes, M/V and Driver Left Scene",No Controls,2,0,No Injury
83335,7/19/11,1:37 PM,2011-00071796,PUBLIC ST,BROAD ST ,PUBLIC ST / BROAD ST ,Roderick Soares,399,21-Jul-11,Vehicle - Pedestrian,,,,"Two-Way , Not Divided",Dry,Daylight,Clear,1,Not a Collision Between Two Motor Vehicles in Transport,No,Traffic Control Signal,4,0,No Injury
82162,7/20/11,11:51 AM,2011-00072143,549 RIVER AVE,EATON ST ,549 RIVER AVE / EATON ST ,Joseph Madeira,552,21-Jul-11,Vehicle - Pedestrian,,,,"Two-Way , Not Divided",Dry,Daylight,Clear,1,Angle (Front - to - Side) Right Angle (Includes Broadside),No,Traffic Control Signal,2,1,Non-Incapacitating
82187,7/21/11,12:21 PM,2011-00072557,CHALKSTONE AVE,GARFIELD AVE ,CHALKSTONE AVE / GARFIELD AVE ,Merrick Cook,280,21-Jul-11,Vehicle - Pedestrian,X,,,"Two-Way , Not Divided",Dry,Daylight,Clear,1,Angle (Front - to - Side) Right Angle (Includes Broadside),No,No Controls,4,1,Incapacitating
82157,7/21/11,9:59 AM,2011-00072518,ANGELL ST,HOPE ST ,ANGELL ST / HOPE ST ,Richard Mills,424,21-Jul-11,Vehicle - Pedestrian,X,,,"Two-Way , Not Divided",Dry,Daylight,Clear,2,Angle (Front - to - Side) Right Angle (Includes Broadside),No,Traffic Control Signal,3,1,Complains Of Pain
82404,7/23/11,4:10 AM,2011-00073259,THOMAS OLNEY CMN,DOYLE AVE ,THOMAS OLNEY CMN / DOYLE AVE ,Noel Field,260,23-Jul-11,Vehicle - Pedestrian,,,,One-Way Trafficway,Dry,Dark - Lighted,Clear,1,Not a Collision Between Two Motor Vehicles in Transport,"Yes, Driver Left Scene",No Controls,4,0,No Injury
82430,7/23/11,1:12 PM,2011-00073358,BERGEN ST,CHALKSTONE AVE ,BERGEN ST / CHALKSTONE AVE ,Wayne Mann,563,23-Jul-11,Vehicle - Pedestrian,,,,"Two-Way , Not Divided",Dry,Daylight,Clear,2,Unknown,"Yes, M/V and Driver Left Scene",No Controls,2,0,Unknown
82508,7/23/11,10:21 PM,2011-00073473,STATE STREET,EXIT 23 ,STATE STREET / EXIT 23 ,Carla Cavanaugh,189,23-Jul-11,Vehicle - Pedestrian,,,,One-Way Trafficway,Dry,Daylight,Clear,1,Angle (Front - to - Side) Opposite Direction,No,No Controls,2,1,Complains Of Pain
82622,7/24/11,1:20 PM,2011-00073763,BRADFORD ST,ATWELLS AVE ,BRADFORD ST / ATWELLS AVE ,Christopher Poncia,333,24-Jul-11,Vehicle - Pedestrian,,,,"Two-Way , Not Divided",Dry,Daylight,Clear,1,Not a Collision Between Two Motor Vehicles in Transport,No,Stop Signs,2,1,Complains Of Pain
86808,7/25/11,3:50 PM,2011-00074161,MANTON AVE,FAIRFIELD AVE ,MANTON AVE / FAIRFIELD AVE ,Trent Hastings,326,25-Jul-11,Vehicle - Pedestrian,,,,"Two-Way , Not Divided",Dry,Daylight,Cloudy,1,Angle (Front - to - Side) Opposite Direction,No,No Controls,3,1,Complains Of Pain
82968,7/26/11,1:35 PM,2011-00074479,PLAIN ST,OLDHAM ST ,PLAIN ST / OLDHAM ST ,Jose Deschamps,419,26-Jul-11,Vehicle - Pedestrian,,,X,Unknown,Dry,Daylight,Clear,2,Other,No,No Controls,5,2,Complains Of Pain
83161,7/27/11,5:21 PM,2011-00074919,SORRENTO ST,LINWOOD AVE ,SORRENTO ST / LINWOOD AVE ,Luis Pelaez,336,27-Jul-11,Vehicle - Pedestrian,,,,"Two-Way , Not Divided",Dry,Daylight,Clear,1,Not a Collision Between Two Motor Vehicles in Transport,No,Stop Signs,3,1,Complains Of Pain
83480,7/29/11,12:50 PM,2011-00075665,Tell Street,Courtland Street,Tell Street / Courtland Street,Michael Caraccia,624,29-Jul-11,Vehicle - Pedestrian,,,,"Two-Way , Not Divided",Dry,Daylight,Cloudy,1,Not a Collision Between Two Motor Vehicles in Transport,No,No Controls,3,1,Incapacitating
83517,7/30/11,1:02 AM,2011-00075981,WESTMINSTER ST,EMPIRE ST ,WESTMINSTER ST / EMPIRE ST ,Michael Sullivan,347,30-Jul-11,Vehicle - Pedestrian,X,,,One-Way Trafficway,Dry,Dark - Lighted,Clear,1,Angle (Front - to - Side) Right Angle (Includes Broadside),No,Traffic Control Signal,3,1,Incapacitating
84081,8/2/11,2:01 PM,2011-00077377,JEWETT ST,BATH ST ,JEWETT ST / BATH ST ,Raymond King,633,03-Aug-11,Vehicle - Pedestrian,,,,Unknown,"Mud, Dirt, Gravel",Daylight,Clear,2,Rear End(Front-to-Rear),No,No Controls,3,0,Unknown
84137,8/3/11,3:55 PM,2011-00077823,HEREFORD ST,TRENT ST ,HEREFORD ST / TRENT ST ,Andrew Mignanelli,361,03-Aug-11,Vehicle - Pedestrian,,,,"Two-Way , Not Divided",Dry,Daylight,Clear,2,Angle (Front - to - Side) Opposite Direction,"Yes, Driver Left Scene",No Controls,3,0,No Injury
84466,8/4/11,10:11 PM,2011-00078346,WESTMINSTER ST,MEMORIAL BOULEVARD,WESTMINSTER ST / MEMORIAL BOULEVARD,Ptlm. Carroll,142,06-Aug-11,Vehicle - Pedestrian,X,,,"Two-Way , Not Divided",Dry,Dark - Lighted,Clear,1,"Sidwswipe, Opposite Direction",No,Traffic Control Signal,2,1,Complains Of Pain
87831,8/4/11,11:09 PM,2011-00078377,RESERVOIR AVE,ELMWOOD AVE ,RESERVOIR AVE / ELMWOOD AVE ,Fernando Lopez,156,30-Aug-11,Vehicle - Pedestrian,,,,Unknown,Dry,Dark - Lighted,Clear,1,Not a Collision Between Two Motor Vehicles in Transport,No,No Controls,3,1,Complains Of Pain
86232,8/5/11,1:32 AM,2011-00078411,ATWELLS AVE,MURPHY ST ,ATWELLS AVE / MURPHY ST ,Roberto Gutierrez,263,18-Aug-11,Vehicle - Pedestrian,,,,"Two-Way, Divided, Unprotected (painted>4feet) Medium",Dry,Dark - Lighted,Clear,1,"Sideswipe, Same Direction",No,No Controls,3,1,Complains Of Pain
84368,8/5/11,3:27 PM,2011-00078609,EMPIRE ST,BROADWAY ,EMPIRE ST / BROADWAY ,Christopher Calise,397,05-Aug-11,Vehicle - Pedestrian,X,,,"Two-Way, Divided, Positive Median Barrier",Dry,Daylight,Clear,1,Angle (Front - to - Side) Same Direction,No,No Controls,2,0,No Injury
84471,8/6/11,10:00 PM,2011-00079239,CHARLES ST,GILLEN ST ,CHARLES ST / GILLEN ST ,Kevin Toole,153,07-Aug-11,Vehicle - Pedestrian,X,,,"Two-Way , Not Divided",Wet,Dark - Lighted,Rain,1,Not a Collision Between Two Motor Vehicles in Transport,"Yes, M/V and Driver Left Scene",No Controls,1,1,Complains Of Pain
85354,8/7/11,9:49 AM,2011-00080474,INDIA ST,S MAIN ST ,INDIA ST / S MAIN ST ,Derrek Edmonds,550,12-Aug-11,Vehicle - Pedestrian,,,,"Two-Way , Not Divided",Dry,Daylight,Clear,1,"Sideswipe, Same Direction",No,No Controls,3,1,Complains Of Pain
84816,8/9/11,1:25 AM,2011-00080055,W RIVER ST,BRANCH AVE ,W RIVER ST / BRANCH AVE ,Raymond Majeau,275,09-Aug-11,Vehicle - Pedestrian,,,,"Two-Way , Not Divided",Unknown,Dark - Not Lighted,Clear,1,Not a Collision Between Two Motor Vehicles in Transport,"Yes, M/V and Driver Left Scene",No Controls,1,0,Unknown
85482,8/10/11,4:44 PM,2011-00080591,139 LAUREL HILL AVE,WHITTIER AVE ,139 LAUREL HILL AVE / WHITTIER AVE ,Trent Hastings,326,10-Aug-11,Vehicle - Pedestrian,,,,"Two-Way , Not Divided",Dry,Daylight,Clear,1,Not a Collision Between Two Motor Vehicles in Transport,No,No Controls,3,0,No Injury
86030,8/10/11,8:45 AM,2011-00080455,WATERMAN ST,BROOK ST ,WATERMAN ST / BROOK ST ,Edward Enright,480,10-Aug-11,Vehicle - Pedestrian,,,,"Two-Way, Divided, Unprotected (painted>4feet) Medium",Dry,Daylight,Clear,2,Angle - Direction Not Specified,No,Traffic Control Signal,5,0,No Injury
90025,8/10/11,9:20 PM,2011-00080667,MITCHELL ST,HAMILTON ST ,MITCHELL ST / HAMILTON ST ,Jared Stanzione,193,13-Sep-11,Vehicle - Pedestrian,,,,"Two-Way , Not Divided",Dry,Dark - Lighted,Clear,1,Other,No,No Controls,2,1,Complains Of Pain
85313,8/11/11,7:47 PM,2011-00080997,289 FRIENDSHIP ST,PLAIN ST ,289 FRIENDSHIP ST / PLAIN ST ,Alicia Hersperger,327,11-Aug-11,Vehicle - Pedestrian,,,,Unknown,"Mud, Dirt, Gravel",Daylight,Clear,2,"Sidwswipe, Opposite Direction",No,No Controls,4,0,No Injury
85325,8/11/11,5:27 PM,2011-00080939,GLENHAM ST,PRAIRIE AVE ,GLENHAM ST / PRAIRIE AVE ,Carla Cavanaugh,189,11-Aug-11,Vehicle - Pedestrian,,,,"Two-Way , Not Divided",Dry,Daylight,Clear,1,Not a Collision Between Two Motor Vehicles in Transport,No,Stop Signs,2,0,No Injury
85507,8/12/11,1:43 PM,2011-00081239,S MAIN ST,HOPKINS ST ,S MAIN ST / HOPKINS ST ,Richard Mills,424,13-Aug-11,Vehicle - Pedestrian,,,,One-Way Trafficway,Dry,Daylight,Clear,1,"Sideswipe, Same Direction",No,No Controls,3,1,Complains Of Pain
85379,8/12/11,9:41 AM,2011-00081180,HOPE ST,CHARLESFIELD ST ,HOPE ST / CHARLESFIELD ST ,Derrek Edmonds,550,12-Aug-11,Vehicle - Pedestrian,,,,"Two-Way , Not Divided",Dry,Daylight,Clear,1,"Sideswipe, Same Direction",No,No Controls,2,1,Complains Of Pain
85732,8/14/11,4:25 PM,2011-00082217,BROAD ST,CASS ST ,BROAD ST / CASS ST ,Miguel Castillo,489,15-Aug-11,Vehicle - Pedestrian,,,,"Two-Way, Divided, Unprotected (painted>4feet) Medium",Dry,Daylight,Cloudy,2,Rear - to - Rear,No,No Controls,4,0,No Injury
85639,8/14/11,2:25 AM,2011-00082043,BERGEN ST,ANDEM ST ,BERGEN ST / ANDEM ST ,Riggins Jones,542,14-Aug-11,Vehicle - Pedestrian,,,,"Two-Way , Not Divided",Dry,Dark - Lighted,Clear,2,"Sidwswipe, Opposite Direction",No,No Controls,3,1,Complains Of Pain
85724,8/15/11,12:20 PM,2011-00082507,WESTMINSTER ST,STOKES ST ,WESTMINSTER ST / STOKES ST ,Francisco Furtado,635,15-Aug-11,Vehicle - Pedestrian,,,,"Two-Way, Divided, Unprotected (painted>4feet) Medium",Wet,Daylight,Rain,2,Rear End(Front-to-Rear),No,No Controls,3,0,No Injury
85730,8/15/11,11:26 AM,2011-00082492,SUMTER ST,BROAD ST ,SUMTER ST / BROAD ST ,Michael Camardo,515,15-Aug-11,Vehicle - Pedestrian,,,,"Two-Way , Not Divided",Wet,Daylight,Rain,1,Not a Collision Between Two Motor Vehicles in Transport,"Yes, M/V and Driver Left Scene",No Controls,1,1,Complains Of Pain
86267,8/15/11,9:10 AM,2011-00082470,OLDHAM ST,PLAIN ST ,OLDHAM ST / PLAIN ST ,Roderick Soares,399,18-Aug-11,Vehicle - Pedestrian,X,,,"Two-Way , Not Divided",Wet,Daylight,Rain,1,Not a Collision Between Two Motor Vehicles in Transport,No,No Controls,2,1,Complains Of Pain
86099,8/16/11,1:31 PM,2011-00082903,ORMS ST EXIT 23,ORMS ST ,ORMS ST EXIT 23 / ORMS ST ,Anthony Hampton,681,17-Aug-11,Vehicle - Pedestrian,,,,One-Way Trafficway,Dry,Daylight,Clear,1,Other,No,Traffic Control Signal,4,1,Complains Of Pain
85921,8/16/11,3:07 PM,2011-00082930,MANTON AVE,CHAFFEE ST ,MANTON AVE / CHAFFEE ST ,Christopher Poncia,333,16-Aug-11,Vehicle - Pedestrian,X,,,"Two-Way , Not Divided",Dry,Daylight,Clear,1,Angle (Front - to - Side) Opposite Direction,No,No Controls,2,1,Complains Of Pain
85977,8/16/11,7:08 PM,2011-00083031,SMITHFIELD AVE,SMITHFIELD AVE ,SMITHFIELD AVE / SMITHFIELD AVE ,Brian Auclair,166,16-Aug-11,Vehicle - Pedestrian,X,,,"Two-Way , Not Divided",Dry,Daylight,Clear,1,"Sideswipe, Same Direction",No,No Controls,2,0,No Injury
86762,8/17/11,6:41 PM,2011-00083417,CRANSTON ST,WAVERLY ST ,CRANSTON ST / WAVERLY ST ,Luis Pelaez,336,21-Aug-11,Vehicle - Pedestrian,,,,"Two-Way , Not Divided",Dry,Daylight,Clear,1,Not a Collision Between Two Motor Vehicles in Transport,"Yes, M/V and Driver Left Scene",No Controls,2,1,Complains Of Pain