CrashReportId,CrashDate,CrashTime,ReportNumber,StreetOrHighway,NearestIntersection,Location,Officer,Badge,ReportDate,TypeOfCollision,Bicycle,Scooter,Wheel Chair,TypeOfRoadway,RoadSurfaceCondition,LightCondition,WeatherCondition,NumberofVehicles,MannerofImpact,HitAndRun,TrafficControl,PersonCount,InjuryCount,MostSeriousInjury
86295,8/18/11,11:40 AM,2011-00083608,WEBSTER AVE,STERLING AVE ,WEBSTER AVE / STERLING AVE ,Anthony Hampton,681,18-Aug-11,Vehicle - Pedestrian,,,,"Two-Way , Not Divided",Dry,Daylight,Clear,1,"Sideswipe, Same Direction",No,No Controls,3,1,Complains Of Pain
86445,8/18/11,11:35 AM,2011-00083611,Frost Street,North Main Street,Frost Street / North Main Street,Antonio D Laranjo Jr,456,19-Aug-11,Vehicle - Pedestrian,,,,One-Way Trafficway,Dry,Daylight,Clear,1,Other,No,Traffic Control Signal,3,0,No Injury
86586,8/19/11,12:05 PM,2011-00084054,NORTH MAIN STREET,HEWES STREET,NORTH MAIN STREET / HEWES STREET,Khatchig Kazandjian,367,19-Aug-11,Vehicle - Pedestrian,,,,One-Way Trafficway,Dry,Daylight,Clear,1,Not a Collision Between Two Motor Vehicles in Transport,No,Stop Signs,3,2,Complains Of Pain
86553,8/20/11,2:41 AM,2011-00084411,WATERMAN ST,HENDERSON BRIDGE ,WATERMAN ST / HENDERSON BRIDGE ,Raymond Majeau,275,20-Aug-11,Vehicle - Pedestrian,,,,One-Way Trafficway,Dry,Dark - Not Lighted,Clear,1,Not a Collision Between Two Motor Vehicles in Transport,"Yes, Driver Left Scene",Other,5,2,Incapacitating
86567,8/20/11,2:41 AM,2011-84411,WATERMAN ST,HENDERSON BRIDGE ,WATERMAN ST / HENDERSON BRIDGE ,Raymond Majeau,275,20-Aug-11,Vehicle - Pedestrian,,,,One-Way Trafficway,Dry,Dark - Not Lighted,Clear,1,Not a Collision Between Two Motor Vehicles in Transport,"Yes, Driver Left Scene",Other,3,2,Non-Incapacitating
241420,8/20/11,2:35 AM,2011-000084417,BROAD ST,THURBERS AVE ,BROAD ST / THURBERS AVE ,Matthew Rampone,266,20-Aug-11,Vehicle - Pedestrian,,,,"Two-Way , Not Divided",Dry,Dark - Lighted,Clear,2,"Sideswipe, Same Direction","Yes, M/V and Driver Left Scene",No Controls,5,3,Complains Of Pain
86723,8/21/11,4:19 AM,2011-00084917,DOUGLAS AVE,CHAD BROWN ST ,DOUGLAS AVE / CHAD BROWN ST ,Jozsef Rimoczy,274,21-Aug-11,Vehicle - Pedestrian,,,,"Two-Way , Not Divided",Dry,Dark - Lighted,Clear,1,Not a Collision Between Two Motor Vehicles in Transport,"Yes, M/V and Driver Left Scene",Traffic Control Signal,2,1,Incapacitating
86741,8/21/11,12:18 PM,2011-00084979,WASHINGTON ST,EMPIRE ST ,WASHINGTON ST / EMPIRE ST ,Thomas Connetta / Kenneth Penza,374,21-Aug-11,Vehicle - Pedestrian,X,,,"Two-Way , Not Divided",Dry,Daylight,Clear,1,Not a Collision Between Two Motor Vehicles in Transport,No,Traffic Control Signal,6,1,Incapacitating
86743,8/21/11,3:50 PM,2011-00085044,BROADWAY,ATWELLS AVE ,BROADWAY / ATWELLS AVE ,Matthew Goddard,171,21-Aug-11,Vehicle - Pedestrian,,,,"Two-Way, Divided, Positive Median Barrier",Dry,Daylight,Clear,1,Not a Collision Between Two Motor Vehicles in Transport,"Yes, M/V and Driver Left Scene",No Controls,2,0,Unknown
86802,8/21/11,11:16 PM,2011-00085214,WESTMINSTER ST,WESTMINSTER ST EXIT ,WESTMINSTER ST / WESTMINSTER ST EXIT ,Jessica Leone,258,22-Aug-11,Vehicle - Pedestrian,,,,"Two-Way , Not Divided",Wet,Daylight,Rain,1,Not a Collision Between Two Motor Vehicles in Transport,"Yes, M/V and Driver Left Scene",No Controls,1,1,Incapacitating
86853,8/22/11,3:00 PM,2011-00085416,MANTON AVE,OWEN ST ,MANTON AVE / OWEN ST ,Christopher Poncia,333,22-Aug-11,Vehicle - Pedestrian,,,,"Two-Way , Not Divided",Dry,Daylight,Clear,2,Rear End(Front-to-Rear),No,No Controls,3,2,Complains Of Pain
87232,8/22/11,4:00 PM,2011-00085449,BASSETT ST,East Franklin Street,BASSETT ST / East Franklin Street,Donald Brien,630,22-Aug-11,Vehicle - Pedestrian,,,,"Two-Way , Not Divided",Dry,Daylight,Clear,1,Not a Collision Between Two Motor Vehicles in Transport,No,Stop Signs,2,1,Complains Of Pain
87045,8/23/11,3:21 PM,2011-00085782,GEORGE ST,HOPE ST ,GEORGE ST / HOPE ST ,James Grennan,332,23-Aug-11,Vehicle - Pedestrian,,,,"Two-Way , Not Divided",Dry,Daylight,Clear,1,Other,No,Stop Signs,3,1,Complains Of Pain
87116,8/23/11,8:28 PM,2011-00085905,SERVICE ROAD 3,WESTMINSTER ST ,SERVICE ROAD 3 / WESTMINSTER ST ,Michael Gammino,491,23-Aug-11,Vehicle - Pedestrian,,,,"Two-Way, Divided, Unprotected (painted>4feet) Medium",Dry,Dark - Lighted,Clear,1,Angle (Front - to - Side) Right Angle (Includes Broadside),No,No Controls,4,1,Non-Incapacitating
88037,8/23/11,4:41 PM,2011-00085816,ACADEMY AVE,HEALTH AVE ,ACADEMY AVE / HEALTH AVE ,Stephen Frechette,362,31-Aug-11,Vehicle - Pedestrian,,,,"Two-Way , Not Divided",Dry,Daylight,Clear,1,Not a Collision Between Two Motor Vehicles in Transport,No,No Controls,3,1,Complains Of Pain
87271,8/24/11,5:46 PM,2011-00086220,BRANCH AVE,VANDEWATER ST ,BRANCH AVE / VANDEWATER ST ,Michael Moonan,286,24-Aug-11,Vehicle - Pedestrian,X,,,"Two-Way , Not Divided",Dry,Daylight,Clear,1,Not a Collision Between Two Motor Vehicles in Transport,No,No Controls,3,1,Incapacitating
87231,8/24/11,7:15 PM,2011-00086258,HOPE ST,OGDEN ST ,HOPE ST / OGDEN ST ,Donald Castigliego,287,24-Aug-11,Vehicle - Pedestrian,,,,"Two-Way , Not Divided",Dry,Dusk,Clear,1,Not a Collision Between Two Motor Vehicles in Transport,No,No Controls,5,1,Incapacitating
87987,8/25/11,4:23 PM,2011-00086574,W EXCHANGE ST,W EXCHANGE ST EXIT 22A ,W EXCHANGE ST / W EXCHANGE ST EXIT 22A ,Matthew Goddard,171,25-Aug-11,Vehicle - Pedestrian,,,,One-Way Trafficway,Dry,Daylight,Clear,1,Not a Collision Between Two Motor Vehicles in Transport,No,No Controls,3,1,Complains Of Pain
88546,8/25/11,2:05 PM,2011-00086516,HOPE ST,ANGELL ST ,HOPE ST / ANGELL ST ,Edwin Kemble,364,30-Aug-11,Vehicle - Pedestrian,,,,"Two-Way , Not Divided",Dry,Daylight,Clear,2,"Sidwswipe, Opposite Direction","Yes, M/V and Driver Left Scene",No Controls,3,1,Complains Of Pain
87829,8/26/11,10:12 PM,2011-00087089,ELMWOOD AVE,ADELAIDE AVE ,ELMWOOD AVE / ADELAIDE AVE ,Kusol Pea,174,27-Aug-11,Vehicle - Pedestrian,,,,"Two-Way, Divided, Positive Median Barrier",Dry,Dark - Lighted,Clear,1,Head-On (Front - to - Front),No,No Controls,5,0,No Injury
87571,8/27/11,9:23 AM,2011-00087302,UNION AVE,WHITEHALL ST ,UNION AVE / WHITEHALL ST ,Francisco Furtado,635,27-Aug-11,Vehicle - Pedestrian,,,,Unknown,Dry,Daylight,Clear,1,Other,No,No Controls,3,1,Complains Of Pain
87996,8/29/11,11:58 AM,2011-00088127,ANGELL ST,BROOK ST ,ANGELL ST / BROOK ST ,Anthony Hampton,681,30-Aug-11,Vehicle - Pedestrian,,,,One-Way Trafficway,Dry,Daylight,Clear,1,Not a Collision Between Two Motor Vehicles in Transport,No,Traffic Control Signal,3,1,Complains Of Pain
88134,8/31/11,3:38 PM,2011-00089050,SMITH ST,GASPEE STREET,SMITH ST / GASPEE STREET,Matthew Goddard,171,01-Sep-11,Vehicle - Pedestrian,X,,,"Two-Way , Not Divided",Dry,Daylight,Clear,1,Not a Collision Between Two Motor Vehicles in Transport,No,Traffic Control Signal,2,0,No Injury
88125,9/1/11,1:10 PM,2011-00089388,WATERMAN ST,GANO ST ,WATERMAN ST / GANO ST ,John Almeida,386,01-Sep-11,Vehicle - Pedestrian,,,,One-Way Trafficway,Dry,Daylight,Clear,1,Not a Collision Between Two Motor Vehicles in Transport,No,Traffic Control Signal,4,1,Non-Incapacitating
88167,9/1/11,11:57 PM,2011-00089641,Thayer ST,Angell ST ,Thayer ST / Angell ST ,Noel Field,260,02-Sep-11,Vehicle - Pedestrian,X,,,One-Way Trafficway,Dry,Dark - Lighted,Clear,1,"Sideswipe, Same Direction","Yes, M/V and Driver Left Scene",Traffic Control Signal,2,1,Complains Of Pain
88634,9/2/11,5:19 PM,2011-00089906,MOWRY STREET,DOUGLAS AVE ,MOWRY STREET / DOUGLAS AVE ,Scott Zambarano,164,05-Sep-11,Vehicle - Pedestrian,,,,"Two-Way , Not Divided",Dry,Daylight,Clear,1,Head-On (Front - to - Front),No,Stop Signs,2,1,Complains Of Pain
88246,9/2/11,2:45 PM,2011-00089842,CHALKSTONE AVE,GARFIELD AVE ,CHALKSTONE AVE / GARFIELD AVE ,Brian Muldoon,182,02-Sep-11,Vehicle - Pedestrian,,,,"Two-Way , Not Divided",Dry,Daylight,Clear,1,Head-On (Front - to - Front),No,No Controls,2,1,Incapacitating
88346,9/2/11,10:51 AM,2011-00089767,SMITH ST,CALVERLY ST ,SMITH ST / CALVERLY ST ,Raymond King,633,03-Sep-11,Vehicle - Pedestrian,X,,,"Two-Way , Not Divided",Dry,Daylight,Clear,1,Head-On (Front - to - Front),No,No Controls,4,1,Incapacitating
88567,9/4/11,8:25 PM,2011-00090885,Gallup Street,GORDON AVE ,Gallup Street / GORDON AVE ,Carla Cavanaugh,189,04-Sep-11,Vehicle - Pedestrian,,,,One-Way Trafficway,Dry,Dark - Lighted,Clear,1,Angle (Front - to - Side) Right Angle (Includes Broadside),No,No Controls,2,1,Complains Of Pain
88918,9/5/11,1:04 PM,2011-0000000091151,FARRAGUT AVE,MONTGOMERY AVE ,FARRAGUT AVE / MONTGOMERY AVE ,Anthony Hampton,681,06-Sep-11,Vehicle - Pedestrian,,,,"Two-Way , Not Divided",Dry,Daylight,Clear,1,Not a Collision Between Two Motor Vehicles in Transport,No,No Controls,3,1,Incapacitating
90298,9/6/11,1:27 PM,2011-00091561,MORRIS AVE,DOYLE AVE ,MORRIS AVE / DOYLE AVE ,Edwin Kemble,364,06-Sep-11,Vehicle - Pedestrian,,,,"Two-Way , Not Divided",Wet,Daylight,Rain,2,"Sidwswipe, Opposite Direction","Yes, M/V and Driver Left Scene",No Controls,3,0,No Injury
88804,9/6/11,8:13 PM,2011-00091690,Broad ,Malborough,Broad  / Malborough, Papa,187,06-Sep-11,Vehicle - Pedestrian,,,,"Two-Way , Not Divided",Wet,Dark - Lighted,Rain,1,Other,No,No Controls,6,1,Incapacitating
89306,9/9/11,6:43 AM,2011-00092455, 548 MOUNT PLEASANT AVE,RHODE ISLAND COLL , 548 MOUNT PLEASANT AVE / RHODE ISLAND COLL ,Rhonda Kessler,108,09-Sep-11,Vehicle - Pedestrian,,,,"Two-Way , Not Divided",Dry,Dark - Unknown Lighting,Clear,2,"Sideswipe, Same Direction","Yes, M/V and Driver Left Scene",No Controls,3,0,Unknown
89648,9/9/11,7:35 PM,2011-00092731,ADMIRAL ST,FILLMORE ST ,ADMIRAL ST / FILLMORE ST ,Brian Auclair,166,09-Sep-11,Vehicle - Pedestrian,,,,"Two-Way , Not Divided",Dry,Dark - Not Lighted,Clear,1,Not a Collision Between Two Motor Vehicles in Transport,No,No Controls,3,1,Complains Of Pain
92233,9/9/11,1:25 AM,2011-00092401,PINE ST,PAGE ST ,PINE ST / PAGE ST ,Jason Cotugno,173,09-Sep-11,Vehicle - Pedestrian,,,,"Two-Way , Not Divided",Dry,Dark - Lighted,Clear,1,Other,"Yes, M/V and Driver Left Scene",No Controls,7,1,Incapacitating
90600,9/12/11,12:17 AM,2011-00093691,SAVINGS ST,SASSAFRAS ST ,SAVINGS ST / SASSAFRAS ST ,Michael Clary,269,16-Sep-11,Vehicle - Pedestrian,,,,"Two-Way , Not Divided",Dry,Dark - Lighted,Clear,2,Rear - to - Side,"Yes, M/V and Driver Left Scene",No Controls,2,0,Unknown
89703,9/12/11,1:11 AM,2011-00093702,BYFIELD ST,EDDY ST ,BYFIELD ST / EDDY ST ,Matthew Rampone,266,12-Sep-11,Vehicle - Pedestrian,,,,"Two-Way , Not Divided",Dry,Dark - Lighted,Clear,2,Unknown,"Yes, M/V and Driver Left Scene",No Controls,2,0,Unknown
89837,9/12/11,11:19 PM,2011-00094045,VALLEY ST,HAROLD ST ,VALLEY ST / HAROLD ST ,Matthew Pine,319,13-Sep-11,Vehicle - Pedestrian,,,,"Two-Way , Not Divided",Dry,Dark - Lighted,Clear,1,Not a Collision Between Two Motor Vehicles in Transport,"Yes, M/V and Driver Left Scene",No Controls,1,1,Complains Of Pain
90103,9/13/11,5:55 PM,2011-00094319,337 BROAD ST,PORTLAND ST ,337 BROAD ST / PORTLAND ST ,Jose Mendez,321,13-Sep-11,Vehicle - Pedestrian,X,,,"Two-Way , Not Divided",Dry,Daylight,Clear,1,Unknown,No,No Controls,2,1,Complains Of Pain
91655,9/16/11,5:05 PM,2011-000095410,270 broad ,,270 broad  / ,Robert Papa,187,22-Sep-11,Vehicle - Pedestrian,,,,Unknown,Dry,Daylight,Clear,1,Head-On (Front - to - Front),No,No Controls,2,1,Incapacitating
90763,9/17/11,11:34 PM,2011-00096012,OGDEN ST,LORIMER AVE ,OGDEN ST / LORIMER AVE ,Kevin Toole,153,18-Sep-11,Vehicle - Pedestrian,,,,"Two-Way , Not Divided",Dry,Dark - Lighted,Clear,2,"Sidwswipe, Opposite Direction","Yes, M/V and Driver Left Scene",No Controls,2,0,Unknown
91152,9/19/11,11:44 PM,2011-00096686,GANO ST,INDIA ST ,GANO ST / INDIA ST ,David Iamarone,334,20-Sep-11,Vehicle - Pedestrian,,,,"Two-Way , Not Divided",Dry,Other,Clear,1,Other,No,No Controls,2,0,No Injury
94205,9/19/11,8:22 AM,2011-00096394,CHALKSTONE AVE,CLEMATIS ST ,CHALKSTONE AVE / CLEMATIS ST ,Kenneth Pike,130,06-Oct-11,Vehicle - Pedestrian,,,,"Two-Way, Divided, Unprotected (painted>4feet) Medium",Dry,Daylight,Clear,1,Other,No,No Controls,3,1,Complains Of Pain
91598,9/21/11,1:18 AM,2011-00097061,CHALKSTONE AVE,DELHI ST ,CHALKSTONE AVE / DELHI ST ,Jozsef Rimoczy,274,21-Sep-11,Vehicle - Pedestrian,,,,"Two-Way , Not Divided",Dry,Dark - Lighted,Clear,1,Not a Collision Between Two Motor Vehicles in Transport,"Yes, M/V and Driver Left Scene",No Controls,2,1,Incapacitating
93099,9/22/11,4:57 PM,2011-00097611,EXCHANGE TER,EXCHANGE ST ,EXCHANGE TER / EXCHANGE ST ,Ptlm. Carroll,142,29-Sep-11,Vehicle - Pedestrian,,,,One-Way Trafficway,Dry,Daylight,Cloudy,1,Angle (Front - to - Side) Right Angle (Includes Broadside),"Yes, M/V and Driver Left Scene",Stop Signs,2,1,Complains Of Pain
91817,9/23/11,12:23 PM,2011-00097921,ALLENS AVE,ERNEST ST,ALLENS AVE / ERNEST ST,Michael Camardo,515,23-Sep-11,Vehicle - Pedestrian,,,,"Two-Way , Not Divided",Wet,Daylight,Rain,1,Angle (Front - to - Side) Right Angle (Includes Broadside),No,Traffic Control Signal,5,2,Incapacitating
92050,9/25/11,1:30 AM,2011-00098656,644 Douglas Ave,Virginaia Lane ,644 Douglas Ave / Virginaia Lane ,Robert Heaton,539,25-Sep-11,Vehicle - Pedestrian,,,,"Two-Way , Not Divided",Dry,Dark - Lighted,Clear,1,Unknown,"Yes, M/V and Driver Left Scene",No Controls,3,1,Complains Of Pain
92529,9/27/11,5:08 PM,2011-00099631,MANTON AVE,WESTCOTT AVE ,MANTON AVE / WESTCOTT AVE ,Matthew Greely,184,27-Sep-11,Vehicle - Pedestrian,,,,"Two-Way , Not Divided",Dry,Daylight,Clear,1,Not a Collision Between Two Motor Vehicles in Transport,"Yes, M/V and Driver Left Scene",Stop Signs,2,1,Complains Of Pain
92771,9/28/11,11:02 PM,2011-00100125,BROADWAY,TOBEY ST ,BROADWAY / TOBEY ST ,Roberto Gutierrez,263,29-Sep-11,Vehicle - Pedestrian,,,,"Two-Way , Not Divided",Wet,Dark - Lighted,Rain,1,Not a Collision Between Two Motor Vehicles in Transport,No,Traffic Control Signal,3,2,Complains Of Pain
92900,9/29/11,4:16 PM,2011-00100359,BROADWAY,DE PASQUALE AVE ,BROADWAY / DE PASQUALE AVE ,Sean Lafferty,272,29-Sep-11,Vehicle - Pedestrian,,,,"Two-Way , Not Divided",Dry,Daylight,Cloudy,1,Not a Collision Between Two Motor Vehicles in Transport,No,No Controls,3,1,Complains Of Pain
93686,10/2/11,10:22 PM,2011-00101655,DOUGLAS AVE,CHAD BROWN ST ,DOUGLAS AVE / CHAD BROWN ST ,Brian Auclair,166,03-Oct-11,Vehicle - Pedestrian,,,,"Two-Way , Not Divided",Wet,Dark - Not Lighted,Clear,1,"Sideswipe, Same Direction","Yes, M/V and Driver Left Scene",No Controls,2,1,Complains Of Pain
93749,10/3/11,8:51 PM,2011-00101995,Broadway,DE PASQUALE AVE ,Broadway / DE PASQUALE AVE ,Michele Rudolph,512,03-Oct-11,Vehicle - Pedestrian,,,,"Two-Way, Divided, Unprotected (painted>4feet) Medium",Dry,Dark - Lighted,Rain,2,"Sideswipe, Same Direction","Yes, M/V and Driver Left Scene",Traffic Control Signal,4,0,No Injury
93843,10/4/11,7:02 AM,2011-00102080,ORMS ST,CHARLES ST ,ORMS ST / CHARLES ST ,Edwin Kemble,364,04-Oct-11,Vehicle - Pedestrian,,,,Unknown,Wet,Daylight,Cloudy,2,"Sidwswipe, Opposite Direction","Yes, M/V and Driver Left Scene",No Controls,2,0,Unknown
93960,10/4/11,7:11 PM,2011-000102281,LENNON ST,SMITH ST ,LENNON ST / SMITH ST ,Roland Reed,505,04-Oct-11,Vehicle - Pedestrian,,,,"Two-Way , Not Divided",Wet,Dark - Lighted,Rain,1,Not a Collision Between Two Motor Vehicles in Transport,No,Stop Signs,2,1,Non-Incapacitating
94220,10/6/11,8:52 AM,2011-00102757,S MAIN ST,PACKET ST ,S MAIN ST / PACKET ST ,Derrek Edmonds,550,06-Oct-11,Vehicle - Pedestrian,X,,,One-Way Trafficway,Dry,Daylight,Clear,1,"Sideswipe, Same Direction",No,No Controls,3,1,Complains Of Pain
94511,10/7/11,12:24 PM,2011-00103144,SERVICE ROAD 8,WASHINGTON ST ,SERVICE ROAD 8 / WASHINGTON ST ,Thiago Gomes,532,07-Oct-11,Vehicle - Pedestrian,X,,,One-Way Trafficway,Dry,Daylight,Clear,1,"Sideswipe, Same Direction","Yes, M/V and Driver Left Scene",No Controls,1,1,Complains Of Pain
94559,10/7/11,3:36 PM,2011-00103199,HUXLEY AVE,OAKDALE ST ,HUXLEY AVE / OAKDALE ST ,Adam Chin,289,07-Oct-11,Vehicle - Pedestrian,,,,"Two-Way , Not Divided",Dry,Daylight,Clear,1,Other,No,No Controls,3,1,Complains Of Pain
94905,10/7/11,8:29 AM,2011-00103098,DOUGLAS AVE,WHIPPLE ST ,DOUGLAS AVE / WHIPPLE ST ,Raymond King,633,10-Oct-11,Vehicle - Pedestrian,X,,,"Two-Way , Not Divided",Dry,Daylight,Clear,1,Angle (Front - to - Side) Right Angle (Includes Broadside),No,No Controls,5,1,Complains Of Pain
95342,10/8/11,5:13 PM,2011-00103633,MEMORIAL BLVD,SOUTH WATER STREET,MEMORIAL BLVD / SOUTH WATER STREET,William O'Donnell,150,12-Oct-11,Vehicle - Pedestrian,,,,"Two-Way , Not Divided",Dry,Daylight,Clear,1,Other,No,Traffic Control Signal,3,1,Complains Of Pain
94836,10/9/11,4:12 PM,2011-00104018,GRAPE ST,ADMIRAL ST ,GRAPE ST / ADMIRAL ST ,Vincent Pazzetta,641,09-Oct-11,Vehicle - Pedestrian,,,,"Two-Way , Not Divided",Dry,Daylight,Clear,1,Not a Collision Between Two Motor Vehicles in Transport,No,No Controls,2,0,No Injury
94857,10/9/11,5:15 PM,2011-00104037,CRANSTON ST,PARADE ST ,CRANSTON ST / PARADE ST ,Miguel Mena-Torres,493,09-Oct-11,Vehicle - Pedestrian,,,,"Two-Way , Not Divided",Dry,Daylight,Clear,1,Not a Collision Between Two Motor Vehicles in Transport,No,No Controls,2,1,Complains Of Pain
94894,10/9/11,2:56 PM,2011-00103992,338 BROAD ST,BROAD ST ,338 BROAD ST / BROAD ST ,Miguel Mena-Torres,493,09-Oct-11,Vehicle - Pedestrian,,,,"Two-Way , Not Divided",Dry,Daylight,Clear,1,Not a Collision Between Two Motor Vehicles in Transport,"Yes, M/V and Driver Left Scene",No Controls,2,1,Complains Of Pain
94917,10/10/11,1:58 PM,2011-00104318,22 barbara st,PONAGANSETT AVE ,22 barbara st / PONAGANSETT AVE ,Keith Lafazia,394,10-Oct-11,Vehicle - Pedestrian,,,,"Two-Way , Not Divided",Dry,Daylight,Clear,1,Not a Collision Between Two Motor Vehicles in Transport,"Yes, M/V and Driver Left Scene",No Controls,2,1,Complains Of Pain
95077,10/11/11,5:10 PM,2011-00104769,TUXEDO AVE,ATWELLS AVE ,TUXEDO AVE / ATWELLS AVE ,Michele Rudolph,512,11-Oct-11,Vehicle - Pedestrian,,,,"Two-Way , Not Divided",Dry,Daylight,Clear,1,Not a Collision Between Two Motor Vehicles in Transport,No,Stop Signs,3,1,Complains Of Pain
95118,10/11/11,7:05 PM,2011-00104760,RUGGLES ST,CHALKSTONE AVE ,RUGGLES ST / CHALKSTONE AVE ,Ralph Abenante,511,11-Oct-11,Vehicle - Pedestrian,,,,"Two-Way, Divided, Unprotected (painted>4feet) Medium",Dry,Dark - Lighted,Clear,1,Head-On (Front - to - Front),"Yes, M/V and Driver Left Scene",Stop Signs,2,1,Non-Incapacitating
95196,10/11/11,11:31 PM,2011-00104823,GEORGE ST,THAYER ST ,GEORGE ST / THAYER ST ,Daniel Gonzalez,469,12-Oct-11,Vehicle - Pedestrian,X,,,"Two-Way , Not Divided",Dry,Dark - Not Lighted,Clear,1,"Sideswipe, Same Direction","Yes, M/V and Driver Left Scene",Stop Signs,1,0,No Injury
95277,10/12/11,5:41 PM,2011-00105044,WESTMINSTER ST EXIT,WESTMINSTER ST ,WESTMINSTER ST EXIT / WESTMINSTER ST ,Michele Rudolph,512,12-Oct-11,Vehicle - Pedestrian,,,,"Two-Way, Divided, Unprotected (painted>4feet) Medium",Dry,Daylight,Clear,1,Not a Collision Between Two Motor Vehicles in Transport,No,No Controls,3,0,No Injury
97960,10/13/11,8:15 PM,2011-00105417,CRANSTON ST,WAVERLY ST ,CRANSTON ST / WAVERLY ST ,Luis Pelaez,336,28-Oct-11,Vehicle - Pedestrian,,,,Unknown,Wet,Dark - Lighted,Rain,2,Rear - to - Rear,"Yes, M/V and Driver Left Scene",Other,2,0,No Injury
95693,10/15/11,7:47 PM,2011-00106193,Grove St,DE SOTO ST ,Grove St / DE SOTO ST ,Christopher Poncia,333,15-Oct-11,Vehicle - Pedestrian,,,,"Two-Way , Not Divided",Dry,Dark - Lighted,Clear,1,Not a Collision Between Two Motor Vehicles in Transport,"Yes, M/V and Driver Left Scene",No Controls,2,1,Complains Of Pain
96123,10/17/11,9:51 PM,2011-00106962,COURTLAND ST,RING ST ,COURTLAND ST / RING ST ,Ricardo Silva,185,17-Oct-11,Vehicle - Pedestrian,,,,"Two-Way , Not Divided",Dry,Dark - Lighted,Clear,1,Not a Collision Between Two Motor Vehicles in Transport,"Yes, M/V and Driver Left Scene",No Controls,1,1,Complains Of Pain
96610,10/20/11,3:45 PM,2011-00107803,HARBORSIDE BLVD,HARBORSIDE BLVD ,HARBORSIDE BLVD / HARBORSIDE BLVD ,Miguel Castillo,489,20-Oct-11,Vehicle - Pedestrian,,,,"Two-Way , Not Divided",Dry,Daylight,Clear,2,Unknown,No,No Controls,2,0,No Injury
97496,10/20/11,5:53 PM,2011-00109997,DOUGLAS AVE,EATON ST ,DOUGLAS AVE / EATON ST ,Vincent Pazzetta,641,26-Oct-11,Vehicle - Pedestrian,,,,"Two-Way , Not Divided",Dry,Dark - Lighted,Clear,1,Not a Collision Between Two Motor Vehicles in Transport,No,No Controls,2,1,Complains Of Pain
96778,10/22/11,3:32 PM,2011-00108624,JILLSON ST,OCONNOR ST ,JILLSON ST / OCONNOR ST ,OR PROCTOR ,627,22-Oct-11,Vehicle - Pedestrian,X,,,"Two-Way, Divided, Unprotected (painted>4feet) Medium",Dry,Daylight,Clear,1,Not a Collision Between Two Motor Vehicles in Transport,No,Stop Signs,5,1,Complains Of Pain
97284,10/23/11,1:47 PM,2011-00108953,CRANSTON ST,DEXTER ST ,CRANSTON ST / DEXTER ST ,Eugene Craven,517,25-Oct-11,Vehicle - Pedestrian,,,,"Two-Way, Divided, Unprotected (painted>4feet) Medium",Dry,Daylight,Clear,1,Not a Collision Between Two Motor Vehicles in Transport,No,Pavement Markings,4,2,Complains Of Pain
97464,10/25/11,7:54 AM,2011-00109491,PENNSYLVANIA AVE,PRAIRIE AVE ,PENNSYLVANIA AVE / PRAIRIE AVE ,Roderick Soares,399,26-Oct-11,Vehicle - Pedestrian,,,,"Two-Way , Not Divided",Dry,Daylight,Clear,1,Other,No,No Controls,3,1,Complains Of Pain
97848,10/27/11,5:36 PM,2011-00110315,ELLERY ST,UNION AVE,ELLERY ST / UNION AVE,Luis Pelaez,336,27-Oct-11,Vehicle - Pedestrian,,,,"Two-Way , Not Divided",Wet,Dark - Lighted,Rain,1,Not a Collision Between Two Motor Vehicles in Transport,No,Stop Signs,3,1,Complains Of Pain
99362,10/30/11,1:49 PM,2011-00111328,RAYMOND STREET,CHALKSTONA AVE,RAYMOND STREET / CHALKSTONA AVE,Brian Corcoran,562,05-Nov-11,Vehicle - Pedestrian,,,,"Two-Way , Not Divided",Dry,Daylight,Clear,1,Other,No,Traffic Control Signal,2,0,No Injury
98263,10/31/11,1:21 AM,2011-00111491,CASS ST,BROAD ST ,CASS ST / BROAD ST ,Joseph Pineau,256,31-Oct-11,Vehicle - Pedestrian,,,,Unknown,Dry,Dark - Lighted,Clear,2,Rear End(Front-to-Rear),No,No Controls,3,0,Unknown
98440,11/1/11,1:14 AM,2011-00111842,CRESCENT ST,SIBLEY ST ,CRESCENT ST / SIBLEY ST ,Jerome Lynch,582,01-Nov-11,Vehicle - Pedestrian,,,,"Two-Way , Not Divided",Dry,Dark - Lighted,Clear,2,"Sidwswipe, Opposite Direction","Yes, M/V and Driver Left Scene",No Controls,2,0,Unknown
98538,11/1/11,4:57 PM,2011-00112048,PLAINFIELD ST,DIKE ST ,PLAINFIELD ST / DIKE ST ,Douglas Steele,175,01-Nov-11,Vehicle - Pedestrian,,,,"Two-Way , Not Divided",Dry,Daylight,Clear,5,Angle (Front - to - Side) Right Angle (Includes Broadside),"Yes, M/V and Driver Left Scene",No Controls,9,2,Incapacitating
99388,11/1/11,5:43 PM,2011-00112072,MEMORIAL BLVD,COLLEGE ST ,MEMORIAL BLVD / COLLEGE ST ,Matthew Goddard,171,05-Nov-11,Vehicle - Pedestrian,,,,"Two-Way, Divided, Positive Median Barrier",Dry,Daylight,Clear,1,Not a Collision Between Two Motor Vehicles in Transport,No,Traffic Control Signal,3,1,Complains Of Pain
98748,11/2/11,5:20 PM,2011-00112380,VALLEY ST,ATWELLS AVE ,VALLEY ST / ATWELLS AVE ,Christopher Poncia,333,02-Nov-11,Vehicle - Pedestrian,,,,"Two-Way , Not Divided",Dry,Daylight,Clear,2,Rear End(Front-to-Rear),"Yes, M/V and Driver Left Scene",Traffic Control Signal,2,1,Complains Of Pain