CrashReportId,CrashDate,CrashTime,ReportNumber,StreetOrHighway,NearestIntersection,Location,Officer,Badge,ReportDate,TypeOfCollision,Bicycle,Scooter,Wheel Chair,TypeOfRoadway,RoadSurfaceCondition,LightCondition,WeatherCondition,NumberofVehicles,MannerofImpact,HitAndRun,TrafficControl,PersonCount,InjuryCount,MostSeriousInjury
99420,11/5/11,6:16 PM,2011-00113435,ATWELLS AVE,JULIAN ST ,ATWELLS AVE / JULIAN ST ,Nelson Morales,300,05-Nov-11,Vehicle - Pedestrian,,,,"Two-Way , Not Divided",Dry,Dark - Lighted,Clear,2,Not a Collision Between Two Motor Vehicles in Transport,"Yes, Driver Left Scene",No Controls,2,1,Complains Of Pain
99925,11/5/11,11:10 PM,2011-00113522,WASHINGTON ST,EMPIRE ST ,WASHINGTON ST / EMPIRE ST ,Stephen Sage,353,07-Nov-11,Vehicle - Pedestrian,X,,,"Two-Way, Divided, Unprotected (painted>4feet) Medium",Dry,Dark - Lighted,Clear,1,Angle (Front - to - Side) Opposite Direction,No,Traffic Control Signal,3,1,Non-Incapacitating
99732,11/6/11,2:33 PM,2011-00113762,COLLEGE STREET,S MAIN ST ,COLLEGE STREET / S MAIN ST ,Ralph Caraccia,360,06-Nov-11,Vehicle - Pedestrian,,,,"Two-Way , Not Divided",Dry,Daylight,Clear,1,Not a Collision Between Two Motor Vehicles in Transport,No,Traffic Control Signal,3,0,No Injury
99781,11/7/11,11:33 AM,2011-00114018,ELMWOOD AVE,ELMWOOD AVE ,ELMWOOD AVE / ELMWOOD AVE ,Werchadlo Jr.,679,07-Nov-11,Vehicle - Pedestrian,,,,"Two-Way , Not Divided",Dry,Daylight,Clear,1,Other,"Yes, M/V and Driver Left Scene",No Controls,2,1,Complains Of Pain
99812,11/7/11,8:31 AM,2011-00113972,Regent Ave,Academy Ave ,Regent Ave / Academy Ave ,"Francisco Furtado, Kenneth Pike",635 ,07-Nov-11,Vehicle - Pedestrian,,,,"Two-Way, Divided, Unprotected (painted>4feet) Medium",Dry,Daylight,Clear,2,Rear End(Front-to-Rear),No,Stop Signs,9,4,Complains Of Pain
99865,11/7/11,2:50 PM,2011-00114065,240 REGENT AVE,,240 REGENT AVE / ,MICHAEL R. TROIA,331,07-Nov-11,Vehicle - Pedestrian,,,,One-Way Trafficway,Dry,Daylight,Clear,1,Head-On (Front - to - Front),No,No Controls,4,1,Complains Of Pain
100293,11/8/11,6:30 AM,2011-00114285,ATWELLS AVE,LYNCH ST ,ATWELLS AVE / LYNCH ST ,Anthony Roberson,639,09-Nov-11,Vehicle - Pedestrian,,,,"Two-Way , Not Divided",Dry,Dawn,Clear,1,Other,"Yes, M/V and Driver Left Scene",No Controls,1,1,Incapacitating
100372,11/9/11,3:02 PM,2011-00114727,LLOYD AVE,TABER AVE ,LLOYD AVE / TABER AVE ,Fausto Garcia,109,09-Nov-11,Vehicle - Pedestrian,,,,"Two-Way , Not Divided",Dry,Daylight,Clear,1,Not a Collision Between Two Motor Vehicles in Transport,No,Stop Signs,3,1,Non-Incapacitating
100379,11/9/11,5:14 PM,2011-00114783,WESTMINSTER ST EXIT,WESTMINSTER ST ,WESTMINSTER ST EXIT / WESTMINSTER ST ,Alex Gonzalez,473,09-Nov-11,Vehicle - Pedestrian,,,,One-Way Trafficway,Dry,Dark - Not Lighted,Clear,1,Not a Collision Between Two Motor Vehicles in Transport,No,Traffic Control Signal,2,1,Complains Of Pain
100401,11/9/11,5:09 PM,2011-00114780,Atwells Ave,Newton St,Atwells Ave / Newton St,Jason Dalton,257,09-Nov-11,Vehicle - Pedestrian,,,,"Two-Way , Not Divided",Wet,Dark - Lighted,Clear,1,Head-On (Front - to - Front),No,No Controls,3,1,Complains Of Pain
100622,11/9/11,5:55 PM,2011-00114802,310 CRANSTON ST,HARRISON ST ,310 CRANSTON ST / HARRISON ST ,Miguel Mena-Torres,493,09-Nov-11,Vehicle - Pedestrian,,,,"Two-Way , Not Divided",Dry,Daylight,Clear,1,Not a Collision Between Two Motor Vehicles in Transport,"Yes, M/V and Driver Left Scene",No Controls,2,1,Complains Of Pain
100629,11/10/11,11:15 AM,2011-00114978,ELMWOOD AVE,Lenox Ave,ELMWOOD AVE / Lenox Ave,Albert Deschamps,527,10-Nov-11,Vehicle - Pedestrian,,,,"Two-Way, Divided, Unprotected (painted>4feet) Medium",Wet,Daylight,Cloudy,1,Not a Collision Between Two Motor Vehicles in Transport,No,No Controls,3,1,Complains Of Pain
100671,11/10/11,12:41 PM,2011-00115005,CLAREMONT AVE,CHALKSTONE AVE ,CLAREMONT AVE / CHALKSTONE AVE ,Kenneth Pike,130,10-Nov-11,Vehicle - Pedestrian,,,,"Two-Way , Not Divided",Dry,Daylight,Clear,2,Unknown,"Yes, M/V and Driver Left Scene",No Controls,2,0,Unknown
100811,11/11/11,1:18 AM,2011-00115243,MODENA AVE,FORBES ST ,MODENA AVE / FORBES ST ,Ryan Moroney,324,11-Nov-11,Vehicle - Pedestrian,,,,"Two-Way , Not Divided",Wet,Dark - Lighted,Clear,2,Head-On (Front - to - Front),"Yes, Driver Left Scene",No Controls,3,0,Unknown
100914,11/11/11,2:57 PM,2011-00115400,HOPE ST,CARRINGTON AVE ,HOPE ST / CARRINGTON AVE ,Nicole Darling,325,11-Nov-11,Vehicle - Pedestrian,X,,,"Two-Way , Not Divided",Dry,Daylight,Clear,1,Angle (Front - to - Side) Right Angle (Includes Broadside),No,No Controls,5,0,No Injury
100945,11/11/11,7:04 PM,2011-00115477,HUXLEY AVE,EATON ST ,HUXLEY AVE / EATON ST ,Ralph Abenante,511,11-Nov-11,Vehicle - Pedestrian,,,,"Two-Way, Divided, Unprotected (painted>4feet) Medium",Dry,Dark - Lighted,Clear,1,Head-On (Front - to - Front),No,No Controls,4,1,Complains Of Pain
101371,11/12/11,12:15 PM,2011-00115389,Eagle Street,Atwells Ave,Eagle Street / Atwells Ave,Michael Caraccia,624,14-Nov-11,Vehicle - Pedestrian,,,,Unknown,Wet,Daylight,Clear,2,Unknown,"Yes, M/V and Driver Left Scene",No Controls,2,0,Unknown
101752,11/15/11,7:17 PM,2011-00116849,DEAN ST,KINSLEY AVE ,DEAN ST / KINSLEY AVE ,Michael Moonan,286,15-Nov-11,Vehicle - Pedestrian,X,,,"Two-Way, Divided, Positive Median Barrier",Dry,Dark - Lighted,Clear,1,Not a Collision Between Two Motor Vehicles in Transport,"Yes, M/V and Driver Left Scene",Traffic Control Signal,3,1,Non-Incapacitating
102305,11/16/11,6:18 PM,2011-00117176,HOPE ST,OLNEY ST ,HOPE ST / OLNEY ST ,John Benros,481,16-Nov-11,Vehicle - Pedestrian,,,,"Two-Way , Not Divided",Wet,Dark - Lighted,Rain,1,Unknown,No,Traffic Control Signal,2,0,No Injury
102454,11/18/11,12:25 PM,2011-00117645,HARRIS AVE,ATWELLS AVE ,HARRIS AVE / ATWELLS AVE ,Rhonda Kessler,108,18-Nov-11,Vehicle - Pedestrian,,,,"Two-Way , Not Divided",Dry,Daylight,Clear,1,Head-On (Front - to - Front),No,Traffic Control Signal,2,1,Complains Of Pain
102469,11/18/11,3:39 PM,2011-00117700,896 CHALKSTONE AVE,,896 CHALKSTONE AVE / ,MICHAEL R. TROIA,331,18-Nov-11,Vehicle - Pedestrian,,,,"Two-Way , Not Divided",Dry,Daylight,Clear,1,Angle (Front - to - Side) Right Angle (Includes Broadside),No,No Controls,4,1,Complains Of Pain
102541,11/18/11,7:30 PM,2011-00117790,NEWARK ST,VALLEY ST ,NEWARK ST / VALLEY ST ,MICHAEL R. TROIA,331,18-Nov-11,Vehicle - Pedestrian,,,,"Two-Way , Not Divided",Dry,Dark - Lighted,Clear,1,Head-On (Front - to - Front),No,No Controls,3,1,Complains Of Pain
102984,11/21/11,12:07 PM,2011-00118705,WICKENDEN ST,TRAVERSE ST ,WICKENDEN ST / TRAVERSE ST ,Derrek Edmonds,550,21-Nov-11,Vehicle - Pedestrian,,,,"Two-Way , Not Divided",Dry,Daylight,Clear,1,Other,No,No Controls,2,1,Complains Of Pain
103034,11/21/11,3:17 PM,2011-00118777,NARRAGANSETT BLVD,WASHINGTON AVE,NARRAGANSETT BLVD / WASHINGTON AVE,OR Proctor ,627,21-Nov-11,Vehicle - Pedestrian,,,,"Two-Way, Divided, Unprotected (painted>4feet) Medium",Dry,Daylight,Clear,1,Not a Collision Between Two Motor Vehicles in Transport,No,No Controls,4,1,Complains Of Pain
103609,11/23/11,4:34 PM,2011-00119380,CRANSTON ST,DODGE ST ,CRANSTON ST / DODGE ST ,Miguel Mena-Torres,493,23-Nov-11,Vehicle - Pedestrian,,,,"Two-Way , Not Divided",Dry,Dark - Lighted,Cloudy,1,Not a Collision Between Two Motor Vehicles in Transport,No,No Controls,3,1,Complains Of Pain
103864,11/26/11,9:00 PM,2011-00120360,MICHIGAN AVE,CALIFORNIA AVE ,MICHIGAN AVE / CALIFORNIA AVE ,OR PROCTOR ,627,26-Nov-11,Vehicle - Pedestrian,,,,"Two-Way, Divided, Unprotected (painted>4feet) Medium",Dry,Dark - Lighted,Clear,2,"Sideswipe, Same Direction","Yes, M/V and Driver Left Scene",No Controls,2,0,No Injury
104102,11/28/11,9:55 PM,2011-00121092,WASHINGTON ST,DEAN ST ,WASHINGTON ST / DEAN ST ,Ricardo Silva,185,28-Nov-11,Vehicle - Pedestrian,X,,,"Two-Way, Divided, Unprotected (painted>4feet) Medium",Dry,Dark - Lighted,Clear,1,Rear End(Front-to-Rear),"Yes, M/V and Driver Left Scene",Traffic Control Signal,2,1,Complains Of Pain
104381,11/29/11,7:06 PM,2011-000121381,1025 Chalkstone Avenue ,Tiffany Street ,1025 Chalkstone Avenue  / Tiffany Street ,Giuseppe Scarcello,485,29-Nov-11,Vehicle - Pedestrian,,,,"Two-Way , Not Divided",Wet,Dark - Lighted,Cloudy,1,Head-On (Front - to - Front),"Yes, M/V and Driver Left Scene",No Controls,1,1,Complains Of Pain
104539,11/30/11,8:00 PM,2011-00121714,UNION AVE,WEBSTER AVE ,UNION AVE / WEBSTER AVE ,Matthew Cute,308,01-Dec-11,Vehicle - Pedestrian,,,,"Two-Way , Not Divided",Dry,Dark - Lighted,Clear,2,"Sideswipe, Same Direction","Yes, M/V and Driver Left Scene",No Controls,2,0,Unknown
104440,11/30/11,11:25 PM,2011-00121757,ACADEMY AVE,CHALKSTONE AVE ,ACADEMY AVE / CHALKSTONE AVE ,Ryan Moroney,324,01-Dec-11,Vehicle - Pedestrian,,,,Unknown,Dry,Dark - Lighted,Clear,2,Rear - to - Rear,No,No Controls,3,1,Complains Of Pain
104366,11/30/11,1:15 PM,2011-00121593,CANAL ST,PARK ROW ,CANAL ST / PARK ROW ,Thomas Rose,465,30-Nov-11,Vehicle - Pedestrian,X,,,One-Way Trafficway,Dry,Daylight,Clear,1,Angle (Front - to - Side) Same Direction,No,No Controls,2,1,Complains Of Pain
104466,12/1/11,9:30 AM,2011-00121839,CADY ST,BENEFIT ST ,CADY ST / BENEFIT ST ,Thomas Rose,465,01-Dec-11,Vehicle - Pedestrian,,,,"Two-Way , Not Divided",Dry,Daylight,Clear,1,Angle (Front - to - Side) Right Angle (Includes Broadside),No,No Controls,2,1,Non-Incapacitating
105274,12/6/11,9:44 AM,2011-00123499,250 BROOK ST.,POWER ST ,250 BROOK ST. / POWER ST ,Edward Enright,480,06-Dec-11,Vehicle - Pedestrian,,,,"Two-Way, Divided, Unprotected (painted>4feet) Medium",Wet,Daylight,Cloudy,1,Head-On (Front - to - Front),No,Stop Signs,3,1,Complains Of Pain
105390,12/6/11,6:03 PM,2011-00123666,Pearl,I 95 N ,Pearl / I 95 N ,Papa ,187,06-Dec-11,Vehicle - Pedestrian,,,,"Two-Way , Not Divided",Wet,Dark - Lighted,Rain,2,Angle (Front - to - Side) Right Angle (Includes Broadside),"Yes, M/V and Driver Left Scene",No Controls,4,0,No Injury
105459,12/6/11,9:22 PM,2011-00123716,PLAINFIELD ST,EDNA ST ,PLAINFIELD ST / EDNA ST ,Matthew Cute,308,06-Dec-11,Vehicle - Pedestrian,,,,"Two-Way , Not Divided",Wet,Dark - Lighted,Rain,1,Not a Collision Between Two Motor Vehicles in Transport,"Yes, M/V and Driver Left Scene",Traffic Control Signal,2,1,Incapacitating
106687,12/6/11,5:10 PM,2011-00123645,EXIT 21 (RT 1),BROADWAY ,EXIT 21 (RT 1) / BROADWAY ,Luis Pelaez,336,13-Dec-11,Vehicle - Pedestrian,,,,One-Way Trafficway,Wet,Dark - Lighted,Rain,2,Angle (Front - to - Side) Right Angle (Includes Broadside),"Yes, M/V and Driver Left Scene",Traffic Control Signal,3,0,No Injury
105642,12/7/11,7:54 PM,2011-00123990,THAYER ST,MANNING WALK ,THAYER ST / MANNING WALK ,Nicole Darling,325,07-Dec-11,Vehicle - Pedestrian,,,,One-Way Trafficway,Wet,Dark - Not Lighted,Rain,1,Not a Collision Between Two Motor Vehicles in Transport,No,No Controls,3,1,Complains Of Pain
105671,12/7/11,4:37 PM,2011-00123934,ROCHAMBEAU AVE,HOPE ST ,ROCHAMBEAU AVE / HOPE ST ,John Benros,481,07-Dec-11,Vehicle - Pedestrian,,,,"Two-Way , Not Divided",Wet,Dark - Lighted,Rain,1,Other,No,Traffic Control Signal,3,1,Complains Of Pain
105977,12/9/11,8:14 AM,2011-00124473,ELMWOOD AVE,PRINCETON AVE ,ELMWOOD AVE / PRINCETON AVE ,Luis Fernandez,531,09-Dec-11,Vehicle - Pedestrian,,,,One-Way Trafficway,Dry,Daylight,Clear,1,Not a Collision Between Two Motor Vehicles in Transport,No,No Controls,2,0,No Injury
106175,12/9/11,9:15 PM,2011-00124730,FRANCIS ST,AMERICAN EXPRESS PLZ ,FRANCIS ST / AMERICAN EXPRESS PLZ ,Michael Sullivan,347,09-Dec-11,Vehicle - Pedestrian,,,,"Two-Way , Not Divided",Dry,Dark - Lighted,Clear,3,"Sideswipe, Same Direction",No,No Controls,7,1,Complains Of Pain
106183,12/9/11,11:37 AM,2011-00124539,N MAIN ST,CYPRESS ST ,N MAIN ST / CYPRESS ST ,Edwin Kemble,364,10-Dec-11,Vehicle - Pedestrian,,,,One-Way Trafficway,Dry,Daylight,Clear,2,"Sideswipe, Same Direction","Yes, M/V and Driver Left Scene",Traffic Control Signal,2,0,No Injury
106269,12/9/11,3:23 PM,2011-00124604,BROAD ST,CAHIR ST ,BROAD ST / CAHIR ST ,Miguel Mena-Torres,493,09-Dec-11,Vehicle - Pedestrian,,,,"Two-Way , Not Divided",Dry,Daylight,Clear,1,Not a Collision Between Two Motor Vehicles in Transport,No,Traffic Control Signal,2,1,Complains Of Pain
106320,12/10/11,8:32 PM,2011-00125054,SERVICE ROAD 8,BROADWAY,SERVICE ROAD 8 / BROADWAY,Ptlm. Carroll,142,11-Dec-11,Vehicle - Pedestrian,,,,One-Way Trafficway,Dry,Dark - Lighted,Clear,1,Angle (Front - to - Side) Right Angle (Includes Broadside),No,Traffic Control Signal,2,1,Complains Of Pain
106493,12/12/11,5:58 PM,2011-00125694,WEYBOSSET ST,EDDY ST ,WEYBOSSET ST / EDDY ST ,Matthew Goddard,171,12-Dec-11,Vehicle - Pedestrian,,,,One-Way Trafficway,Dry,Dark - Lighted,Clear,1,Not a Collision Between Two Motor Vehicles in Transport,No,No Controls,3,1,Complains Of Pain
106528,12/13/11,6:41 AM,2011-00125778,PUBLIC ST,EDDY ST ,PUBLIC ST / EDDY ST ,Roderick Soares,399,13-Dec-11,Vehicle - Pedestrian,,,,"Two-Way , Not Divided",Dry,Dark - Lighted,Clear,1,"Sideswipe, Same Direction",No,Traffic Control Signal,4,1,Complains Of Pain
106624,12/13/11,5:08 PM,2011-00125929,CHARLES ST,CHARLES ST ,CHARLES ST / CHARLES ST ,Ralph Abenante,511,13-Dec-11,Vehicle - Pedestrian,,,,"Two-Way, Divided, Unprotected (painted>4feet) Medium",Dry,Dark - Lighted,Clear,1,Other,No,No Controls,2,1,Complains Of Pain
106756,12/14/11,3:30 PM,2011-00126226,Ellenfield St ,VIRGINIA AVE ,Ellenfield St  / VIRGINIA AVE ,OR Proctor ,627,14-Dec-11,Vehicle - Pedestrian,,,,Unknown,Dry,Daylight,Clear,2,Unknown,"Yes, M/V and Driver Left Scene",No Controls,2,0,Unknown
106786,12/14/11,6:09 PM,2011-00126284,CANTON STREET,LINTON STREET,CANTON STREET / LINTON STREET,Giuseppe Scarcello,485,14-Dec-11,Vehicle - Pedestrian,,,,"Two-Way , Not Divided",Dry,Dark - Lighted,Clear,1,Angle (Front - to - Side) Right Angle (Includes Broadside),"Yes, M/V and Driver Left Scene",No Controls,3,1,Complains Of Pain
107955,12/14/11,4:42 PM,2011-00126259,BROAD ST,SERVICE ROAD 7 ,BROAD ST / SERVICE ROAD 7 ,James Annis,454,20-Dec-11,Vehicle - Pedestrian,,,,"Two-Way , Not Divided",Dry,Dark - Lighted,Clear,1,Not a Collision Between Two Motor Vehicles in Transport,No,Traffic Control Signal,2,1,Complains Of Pain
107031,12/15/11,10:23 PM,2011-00126682,EXIT 21 (RT ),ATWELLS AVE ,EXIT 21 (RT ) / ATWELLS AVE ,Michele Rudolph,512,15-Dec-11,Vehicle - Pedestrian,,,,One-Way Trafficway,Wet,Dark - Not Lighted,Rain,1,Not a Collision Between Two Motor Vehicles in Transport,No,Traffic Control Signal,4,1,Complains Of Pain
107136,12/16/11,8:06 AM,2011-00126784,N MAIN ST,RANDALL ST ,N MAIN ST / RANDALL ST ,Edwin Kemble,364,16-Dec-11,Vehicle - Pedestrian,,,,One-Way Trafficway,Dry,Daylight,Clear,3,Rear End(Front-to-Rear),"Yes, M/V and Driver Left Scene",Traffic Control Signal,7,0,No Injury
107475,12/17/11,5:00 PM,2011-00127262,N MAIN ST,RANDALL ST ,N MAIN ST / RANDALL ST ,John Benros,481,17-Dec-11,Vehicle - Pedestrian,,,,Unknown,Dry,Dark - Lighted,Clear,1,Other,No,No Controls,2,1,Complains Of Pain
108141,12/21/11,4:19 PM,2011-00128477,HARBORSIDE BLVD,SHIPYARD ST ,HARBORSIDE BLVD / SHIPYARD ST ,OR Proctor ,627,21-Dec-11,Vehicle - Pedestrian,,,,"Two-Way, Divided, Unprotected (painted>4feet) Medium",Unknown,Unknown,Rain,2,Unknown,"Yes, M/V and Driver Left Scene",No Controls,2,0,Unknown
108193,12/21/11,5:55 PM,2011-00128514,POWER ST,IVES ST ,POWER ST / IVES ST ,James Grennan,332,21-Dec-11,Vehicle - Pedestrian,,,,"Two-Way , Not Divided",Wet,Dark - Lighted,Rain,1,Other,No,Stop Signs,2,1,Complains Of Pain
108473,12/24/11,5:34 PM,2011-00129484,BRANCH AVE,BINGHAM ST ,BRANCH AVE / BINGHAM ST ,Thomas Richards,279,24-Dec-11,Vehicle - Pedestrian,,,,"Two-Way, Divided, Unprotected (painted>4feet) Medium",Dry,Dark - Lighted,Clear,2,"Sideswipe, Same Direction",No,No Controls,3,0,No Injury
109091,12/27/11,6:14 PM,2011-00130265,GREENWICH ST,POTTERS ST,GREENWICH ST / POTTERS ST,Miguel Mena-Torres,493,29-Dec-11,Vehicle - Pedestrian,,,,"Two-Way , Not Divided",Wet,Dark - Lighted,Rain,2,"Sideswipe, Same Direction","Yes, M/V and Driver Left Scene",Stop Signs,2,0,Unknown
109884,12/27/11,6:04 PM,2011-00130257,WEYBOSSET ST,BROAD ST ,WEYBOSSET ST / BROAD ST ,Ptlm. Carroll,142,03-Jan-12,Vehicle - Pedestrian,,,,One-Way Trafficway,Wet,Dark - Lighted,Rain,1,Angle (Front - to - Side) Right Angle (Includes Broadside),No,Flashing Traffic Control Signal,2,1,Complains Of Pain
109107,12/29/11,5:37 PM,2011-0130858,HOPE ST,CHACE AVE ,HOPE ST / CHACE AVE ,Michael Moonan,286,29-Dec-11,Vehicle - Pedestrian,,,,"Two-Way , Not Divided",Dry,Dark - Lighted,Clear,1,Not a Collision Between Two Motor Vehicles in Transport,No,No Controls,3,1,Non-Incapacitating
109275,12/30/11,5:16 PM,2011-00131175,66 Farmington Ave,ROSARIO DR ,66 Farmington Ave / ROSARIO DR ,Juan Rodrigues,194,30-Dec-11,Vehicle - Pedestrian,,,,"Two-Way, Divided, Unprotected (painted>4feet) Medium",Dry,Dark - Lighted,Clear,2,"Sideswipe, Same Direction","Yes, M/V and Driver Left Scene",No Controls,2,1,Non-Incapacitating
109470,1/1/12,3:52 AM,2012-00000131,PAVILION AVE,EDDY ST ,PAVILION AVE / EDDY ST ,Francisco Colon,265,01-Jan-12,Vehicle - Pedestrian,,,,"Two-Way , Not Divided",Wet,Dark - Not Lighted,Clear,1,Not a Collision Between Two Motor Vehicles in Transport,"Yes, M/V and Driver Left Scene",No Controls,1,1,Complains Of Pain
110204,1/4/12,3:40 PM,2012-00001094,POTTERS AVE,SEABURY ST ,POTTERS AVE / SEABURY ST ,Matthew McGloin,278,05-Jan-12,Vehicle - Pedestrian,,,,"Two-Way , Not Divided",Dry,Daylight,Clear,1,Not a Collision Between Two Motor Vehicles in Transport,No,No Controls,2,1,Complains Of Pain
110096,1/5/12,1:29 AM,2012-00001239,N MAIN ST,N MAIN ST ,N MAIN ST / N MAIN ST ,Raymond Majeau,275,05-Jan-12,Vehicle - Pedestrian,,,,One-Way Trafficway,Dry,Dark - Unknown Lighting,Clear,1,Not a Collision Between Two Motor Vehicles in Transport,"Yes, Driver Left Scene",No Controls,3,1,Non-Incapacitating
110481,1/6/12,10:54 PM,2012-00001823,200 UNION AVE,WHITEHALL ST ,200 UNION AVE / WHITEHALL ST ,Christopher Kennedy,203,07-Jan-12,Vehicle - Pedestrian,,,,"Two-Way , Not Divided",Dry,Dark - Lighted,Clear,1,Not a Collision Between Two Motor Vehicles in Transport,No,No Controls,3,1,Non-Incapacitating
111649,1/7/12,2:14 AM,2012-00001889,SOUTH ST,PARSONAGE ST ,SOUTH ST / PARSONAGE ST ,Steffan Rasch,315,07-Jan-12,Vehicle - Pedestrian,,,,Unknown,Dry,Dark - Lighted,Clear,2,Rear - to - Side,No,No Controls,4,1,Complains Of Pain
112791,1/7/12,3:49 PM,2012-00002047,BELLEVUE AVE,CRANSTON ST ,BELLEVUE AVE / CRANSTON ST ,Luis Pelaez,336,19-Jan-12,Vehicle - Pedestrian,,,,"Two-Way , Not Divided",Dry,Daylight,Clear,2,"Sideswipe, Same Direction","Yes, M/V and Driver Left Scene",No Controls,2,0,No Injury
113774,1/7/12,4:56 PM,2012-00002066,Wickenden Street,HOPE ST ,Wickenden Street / HOPE ST ,Christopher Owens,611,25-Jan-12,Vehicle - Pedestrian,,,,"Two-Way , Not Divided",Dry,Dark - Lighted,Clear,1,Other,No,Stop Signs,2,1,Incapacitating
110590,1/8/12,1:12 AM,2012-00002224,N MAIN ST,EVERGREEN ST ,N MAIN ST / EVERGREEN ST ,Jozsef Rimoczy,274,08-Jan-12,Vehicle - Pedestrian,,,,"Two-Way, Divided, Positive Median Barrier",Dry,Dark - Lighted,Clear,1,Not a Collision Between Two Motor Vehicles in Transport,No,No Controls,4,1,Incapacitating
111076,1/9/12,10:23 AM,2012-00002596,BRANCH AVE,BRANCH AVE EXIT 24 ,BRANCH AVE / BRANCH AVE EXIT 24 ,Edwin Kemble,364,09-Jan-12,Vehicle - Pedestrian,,,,"Two-Way , Not Divided",Dry,Daylight,Clear,2,Angle (Front - to - Side) Right Angle (Includes Broadside),"Yes, M/V and Driver Left Scene",No Controls,2,0,No Injury
111257,1/10/12,11:03 PM,2012-00003709,Ledge Street,PETER ST ,Ledge Street / PETER ST ,Paul Principale,322,11-Jan-12,Vehicle - Pedestrian,,,,"Two-Way , Not Divided",Dry,Dark - Lighted,Clear,2,Angle (Front - to - Side) Same Direction,No,No Controls,4,0,Unknown
111363,1/11/12,5:28 PM,2012-00003285,WESTMINSTER ST EXIT,WESTMINSTER ST ,WESTMINSTER ST EXIT / WESTMINSTER ST ,Ptlm. Chin,516,11-Jan-12,Vehicle - Pedestrian,,,,One-Way Trafficway,Dry,Dark - Not Lighted,Clear,1,"Sideswipe, Same Direction",No,Traffic Control Signal,4,0,No Injury
111472,1/11/12,1:26 PM,2012-00003189,WINTER ST,WASHINGTON ST ,WINTER ST / WASHINGTON ST ,William Hutchinson,391,12-Jan-12,Vehicle - Pedestrian,,,,"Two-Way , Not Divided",Dry,Daylight,Clear,2,Other,"Yes, M/V and Driver Left Scene",No Controls,3,0,No Injury
114078,1/12/12,11:35 PM,2012-00003653,307 ALLENS AVE,ALLENS AVE ,307 ALLENS AVE / ALLENS AVE ,Francisco Colon,265,12-Jan-12,Vehicle - Pedestrian,,,,"Two-Way , Not Divided",Wet,Dark - Lighted,Rain,1,Not a Collision Between Two Motor Vehicles in Transport,No,No Controls,2,1,Complains Of Pain
115470,1/12/12,7:18 PM,2012-00003592,CHALKSTONE AVE,BILTMORE AVE ,CHALKSTONE AVE / BILTMORE AVE ,Jesse Ferrell,428,20-Jan-12,Vehicle - Pedestrian,,,,"Two-Way , Not Divided",Dry,Dark - Lighted,Clear,2,"Sideswipe, Same Direction","Yes, M/V and Driver Left Scene",No Controls,2,0,No Injury
111796,1/13/12,10:34 AM,2012-00003743,1271 BROAD STREET,BROAD ST ,1271 BROAD STREET / BROAD ST ,Norman Arsenault,543,14-Jan-12,Vehicle - Pedestrian,,,,Unknown,Dry,Daylight,Clear,2,Other,No,No Controls,4,2,Incapacitating
111950,1/15/12,9:50 PM,2012-00004559,POINT ST,PLAIN ST ,POINT ST / PLAIN ST ,Carla Cavanaugh,189,16-Jan-12,Vehicle - Pedestrian,,,,One-Way Trafficway,Dry,Dark - Lighted,Clear,2,Angle (Front - to - Side) Same Direction,No,Traffic Control Signal,4,0,No Injury
112343,1/17/12,2:52 PM,2012-00004998,N MAIN ST,OLNEY ST ,N MAIN ST / OLNEY ST ,John Benros,481,17-Jan-12,Vehicle - Pedestrian,,,,One-Way Trafficway,Wet,Daylight,Rain,1,Other,No,No Controls,4,1,Fatal
113411,1/24/12,10:14 AM,2012-000006886,1268 Broad St,PARKVIEW AVE ,1268 Broad St / PARKVIEW AVE ,John Abatiello,692,24-Jan-12,Vehicle - Pedestrian,,,,Unknown,Dry,Daylight,Clear,1,Not a Collision Between Two Motor Vehicles in Transport,No,No Controls,2,1,Incapacitating
113435,1/24/12,9:12 AM,2012-00006877,BROAD ST,SERVICE ROAD 8 ,BROAD ST / SERVICE ROAD 8 ,J. Sigillo/J. Manzotti,590,24-Jan-12,Vehicle - Pedestrian,X,,,One-Way Trafficway,Wet,Daylight,Clear,1,Angle (Front - to - Side) Right Angle (Includes Broadside),No,Traffic Control Signal,6,1,Incapacitating
113780,1/25/12,7:03 PM,2012-00007391,RUGBY ST ,THURBERS AVE,RUGBY ST  / THURBERS AVE,Jose Mendez,321,25-Jan-12,Vehicle - Pedestrian,,,,"Two-Way , Not Divided",Dry,Dark - Lighted,Clear,1,Other,No,No Controls,2,1,Complains Of Pain
113951,1/26/12,6:18 PM,2012-00007675,WESTMINSTER ST,CAHIR ST ,WESTMINSTER ST / CAHIR ST ,Ptlm. Chin,516,26-Jan-12,Vehicle - Pedestrian,,,,"Two-Way , Not Divided",Wet,Dark - Lighted,Rain,1,Head-On (Front - to - Front),No,No Controls,3,1,Complains Of Pain
114842,1/26/12,5:03 PM,2012-00007658,ASHBURTON ST,RANDALL ST ,ASHBURTON ST / RANDALL ST ,Virak In,540,26-Jan-12,Vehicle - Pedestrian,,,,"Two-Way, Divided, Unprotected (painted>4feet) Medium",Wet,Dark - Lighted,"Sleet, Hail (Freezing Rain or Drizzle)",1,Not a Collision Between Two Motor Vehicles in Transport,No,No Controls,2,1,Complains Of Pain
114155,1/27/12,5:22 PM,2012-00007951,POTTERS AVE,HAMILTON ST ,POTTERS AVE / HAMILTON ST ,Michael Moonan,286,27-Jan-12,Vehicle - Pedestrian,,,,"Two-Way , Not Divided",Dry,Dark - Lighted,Clear,1,Not a Collision Between Two Motor Vehicles in Transport,"Yes, M/V and Driver Left Scene",Stop Signs,1,1,Complains Of Pain