CrashReportId,CrashDate,CrashTime,ReportNumber,StreetOrHighway,NearestIntersection,Location,Officer,Badge,ReportDate,TypeOfCollision,Bicycle,Scooter,Wheel Chair,TypeOfRoadway,RoadSurfaceCondition,LightCondition,WeatherCondition,NumberofVehicles,MannerofImpact,HitAndRun,TrafficControl,PersonCount,InjuryCount,MostSeriousInjury
114192,1/27/12,2:02 PM,2012-00007895,GASPEE ST,FRANCIS ST ,GASPEE ST / FRANCIS ST ,George SanAntonio,604,28-Jan-12,Vehicle - Pedestrian,,,,"Two-Way , Not Divided",Dry,Daylight,Cloudy,1,Not a Collision Between Two Motor Vehicles in Transport,No,No Controls,2,0,No Injury
114346,1/29/12,2:32 PM,2012-00008565,EMPIRE ST,WASHINGTON ST ,EMPIRE ST / WASHINGTON ST ,George SanAntonio,604,30-Jan-12,Vehicle - Pedestrian,,,,"Two-Way , Not Divided",Dry,Daylight,Clear,1,Not a Collision Between Two Motor Vehicles in Transport,No,Traffic Control Signal,2,1,Complains Of Pain
114344,1/30/12,8:05 AM,2012-0008742,ROCHAMBEAU AVE,ELMGROVE AVE ,ROCHAMBEAU AVE / ELMGROVE AVE ,Baez,687,30-Jan-12,Vehicle - Pedestrian,,,,"Two-Way , Not Divided",Dry,Daylight,Clear,1,Not a Collision Between Two Motor Vehicles in Transport,No,Stop Signs,4,2,Complains Of Pain
114756,1/31/12,7:15 PM,2012-00009207,F C GREENE MEMORIAL BLVD,NORWOOD AVE ,F C GREENE MEMORIAL BLVD / NORWOOD AVE ,Jared Sherman,292,01-Feb-12,Vehicle - Pedestrian,X,,,"Two-Way , Not Divided",Dry,Dark - Not Lighted,Clear,1,Not a Collision Between Two Motor Vehicles in Transport,No,No Controls,2,0,No Injury
114736,2/1/12,3:38 PM,2012-00009457,BAXTER ST,NORWICH AVE,BAXTER ST / NORWICH AVE,Jose Mendez,321,01-Feb-12,Vehicle - Pedestrian,,,,"Two-Way , Not Divided",Dry,Daylight,Clear,1,Other,"Yes, M/V and Driver Left Scene",No Controls,2,1,Complains Of Pain
116787,2/2/12,1:00 PM,2012-00009731,MELROSE ST,POTTERS AVE ,MELROSE ST / POTTERS AVE ,Roderick Soares,399,05-Feb-12,Vehicle - Pedestrian,,,,"Two-Way , Not Divided",Dry,Daylight,Clear,2,"Sidwswipe, Opposite Direction","Yes, M/V and Driver Left Scene",No Controls,4,0,No Injury
115721,2/3/12,9:21 AM,2012-00009970,CALIFORNIA AVE,EDDY ST ,CALIFORNIA AVE / EDDY ST ,Gregory Decastro,591,08-Feb-12,Vehicle - Pedestrian,,,,"Two-Way , Not Divided",Dry,Daylight,Clear,1,Other,No,No Controls,2,1,Complains Of Pain
114979,2/3/12,12:18 PM,2012-00010020,Park Row,CANAL ST ,Park Row / CANAL ST ,Anthony Hampton,681,03-Feb-12,Vehicle - Pedestrian,,,,One-Way Trafficway,Dry,Daylight,Clear,1,Other,"Yes, M/V and Driver Left Scene",Stop Signs,4,1,Complains Of Pain
115224,2/4/12,1:10 PM,2012-00010427,Standish Ave.,GALILEO AVE ,Standish Ave. / GALILEO AVE ,Anthony Corsetti,449,04-Feb-12,Vehicle - Pedestrian,,,,"Two-Way, Divided, Unprotected (painted>4feet) Medium",Dry,Daylight,Clear,2,"Sideswipe, Same Direction","Yes, M/V and Driver Left Scene",No Controls,2,0,Unknown
115369,2/6/12,8:14 AM,2012-00010915,Dorrance St,Fulton St,Dorrance St / Fulton St,John Henderson,148,06-Feb-12,Vehicle - Pedestrian,,,,"Two-Way , Not Divided",Dry,Daylight,Clear,1,Other,No,Traffic Control Signal,2,1,Complains Of Pain
115799,2/7/12,3:49 PM,2012-00001026,Bond St,Atwells Ave,Bond St / Atwells Ave,Ptlm. Dalton,257,07-Feb-12,Vehicle - Pedestrian,X,,,One-Way Trafficway,Dry,Daylight,Clear,1,Other,No,Stop Signs,2,0,No Injury
115801,2/8/12,8:20 PM,2012-00011661,Almy Street,RING ST ,Almy Street / RING ST ,Michele Rudolph,512,08-Feb-12,Vehicle - Pedestrian,,,,One-Way Trafficway,Dry,Dark - Lighted,Clear,2,Not a Collision Between Two Motor Vehicles in Transport,No,No Controls,4,2,Incapacitating
115919,2/8/12,11:26 AM,2012-00011517,Plainfield St,Alverson st,Plainfield St / Alverson st,Albert Deschamps,527,09-Feb-12,Vehicle - Pedestrian,,,,"Two-Way , Not Divided",Dry,Daylight,Clear,2,Angle (Front - to - Side) Right Angle (Includes Broadside),"Yes, M/V and Driver Left Scene",Stop Signs,2,1,Complains Of Pain
115749,2/8/12,9:41 AM,2012-00011490,OLNEYVILLE SQ,HARTFORD AVE ,OLNEYVILLE SQ / HARTFORD AVE ,Vincent Sollitto,058,08-Feb-12,Vehicle - Pedestrian,,,,"Two-Way, Divided, Unprotected (painted>4feet) Medium",Dry,Daylight,Clear,1,Not a Collision Between Two Motor Vehicles in Transport,No,No Controls,2,0,No Injury
116135,2/9/12,9:20 PM,2012-00011948,ELMWOOD AVE,ROUTE 10S ONRAMP,ELMWOOD AVE / ROUTE 10S ONRAMP,Kusol Pea,174,10-Feb-12,Vehicle - Pedestrian,,,,"Two-Way, Divided, Positive Median Barrier",Dry,Dark - Lighted,Clear,2,Angle (Front - to - Side) Right Angle (Includes Broadside),No,Traffic Control Signal,4,0,No Injury
115943,2/9/12,5:50 PM,2012-00011896,ROGER WILLIAMS AVE,ELMWOOD AVE ,ROGER WILLIAMS AVE / ELMWOOD AVE ,Richard Ramirez,338,09-Feb-12,Vehicle - Pedestrian,X,,,"Two-Way, Divided, Positive Median Barrier",Dry,Dark - Lighted,Clear,1,Angle (Front - to - Side) Right Angle (Includes Broadside),No,Traffic Control Signal,3,1,Complains Of Pain
117024,2/9/12,10:56 AM,2012-00011779,CRANSTON ST,ANTHONY AVE ,CRANSTON ST / ANTHONY AVE ,Eugene Craven,517,15-Feb-12,Vehicle - Pedestrian,,,,"Two-Way, Divided, Unprotected (painted>4feet) Medium",Dry,Daylight,Clear,1,"Sideswipe, Same Direction","Yes, M/V and Driver Left Scene",No Controls,2,1,Complains Of Pain
116228,2/10/12,2:06 PM,2012-00012148,WESTMINSTER ST,DEAN ST ,WESTMINSTER ST / DEAN ST ,William Hutchinson,391,11-Feb-12,Vehicle - Pedestrian,,,,"Two-Way , Not Divided",Dry,Daylight,Clear,1,Not a Collision Between Two Motor Vehicles in Transport,No,Traffic Control Signal,3,1,Complains Of Pain
116263,2/10/12,7:22 PM,2012-00012224,BERNON ST,CANDACE ST ,BERNON ST / CANDACE ST ,Brian Auclair,166,10-Feb-12,Vehicle - Pedestrian,,,,"Two-Way , Not Divided",Dry,Dark - Lighted,Clear,2,Angle (Front - to - Side) Right Angle (Includes Broadside),No,Stop Signs,4,1,Complains Of Pain
116524,2/10/12,10:15 PM,2012-00012270,WASHINGTON ST,EMPIRE ST ,WASHINGTON ST / EMPIRE ST ,Robert Kells,463,12-Feb-12,Vehicle - Pedestrian,,,,"Two-Way , Not Divided",Wet,Dark - Lighted,Rain,1,Other,"Yes, M/V and Driver Left Scene",Traffic Control Signal,3,1,Non-Incapacitating
116086,2/10/12,7:33 AM,2012-00012054,HARTFORD AVE,OPHELIA ST ,HARTFORD AVE / OPHELIA ST ,Joseph Madeira,552,10-Feb-12,Vehicle - Pedestrian,,,,"Two-Way , Not Divided",Dry,Daylight,Clear,1,Other,No,Stop Signs,3,1,Complains Of Pain
116156,2/11/12,1:34 AM,2012-00012336,ALLENS AVE,THURBERS AVE ,ALLENS AVE / THURBERS AVE ,Francisco Colon,265,11-Feb-12,Vehicle - Pedestrian,,,,"Two-Way , Not Divided",Wet,Dark - Lighted,Rain,3,Head-On (Front - to - Front),No,Traffic Control Signal,8,3,Complains Of Pain
116852,2/13/12,3:38 PM,2012-00013165,BENEDICT ST,CRANSTON ST ,BENEDICT ST / CRANSTON ST ,Miguel Mena-Torres,493,13-Feb-12,Vehicle - Pedestrian,,,,"Two-Way , Not Divided",Dry,Daylight,Clear,1,Not a Collision Between Two Motor Vehicles in Transport,"Yes, M/V and Driver Left Scene",No Controls,4,1,Complains Of Pain
117087,2/13/12,7:22 PM,2012-00013245,CHALKSTONE AVE,ACADEMY AVE ,CHALKSTONE AVE / ACADEMY AVE ,Jesse Ferrell,428,13-Feb-12,Vehicle - Pedestrian,,,,Unknown,Dry,Dark - Lighted,Clear,2,Other,"Yes, M/V and Driver Left Scene",No Controls,3,0,No Injury
117209,2/16/12,3:06 PM,2012-00013964,VIRGINIA AVE,GEORGIA AVE ,VIRGINIA AVE / GEORGIA AVE ,Miguel Castillo,489,16-Feb-12,Vehicle - Pedestrian,,,,"Two-Way , Not Divided",Dry,Daylight,Cloudy,2,Unknown,"Yes, M/V and Driver Left Scene",Stop Signs,2,0,Unknown
117769,2/20/12,12:26 PM,2012-00015138,THAYER ST,CUSHING ST ,THAYER ST / CUSHING ST ,John Almeida,386,20-Feb-12,Vehicle - Pedestrian,X,,,One-Way Trafficway,Dry,Daylight,Clear,1,Not a Collision Between Two Motor Vehicles in Transport,No,No Controls,3,0,No Injury
117795,2/20/12,3:13 PM,2012-00015168,Knight Street,ATWELLS AVE ,Knight Street / ATWELLS AVE ,Michele Rudolph,512,20-Feb-12,Vehicle - Pedestrian,X,,,"Two-Way, Divided, Positive Median Barrier",Dry,Daylight,Clear,1,Other,No,Stop Signs,2,1,Complains Of Pain
117931,2/20/12,6:21 PM,2012-00015244,FALLON AVE,CHALKSTONE AVE ,FALLON AVE / CHALKSTONE AVE ,Nelson Morales,300,20-Feb-12,Vehicle - Pedestrian,,,,"Two-Way , Not Divided",Dry,Dark - Lighted,Clear,1,Not a Collision Between Two Motor Vehicles in Transport,No,No Controls,2,1,Complains Of Pain
117961,2/22/12,7:25 AM,2012-00015621,US HWY 6 W EXIT,DEAN ST ,US HWY 6 W EXIT / DEAN ST ,Kenneth Pike,130,22-Feb-12,Vehicle - Pedestrian,,,,One-Way Trafficway,Wet,Daylight,Clear,1,Not a Collision Between Two Motor Vehicles in Transport,No,No Controls,3,1,Non-Incapacitating
117986,2/22/12,9:43 AM,2012-00015640,EDDY ST,NEW YORK AVE ,EDDY ST / NEW YORK AVE ,Louis Stravato,497,22-Feb-12,Vehicle - Pedestrian,,,,"Two-Way, Divided, Unprotected (painted>4feet) Medium",Dry,Daylight,Clear,1,Not a Collision Between Two Motor Vehicles in Transport,"Yes, Driver Left Scene",No Controls,1,0,Unknown
118197,2/24/12,10:54 AM,2012-00016243,DELAINE STREET ,MANTON AVE ,DELAINE STREET  / MANTON AVE ,Louis Salinaro,592,24-Feb-12,Vehicle - Pedestrian,,,,"Two-Way , Not Divided",Wet,Daylight,Rain,1,"Sideswipe, Same Direction",No,Traffic Control Signal,2,1,Complains Of Pain
118347,2/24/12,6:24 PM,2012-00016359,WESTMINSTER ST,DEXTER ST ,WESTMINSTER ST / DEXTER ST ,Alex Gonzalez,473,25-Feb-12,Vehicle - Pedestrian,,,,"Two-Way , Not Divided",Wet,Dark - Lighted,Rain,1,Not a Collision Between Two Motor Vehicles in Transport,No,No Controls,3,1,Complains Of Pain
118599,2/26/12,7:38 PM,2012-00017004,1303 North Main Street,N MAIN ST ,1303 North Main Street / N MAIN ST ,Shawn Kennedy,547,26-Feb-12,Vehicle - Pedestrian,,,,"Two-Way , Not Divided",Dry,Dark - Not Lighted,Clear,2,"Sideswipe, Same Direction","Yes, M/V and Driver Left Scene",No Controls,2,0,Unknown
118634,2/26/12,2:33 AM,2012-00016826,BROAD ST,Cass Street,BROAD ST / Cass Street,Joseph Pineau,256,27-Feb-12,Vehicle - Pedestrian,,,,"Two-Way , Not Divided",Dry,Dark - Lighted,Clear,2,Angle (Front - to - Side) Same Direction,Unknown,No Controls,5,0,No Injury
118732,2/27/12,4:23 PM,2012-00017243,PETTEYS AVE,GLENBRIDGE AVE ,PETTEYS AVE / GLENBRIDGE AVE ,Douglas Steele,175,27-Feb-12,Vehicle - Pedestrian,,,,"Two-Way , Not Divided",Dry,Daylight,Clear,2,Unknown,"Yes, M/V and Driver Left Scene",No Controls,2,0,Unknown
118857,2/28/12,9:05 PM,2012-00017594,BROADWAY,EMPIRE ST ,BROADWAY / EMPIRE ST ,Robert Kells,463,28-Feb-12,Vehicle - Pedestrian,,,,One-Way Trafficway,Dry,Dark - Lighted,Clear,2,Angle (Front - to - Side) Same Direction,No,No Controls,5,0,No Injury
119504,2/29/12,2:23 PM,2012-00017773,ELMWOOD AVE,RESERVOIR AVE ,ELMWOOD AVE / RESERVOIR AVE ,Michael Camardo,515,03-Mar-12,Vehicle - Pedestrian,,,,"Two-Way , Not Divided",Wet,Daylight,Snow,1,Not a Collision Between Two Motor Vehicles in Transport,No,Traffic Control Signal,3,1,Complains Of Pain
118900,2/29/12,6:54 AM,2012-00017667,705 ELMWOOD AVE,,705 ELMWOOD AVE / ,Louis Stravato,102,29-Feb-12,Vehicle - Pedestrian,,,,Unknown,Dry,Dawn,Clear,1,Not a Collision Between Two Motor Vehicles in Transport,No,No Controls,2,1,Complains Of Pain
119203,3/1/12,6:53 PM,2012-00018100,FOUNTAIN ST,UNION ST ,FOUNTAIN ST / UNION ST ,Ptlm. Carroll,142,01-Mar-12,Vehicle - Pedestrian,,,,One-Way Trafficway,Wet,Dark - Lighted,Snow,1,Angle (Front - to - Side) Right Angle (Includes Broadside),No,Pavement Markings,2,1,Incapacitating
119543,3/1/12,8:30 PM,2012-00018124,Manton Ave,Onleyville Square ,Manton Ave / Onleyville Square ,Juan Rodrigues,194,01-Mar-12,Vehicle - Pedestrian,,,,"Two-Way, Divided, Positive Median Barrier",Wet,Dark - Lighted,Rain,1,Head-On (Front - to - Front),No,Traffic Control Signal,2,1,Complains Of Pain
119287,3/2/12,11:43 AM,2012-00018277,BLACKSTONE ST,EDDY ST ,BLACKSTONE ST / EDDY ST ,Jose Deschamps,419,02-Mar-12,Vehicle - Pedestrian,,,,"Two-Way , Not Divided",Dry,Daylight,Clear,1,Head-On (Front - to - Front),No,Stop Signs,4,2,Complains Of Pain
119328,3/2/12,3:12 PM,2012-00018331,425 BROADWAY,MARSHALL ST ,425 BROADWAY / MARSHALL ST ,Ptlm Dalton,257,02-Mar-12,Vehicle - Pedestrian,,,,"Two-Way , Not Divided",Dry,Daylight,Clear,1,Not a Collision Between Two Motor Vehicles in Transport,No,No Controls,2,1,Complains Of Pain
119406,3/2/12,11:57 PM,2012-00018476,HAWTHORNE AVE,BROAD ST ,HAWTHORNE AVE / BROAD ST ,Zachary Silbert,282,03-Mar-12,Vehicle - Pedestrian,,,,"Two-Way , Not Divided",Wet,Dark - Lighted,Rain,2,Not a Collision Between Two Motor Vehicles in Transport,"Yes, M/V and Driver Left Scene",No Controls,5,1,Complains Of Pain
120515,3/3/12,3:18 PM,2012-00020848, 235 ATWELLS AVE,Dean Street, 235 ATWELLS AVE / Dean Street,Donald Brien,630,10-Mar-12,Vehicle - Pedestrian,,,,Unknown,Dry,Dark - Lighted,Clear,2,Angle - Direction Not Specified,"Yes, M/V and Driver Left Scene",No Controls,5,0,Unknown
119408,3/3/12,12:30 AM,2012-00018491,393 Charles Street,SILVER SPRING ST ,393 Charles Street / SILVER SPRING ST ,Paul Principale,322,03-Mar-12,Vehicle - Pedestrian,,,,Unknown,Wet,Dark - Unknown Lighting,Rain,1,Unknown,"Yes, M/V and Driver Left Scene",No Controls,2,0,Unknown
119963,3/6/12,9:57 AM,2012-00019417,ELMWOOD AVE,POTTERS AVE ,ELMWOOD AVE / POTTERS AVE ,Louis Stravato,102,06-Mar-12,Vehicle - Pedestrian,,,,"Two-Way, Divided, Unprotected (painted>4feet) Medium",Dry,Daylight,Clear,2,"Sideswipe, Same Direction","Yes, M/V and Driver Left Scene",No Controls,3,0,Unknown
120563,3/7/12,3:22 PM,2012-00019796,BRANCH AVENUE,VANDEWATER STREET,BRANCH AVENUE / VANDEWATER STREET,Scott Zambarano,164,10-Mar-12,Vehicle - Pedestrian,,,X,"Two-Way , Not Divided",Dry,Daylight,Clear,1,Other,No,Stop Signs,2,1,Complains Of Pain
122538,3/7/12,11:21 AM,2012-00019731,335 Hartford Ave,Bodell Ave,335 Hartford Ave / Bodell Ave,Kevin Costa,431,21-Mar-12,Vehicle - Pedestrian,,,,"Two-Way , Not Divided",Dry,Daylight,Clear,2,Unknown,"Yes, M/V and Driver Left Scene",No Controls,2,0,Unknown
120635,3/8/12,1:37 PM,2012-00020086,151 VALLEY ST,HELME ST ,151 VALLEY ST / HELME ST ,Darren Hull,598,11-Mar-12,Vehicle - Pedestrian,,,,"Two-Way , Not Divided",Dry,Daylight,Clear,2,"Sideswipe, Same Direction","Yes, M/V and Driver Left Scene",No Controls,2,0,Unknown
120255,3/8/12,9:11 AM,2012-00020015,387 CHARLES ST,SILVER SPRING ST ,387 CHARLES ST / SILVER SPRING ST ,Peter Conley,571,08-Mar-12,Vehicle - Pedestrian,,,,"Two-Way , Not Divided",Dry,Daylight,Clear,1,Head-On (Front - to - Front),No,No Controls,3,1,Complains Of Pain
121230,3/10/12,7:01 PM,2012-00020927,POTTERS AVE,VINEYARD ST ,POTTERS AVE / VINEYARD ST ,Miguel Mena-Torres,493,13-Mar-12,Vehicle - Pedestrian,,,,"Two-Way , Not Divided",Dry,Daylight,Clear,2,Not a Collision Between Two Motor Vehicles in Transport,"Yes, M/V and Driver Left Scene",No Controls,2,0,Unknown
120622,3/10/12,12:20 AM,2012-00020643,RADCLIFFE AVE,CHAD BROWN ST ,RADCLIFFE AVE / CHAD BROWN ST ,Raymond Majeau,275,11-Mar-12,Vehicle - Pedestrian,X,,,"Two-Way , Not Divided",Dry,Dark - Not Lighted,Clear,1,Angle (Front - to - Side) Right Angle (Includes Broadside),"Yes, M/V and Driver Left Scene",Stop Signs,1,1,Non-Incapacitating
120732,3/11/12,3:30 PM,2012-00021198,PARKIS AVE,BROAD ST ,PARKIS AVE / BROAD ST ,Richard Mendez,288,11-Mar-12,Vehicle - Pedestrian,,,,"Two-Way , Not Divided",Dry,Daylight,Clear,1,Not a Collision Between Two Motor Vehicles in Transport,No,No Controls,2,0,No Injury
121595,3/12/12,6:31 PM,2012-00021555,ELMDALE AVE,WEBSTER AVE ,ELMDALE AVE / WEBSTER AVE ,Matthew Cute,308,15-Mar-12,Vehicle - Pedestrian,,,,"Two-Way , Not Divided",Dry,Daylight,Clear,1,Not a Collision Between Two Motor Vehicles in Transport,No,No Controls,2,1,Complains Of Pain
120836,3/12/12,7:42 AM,2012-00021367,42 CROWNINSHIELD ST,MERINO ST ,42 CROWNINSHIELD ST / MERINO ST ,Darren Hull,598,12-Mar-12,Vehicle - Pedestrian,,,,"Two-Way , Not Divided",Dry,Daylight,Clear,2,Rear - to - Side,"Yes, M/V and Driver Left Scene",No Controls,4,0,Unknown
121281,3/14/12,8:34 AM,2012-00022010,Adalaide,Niagra,Adalaide / Niagra,Albert Deschamps,527,14-Mar-12,Vehicle - Pedestrian,,,,"Two-Way , Not Divided",Dry,Daylight,Cloudy,1,Not a Collision Between Two Motor Vehicles in Transport,"Yes, M/V and Driver Left Scene",Stop Signs,1,1,Complains Of Pain
121484,3/14/12,4:39 PM,2012-00022154,NINIGRET AVE,ANTHONY AVE ,NINIGRET AVE / ANTHONY AVE ,Miguel Mena-Torres,493,14-Mar-12,Vehicle - Pedestrian,,,,"Two-Way , Not Divided",Dry,Daylight,Clear,1,Not a Collision Between Two Motor Vehicles in Transport,"Yes, M/V and Driver Left Scene",No Controls,2,1,Complains Of Pain
121825,3/15/12,11:22 PM,2012-00022560,PINE ST,DORRANCE ST ,PINE ST / DORRANCE ST ,Michelle Chasse,264,16-Mar-12,Vehicle - Pedestrian,,,,"Two-Way , Not Divided",Dry,Dark - Lighted,Clear,1,Not a Collision Between Two Motor Vehicles in Transport,No,Traffic Control Signal,5,0,No Injury
122675,3/16/12,9:00 PM,2012-00022835,BROAD ST,SERVICE ROAD 7 ,BROAD ST / SERVICE ROAD 7 ,Papa ,187,16-Mar-12,Vehicle - Pedestrian,X,,,"Two-Way , Not Divided",Dry,Dark - Lighted,Clear,1,Other,No,No Controls,3,1,Complains Of Pain
122092,3/17/12,7:25 PM,2012-00023173,WARRINGTON ST,MELROSE ST ,WARRINGTON ST / MELROSE ST ,Michael Moonan,286,17-Mar-12,Vehicle - Pedestrian,,,,"Two-Way , Not Divided",Dry,Dark - Lighted,Clear,1,Not a Collision Between Two Motor Vehicles in Transport,No,No Controls,4,3,Incapacitating
122101,3/18/12,2:10 AM,2012-00023330,South Main street,COLLEGE ST ,South Main street / COLLEGE ST ,David Iamarone,334,18-Mar-12,Vehicle - Pedestrian,,,,One-Way Trafficway,Dry,Dark - Lighted,Clear,1,Not a Collision Between Two Motor Vehicles in Transport,"Yes, M/V and Driver Left Scene",No Controls,4,1,Non-Incapacitating
121910,3/18/12,2:23 AM,2012-00023340,N MAIN ST,N MAIN ST ,N MAIN ST / N MAIN ST ,Andrew Groot,188,18-Mar-12,Vehicle - Pedestrian,,,,"Two-Way, Divided, Positive Median Barrier",Dry,Dark - Not Lighted,Clear,1,Not a Collision Between Two Motor Vehicles in Transport,No,No Controls,2,1,Complains Of Pain
122087,3/18/12,7:58 PM,2012-00023594,WICKENDEN ST,HOPE ST ,WICKENDEN ST / HOPE ST ,Nicole Darling,325,18-Mar-12,Vehicle - Pedestrian,X,,,"Two-Way , Not Divided",Dry,Dark - Not Lighted,Clear,1,Angle (Front - to - Side) Same Direction,No,Stop Signs,2,1,Incapacitating
122187,3/19/12,4:57 PM,2012-00023847,PROGRESS AVE,TERRACE AVE ,PROGRESS AVE / TERRACE AVE ,Timothy Benson,299,19-Mar-12,Vehicle - Pedestrian,X,,,"Two-Way , Not Divided",Dry,Daylight,Clear,1,Other,No,No Controls,2,0,No Injury
123768,3/19/12,10:03 PM,2012-00023228,FALLON AVE,CHALKSTONE AVE ,FALLON AVE / CHALKSTONE AVE ,Jesse Ferrell,428,31-Mar-12,Vehicle - Pedestrian,,,,"Two-Way , Not Divided",Dry,Dark - Lighted,Clear,2,"Sideswipe, Same Direction","Yes, M/V and Driver Left Scene",No Controls,2,0,Unknown
122281,3/20/12,2:58 PM,2012-00024127,WESTMINSTER ST,ROUTE 10,WESTMINSTER ST / ROUTE 10,John Manzotti,521,20-Mar-12,Vehicle - Pedestrian,,,,"Two-Way , Not Divided",Dry,Daylight,Clear,1,Head-On (Front - to - Front),No,Traffic Control Signal,3,1,Incapacitating
122461,3/21/12,1:19 PM,2012-00024098,Broad Street,OXFORD ST ,Broad Street / OXFORD ST ,Miguel Castillo,489,21-Mar-12,Vehicle - Pedestrian,,,,"Two-Way , Not Divided",Dry,Daylight,Clear,1,Not a Collision Between Two Motor Vehicles in Transport,No,Traffic Control Signal,2,1,Complains Of Pain
122636,3/22/12,6:05 PM,2012-00025011,PLAINFIELD ST,WEBSTER AVE ,PLAINFIELD ST / WEBSTER AVE ,Vincent Labianca,290,22-Mar-12,Vehicle - Pedestrian,,,,"Two-Way , Not Divided",Dry,Daylight,Clear,1,Not a Collision Between Two Motor Vehicles in Transport,"Yes, M/V and Driver Left Scene",No Controls,1,1,Complains Of Pain
122699,3/22/12,8:00 AM,2012-00024806,MANTON AVE,FRUIT HILL AVE ,MANTON AVE / FRUIT HILL AVE ,Kenneth Pike,130,23-Mar-12,Vehicle - Pedestrian,,,,"Two-Way , Not Divided",Dry,Daylight,Clear,1,Other,No,Traffic Control Signal,2,0,No Injury
122791,3/23/12,10:18 PM,2012-00025537,CHALKSTONE AVE,GENEVA ST,CHALKSTONE AVE / GENEVA ST,Roland Reed,505,23-Mar-12,Vehicle - Pedestrian,,,,"Two-Way , Not Divided",Dry,Dark - Lighted,Clear,1,Head-On (Front - to - Front),"Yes, Driver Left Scene",No Controls,3,1,Complains Of Pain
122658,3/23/12,1:22 AM,2012-00025180,HOSPITAL ST,ELM ST ,HOSPITAL ST / ELM ST ,Andrew Groot,188,23-Mar-12,Vehicle - Pedestrian,,,,Unknown,Dry,Dark - Lighted,Clear,3,Angle (Front - to - Side) Same Direction,"Yes, M/V and Driver Left Scene",No Controls,5,2,Incapacitating
123755,3/24/12,3:22 PM,2012-00025814,BELMONT AVE,ACADEMY AVE ,BELMONT AVE / ACADEMY AVE ,Jesse Ferrell,428,31-Mar-12,Vehicle - Pedestrian,,,,Unknown,Dry,Daylight,Clear,2,"Sideswipe, Same Direction","Yes, M/V and Driver Left Scene",No Controls,3,0,No Injury
123759,3/25/12,4:03 AM,2012-00026076,HOLDEN ST,SMITH ST ,HOLDEN ST / SMITH ST ,Eric Chabot,470,25-Mar-12,Vehicle - Pedestrian,,,,"Two-Way , Not Divided",Wet,Dark - Lighted,Rain,1,Other,No,No Controls,3,1,Complains Of Pain
123193,3/26/12,11:05 PM,2012-00026636,BRANCH AVE,OPPER ST ,BRANCH AVE / OPPER ST ,Christopher Kennedy,203,27-Mar-12,Vehicle - Pedestrian,,,,"Two-Way , Not Divided",Dry,Dark - Lighted,Clear,1,Not a Collision Between Two Motor Vehicles in Transport,"Yes, M/V and Driver Left Scene",Traffic Control Signal,3,0,Unknown
123484,3/28/12,1:31 PM,2012-00027038,CAMP ST,DOYLE AVE ,CAMP ST / DOYLE AVE ,Antonio D. Laranjo Jr.,456,29-Mar-12,Vehicle - Pedestrian,,X,X,"Two-Way , Not Divided",Wet,Daylight,Rain,1,Other,No,Flashing Traffic Control Signal,4,1,Incapacitating
123510,3/28/12,2:18 PM,2012-00027046,BROAD ST,OXFORD ST ,BROAD ST / OXFORD ST ,Roderick Soares,399,29-Mar-12,Vehicle - Pedestrian,,,,"Two-Way , Not Divided",Dry,Daylight,Cloudy,1,Not a Collision Between Two Motor Vehicles in Transport,No,Traffic Control Signal,3,1,Incapacitating
125349,3/30/12,3:00 PM,2012-00027685,BROADWAY,HARRIS AVE ,BROADWAY / HARRIS AVE ,Sean Lafferty,272,02-Apr-12,Vehicle - Pedestrian,X,,,"Two-Way , Not Divided",Dry,Daylight,Clear,1,Not a Collision Between Two Motor Vehicles in Transport,No,No Controls,3,0,No Injury
124603,3/31/12,4:18 PM,2012-00028061,Reservoir Ave,STATE HWY 10 N ,Reservoir Ave / STATE HWY 10 N ,Richard Ramirez,338,06-Apr-12,Vehicle - Pedestrian,,,,"Two-Way, Not Divided With a Continuous Left Turn Lane",Dry,Daylight,Clear,1,Not a Collision Between Two Motor Vehicles in Transport,"Yes, M/V and Driver Left Scene",Traffic Control Signal,1,0,Unknown
126266,4/1/12,5:23 PM,2012-00028433,DEAN ST,ATWELLS AVE ,DEAN ST / ATWELLS AVE ,Michele Rudolph,512,18-Apr-12,Vehicle - Pedestrian,,,,"Two-Way, Divided, Unprotected (painted>4feet) Medium",Dry,Daylight,Rain,1,Not a Collision Between Two Motor Vehicles in Transport,No,Traffic Control Signal,3,1,Complains Of Pain
123829,4/1/12,6:42 PM,2012-00028457,PLAINFIELD ST,MURRAY ST ,PLAINFIELD ST / MURRAY ST ,Ludwig Castro,201,01-Apr-12,Vehicle - Pedestrian,,,,"Two-Way , Not Divided",Dry,Dark - Lighted,Cloudy,1,Not a Collision Between Two Motor Vehicles in Transport,No,Stop Signs,2,1,Complains Of Pain
124383,4/3/12,12:01 PM,2012-00028921,cadillac dr,NIAGARA ST ,cadillac dr / NIAGARA ST ,Albert Deschamps,527,03-Apr-12,Vehicle - Pedestrian,,,,"Two-Way, Divided, Unprotected (painted>4feet) Medium",Dry,Daylight,Clear,1,Other,No,No Controls,3,1,Non-Incapacitating
124327,4/4/12,7:34 PM,2012-00029406,MEETING ST,THAYER ST ,MEETING ST / THAYER ST ,Ptlm. Ramos,285,04-Apr-12,Vehicle - Pedestrian,,,,"Two-Way , Not Divided",Dry,Dark - Lighted,Clear,2,Unknown,"Yes, M/V and Driver Left Scene",No Controls,3,0,Unknown