CrashReportId,CrashDate,CrashTime,ReportNumber,StreetOrHighway,NearestIntersection,Location,Officer,Badge,ReportDate,TypeOfCollision,Bicycle,Scooter,Wheel Chair,TypeOfRoadway,RoadSurfaceCondition,LightCondition,WeatherCondition,NumberofVehicles,MannerofImpact,HitAndRun,TrafficControl,PersonCount,InjuryCount,MostSeriousInjury
124337,4/4/12,10:48 PM,2012-00029440,KINSLEY AVE,ACORN ST ,KINSLEY AVE / ACORN ST ,Joseph Kane,544,05-Apr-12,Vehicle - Pedestrian,X,,,"Two-Way, Divided, Unprotected (painted>4feet) Medium",Dry,Dark - Lighted,Cloudy,2,Other,"Yes, M/V and Driver Left Scene",No Controls,3,1,Incapacitating
124377,4/5/12,10:29 AM,2012-00029527,GEORGE ST,HOPE ST ,GEORGE ST / HOPE ST ,John Almeida,386,05-Apr-12,Vehicle - Pedestrian,,,,"Two-Way , Not Divided",Dry,Daylight,Clear,1,Not a Collision Between Two Motor Vehicles in Transport,No,Stop Signs,2,0,No Injury
124830,4/6/12,10:09 PM,2012-00030079,BRIDGHAM ST,DIVISION ST ,BRIDGHAM ST / DIVISION ST ,Miguel Mena-Torres,493,07-Apr-12,Vehicle - Pedestrian,,,,"Two-Way , Not Divided",Dry,Dark - Lighted,Clear,1,Not a Collision Between Two Motor Vehicles in Transport,No,No Controls,2,1,Incapacitating
124593,4/6/12,12:51 PM,2012-00029889,GALLUP ST,PRAIRIE AVE ,GALLUP ST / PRAIRIE AVE ,Jose Deschamps,419,06-Apr-12,Vehicle - Pedestrian,,,,"Two-Way , Not Divided",Dry,Daylight,Clear,1,Head-On (Front - to - Front),"Yes, M/V and Driver Left Scene",No Controls,1,1,Complains Of Pain
125235,4/10/12,4:14 PM,2012-00031135,UNION ST,FULTON ST ,UNION ST / FULTON ST ,Ivan Tavarez,204,11-Apr-12,Vehicle - Pedestrian,,,,One-Way Trafficway,Dry,Daylight,Clear,1,Other,No,No Controls,3,0,No Injury
125139,4/10/12,8:16 PM,2012-00031213,DOYLE AVE,CAMP ST ,DOYLE AVE / CAMP ST ,David Lorince,291,10-Apr-12,Vehicle - Pedestrian,,,,"Two-Way , Not Divided",Dry,Dark - Lighted,Clear,1,Not a Collision Between Two Motor Vehicles in Transport,No,No Controls,3,1,Complains Of Pain
125203,4/11/12,10:59 AM,2012-00031358,KENNEDY PLZ   C STOP,ARCADE ST ,KENNEDY PLZ   C STOP / ARCADE ST ,George SanAntonio,604,11-Apr-12,Vehicle - Pedestrian,,,,One-Way Trafficway,Dry,Daylight,Clear,1,Other,No,No Controls,5,1,Incapacitating
125350,4/12/12,1:40 PM,2012-00031707,ELMWOOD AVE,ARCH ST ,ELMWOOD AVE / ARCH ST ,Luis Fernandez,531,12-Apr-12,Vehicle - Pedestrian,,,,One-Way Trafficway,Wet,Daylight,Cloudy,1,Not a Collision Between Two Motor Vehicles in Transport,No,No Controls,2,0,No Injury
125427,4/12/12,7:36 PM,2012-00031832,HOPE ST,NORTH AVE ,HOPE ST / NORTH AVE ,Glen Morgan,558,12-Apr-12,Vehicle - Pedestrian,,,,"Two-Way, Divided, Unprotected (painted>4feet) Medium",Dry,Dusk,Clear,1,Angle (Front - to - Side) Right Angle (Includes Broadside),No,No Controls,5,1,Complains Of Pain
126091,4/13/12,2:42 PM,2012-00032052,DOUGLAS AVE,CHALKSTONE AVE ,DOUGLAS AVE / CHALKSTONE AVE ,Brian Auclair,166,17-Apr-12,Vehicle - Pedestrian,,,,"Two-Way , Not Divided",Dry,Daylight,Clear,1,Other,"Yes, M/V and Driver Left Scene",No Controls,1,1,Complains Of Pain
125758,4/13/12,11:49 PM,2012-00032235,114 HAWKINS ST,YORKSHIRE ST ,114 HAWKINS ST / YORKSHIRE ST ,Jason Bibeault,344,16-Apr-12,Vehicle - Pedestrian,,,,"Two-Way , Not Divided",Dry,Dark - Lighted,Clear,2,Angle (Front - to - Side) Same Direction,No,No Controls,3,0,No Injury
126054,4/17/12,8:33 AM,2012-00033501,CHAFFEE STREET,MANTON AVE,CHAFFEE STREET / MANTON AVE,D. Hull,598,17-Apr-12,Vehicle - Pedestrian,,,,"Two-Way , Not Divided",Dry,Daylight,Clear,2,Head-On (Front - to - Front),No,Stop Signs,3,2,Complains Of Pain
126408,4/19/12,7:52 PM,2012-00034450,ATWELLS AVE,CROUT ST ,ATWELLS AVE / CROUT ST ,Michele Rudolph,512,19-Apr-12,Vehicle - Pedestrian,,,,"Two-Way, Divided, Unprotected (painted>4feet) Medium",Dry,Dark - Lighted,Clear,2,Rear End(Front-to-Rear),No,No Controls,3,0,No Injury
126546,4/20/12,1:05 PM,2012-00034671,WATERMAN ST,THAYER ST ,WATERMAN ST / THAYER ST ,Richard Mills,424,21-Apr-12,Vehicle - Pedestrian,,,,One-Way Trafficway,Dry,Daylight,Clear,1,Not a Collision Between Two Motor Vehicles in Transport,No,Traffic Control Signal,2,0,No Injury
126597,4/21/12,2:27 PM,2012-00035070,KNIGHT ST,GRANT ST ,KNIGHT ST / GRANT ST ,Ricardo Silva,185,21-Apr-12,Vehicle - Pedestrian,,,,"Two-Way , Not Divided",Dry,Unknown,Clear,2,Rear End(Front-to-Rear),"Yes, M/V and Driver Left Scene",No Controls,2,0,Unknown
126516,4/21/12,3:28 AM,2012-00034957,KINSLEY AVE,PARK ST ,KINSLEY AVE / PARK ST ,Andrew Groot,188,21-Apr-12,Vehicle - Pedestrian,,,,One-Way Trafficway,Wet,Dark - Lighted,Rain,1,Not a Collision Between Two Motor Vehicles in Transport,"Yes, Driver Left Scene",No Controls,3,0,Unknown
126669,4/22/12,12:40 PM,2012-00035436,WICKENDEN ST,BROOK ST ,WICKENDEN ST / BROOK ST ,John Almeida,386,22-Apr-12,Vehicle - Pedestrian,,,,"Two-Way , Not Divided",Wet,Daylight,Rain,2,"Sideswipe, Same Direction",No,No Controls,3,0,No Injury
126761,4/23/12,8:29 AM,2012-00035615,284 THAYER ST.,CUSHING ST ,284 THAYER ST. / CUSHING ST ,Edward Enright,480,23-Apr-12,Vehicle - Pedestrian,,,,One-Way Trafficway,Wet,Daylight,Rain,1,Not a Collision Between Two Motor Vehicles in Transport,"Yes, M/V and Driver Left Scene",No Controls,1,1,Complains Of Pain
126765,4/23/12,9:03 AM,2012-00035621,WILLARD AVE,PLAIN ST ,WILLARD AVE / PLAIN ST , Werchadlo Jr.,679,23-Apr-12,Vehicle - Pedestrian,,,,"Two-Way , Not Divided",Wet,Daylight,Rain,1,Other,No,Stop Signs,3,1,Complains Of Pain
126866,4/23/12,7:36 PM,2012-00035809,CHARLES ST,CHARLES ST ,CHARLES ST / CHARLES ST ,Richard Mendez,288,23-Apr-12,Vehicle - Pedestrian,,,,"Two-Way , Not Divided",Wet,Daylight,Rain,1,Not a Collision Between Two Motor Vehicles in Transport,"Yes, M/V and Driver Left Scene",No Controls,1,1,Complains Of Pain
127117,4/26/12,7:04 AM,2012-00036505,EATON ST,SHARON ST ,EATON ST / SHARON ST ,Merrick Cook,280,26-Apr-12,Vehicle - Pedestrian,,,,"Two-Way , Not Divided",Dry,Daylight,Clear,1,Not a Collision Between Two Motor Vehicles in Transport,No,No Controls,3,1,Complains Of Pain
127341,4/28/12,1:20 PM,2012-00037123,BROWN ST,ANGELL ST ,BROWN ST / ANGELL ST ,John Almeida,386,28-Apr-12,Vehicle - Pedestrian,,,,"Two-Way , Not Divided",Dry,Daylight,Clear,2,Rear End(Front-to-Rear),No,No Controls,3,0,Unknown
127429,4/29/12,2:16 AM,2012-00037376,VIOLET ST,ORMS ST ,VIOLET ST / ORMS ST ,Eric Chabot,470,29-Apr-12,Vehicle - Pedestrian,,,,"Two-Way , Not Divided",Dry,Dark - Lighted,Clear,1,Not a Collision Between Two Motor Vehicles in Transport,"Yes, M/V and Driver Left Scene",No Controls,2,1,Complains Of Pain
127455,4/29/12,12:32 PM,2012-00037505,MEMORIAL BLVD,FRANCIS ST ,MEMORIAL BLVD / FRANCIS ST ,George SanAntonio,604,29-Apr-12,Vehicle - Pedestrian,X,,,"Two-Way , Not Divided",Dry,Daylight,Clear,0,Not a Collision Between Two Motor Vehicles in Transport,,Traffic Control Signal,2,1,Incapacitating
127556,4/30/12,10:35 AM,2012-00037783,WASHINGTON ST,UNION ST ,WASHINGTON ST / UNION ST ,Mark Dececco,407,30-Apr-12,Vehicle - Pedestrian,,,,"Two-Way , Not Divided",Dry,Daylight,Clear,1,Other,No,No Controls,2,1,Complains Of Pain
127890,4/30/12,4:13 PM,2012-00037875,ELMWOOD AVE,ARCH ST ,ELMWOOD AVE / ARCH ST ,Miguel Mena-Torres,493,02-May-12,Vehicle - Pedestrian,,,,"Two-Way , Not Divided",Dry,Daylight,Clear,2,Angle (Front - to - Side) Right Angle (Includes Broadside),"Yes, M/V and Driver Left Scene",Traffic Control Signal,2,0,Unknown
127913,5/1/12,3:10 PM,2012-00038140,PEACE ST,BUCKLIN ST ,PEACE ST / BUCKLIN ST ,Miguel Mena-Torres,493,02-May-12,Vehicle - Pedestrian,,,,"Two-Way , Not Divided",Wet,Daylight,Cloudy,2,Angle (Front - to - Side) Right Angle (Includes Broadside),"Yes, M/V and Driver Left Scene",Stop Signs,3,0,No Injury
127924,5/2/12,3:55 PM,2012-00038466,CRANSTON ST,ALTHEA ST ,CRANSTON ST / ALTHEA ST ,Troy Lambert,413,02-May-12,Vehicle - Pedestrian,,,,"Two-Way , Not Divided",Dry,Daylight,Cloudy,1,Not a Collision Between Two Motor Vehicles in Transport,No,No Controls,3,1,Complains Of Pain
131512,5/5/12,1:19 PM,2012-00039391,WEYBOSSET ST,PAGE ST ,WEYBOSSET ST / PAGE ST ,Scott Logan,393,08-May-12,Vehicle - Pedestrian,,,,"Two-Way , Not Divided",Dry,Daylight,Cloudy,1,Not a Collision Between Two Motor Vehicles in Transport,No,No Controls,2,0,No Injury
128481,5/6/12,11:03 PM,2012-00039953,UNION AVE,WEBSTER AVE ,UNION AVE / WEBSTER AVE ,Vincent Labianca,290,06-May-12,Vehicle - Pedestrian,X,,,"Two-Way , Not Divided",Dry,Dark - Lighted,Clear,1,Not a Collision Between Two Motor Vehicles in Transport,"Yes, M/V and Driver Left Scene",No Controls,1,1,Complains Of Pain
128546,5/7/12,9:55 AM,2012-00040031,PRATT ST.,S COURT ST ,PRATT ST. / S COURT ST ,Thomas Rose,465,07-May-12,Vehicle - Pedestrian,,,,"Two-Way , Not Divided",Dry,Daylight,Clear,1,Other,No,No Controls,3,1,Complains Of Pain
128552,5/7/12,9:40 AM,2012-00040028,WESTMINSTER ST,BRIDGHAM ST ,WESTMINSTER ST / BRIDGHAM ST ,William Hutchinson,391,07-May-12,Vehicle - Pedestrian,,,,Unknown,Dry,Daylight,Clear,1,Not a Collision Between Two Motor Vehicles in Transport,No,No Controls,2,1,Complains Of Pain
128682,5/7/12,4:16 PM,2012-00040157,WASHINGTON ST,SERVICE ROAD 8 ,WASHINGTON ST / SERVICE ROAD 8 ,Robert Kells,463,07-May-12,Vehicle - Pedestrian,,,,"Two-Way , Not Divided",Dry,Daylight,Clear,2,Head-On (Front - to - Front),No,No Controls,4,0,Unknown
129154,5/9/12,2:07 PM,2012-00040751,JASTRAM ST,WABUN AVE ,JASTRAM ST / WABUN AVE ,Merrick Cook,280,10-May-12,Vehicle - Pedestrian,,,,"Two-Way , Not Divided",Wet,Daylight,Rain,2,Unknown,"Yes, M/V and Driver Left Scene",No Controls,5,0,No Injury
129207,5/10/12,3:34 PM,2012-00041093,WASHINGTON ST,SNOW ST ,WASHINGTON ST / SNOW ST ,Matthew Goddard,171,10-May-12,Vehicle - Pedestrian,X,,,"Two-Way , Not Divided",Dry,Daylight,Clear,1,Angle (Front - to - Side) Same Direction,No,No Controls,2,1,Complains Of Pain
129260,5/10/12,2:07 PM,2012-00041024,Union Ave,WEBSTER AVE ,Union Ave / WEBSTER AVE ,D. Hull,598,11-May-12,Vehicle - Pedestrian,,,,"Two-Way , Not Divided",Dry,Daylight,Clear,2,Not a Collision Between Two Motor Vehicles in Transport,,No Controls,2,0,Unknown
129499,5/13/12,6:04 PM,2012-00042331,CHALKSTONE AVE,VICTORIA ST ,CHALKSTONE AVE / VICTORIA ST ,Richard Esposito,320,13-May-12,Vehicle - Pedestrian,,,,"Two-Way , Not Divided",Dry,Daylight,Clear,1,Unknown,"Yes, M/V and Driver Left Scene",No Controls,1,1,Complains Of Pain
129565,5/13/12,10:42 PM,2012-00042420,ORMS ST,SMITH ST ,ORMS ST / SMITH ST ,Koren Pacheco,306,13-May-12,Vehicle - Pedestrian,,,,"Two-Way , Not Divided",Dry,Dark - Lighted,Clear,1,Not a Collision Between Two Motor Vehicles in Transport,No,Traffic Control Signal,4,1,Non-Incapacitating
129722,5/13/12,11:24 PM,2012-00042437,JOHNSON ST,EDDY ST ,JOHNSON ST / EDDY ST ,Joseph Pineau,256,15-May-12,Vehicle - Pedestrian,,,,"Two-Way , Not Divided",Dry,Dark - Lighted,Clear,1,Not a Collision Between Two Motor Vehicles in Transport,"Yes, M/V and Driver Left Scene",No Controls,1,0,Unknown
129985,5/16/12,9:09 PM,2012-00043429,CHALKSTONE AVE,CAMDEN AVE ,CHALKSTONE AVE / CAMDEN AVE ,Brian Auclair,166,16-May-12,Vehicle - Pedestrian,,,,"Two-Way , Not Divided",Dry,Dark - Lighted,Clear,1,Unknown,No,No Controls,3,1,Complains Of Pain
130105,5/17/12,6:24 PM,2012-00043780,UNIT ST,MAYNARD ST ,UNIT ST / MAYNARD ST ,Stephen Frechette,362,17-May-12,Vehicle - Pedestrian,,,,"Two-Way , Not Divided",Dry,Daylight,Clear,1,Not a Collision Between Two Motor Vehicles in Transport,No,No Controls,3,1,Complains Of Pain
130240,5/18/12,4:44 PM,2012-00044144,WATERMAN ST,COLD SPRING ST ,WATERMAN ST / COLD SPRING ST ,Scott Sousa,464,18-May-12,Vehicle - Pedestrian,,,,One-Way Trafficway,Dry,Daylight,Clear,2,"Sideswipe, Same Direction",No,No Controls,4,0,No Injury
130356,5/18/12,8:39 AM,2012-00043975,HASKINS ST,BROAD ST,HASKINS ST / BROAD ST,Jose Deschamps,419,18-May-12,Vehicle - Pedestrian,,,,"Two-Way, Divided, Unprotected (painted>4feet) Medium",Dry,Daylight,Clear,1,Other,No,No Controls,3,1,Complains Of Pain
130439,5/20/12,2:18 AM,2012-00044857,HAYWARD ST,PEARL ST ,HAYWARD ST / PEARL ST ,Daniel Sirignano,261,20-May-12,Vehicle - Pedestrian,,,,"Two-Way , Not Divided",Dry,Dark - Lighted,Clear,1,Not a Collision Between Two Motor Vehicles in Transport,"Yes, M/V and Driver Left Scene",No Controls,1,1,Complains Of Pain
130601,5/21/12,11:14 AM,2012-00045313,MESSER ST,490 CRANSTON ST,MESSER ST / 490 CRANSTON ST,Luis Fernandez,531,21-May-12,Vehicle - Pedestrian,,,,"Two-Way , Not Divided",Dry,Daylight,Cloudy,1,Not a Collision Between Two Motor Vehicles in Transport,No,Stop Signs,2,1,Complains Of Pain
130837,5/22/12,10:56 AM,2012-00045651,321 SOUTH MAIN ST.,S MAIN ST ,321 SOUTH MAIN ST. / S MAIN ST ,Edward Enright,480,22-May-12,Vehicle - Pedestrian,,,,One-Way Trafficway,Wet,Daylight,Rain,1,"Sideswipe, Same Direction",No,No Controls,2,1,Complains Of Pain
131049,5/23/12,7:35 AM,2012-00045951,NASHUA ST,FROST ST ,NASHUA ST / FROST ST , Baez Jr.,687,23-May-12,Vehicle - Pedestrian,,,,"Two-Way , Not Divided",Wet,Daylight,Cloudy,1,Head-On (Front - to - Front),No,Person,4,1,Complains Of Pain
132047,5/26/12,10:24 PM,2012-00047415,FRANCIS ST,AMERICAN EXPRESS PLZ ,FRANCIS ST / AMERICAN EXPRESS PLZ ,Andrew Groot,188,27-May-12,Vehicle - Pedestrian,,,,"Two-Way, Divided, Unprotected (painted>4feet) Medium",Dry,Dark - Lighted,Clear,1,Not a Collision Between Two Motor Vehicles in Transport,No,No Controls,3,1,Complains Of Pain
131538,5/26/12,1:56 AM,2012-00047072,UNION AVE,CUMERFORD ST ,UNION AVE / CUMERFORD ST ,Christopher Kennedy,203,26-May-12,Vehicle - Pedestrian,,,,"Two-Way , Not Divided",Dry,Dark - Lighted,Clear,1,Not a Collision Between Two Motor Vehicles in Transport,"Yes, M/V and Driver Left Scene",No Controls,1,1,Complains Of Pain
131981,5/28/12,8:56 AM,2012-00047987,387 CHARLES ST,SILVER SPRING ST ,387 CHARLES ST / SILVER SPRING ST ,Joseph Madeira,552,29-May-12,Vehicle - Pedestrian,,,,"Two-Way , Not Divided",Dry,Daylight,Clear,1,Angle (Front - to - Side) Right Angle (Includes Broadside),No,Traffic Control Signal,3,1,Complains Of Pain
132068,5/29/12,2:50 PM,2012-00048477,PRAIRIE AVE,THURBERS AVE ,PRAIRIE AVE / THURBERS AVE ,Jared Stanzione,193,29-May-12,Vehicle - Pedestrian,,,,"Two-Way , Not Divided",Dry,Daylight,Clear,1,Head-On (Front - to - Front),"Yes, M/V and Driver Left Scene",No Controls,2,1,Complains Of Pain
132195,5/29/12,12:06 PM,2012-00048437,PROMENADE ST,DEAN ST ,PROMENADE ST / DEAN ST ,Anthony Corsetti,449,30-May-12,Vehicle - Pedestrian,,,,One-Way Trafficway,Dry,Daylight,Clear,2,Angle (Front - to - Side) Right Angle (Includes Broadside),"Yes, M/V and Driver Left Scene",Traffic Control Signal,2,0,No Injury
132261,5/30/12,3:11 PM,2012-00048859,BURLINGTON ST,HOPE ST ,BURLINGTON ST / HOPE ST ,Shawn Kennedy,547,30-May-12,Vehicle - Pedestrian,,,,"Two-Way , Not Divided",Dry,Daylight,Clear,2,"Sideswipe, Same Direction",No,No Controls,4,0,No Injury
132358,5/30/12,10:05 AM,2012-00048763,BROADWAY ,DEAN ST ,BROADWAY  / DEAN ST ,John Kennedy,160,31-May-12,Vehicle - Pedestrian,,,,"Two-Way , Not Divided",Dry,Daylight,Cloudy,1,Angle (Front - to - Side) Right Angle (Includes Broadside),No,Traffic Control Signal,3,1,Complains Of Pain
132461,5/31/12,3:01 PM,2012-00049206,John Street,Governor Street,John Street / Governor Street,Christopher Owens,611,31-May-12,Vehicle - Pedestrian,X,,,"Two-Way , Not Divided",Dry,Daylight,Clear,1,Not a Collision Between Two Motor Vehicles in Transport,No,No Controls,2,1,Incapacitating
132497,5/31/12,6:49 PM,2012-00049309,VIOLET ST,CHALKSTONE AVE ,VIOLET ST / CHALKSTONE AVE ,Vincent Pazzetta,641,31-May-12,Vehicle - Pedestrian,,,,"Two-Way , Not Divided",Dry,Daylight,Clear,1,Not a Collision Between Two Motor Vehicles in Transport,No,No Controls,3,0,No Injury
132553,6/1/12,6:30 PM,2012-00049731,LEAH ST,FAIRMOUNT AVE ,LEAH ST / FAIRMOUNT AVE ,Brian Muldoon,182,01-Jun-12,Vehicle - Pedestrian,,,,"Two-Way , Not Divided",Dry,Daylight,Clear,1,Head-On (Front - to - Front),No,No Controls,2,1,Incapacitating
132790,6/2/12,9:46 PM,2012-00050141,OPPER ST,GREELEY ST ,OPPER ST / GREELEY ST ,Michael Pattie,316,02-Jun-12,Vehicle - Pedestrian,,,,"Two-Way , Not Divided",Wet,Dark - Lighted,Clear,2,Angle (Front - to - Side) Right Angle (Includes Broadside),No,Stop Signs,4,1,Complains Of Pain
132802,6/3/12,2:02 AM,2012-00050225,ALVERSON AVE,NYE ST ,ALVERSON AVE / NYE ST ,Vincent Labianca,290,03-Jun-12,Vehicle - Pedestrian,,,,"Two-Way , Not Divided",Dry,Dark - Lighted,Clear,2,"Sidwswipe, Opposite Direction","Yes, M/V and Driver Left Scene",No Controls,2,1,Complains Of Pain
132814,6/3/12,3:02 AM,2012-00050245,SERVICE ROAD 7,BROAD ST.,SERVICE ROAD 7 / BROAD ST.,John Sigillo,590,03-Jun-12,Vehicle - Pedestrian,,,,One-Way Trafficway,Dry,Dark - Lighted,Clear,1,Not a Collision Between Two Motor Vehicles in Transport,No,Traffic Control Signal,5,1,Incapacitating
132866,6/3/12,5:20 PM,2012-00050422,Manton Ave,Riverdale St,Manton Ave / Riverdale St,Matthew Greely,184,03-Jun-12,Vehicle - Pedestrian,X,,,"Two-Way , Not Divided",Dry,Daylight,Clear,1,Not a Collision Between Two Motor Vehicles in Transport,No,No Controls,7,1,Incapacitating
132868,6/3/12,6:41 PM,2012-00050454,PLAINFIELD ST,DUXBURY ST ,PLAINFIELD ST / DUXBURY ST ,Jason Andrade,200,03-Jun-12,Vehicle - Pedestrian,,,,"Two-Way, Divided, Positive Median Barrier",Dry,Daylight,Clear,1,Other,No,No Controls,2,1,Complains Of Pain
132877,6/3/12,4:31 PM,2012-00050407,SORRENTO ST,LINWOOD AVENUE,SORRENTO ST / LINWOOD AVENUE,Luis Pelaez,336,03-Jun-12,Vehicle - Pedestrian,,,,"Two-Way , Not Divided",Dry,Daylight,Clear,1,Not a Collision Between Two Motor Vehicles in Transport,No,No Controls,4,1,Complains Of Pain
133026,6/5/12,5:41 PM,2012-00051064,711 Broad Street,BROAD ST ,711 Broad Street / BROAD ST ,Anthony Doucette,475,05-Jun-12,Vehicle - Pedestrian,,,,Unknown,Dry,Daylight,Cloudy,1,Unknown,No,No Controls,4,1,Complains Of Pain
133049,6/5/12,4:42 PM,2012-00051033,DOUGLAS AVE,DOUGLAS AVE ,DOUGLAS AVE / DOUGLAS AVE ,Brian Auclair,166,05-Jun-12,Vehicle - Pedestrian,,,,"Two-Way , Not Divided",Dry,Daylight,Clear,1,Unknown,No,No Controls,2,0,No Injury
133931,6/6/12,12:23 PM,2012-00051244,PUTNAM ST,AMHERST ST ,PUTNAM ST / AMHERST ST ,John Kennedy,160,06-Jun-12,Vehicle - Pedestrian,,,,"Two-Way , Not Divided",Dry,Daylight,Cloudy,1,Angle (Front - to - Side) Right Angle (Includes Broadside),No,Stop Signs,3,1,Complains Of Pain
133268,6/7/12,3:41 PM,2012-00051608,310 CRANSTON ST,DEXTER ST ,310 CRANSTON ST / DEXTER ST ,Miguel Mena-Torres,493,07-Jun-12,Vehicle - Pedestrian,,,,"Two-Way , Not Divided",Dry,Daylight,Cloudy,2,Not a Collision Between Two Motor Vehicles in Transport,"Yes, M/V and Driver Left Scene",No Controls,2,0,No Injury
133276,6/7/12,7:05 PM,2012-00051673,ATWELLS AVE,PIEDMONT ST ,ATWELLS AVE / PIEDMONT ST ,Ken Matsumoto,348,07-Jun-12,Vehicle - Pedestrian,,,,"Two-Way, Divided, Unprotected (painted>4feet) Medium",Dry,Daylight,Clear,2,Not a Collision Between Two Motor Vehicles in Transport,No,No Controls,3,2,Complains Of Pain
133398,6/8/12,3:41 PM,2012-00051961,VERMONT AVE,VIRGINIA AVE ,VERMONT AVE / VIRGINIA AVE ,OR PROCTOR ,627,08-Jun-12,Vehicle - Pedestrian,,,,"Two-Way , Not Divided",Dry,Daylight,Clear,2,Rear - to - Side,No,No Controls,3,0,No Injury
133424,6/8/12,2:55 PM,2012-00051938,WASHINGTON ST,DORRANCE ST ,WASHINGTON ST / DORRANCE ST ,Scott McGregor,100,08-Jun-12,Vehicle - Pedestrian,,,,One-Way Trafficway,Dry,Daylight,Clear,1,Not a Collision Between Two Motor Vehicles in Transport,No,Traffic Control Signal,4,2,Complains Of Pain
133748,6/9/12,11:23 PM,2012-00052595,SASSAFRAS ST,SAVINGS ST ,SASSAFRAS ST / SAVINGS ST ,Michael Moonan,286,11-Jun-12,Vehicle - Pedestrian,,,,"Two-Way , Not Divided",Dry,Dark - Unknown Lighting,Clear,1,Not a Collision Between Two Motor Vehicles in Transport,No,No Controls,3,1,Complains Of Pain
133549,6/10/12,8:16 AM,2012-00052787,LESTER ST,GILMORE ST ,LESTER ST / GILMORE ST ,Joseph Madeira,552,10-Jun-12,Vehicle - Pedestrian,X,,,"Two-Way , Not Divided",Dry,Daylight,Clear,1,Angle (Front - to - Side) Right Angle (Includes Broadside),No,Stop Signs,3,0,No Injury
133806,6/11/12,3:02 PM,2012-00053241,ELMWOOD AVE ,WHITMARSH ST ,ELMWOOD AVE  / WHITMARSH ST ,Miguel Mena-Torres,493,11-Jun-12,Vehicle - Pedestrian,,,,"Two-Way , Not Divided",Dry,Daylight,Cloudy,1,Not a Collision Between Two Motor Vehicles in Transport,No,No Controls,2,1,Complains Of Pain
133820,6/11/12,3:26 PM,2012-00053246,NEWARK ST,VALLEY ST ,NEWARK ST / VALLEY ST ,Roland Reed,505,11-Jun-12,Vehicle - Pedestrian,,,,"Two-Way , Not Divided",Dry,Daylight,Clear,1,Head-On (Front - to - Front),No,Stop Signs,3,1,Complains Of Pain
133984,6/12/12,4:59 PM,2012-00053654,ELLENFIELD ST,BAKER ST ,ELLENFIELD ST / BAKER ST ,OR PROCTOR ,627,12-Jun-12,Vehicle - Pedestrian,,,,"Two-Way, Divided, Unprotected (painted>4feet) Medium",Dry,Daylight,Clear,2,Unknown,"Yes, M/V and Driver Left Scene",No Controls,2,0,Unknown
134209,6/13/12,4:11 PM,2012-00053975,Chalkstone Avenue ,Fallon Street ,Chalkstone Avenue  / Fallon Street ,Giuseppe Scarcello,485,13-Jun-12,Vehicle - Pedestrian,,,,"Two-Way , Not Divided",Wet,Daylight,Rain,1,Angle (Front - to - Side) Right Angle (Includes Broadside),No,No Controls,3,1,Complains Of Pain
134257,6/14/12,2:24 PM,2012-00054255,KENNEDY PLZ,DORRANCE ST ,KENNEDY PLZ / DORRANCE ST ,William Hayes,538,14-Jun-12,Vehicle - Pedestrian,,,,One-Way Trafficway,Dry,Daylight,Clear,1,Not a Collision Between Two Motor Vehicles in Transport,No,No Controls,4,1,Complains Of Pain
134686,6/16/12,9:24 PM,2012-00055274,DORRANCE STREET,PINE ST ,DORRANCE STREET / PINE ST ,William O'Donnell,150,17-Jun-12,Vehicle - Pedestrian,,,,Unknown,Dry,Daylight,Clear,1,Not a Collision Between Two Motor Vehicles in Transport,No,No Controls,8,1,Complains Of Pain
134389,6/16/12,3:03 AM,2012-00054983,N MAIN ST,N MAIN ST ,N MAIN ST / N MAIN ST ,Adam Chin,289,16-Jun-12,Vehicle - Pedestrian,,,,"Two-Way, Divided, Positive Median Barrier",Dry,Dark - Lighted,Clear,3,Rear End(Front-to-Rear),No,No Controls,6,3,Complains Of Pain
134442,6/16/12,3:18 PM,2012-00055145,Memorial BLVD,FRANCIS ST ,Memorial BLVD / FRANCIS ST ,Anthony Doucette,475,16-Jun-12,Vehicle - Pedestrian,,,,One-Way Trafficway,Dry,Daylight,Clear,1,Unknown,No,Traffic Control Signal,3,0,No Injury
134482,6/17/12,12:50 AM,2012-00055373,POTTERS AVE,HAMILTON ST ,POTTERS AVE / HAMILTON ST ,Everett Carvalho,268,17-Jun-12,Vehicle - Pedestrian,,,,"Two-Way , Not Divided",Dry,Dark - Lighted,Clear,1,Not a Collision Between Two Motor Vehicles in Transport,"Yes, M/V and Driver Left Scene",No Controls,3,1,Complains Of Pain
134523,6/17/12,11:00 AM,2012-00055511,ELMWOOD AVE,WEST FRIENDSHIP STREET,ELMWOOD AVE / WEST FRIENDSHIP STREET,Darren Hull,598,17-Jun-12,Vehicle - Pedestrian,,,,"Two-Way , Not Divided",Dry,Daylight,Clear,1,Angle (Front - to - Side) Right Angle (Includes Broadside),No,Traffic Control Signal,4,1,Complains Of Pain
134542,6/17/12,11:56 AM,2012-00055531,350 manton ave,SHERIDAN ST ,350 manton ave / SHERIDAN ST ,Keith Lafazia,394,17-Jun-12,Vehicle - Pedestrian,,,,"Two-Way , Not Divided",Dry,Daylight,Clear,1,Head-On (Front - to - Front),No,No Controls,7,0,No Injury