CrashReportId,CrashDate,CrashTime,ReportNumber,StreetOrHighway,NearestIntersection,Location,Officer,Badge,ReportDate,TypeOfCollision,Bicycle,Scooter,Wheel Chair,TypeOfRoadway,RoadSurfaceCondition,LightCondition,WeatherCondition,NumberofVehicles,MannerofImpact,HitAndRun,TrafficControl,PersonCount,InjuryCount,MostSeriousInjury
134643,6/17/12,3:25 AM,2012-00055437,WESTMINSTER ST,SNOW ST ,WESTMINSTER ST / SNOW ST ,Alberto DaCruz,205,18-Jun-12,Vehicle - Pedestrian,,,,Unknown,Dry,Dark - Lighted,Clear,2,Not a Collision Between Two Motor Vehicles in Transport,"Yes, M/V and Driver Left Scene",No Controls,2,0,No Injury
134787,6/18/12,8:00 PM,2012-00056062,Westminster St,Library Ct,Westminster St / Library Ct,Juan Rodrigues,194,18-Jun-12,Vehicle - Pedestrian,,,,"Two-Way, Divided, Unprotected (painted>4feet) Medium",Dry,Daylight,Clear,1,Angle (Front - to - Side) Right Angle (Includes Broadside),No,Traffic Control Signal,3,1,Complains Of Pain
134819,6/18/12,7:54 PM,2012-00056059,F C GREENE MEMORIAL BLVD,F C GREENE MEMORIAL BLVD ,F C GREENE MEMORIAL BLVD / F C GREENE MEMORIAL BLVD ,Michael Clary,269,18-Jun-12,Vehicle - Pedestrian,X,,,"Two-Way , Not Divided",Dry,Daylight,Clear,1,Not a Collision Between Two Motor Vehicles in Transport,No,No Controls,4,1,Complains Of Pain
134928,6/19/12,11:22 AM,2012-00056241,WESTERLY AVE,POCASSET AVE ,WESTERLY AVE / POCASSET AVE ,Darren Hull,598,19-Jun-12,Vehicle - Pedestrian,,,,"Two-Way , Not Divided",Dry,Daylight,Clear,1,Other,"Yes, M/V and Driver Left Scene",No Controls,1,1,Complains Of Pain
135784,6/20/12,10:14 AM,2012-00056595,1229 WESTMINSTER ST,HAMMOND ST ,1229 WESTMINSTER ST / HAMMOND ST ,Scott Partridge,096,26-Jun-12,Vehicle - Pedestrian,,,,"Two-Way , Not Divided",Dry,Daylight,Clear,1,Angle (Front - to - Side) Right Angle (Includes Broadside),No,No Controls,2,1,Complains Of Pain
135039,6/20/12,11:18 AM,2012-00056625,HUNTINGTON AVENUE,PLYMOUTH AVENUE ,HUNTINGTON AVENUE / PLYMOUTH AVENUE ,Joseph Madeira,552,20-Jun-12,Vehicle - Pedestrian,,,,"Two-Way , Not Divided",Dry,Daylight,Clear,1,Angle (Front - to - Side) Right Angle (Includes Broadside),No,Stop Signs,3,1,Complains Of Pain
135494,6/21/12,4:01 PM,2012-00057085,BROAD ST,BROAD ST ,BROAD ST / BROAD ST ,Jessica Leone,258,21-Jun-12,Vehicle - Pedestrian,,,,"Two-Way , Not Divided",Dry,Daylight,Clear,2,Rear End(Front-to-Rear),"Yes, M/V and Driver Left Scene",No Controls,2,0,No Injury
135814,6/22/12,4:30 PM,2012-00058927,ELMWOOD AVE,PUBLIC ST ,ELMWOOD AVE / PUBLIC ST ,Francisco Furtado,635,26-Jun-12,Vehicle - Pedestrian,,,,Unknown,Dry,Daylight,Clear,2,Angle - Direction Not Specified,"Yes, M/V and Driver Left Scene",No Controls,2,0,Unknown
135423,6/23/12,11:25 AM,2012-00057757,ATWELLS AVE,CUTLER ST ,ATWELLS AVE / CUTLER ST ,Baez,687,23-Jun-12,Vehicle - Pedestrian,,,,"Two-Way , Not Divided",Dry,Daylight,Clear,1,Angle (Front - to - Side) Same Direction,No,No Controls,3,1,Complains Of Pain
135438,6/23/12,7:08 PM,2012-00057906,Morning Star Row,PINE ST ,Morning Star Row / PINE ST ,Carla Cavanaugh,189,23-Jun-12,Vehicle - Pedestrian,X,,,Unknown,Dry,Daylight,Clear,1,Angle (Front - to - Side) Right Angle (Includes Broadside),No,No Controls,7,1,Complains Of Pain
135839,6/24/12,6:26 PM,2012-00058310,Gallup Street,BROAD ST ,Gallup Street / BROAD ST ,Carla Cavanaugh,189,26-Jun-12,Vehicle - Pedestrian,,,,"Two-Way , Not Divided",Dry,Daylight,Clear,1,Angle (Front - to - Side) Right Angle (Includes Broadside),No,Stop Signs,2,1,Complains Of Pain
135526,6/24/12,10:47 AM,2012-00058208,PLAINFIELD ST,744 PLAINFIELD ST - INDOORS,PLAINFIELD ST / 744 PLAINFIELD ST - INDOORS, Baez,687,24-Jun-12,Vehicle - Pedestrian,,,X,Unknown,Dry,Daylight,Clear,1,Rear End(Front-to-Rear),No,No Controls,3,1,Complains Of Pain
135562,6/24/12,7:10 PM,2012-00058322,PROMENADE ST,DEAN ST ,PROMENADE ST / DEAN ST ,Michael Clary,269,24-Jun-12,Vehicle - Pedestrian,X,,,One-Way Trafficway,Dry,Daylight,Clear,1,Not a Collision Between Two Motor Vehicles in Transport,No,Yield Signs,7,0,No Injury
135791,6/26/12,10:41 AM,2012-00058861,WASHINGTON ST,CLEMENCE ST ,WASHINGTON ST / CLEMENCE ST ,George SanAntonio,604,26-Jun-12,Vehicle - Pedestrian,,,,"Two-Way , Not Divided",Dry,Daylight,Clear,1,Other,No,No Controls,4,1,Complains Of Pain
135826,6/26/12,3:27 PM,2012-00058963,MEMORIAL BLVD,STEEPLE ST ,MEMORIAL BLVD / STEEPLE ST ,MICHAEL R. TROIA,331,26-Jun-12,Vehicle - Pedestrian,X,,,One-Way Trafficway,Dry,Daylight,Clear,1,Angle - Direction Not Specified,No,Traffic Control Signal,4,1,Complains Of Pain
135827,6/26/12,3:49 PM,2012-00058968,Eddy St. ,,Eddy St.  / ,Papa ,187,26-Jun-12,Vehicle - Pedestrian,,,,"Two-Way , Not Divided",Dry,Daylight,Clear,1,Angle (Front - to - Side) Right Angle (Includes Broadside),No,No Controls,2,0,No Injury
135994,6/28/12,12:32 PM,2012-00059654,CHALKSTONE AVE,FALLON AVE ,CHALKSTONE AVE / FALLON AVE ,Merrick Cook,280,28-Jun-12,Vehicle - Pedestrian,X,,,"Two-Way , Not Divided",Dry,Daylight,Clear,1,Rear End(Front-to-Rear),No,No Controls,4,1,Non-Incapacitating
136226,6/29/12,10:51 PM,2012-00060300,62 WISDOM AVE,HURON ST ,62 WISDOM AVE / HURON ST ,Michael Clary,269,30-Jun-12,Vehicle - Pedestrian,,,,"Two-Way , Not Divided",Dry,Dark - Lighted,Clear,2,"Sideswipe, Same Direction","Yes, Driver Left Scene",No Controls,3,0,No Injury
136370,6/29/12,9:46 PM,2012-00060267,Knight St,WASHINGTON ST ,Knight St / WASHINGTON ST ,Noel Field,260,01-Jul-12,Vehicle - Pedestrian,X,,,"Two-Way , Not Divided",Dry,Dark - Lighted,Clear,1,Angle (Front - to - Side) Right Angle (Includes Broadside),"Yes, M/V and Driver Left Scene",No Controls,2,0,No Injury
136409,6/29/12,4:25 PM,2012-00060147,F C GREENE MEMORIAL BLVD,MARION AVE ,F C GREENE MEMORIAL BLVD / MARION AVE ,Matthew Cute,308,01-Jul-12,Vehicle - Pedestrian,X,,,"Two-Way , Not Divided",Dry,Daylight,Clear,1,Unknown,"Yes, M/V and Driver Left Scene",No Controls,1,0,No Injury
136225,6/30/12,12:40 AM,2012-00060336,SACRAMENTO ST,GLENBRIDGE AVE ,SACRAMENTO ST / GLENBRIDGE AVE ,Christopher Kennedy,203,30-Jun-12,Vehicle - Pedestrian,X,,,"Two-Way , Not Divided",Dry,Dark - Lighted,Clear,1,Not a Collision Between Two Motor Vehicles in Transport,"Yes, M/V and Driver Left Scene",No Controls,1,1,Complains Of Pain
136694,7/1/12,11:06 AM,2012-00060867,ACADEMY AVE,NEWARK ST ,ACADEMY AVE / NEWARK ST ,John Reposa,686,05-Jul-12,Vehicle - Pedestrian,,,,"Two-Way , Not Divided",Dry,Daylight,Clear,1,Not a Collision Between Two Motor Vehicles in Transport,No,Stop Signs,2,1,Complains Of Pain
136538,7/3/12,10:57 AM,2012-00061576,FOUNTAIN ST,MATHEWSON ST ,FOUNTAIN ST / MATHEWSON ST ,Joseph Madeira,552,03-Jul-12,Vehicle - Pedestrian,,,,One-Way Trafficway,Dry,Daylight,Clear,2,Rear End(Front-to-Rear),No,No Controls,4,0,No Injury
136616,7/4/12,12:32 PM,2012-00062025,MOUNT PLEASANT AVENUE,CHALKSTONE AVENUE,MOUNT PLEASANT AVENUE / CHALKSTONE AVENUE,Joseph Madeira,552,04-Jul-12,Vehicle - Pedestrian,X,,,"Two-Way , Not Divided",Dry,Daylight,Clear,1,Angle (Front - to - Side) Right Angle (Includes Broadside),No,Traffic Control Signal,3,1,Complains Of Pain
136798,7/6/12,11:24 AM,2012-00062831,PENNSYLVANIA AVE,PRAIRIE AVE ,PENNSYLVANIA AVE / PRAIRIE AVE ,Werchadlo Jr.,679,06-Jul-12,Vehicle - Pedestrian,,,,Unknown,Dry,Daylight,Clear,1,Other,"Yes, M/V and Driver Left Scene",No Controls,2,0,Unknown
137554,7/7/12,12:10 PM,2012-00063305,PLAINFIELD ST,DUXBURY ST ,PLAINFIELD ST / DUXBURY ST ,Anthony Hampton,681,13-Jul-12,Vehicle - Pedestrian,X,,,"Two-Way, Divided, Positive Median Barrier",Dry,Daylight,Clear,1,Not a Collision Between Two Motor Vehicles in Transport,No,Stop Signs,2,1,Complains Of Pain
137014,7/8/12,8:51 PM,2012-00063853,BOWEN ST,CONGDON ST ,BOWEN ST / CONGDON ST ,Michael Clary,269,08-Jul-12,Vehicle - Pedestrian,,,,"Two-Way , Not Divided",Dry,Dark - Lighted,Clear,2,Rear End(Front-to-Rear),No,Stop Signs,3,0,No Injury
137099,7/8/12,4:37 PM,2012-00063770,BANCROFT ST,KELLEY ST ,BANCROFT ST / KELLEY ST ,Matthew Cute,308,09-Jul-12,Vehicle - Pedestrian,,,,Unknown,Dry,Daylight,Clear,1,Not a Collision Between Two Motor Vehicles in Transport,"Yes, M/V and Driver Left Scene",No Controls,1,1,Complains Of Pain
137117,7/9/12,4:44 PM,2012-00064139,ALLSTON ST,RIVER AVE ,ALLSTON ST / RIVER AVE ,Brian Muldoon,182,09-Jul-12,Vehicle - Pedestrian,X,,,"Two-Way , Not Divided",Dry,Daylight,Clear,1,Angle (Front - to - Side) Right Angle (Includes Broadside),No,Stop Signs,3,1,Complains Of Pain
137136,7/9/12,5:04 PM,2012-00064144,Hannah st,AMSTERDAM ST ,Hannah st / AMSTERDAM ST ,Ptlm. Chin,516,09-Jul-12,Vehicle - Pedestrian,,,,"Two-Way , Not Divided",Dry,Daylight,Clear,1,Not a Collision Between Two Motor Vehicles in Transport,"Yes, M/V and Driver Left Scene",No Controls,1,1,Complains Of Pain
137173,7/9/12,10:24 PM,2012-00064256,KINSLEY AVE,PARK ST ,KINSLEY AVE / PARK ST ,Noel Field,260,09-Jul-12,Vehicle - Pedestrian,,,,One-Way Trafficway,Dry,Dark - Lighted,Clear,1,Not a Collision Between Two Motor Vehicles in Transport,No,No Controls,4,1,Complains Of Pain
137353,7/11/12,11:22 AM,2012-00064784, 20 OLD RD  PARKING LOT,MOUNT PLEASANT AVE , 20 OLD RD  PARKING LOT / MOUNT PLEASANT AVE ,Rhonda Kessler,108,11-Jul-12,Vehicle - Pedestrian,,,,One-Way Trafficway,Dry,Daylight,Clear,2,Angle - Direction Not Specified,No,No Controls,3,0,No Injury
137411,7/12/12,4:11 AM,2012-00065104,NARRAGANSETT AVE,BURROWS ST ,NARRAGANSETT AVE / BURROWS ST ,Fernando Lopez,156,12-Jul-12,Vehicle - Pedestrian,,,,"Two-Way , Not Divided",Dry,Dark - Lighted,Clear,2,"Sideswipe, Same Direction","Yes, M/V and Driver Left Scene",No Controls,3,0,Unknown
137519,7/12/12,8:18 PM,2012-00065326,ATWELLS AVE,DUTTON ST ,ATWELLS AVE / DUTTON ST ,Michael Clary,269,12-Jul-12,Vehicle - Pedestrian,,,,"Two-Way , Not Divided",Dry,Daylight,Clear,2,"Sideswipe, Same Direction","Yes, M/V and Driver Left Scene",No Controls,2,0,Unknown
137544,7/13/12,5:49 AM,2012-00065473,ELLENFIELD ST,VIRGINIA AVE ,ELLENFIELD ST / VIRGINIA AVE ,Joseph Pineau,256,13-Jul-12,Vehicle - Pedestrian,,,,Unknown,Dry,Daylight,Clear,1,Not a Collision Between Two Motor Vehicles in Transport,No,No Controls,2,1,Complains Of Pain
137573,7/13/12,8:33 AM,2012-00065492,DORRANCE STREET,WEYBOSSET STREET,DORRANCE STREET / WEYBOSSET STREET,Joseph Madeira,552,13-Jul-12,Vehicle - Pedestrian,,,,"Two-Way , Not Divided",Dry,Daylight,Clear,1,Other,No,Traffic Control Signal,4,1,Complains Of Pain
137628,7/13/12,5:07 PM,2012-00065652,JEWETT ST,CALAIS ST ,JEWETT ST / CALAIS ST ,Richard Esposito,320,13-Jul-12,Vehicle - Pedestrian,,X,,"Two-Way , Not Divided",Dry,Daylight,Clear,1,Other,No,No Controls,2,1,Complains Of Pain
137666,7/13/12,11:49 PM,2012-00065795,515 INDIA ST,BRIDGE ST ,515 INDIA ST / BRIDGE ST ,Michael Clary,269,14-Jul-12,Vehicle - Pedestrian,,,,One-Way Trafficway,Dry,Dark - Lighted,Clear,2,"Sideswipe, Same Direction",No,No Controls,3,0,No Injury
137724,7/14/12,9:19 PM,2012-00066124,HOPE ST,GLENDALE AVE ,HOPE ST / GLENDALE AVE ,Khari Bass,312,14-Jul-12,Vehicle - Pedestrian,X,,,"Two-Way , Not Divided",Sand,Dark - Lighted,Clear,1,Not a Collision Between Two Motor Vehicles in Transport,No,No Controls,2,1,Non-Incapacitating
137891,7/16/12,3:12 PM,2012-00066793,MANTON AVE,ORTOLEVA DR ,MANTON AVE / ORTOLEVA DR ,Matthew Greely,184,16-Jul-12,Vehicle - Pedestrian,X,,,"Two-Way , Not Divided",Dry,Daylight,Clear,1,Not a Collision Between Two Motor Vehicles in Transport,No,Traffic Control Signal,2,0,No Injury
138035,7/17/12,2:33 PM,2012-00067174,WHITEHALL ST,21-23 WHITEHALL ST,WHITEHALL ST / 21-23 WHITEHALL ST,Baez,687,17-Jul-12,Vehicle - Pedestrian,,,,"Two-Way , Not Divided",Dry,Daylight,Clear,1,Head-On (Front - to - Front),No,No Controls,4,1,Complains Of Pain
138108,7/17/12,9:25 PM,2012-00067328,CADILLAC DR,EARLY ST ,CADILLAC DR / EARLY ST ,Michael Clary,269,17-Jul-12,Vehicle - Pedestrian,,,,"Two-Way , Not Divided",Dry,Daylight,Clear,2,Rear End(Front-to-Rear),"Yes, M/V and Driver Left Scene",No Controls,2,0,Unknown
138164,7/18/12,11:44 AM,2012-00067486,POINT ST,EDDY ST ,POINT ST / EDDY ST , Baez,687,18-Jul-12,Vehicle - Pedestrian,X,,,"Two-Way, Divided, Positive Median Barrier",Dry,Daylight,Clear,1,Angle (Front - to - Side) Right Angle (Includes Broadside),No,Traffic Control Signal,7,1,Incapacitating
138370,7/19/12,10:26 PM,2012-00068097,KILLINGLY ST,HARTFORD AVE ,KILLINGLY ST / HARTFORD AVE ,Michael Clary,269,19-Jul-12,Vehicle - Pedestrian,X,,,"Two-Way , Not Divided",Dry,Dark - Lighted,Clear,1,Angle (Front - to - Side) Opposite Direction,No,Traffic Control Signal,4,1,Non-Incapacitating
138699,7/20/12,10:50 AM,2012-00068238,ATWELLS AVE,TUXEDO AVE ,ATWELLS AVE / TUXEDO AVE ,Jesse Ferrell,428,22-Jul-12,Vehicle - Pedestrian,,,,Unknown,Dry,Daylight,Clear,2,Angle - Direction Not Specified,"Yes, M/V and Driver Left Scene",No Controls,3,0,No Injury
138388,7/20/12,9:08 AM,2012-00068216,NORTH MAIN STREET,5TH STREET,NORTH MAIN STREET / 5TH STREET,Joseph Madeira,552,20-Jul-12,Vehicle - Pedestrian,,,,"Two-Way , Not Divided",Dry,Daylight,Cloudy,1,Other,No,Stop Signs,6,0,No Injury
138398,7/20/12,12:23 PM,2012-00068262,622 ELMWOOD AVE,ELMWOOD AVE ,622 ELMWOOD AVE / ELMWOOD AVE ,Joseph Madeira,552,20-Jul-12,Vehicle - Pedestrian,,,,"Two-Way, Divided, Positive Median Barrier",Wet,Daylight,Cloudy,1,Other,"Yes, M/V and Driver Left Scene",No Controls,2,0,No Injury
138603,7/21/12,1:44 PM,2012-00068702,48 WATERMAN AVENUE,,48 WATERMAN AVENUE / ,Joseph Madeira,552,22-Jul-12,Vehicle - Pedestrian,,,,One-Way Trafficway,Dry,Daylight,Clear,2,Head-On (Front - to - Front),No,No Controls,3,1,Complains Of Pain
139214,7/22/12,4:13 PM,2012-00069207,F C GREENE MEMORIAL BLVD,VERNDALE AVE ,F C GREENE MEMORIAL BLVD / VERNDALE AVE ,Kusol Pea,174,25-Jul-12,Vehicle - Pedestrian,,,,"Two-Way , Not Divided",Dry,Daylight,Clear,2,Rear - to - Side,No,No Controls,4,0,No Injury
138580,7/22/12,2:45 AM,2012-00069027,HUXLEY AVE,VENTURA ST ,HUXLEY AVE / VENTURA ST ,Eric Chabot,470,22-Jul-12,Vehicle - Pedestrian,,,,"Two-Way , Not Divided",Dry,Dark - Lighted,Clear,1,Not a Collision Between Two Motor Vehicles in Transport,"Yes, M/V and Driver Left Scene",No Controls,4,1,Incapacitating
138676,7/22/12,6:37 PM,2012-00069254,WICKENDEN ST,TRAVERSE ST ,WICKENDEN ST / TRAVERSE ST ,Ptlm. Chin,516,22-Jul-12,Vehicle - Pedestrian,,,,"Two-Way , Not Divided",Dry,Daylight,Clear,2,Unknown,"Yes, M/V and Driver Left Scene",No Controls,2,0,No Injury
139202,7/25/12,3:03 PM,2012-00070297,Morning Star Row,,Morning Star Row / ,Papa ,187,25-Jul-12,Vehicle - Pedestrian,,,,"Two-Way , Not Divided",Dry,Daylight,Clear,1,Not a Collision Between Two Motor Vehicles in Transport,No,No Controls,3,1,Non-Incapacitating
139251,7/25/12,10:32 PM,2012-00070452,COLLEGE ST,S MAIN ST ,COLLEGE ST / S MAIN ST ,Michael Clary,269,26-Jul-12,Vehicle - Pedestrian,,,,One-Way Trafficway,Dry,Dark - Lighted,Clear,1,Angle (Front - to - Side) Right Angle (Includes Broadside),No,Traffic Control Signal,5,0,No Injury
139252,7/25/12,11:00 PM,2012-00070455,754 Plainfield Street,DUXBURY ST ,754 Plainfield Street / DUXBURY ST ,David Perez,181,26-Jul-12,Vehicle - Pedestrian,,,,"Two-Way , Not Divided",Dry,Dark - Lighted,Clear,1,Not a Collision Between Two Motor Vehicles in Transport,No,No Controls,2,1,Complains Of Pain
139267,7/26/12,9:45 AM,2012-00070545,295 ACADEMY AVE,CHALKSTONE AVE ,295 ACADEMY AVE / CHALKSTONE AVE ,Merrick Cook,280,26-Jul-12,Vehicle - Pedestrian,,,,"Two-Way , Not Divided",Dry,Daylight,Cloudy,2,Rear - to - Rear,No,No Controls,3,0,No Injury
139534,7/28/12,4:29 PM,2012-00071479,189 Canal St,PARK ROW ,189 Canal St / PARK ROW ,Ptlm. Chin,516,28-Jul-12,Vehicle - Pedestrian,X,,,"Two-Way , Not Divided",Wet,Daylight,Cloudy,1,"Sideswipe, Same Direction",No,No Controls,3,1,Complains Of Pain
139635,7/28/12,10:30 PM,2012-00071633,CRANSTON ST,ALTHEA ST ,CRANSTON ST / ALTHEA ST ,Luis Pelaez,336,29-Jul-12,Vehicle - Pedestrian,,,,"Two-Way , Not Divided",Dry,Dark - Lighted,Clear,2,Not a Collision Between Two Motor Vehicles in Transport,"Yes, M/V and Driver Left Scene",Stop Signs,3,0,No Injury
139861,7/30/12,1:57 PM,2012-00072191,LABAN ST,WEBSTER AVE ,LABAN ST / WEBSTER AVE ,Louis Salinaro,592,01-Aug-12,Vehicle - Pedestrian,X,,,"Two-Way , Not Divided",Dry,Daylight,Clear,1,"Sidwswipe, Opposite Direction",No,No Controls,6,1,Complains Of Pain
139794,7/31/12,11:49 AM,2012-00072527,MANTON AVENUE,PELHAM STREET,MANTON AVENUE / PELHAM STREET,Joseph Madeira,552,31-Jul-12,Vehicle - Pedestrian,X,,,"Two-Way , Not Divided",Dry,Daylight,Clear,1,Other,No,No Controls,2,0,No Injury
139998,8/2/12,4:11 PM,2012-00073317,97 RUGGLES ST,,97 RUGGLES ST / ,MICHAEL R. TROIA,331,02-Aug-12,Vehicle - Pedestrian,X,,,"Two-Way , Not Divided",Dry,Daylight,Clear,1,Head-On (Front - to - Front),No,No Controls,7,1,Complains Of Pain
140289,8/3/12,8:15 PM,2012-00073808,SAYLES ST,HARRIET ST ,SAYLES ST / HARRIET ST ,Jared Stanzione,193,04-Aug-12,Vehicle - Pedestrian,X,,,"Two-Way , Not Divided",Dry,Dark - Not Lighted,Clear,1,Unknown,"Yes, M/V and Driver Left Scene",No Controls,2,1,Complains Of Pain
140625,8/6/12,8:36 PM,2012-00075011,Lenox Ave,MELROSE ST ,Lenox Ave / MELROSE ST ,Michael Clary,269,07-Aug-12,Vehicle - Pedestrian,X,,,"Two-Way , Not Divided",Dry,Dark - Lighted,Clear,1,Angle (Front - to - Side) Right Angle (Includes Broadside),No,Stop Signs,2,1,Complains Of Pain
141034,8/9/12,3:35 PM,2012-00075951,29 Nebraska St,MILLARD ST ,29 Nebraska St / MILLARD ST ,Ptlm. Chin,516,09-Aug-12,Vehicle - Pedestrian,X,,,"Two-Way , Not Divided",Dry,Daylight,Clear,1,Not a Collision Between Two Motor Vehicles in Transport,No,No Controls,4,1,Complains Of Pain
141082,8/9/12,8:11 PM,2012-00076059,BROAD ST,CALLA ST ,BROAD ST / CALLA ST ,Taylor Britto,202,09-Aug-12,Vehicle - Pedestrian,,,,"Two-Way , Not Divided",Dry,Dark - Lighted,Clear,1,Head-On (Front - to - Front),"Yes, M/V and Driver Left Scene",No Controls,1,1,Complains Of Pain
141086,8/9/12,3:15 PM,2012-00075963,BERKSHIRE ST,ADMIRAL ST ,BERKSHIRE ST / ADMIRAL ST ,Brian Auclair,166,09-Aug-12,Vehicle - Pedestrian,,,,"Two-Way , Not Divided",Dry,Daylight,Clear,1,Not a Collision Between Two Motor Vehicles in Transport,"Yes, M/V and Driver Left Scene",No Controls,2,1,Complains Of Pain
141094,8/9/12,10:24 PM,2012-00076107,Randall St,Charles St ,Randall St / Charles St ,Noel Field,260,10-Aug-12,Vehicle - Pedestrian,X,,,"Two-Way , Not Divided",Dry,Dark - Lighted,Clear,1,Other,No,No Controls,2,1,Non-Incapacitating
141095,8/9/12,11:08 PM,2012-00076125,Manton Ave,AMHERST ST ,Manton Ave / AMHERST ST ,Noel Field,260,10-Aug-12,Vehicle - Pedestrian,,,,"Two-Way , Not Divided",Dry,Dark - Lighted,Clear,1,Not a Collision Between Two Motor Vehicles in Transport,No,No Controls,3,0,No Injury
141145,8/10/12,10:02 AM,2012-00076258,Broad Street,Public ST,Broad Street / Public ST,Kenneth Wigginton,359,10-Aug-12,Vehicle - Pedestrian,,,,"Two-Way , Not Divided",Dry,Daylight,Cloudy,1,Not a Collision Between Two Motor Vehicles in Transport,No,Traffic Control Signal,2,1,Complains Of Pain
141197,8/10/12,11:00 AM,2012-00076277,WASHINGTON ST,DORRANCE ST ,WASHINGTON ST / DORRANCE ST ,Mark Dececco,407,10-Aug-12,Vehicle - Pedestrian,X,,,One-Way Trafficway,Dry,Daylight,Clear,1,Not a Collision Between Two Motor Vehicles in Transport,No,No Controls,3,1,Complains Of Pain
141207,8/10/12,5:10 PM,2012-00076383,Union Ave,POCASSET AVE ,Union Ave / POCASSET AVE ,Jason Andrade,200,10-Aug-12,Vehicle - Pedestrian,,,,"Two-Way, Divided, Positive Median Barrier",Wet,Daylight,Rain,1,Head-On (Front - to - Front),"Yes, Driver Left Scene",Traffic Control Signal,2,2,Complains Of Pain
142524,8/11/12,9:01 PM,2012-00076858,Atwells Avenue,DE PASQUALE AVE ,Atwells Avenue / DE PASQUALE AVE ,Michele Rudolph,512,17-Aug-12,Vehicle - Pedestrian,,,,Unknown,Dry,Daylight,Clear,2,Rear - to - Side,No,No Controls,4,0,No Injury
141356,8/11/12,12:30 PM,2012-00076716,15 Whelan Rd,BODELL AVE ,15 Whelan Rd / BODELL AVE ,Kevin Costa,431,11-Aug-12,Vehicle - Pedestrian,,,,"Two-Way , Not Divided",Dry,Daylight,Clear,1,Other,"Yes, M/V and Driver Left Scene",No Controls,1,1,Non-Incapacitating
141484,8/12/12,3:13 AM,2012-00076998,S WATER ST,,S WATER ST / ,Brian Ramos,285,12-Aug-12,Vehicle - Pedestrian,,,,Unknown,Dry,Dark - Lighted,Clear,2,"Sideswipe, Same Direction",No,No Controls,5,0,No Injury
142214,8/13/12,2:50 AM,2012-00077443,650 Plainfield Sreet,Jewell Street,650 Plainfield Sreet / Jewell Street,Michael Caraccia,624,16-Aug-12,Vehicle - Pedestrian,,,,"Two-Way , Not Divided",Dry,Dark - Lighted,Clear,2,Rear End(Front-to-Rear),"Yes, M/V and Driver Left Scene",No Controls,2,0,Unknown
141760,8/13/12,4:46 PM,2012-00077519,WESTMINSTER ST EXIT Rt 10,WESTMINSTER ST ,WESTMINSTER ST EXIT Rt 10 / WESTMINSTER ST ,Ricardo Silva,185,13-Aug-12,Vehicle - Pedestrian,,,,"Two-Way, Divided, Unprotected (painted>4feet) Medium",Dry,Daylight,Clear,1,Not a Collision Between Two Motor Vehicles in Transport,No,Traffic Control Signal,4,1,Complains Of Pain
142147,8/15/12,7:53 PM,2012-00078330,BLACKSTONE BLVD,BUTLER DR ,BLACKSTONE BLVD / BUTLER DR ,Ralph Abenante,511,15-Aug-12,Vehicle - Pedestrian,X,,,"Two-Way, Divided, Positive Median Barrier",Dry,Dark - Lighted,Clear,1,Angle (Front - to - Side) Right Angle (Includes Broadside),No,No Controls,3,1,Complains Of Pain
142161,8/15/12,8:09 PM,2012-00078337,Williams st,ROGER ST ,Williams st / ROGER ST ,Ptlm. Chin,516,15-Aug-12,Vehicle - Pedestrian,X,,,"Two-Way , Not Divided",Dry,Daylight,Clear,1,Unknown,"Yes, M/V and Driver Left Scene",No Controls,1,1,Complains Of Pain
142172,8/15/12,7:30 PM,2012-00078327,Bowdoin St,AMHERST ST ,Bowdoin St / AMHERST ST ,Noel Field,260,15-Aug-12,Vehicle - Pedestrian,,,,"Two-Way , Not Divided",Dry,Dusk,Cloudy,1,Not a Collision Between Two Motor Vehicles in Transport,No,No Controls,3,1,Complains Of Pain
142178,8/15/12,9:30 PM,2012-00078368,CAMBRIDGE ST,ROCKLAND AVE ,CAMBRIDGE ST / ROCKLAND AVE ,Ryan Moroney,324,15-Aug-12,Vehicle - Pedestrian,,,,Unknown,Wet,Dark - Lighted,Rain,2,Rear - to - Rear,No,No Controls,5,0,No Injury
142258,8/16/12,9:12 AM,2012-00078483,206 ELMWOOD AVE,ELMWOOD AVE ,206 ELMWOOD AVE / ELMWOOD AVE ,Jose Deschamps,419,16-Aug-12,Vehicle - Pedestrian,,,,"Two-Way, Divided, Unprotected (painted>4feet) Medium",Dry,Daylight,Clear,1,Head-On (Front - to - Front),No,No Controls,2,2,Complains Of Pain
142695,8/17/12,9:05 PM,2012-00079102,150 Acorn Street,TRAINOR ST ,150 Acorn Street / TRAINOR ST ,Michele Rudolph,512,18-Aug-12,Vehicle - Pedestrian,,,,"Two-Way , Not Divided",Dry,Dark - Lighted,Clear,2,"Sideswipe, Same Direction",No,No Controls,5,0,No Injury
142431,8/17/12,10:07 AM,2012-00078892,PARK ROW,Canal Street,PARK ROW / Canal Street,Derrek Edmonds,550,17-Aug-12,Vehicle - Pedestrian,X,,,One-Way Trafficway,Dry,Daylight,Clear,1,Angle (Front - to - Side) Opposite Direction,"Yes, M/V and Driver Left Scene",No Controls,2,1,Complains Of Pain
142855,8/19/12,10:42 PM,2012-00079886,POCASSET AVE,ALTO ST ,POCASSET AVE / ALTO ST ,Koren Pacheco,306,20-Aug-12,Vehicle - Pedestrian,,,,"Two-Way , Not Divided",Dry,Dark - Lighted,Clear,1,Not a Collision Between Two Motor Vehicles in Transport,No,No Controls,3,0,No Injury
143558,8/22/12,3:57 PM,2012-00080922,Angell Street,Defoe Place,Angell Street / Defoe Place,Christopher Owens,611,22-Aug-12,Vehicle - Pedestrian,,,,One-Way Trafficway,Dry,Daylight,Clear,2,"Sideswipe, Same Direction",No,No Controls,4,2,Incapacitating