CrashReportId,CrashDate,CrashTime,ReportNumber,StreetOrHighway,NearestIntersection,Location,Officer,Badge,ReportDate,TypeOfCollision,Bicycle,Scooter,Wheel Chair,TypeOfRoadway,RoadSurfaceCondition,LightCondition,WeatherCondition,NumberofVehicles,MannerofImpact,HitAndRun,TrafficControl,PersonCount,InjuryCount,MostSeriousInjury
143134,8/22/12,3:45 AM,2012-00080665,SACKETT ST,LYNN ST ,SACKETT ST / LYNN ST ,Richard Mendez,288,22-Aug-12,Vehicle - Pedestrian,,,,"Two-Way , Not Divided",Dry,Dark - Lighted,Clear,1,Not a Collision Between Two Motor Vehicles in Transport,No,No Controls,2,0,No Injury
143166,8/22/12,12:53 PM,2012-00080771,DORRANCE ST,FRIENDSHIP ST ,DORRANCE ST / FRIENDSHIP ST ,James Conti,606,22-Aug-12,Vehicle - Pedestrian,,,,"Two-Way , Not Divided",Dry,Daylight,Clear,2,Unknown,No,No Controls,2,0,Unknown
143546,8/24/12,4:14 PM,2012-00081589,HUMES ST,ALGONQUIN ST ,HUMES ST / ALGONQUIN ST ,MICHAEL R. TROIA,331,24-Aug-12,Vehicle - Pedestrian,,,,"Two-Way , Not Divided",Dry,Daylight,Clear,1,Head-On (Front - to - Front),"Yes, M/V and Driver Left Scene",No Controls,5,1,Complains Of Pain
145107,8/24/12,2:35 PM,2012-00081558,VALLEY ST,DELAINE ST ,VALLEY ST / DELAINE ST ,Francisco Furtado,635,03-Sep-12,Vehicle - Pedestrian,,,,Unknown,Dry,Daylight,Clear,1,Other,No,No Controls,4,1,Complains Of Pain
144053,8/25/12,2:04 AM,2012-00081814,Pocasset Ave.,MURRAY ST ,Pocasset Ave. / MURRAY ST ,Peter Colt,178,28-Aug-12,Vehicle - Pedestrian,,,,"Two-Way , Not Divided",Dry,Dark - Lighted,Clear,1,Other,No,No Controls,2,0,No Injury
143693,8/25/12,4:15 PM,2012-00081998,BERGEN STREET,ANDEM STREET,BERGEN STREET / ANDEM STREET,Giuseppe Scarcello,485,25-Aug-12,Vehicle - Pedestrian,,,,"Two-Way , Not Divided",Dry,Daylight,Clear,1,Angle (Front - to - Side) Right Angle (Includes Broadside),No,No Controls,4,1,Non-Incapacitating
144251,8/26/12,9:46 PM,2012-00082513,58 June Street,SUFFOLK ST ,58 June Street / SUFFOLK ST ,Derek Ardito,446,26-Aug-12,Vehicle - Pedestrian,,,,"Two-Way , Not Divided",Dry,Dark - Not Lighted,Clear,1,Unknown,"Yes, M/V and Driver Left Scene",No Controls,2,1,Non-Incapacitating
143950,8/27/12,2:15 PM,2012-00082740,POCASSET AVE,HILLHURST AVE ,POCASSET AVE / HILLHURST AVE ,Hull,598,27-Aug-12,Vehicle - Pedestrian,,,,"Two-Way , Not Divided",Dry,Daylight,Clear,1,"Sideswipe, Same Direction","Yes, M/V and Driver Left Scene",No Controls,3,1,Complains Of Pain
144360,8/29/12,6:27 PM,2012-00083529,887 atwells ave,CARLETON ST ,887 atwells ave / CARLETON ST ,Ptlm. Chin,516,29-Aug-12,Vehicle - Pedestrian,,,,"Two-Way , Not Divided",Dry,Daylight,Clear,1,Not a Collision Between Two Motor Vehicles in Transport,No,No Controls,3,1,Complains Of Pain
145653,8/30/12,1:00 PM,2012-00085773,BENEFIT ST,N MAIN ST ,BENEFIT ST / N MAIN ST ,Edwin Kemble,364,04-Sep-12,Vehicle - Pedestrian,,,,Unknown,Dry,Daylight,Clear,2,Unknown,"Yes, M/V and Driver Left Scene",No Controls,2,0,Unknown
144438,8/30/12,9:59 AM,2012-00083714,COLLEGE STREET,MEMORIAL BLVD,COLLEGE STREET / MEMORIAL BLVD,Joseph Madeira,552,30-Aug-12,Vehicle - Pedestrian,X,,,"Two-Way , Not Divided",Dry,Daylight,Clear,1,Other,No,Traffic Control Signal,5,0,No Injury
144535,8/31/12,1:21 AM,2012-00083991,STANWOOD ST,NIAGARA ST ,STANWOOD ST / NIAGARA ST ,Richard Mendez,288,31-Aug-12,Vehicle - Pedestrian,,,,"Two-Way , Not Divided",Dry,Dark - Lighted,Clear,1,Not a Collision Between Two Motor Vehicles in Transport,"Yes, M/V and Driver Left Scene",No Controls,2,1,Incapacitating
144903,8/31/12,11:00 PM,2012-00084350,UNION AVE,LINWOOD AVE ,UNION AVE / LINWOOD AVE ,Sean Lafferty,272,01-Sep-12,Vehicle - Pedestrian,,,,"Two-Way , Not Divided",Dry,Dark - Lighted,Clear,1,Not a Collision Between Two Motor Vehicles in Transport,No,No Controls,3,1,Complains Of Pain
145470,8/31/12,3:00 PM,2012-00084270,ACADEMY AVE,SALTER ST ,ACADEMY AVE / SALTER ST ,Stephen Frechette,362,04-Sep-12,Vehicle - Pedestrian,,,,"Two-Way , Not Divided",Dry,Daylight,Clear,1,Not a Collision Between Two Motor Vehicles in Transport,"Yes, M/V and Driver Left Scene",No Controls,2,1,Non-Incapacitating
145004,9/1/12,7:44 PM,2012-00084760,General St,West Dr,General St / West Dr,Noel Field,260,02-Sep-12,Vehicle - Pedestrian,,,,"Two-Way , Not Divided",Dry,Dark - Lighted,Clear,2,Rear - to - Side,No,No Controls,4,1,Complains Of Pain
145036,9/2/12,8:09 PM,2012-00085186,31 EDGEMERE AVE,MANTON AVE ,31 EDGEMERE AVE / MANTON AVE ,Ptlm. Chin,516,02-Sep-12,Vehicle - Pedestrian,X,,,"Two-Way , Not Divided",Dry,Dark - Unknown Lighting,Clear,1,Not a Collision Between Two Motor Vehicles in Transport,No,No Controls,2,1,Complains Of Pain
145141,9/2/12,10:25 PM,2012-00085221,1000 Elmwood Avenue,,1000 Elmwood Avenue / ,Carla Cavanaugh,189,03-Sep-12,Vehicle - Pedestrian,,,,One-Way Trafficway,Dry,Dark - Lighted,Clear,1,Unknown,"Yes, M/V and Driver Left Scene",No Controls,1,1,Complains Of Pain
144954,9/2/12,12:09 AM,2012-00084896,WESTMINSTER ST,SERVICE ROAD 7 ,WESTMINSTER ST / SERVICE ROAD 7 ,Matthew Nadeau,271,02-Sep-12,Vehicle - Pedestrian,,,,One-Way Trafficway,Dry,Dark - Lighted,Clear,1,Not a Collision Between Two Motor Vehicles in Transport,"Yes, M/V and Driver Left Scene",No Controls,1,1,Complains Of Pain
145210,9/3/12,7:38 PM,2012-00085520,Broad St,Calla St,Broad St / Calla St,Noel Field,260,03-Sep-12,Vehicle - Pedestrian,,,,"Two-Way, Not Divided With a Continuous Left Turn Lane",Dry,Dusk,Clear,1,Not a Collision Between Two Motor Vehicles in Transport,No,No Controls,4,1,Complains Of Pain
145414,9/4/12,4:05 PM,2012-00085813,LIBRARY RD,RHODE ISLAND COLL ,LIBRARY RD / RHODE ISLAND COLL ,Richard Esposito,320,04-Sep-12,Vehicle - Pedestrian,,,,"Two-Way , Not Divided",Wet,Daylight,Rain,1,Unknown,"Yes, M/V and Driver Left Scene",No Controls,2,0,No Injury
145704,9/5/12,8:18 PM,2012-00086259,UNION AVE,TERRACE AVE ,UNION AVE / TERRACE AVE ,Steffan Rasch,315,05-Sep-12,Vehicle - Pedestrian,X,,,"Two-Way , Not Divided",Wet,Dark - Lighted,Clear,1,Not a Collision Between Two Motor Vehicles in Transport,No,Flashing Traffic Control Signal,2,0,No Injury
146141,9/8/12,11:08 AM,2012-00087277,BROADWAY,DEPASQUALE AVENUE,BROADWAY / DEPASQUALE AVENUE,Joseph Madeira,552,08-Sep-12,Vehicle - Pedestrian,,,,"Two-Way , Not Divided",Dry,Daylight,Clear,1,Angle (Front - to - Side) Right Angle (Includes Broadside),No,Traffic Control Signal,3,1,Complains Of Pain
146216,9/8/12,8:07 PM,2012-00087466,354 Admiral St,HAWKINS ST ,354 Admiral St / HAWKINS ST ,Ptlm. Chin,516,08-Sep-12,Vehicle - Pedestrian,,,,"Two-Way , Not Divided",Wet,Dark - Lighted,Rain,1,Not a Collision Between Two Motor Vehicles in Transport,No,Traffic Control Signal,3,1,Complains Of Pain
146345,9/9/12,7:05 PM,2012-00087816,Thayer Street,WATERMAN ST ,Thayer Street / WATERMAN ST ,Christopher Owens,611,09-Sep-12,Vehicle - Pedestrian,,,,One-Way Trafficway,Dry,Dark - Lighted,Clear,1,Not a Collision Between Two Motor Vehicles in Transport,No,No Controls,4,1,Complains Of Pain
146364,9/9/12,4:22 PM,2012-00087777,FEDERAL ST,AMERICA ST ,FEDERAL ST / AMERICA ST ,Miguel Mena-Torres,493,09-Sep-12,Vehicle - Pedestrian,,,,"Two-Way , Not Divided",Dry,Daylight,Clear,2,Unknown,"Yes, M/V and Driver Left Scene",No Controls,3,0,No Injury
146509,9/10/12,4:19 PM,2012-00088111,MANTON AVE,WESTCOTT AVE ,MANTON AVE / WESTCOTT AVE ,Michael Troia,331,10-Sep-12,Vehicle - Pedestrian,,,,"Two-Way, Not Divided With a Continuous Left Turn Lane",Dry,Daylight,Clear,1,Other,No,No Controls,4,1,Complains Of Pain
146527,9/10/12,9:25 PM,2012-00088191,84 Rushmore Ave,Ticknor St,84 Rushmore Ave / Ticknor St,Noel Field,260,10-Sep-12,Vehicle - Pedestrian,,,,"Two-Way , Not Divided",Dry,Dark - Lighted,Clear,2,"Sideswipe, Same Direction","Yes, M/V and Driver Left Scene",No Controls,2,0,Unknown
147120,9/14/12,4:13 PM,2012-00089480,CHARLES ST,BRANCH AVE ,CHARLES ST / BRANCH AVE ,Nicole Darling,325,14-Sep-12,Vehicle - Pedestrian,,,,"Two-Way , Not Divided",Dry,Daylight,Clear,1,Not a Collision Between Two Motor Vehicles in Transport,No,No Controls,2,1,Complains Of Pain
147255,9/15/12,4:46 PM,2012-00089919,CAHIR ST,BROAD ST ,CAHIR ST / BROAD ST ,Jose Deschamps,419,15-Sep-12,Vehicle - Pedestrian,X,,,"Two-Way, Divided, Positive Median Barrier",Dry,Daylight,Clear,1,Head-On (Front - to - Front),No,No Controls,2,1,Complains Of Pain
147262,9/15/12,5:16 PM,2012-00089933,101 Academy ave,WEALTH AVE ,101 Academy ave / WEALTH AVE ,Ptlm. Chin,516,15-Sep-12,Vehicle - Pedestrian,,,,"Two-Way , Not Divided",Dry,Daylight,Clear,1,Not a Collision Between Two Motor Vehicles in Transport,No,Pavement Markings,4,1,Complains Of Pain
148482,9/16/12,12:17 AM,2012-00090142,DEAN ST,ATWELLS AVE ,DEAN ST / ATWELLS AVE ,Shawn Kennedy,547,22-Sep-12,Vehicle - Pedestrian,,,,"Two-Way , Not Divided",Dry,Dark - Lighted,Clear,1,Angle (Front - to - Side) Right Angle (Includes Broadside),No,Traffic Control Signal,3,0,No Injury
147332,9/16/12,12:26 AM,2012-00090117,CALVERLY ST,SMITH ST ,CALVERLY ST / SMITH ST ,Thomas Connetta,374,16-Sep-12,Vehicle - Pedestrian,,,,"Two-Way , Not Divided",Dry,Dark - Lighted,Clear,1,Head-On (Front - to - Front),"Yes, M/V and Driver Left Scene",School Zone Signs,7,2,Incapacitating
147673,9/17/12,8:04 PM,2012-00090797,Waterman St,Brown St,Waterman St / Brown St,Michael Clary,269,17-Sep-12,Vehicle - Pedestrian,,,,One-Way Trafficway,Dry,Dark - Lighted,Clear,1,Not a Collision Between Two Motor Vehicles in Transport,No,Pavement Markings,2,1,Complains Of Pain
147740,9/18/12,12:10 PM,2012-00090979,BROOK ST,CHARLESFIELD ST ,BROOK ST / CHARLESFIELD ST ,Derrek Edmonds,550,18-Sep-12,Vehicle - Pedestrian,,,,"Two-Way , Not Divided",Dry,Daylight,Clear,1,"Sideswipe, Same Direction",No,No Controls,2,1,Complains Of Pain
148135,9/18/12,10:28 PM,2012-00091182,BROAD ST,PARKIS AVE ,BROAD ST / PARKIS AVE ,Richard Ramirez,338,21-Sep-12,Vehicle - Pedestrian,X,,,"Two-Way, Divided, Unprotected (painted>4feet) Medium",Wet,Dark - Lighted,Rain,1,Not a Collision Between Two Motor Vehicles in Transport,No,Traffic Control Signal,4,1,Complains Of Pain
148686,9/22/12,11:30 AM,2012-00092952,10TH ST,HIGHLAND AVE ,10TH ST / HIGHLAND AVE ,Andrew Frolich,673,23-Sep-12,Vehicle - Pedestrian,X,,,"Two-Way , Not Divided",Dry,Dark - Not Lighted,Clear,1,Angle (Front - to - Side) Right Angle (Includes Broadside),"Yes, M/V and Driver Left Scene",Stop Signs,3,1,Complains Of Pain
149129,9/22/12,4:23 PM,2012-00091426,BROADWAY,RINGGOLD ST ,BROADWAY / RINGGOLD ST ,Alex Gonzalez,473,25-Sep-12,Vehicle - Pedestrian,,,,"Two-Way , Not Divided",Dry,Daylight,Clear,1,Angle (Front - to - Side) Right Angle (Includes Broadside),No,No Controls,3,1,Complains Of Pain
148331,9/22/12,2:45 AM,2012-00092389,WAVERLY ST,DEXTER ST ,WAVERLY ST / DEXTER ST ,David Harrington,276,22-Sep-12,Vehicle - Pedestrian,,,,"Two-Way , Not Divided",Wet,Dark - Lighted,Rain,2,Not a Collision Between Two Motor Vehicles in Transport,"Yes, M/V and Driver Left Scene",No Controls,3,1,Incapacitating
148519,9/22/12,4:43 PM,2012-00092610,Atlantic ave,NIAGARA ST ,Atlantic ave / NIAGARA ST ,Ptlm. Chin,516,22-Sep-12,Vehicle - Pedestrian,,,,"Two-Way , Not Divided",Dry,Daylight,Clear,1,Not a Collision Between Two Motor Vehicles in Transport,"Yes, Driver Left Scene",No Controls,2,1,Complains Of Pain
148592,9/23/12,1:40 AM,2012-00092835,HUXLEY AVE,EATON ST ,HUXLEY AVE / EATON ST ,Adam Chin,289,23-Sep-12,Vehicle - Pedestrian,,,,"Two-Way , Not Divided",Wet,Dark - Lighted,Rain,1,Other,No,No Controls,5,1,Complains Of Pain
148768,9/23/12,3:25 PM,2012-00093031,SMITH ST,SMITH ST ,SMITH ST / SMITH ST ,Jesse Ferrell,428,23-Sep-12,Vehicle - Pedestrian,,,,"Two-Way , Not Divided",Dry,Daylight,Clear,1,Not a Collision Between Two Motor Vehicles in Transport,"Yes, M/V and Driver Left Scene",No Controls,2,1,Complains Of Pain
148846,9/24/12,8:36 AM,2012-00093229,CADY ST,BENEFIT ST ,CADY ST / BENEFIT ST ,Richard Mills,424,24-Sep-12,Vehicle - Pedestrian,X,,,"Two-Way , Not Divided",Dry,Daylight,Clear,1,Unknown,No,No Controls,2,1,Incapacitating
148968,9/24/12,6:09 PM,2012-00093412,UNION AVE EXIT,UNION AVE ,UNION AVE EXIT / UNION AVE ,Troy Lambert,413,24-Sep-12,Vehicle - Pedestrian,,,,One-Way Trafficway,Dry,Daylight,Clear,1,Not a Collision Between Two Motor Vehicles in Transport,No,Traffic Control Signal,3,1,Complains Of Pain
148985,9/24/12,8:21 PM,2012-00093459,CRANSTON ST,HOLLIS ST ,CRANSTON ST / HOLLIS ST ,Michael Clary,269,24-Sep-12,Vehicle - Pedestrian,X,,,"Two-Way , Not Divided",Dry,Dark - Lighted,Clear,1,Not a Collision Between Two Motor Vehicles in Transport,"Yes, M/V and Driver Left Scene",No Controls,3,1,Non-Incapacitating
149039,9/25/12,9:40 AM,2012-00093572,CRANSTON ST,BRIDGHAM ST ,CRANSTON ST / BRIDGHAM ST ,Francisco Furtado,635,25-Sep-12,Vehicle - Pedestrian,,,,"Two-Way, Divided, Unprotected (painted>4feet) Medium",Dry,Daylight,Clear,1,Angle - Direction Not Specified,No,Traffic Control Signal,2,1,Complains Of Pain
149086,9/25/12,11:18 AM,2012-00093601,400 WEST FOUNTAIN STREET,,400 WEST FOUNTAIN STREET / ,Joseph Madeira,552,25-Sep-12,Vehicle - Pedestrian,,,,"Two-Way , Not Divided",Dry,Daylight,Clear,1,"Sideswipe, Same Direction",No,No Controls,3,0,Unknown
149344,9/26/12,5:40 PM,2012-00094074,253 elmwood ave,WHITMARSH ST ,253 elmwood ave / WHITMARSH ST ,Ptlm. Chin,516,26-Sep-12,Vehicle - Pedestrian,,,,"Two-Way , Not Divided",Dry,Daylight,Cloudy,1,Not a Collision Between Two Motor Vehicles in Transport,"Yes, M/V and Driver Left Scene",No Controls,1,1,Complains Of Pain
149375,9/26/12,7:26 PM,2012-00094110,N Main St,Duncan St,N Main St / Duncan St,Noel Field,260,26-Sep-12,Vehicle - Pedestrian,X,,,"Two-Way, Divided, Positive Median Barrier",Dry,Dark - Lighted,Cloudy,1,Not a Collision Between Two Motor Vehicles in Transport,No,No Controls,4,1,Complains Of Pain
149460,9/27/12,2:25 PM,2012-00094362,90 spruce st,DE PASQUALE AVE ,90 spruce st / DE PASQUALE AVE ,Ptlm. Chin,516,27-Sep-12,Vehicle - Pedestrian,,,,One-Way Trafficway,Dry,Daylight,Clear,2,Unknown,"Yes, M/V and Driver Left Scene",No Controls,2,0,No Injury
149983,9/29/12,8:38 PM,2012-00095216,UNION AVE,WHITEHALL ST ,UNION AVE / WHITEHALL ST ,Andres Perez,614,30-Sep-12,Vehicle - Pedestrian,,,,"Two-Way , Not Divided",Wet,Dark - Not Lighted,Rain,1,Not a Collision Between Two Motor Vehicles in Transport,No,No Controls,2,1,Complains Of Pain
151255,9/30/12,4:15 PM,2012-00095515,500 Broad Street,PINE ST ,500 Broad Street / PINE ST ,Michael Fallon,144,07-Oct-12,Vehicle - Pedestrian,,,,"Two-Way , Not Divided",Dry,Daylight,Clear,1,Not a Collision Between Two Motor Vehicles in Transport,No,No Controls,2,1,Non-Incapacitating
150571,10/2/12,11:15 PM,2012-00096201,BROAD ST,BROAD ST ,BROAD ST / BROAD ST ,Clifford Torres,270,03-Oct-12,Vehicle - Pedestrian,,,,"Two-Way, Divided, Unprotected (painted>4feet) Medium",Wet,Dark - Lighted,Rain,1,Other,No,No Controls,3,0,No Injury
150677,10/3/12,7:43 PM,2012-00096456,POCASSET AVE,LOWELL AVE ,POCASSET AVE / LOWELL AVE ,"Ptlm. J. Sigillo, N. Field",590,03-Oct-12,Vehicle - Pedestrian,,,,"Two-Way , Not Divided",Dry,Dark - Lighted,Cloudy,2,Other,No,No Controls,4,1,Incapacitating
150761,10/4/12,1:41 PM,2012-00096663,PRAIRIE AVE,POINT ST ,PRAIRIE AVE / POINT ST ,Jose Deschamps,419,04-Oct-12,Vehicle - Pedestrian,X,,,"Two-Way, Divided, Unprotected (painted>4feet) Medium",Dry,Daylight,Cloudy,1,Other,No,Stop Signs,5,1,Complains Of Pain
151158,10/7/12,2:13 AM,2012-00097702,N MAIN ST,FROST ST ,N MAIN ST / FROST ST ,Steffan Rasch,315,07-Oct-12,Vehicle - Pedestrian,,,,"Two-Way, Divided, Positive Median Barrier",Dry,Dark - Lighted,Clear,1,Not a Collision Between Two Motor Vehicles in Transport,"Yes, M/V and Driver Left Scene",No Controls,2,1,Incapacitating
151342,10/8/12,2:12 AM,2012-00097936,Friendship St,Richmond St,Friendship St / Richmond St,Noel Field,260,08-Oct-12,Vehicle - Pedestrian,,,,One-Way Trafficway,Wet,Dark - Lighted,Rain,2,Not a Collision Between Two Motor Vehicles in Transport,No,Traffic Control Signal,3,1,Incapacitating
151832,10/10/12,11:28 AM,2012-00098593,TRANSIT ST,GOVERNOR ST ,TRANSIT ST / GOVERNOR ST ,Francisco Furtado,635,10-Oct-12,Vehicle - Pedestrian,,,,"Two-Way , Not Divided",Wet,Daylight,Rain,1,Other,No,No Controls,2,1,Complains Of Pain
151663,10/10/12,4:27 PM,2012-00098679,DEXTER ST,CRANSTON ST ,DEXTER ST / CRANSTON ST ,Ptlm. Chin,516,10-Oct-12,Vehicle - Pedestrian,X,,,"Two-Way , Not Divided",Wet,Daylight,Clear,1,Not a Collision Between Two Motor Vehicles in Transport,No,Traffic Control Signal,2,1,Complains Of Pain
151666,10/10/12,4:46 PM,2012-00098687,1850 Westminster St,SERVICE ROAD 3 ,1850 Westminster St / SERVICE ROAD 3 ,Ptlm. Chin,516,10-Oct-12,Vehicle - Pedestrian,,,,"Two-Way , Not Divided",Wet,Daylight,Cloudy,1,Not a Collision Between Two Motor Vehicles in Transport,No,Pavement Markings,3,1,Complains Of Pain
151955,10/10/12,8:57 AM,2012-00098556,JOHN ST,BROOK ST ,JOHN ST / BROOK ST ,Francisco Furtado,635,12-Oct-12,Vehicle - Pedestrian,,,,"Two-Way , Not Divided",Wet,Daylight,Rain,1,Other,No,Stop Signs,3,1,Complains Of Pain
151856,10/11/12,6:41 PM,2012-00099023,PRAIRIE AVE,DUDLEY ST ,PRAIRIE AVE / DUDLEY ST ,Papa ,187,11-Oct-12,Vehicle - Pedestrian,,,,"Two-Way , Not Divided",Dry,Dark - Lighted,Clear,1,Not a Collision Between Two Motor Vehicles in Transport,No,No Controls,2,1,Complains Of Pain
151754,10/11/12,7:45 AM,2012-00098855,289 ELMWOOD AVENUE,MOORE STREET,289 ELMWOOD AVENUE / MOORE STREET,Joseph Madeira,552,11-Oct-12,Vehicle - Pedestrian,,,,"Two-Way , Not Divided",Dry,Daylight,Clear,1,Other,No,No Controls,4,1,Complains Of Pain
153815,10/11/12,6:45 PM,2012-00099024,CHARLES ST,LEDGE ST,CHARLES ST / LEDGE ST,Michael Pattie,316,21-Oct-12,Vehicle - Pedestrian,,,,"Two-Way, Divided, Unprotected (painted>4feet) Medium",Dry,Dark - Lighted,Clear,1,Other,No,No Controls,3,0,No Injury
152114,10/12/12,4:47 PM,2012-00099333,OXFORD ST,EDDY ST ,OXFORD ST / EDDY ST ,Taylor Britto,202,12-Oct-12,Vehicle - Pedestrian,,,,"Two-Way , Not Divided",Dry,Daylight,Clear,1,Angle (Front - to - Side) Right Angle (Includes Broadside),No,No Controls,2,1,Complains Of Pain
152152,10/13/12,1:28 AM,2012-00099472,ADMIRAL ST,RIVER AVE ,ADMIRAL ST / RIVER AVE ,Jason Bibeault,344,13-Oct-12,Vehicle - Pedestrian,,,,"Two-Way , Not Divided",Dry,Dark - Lighted,Clear,2,Rear End(Front-to-Rear),No,No Controls,3,0,No Injury
152376,10/14/12,2:16 AM,2012-00099801,EXIT 22A (RT ),FRANCIS ST ,EXIT 22A (RT ) / FRANCIS ST ,Jason Cotugno,173,14-Oct-12,Vehicle - Pedestrian,,,,"Two-Way, Divided, Positive Median Barrier",Dry,Dark - Lighted,Clear,1,Not a Collision Between Two Motor Vehicles in Transport,No,Traffic Control Signal,5,2,Incapacitating
152430,10/14/12,1:57 PM,2012-00099956,WICKENDEN ST,THOMPSON ST ,WICKENDEN ST / THOMPSON ST ,John Almeida,386,14-Oct-12,Vehicle - Pedestrian,,,,"Two-Way , Not Divided",Dry,Daylight,Clear,1,Not a Collision Between Two Motor Vehicles in Transport,No,No Controls,2,0,No Injury
153097,10/14/12,1:31 PM,2012-00099949,POTTERS AVE,GRAND ST ,POTTERS AVE / GRAND ST ,Jesse Ferrell,428,17-Oct-12,Vehicle - Pedestrian,,,,"Two-Way , Not Divided",Dry,Daylight,Clear,1,Not a Collision Between Two Motor Vehicles in Transport,No,No Controls,3,1,Complains Of Pain
152551,10/15/12,6:17 PM,2012-00100358,SMITHFIELD AVE,EXIT ,SMITHFIELD AVE / EXIT ,Glen Morgan,558,15-Oct-12,Vehicle - Pedestrian,,,,One-Way Trafficway,Dry,Dark - Lighted,Clear,1,"Sideswipe, Same Direction","Yes, M/V and Driver Left Scene",No Controls,1,1,Complains Of Pain
152796,10/16/12,3:00 PM,2012-00100582,Broad Street,FRICKER ST ,Broad Street / FRICKER ST ,Michele Rudolph,512,16-Oct-12,Vehicle - Pedestrian,,,,"Two-Way, Divided, Unprotected (painted>4feet) Medium",Dry,Daylight,Clear,1,Not a Collision Between Two Motor Vehicles in Transport,No,No Controls,3,0,No Injury
153461,10/16/12,4:10 PM,2012-00100613,PLAINFIELD ST,PLAINFIELD ST ,PLAINFIELD ST / PLAINFIELD ST ,Jason Andrade,200,16-Oct-12,Vehicle - Pedestrian,,,,"Two-Way, Divided, Positive Median Barrier",Dry,Daylight,Clear,1,Head-On (Front - to - Front),No,No Controls,2,1,Complains Of Pain
153133,10/18/12,2:12 AM,2012-00101031,Branch Ave,Touro St,Branch Ave / Touro St,Michael Clary,269,18-Oct-12,Vehicle - Pedestrian,,,,"Two-Way , Not Divided",Dry,Dark - Lighted,Clear,1,Head-On (Front - to - Front),"Yes, M/V and Driver Left Scene",No Controls,4,1,Incapacitating
153279,10/18/12,3:18 PM,2012-00101170,PUBLIC ST,BROAD ST ,PUBLIC ST / BROAD ST ,Joshua Greeno,179,18-Oct-12,Vehicle - Pedestrian,,,,"Two-Way , Not Divided",Dry,Daylight,Clear,1,Not a Collision Between Two Motor Vehicles in Transport,No,Traffic Control Signal,2,1,Complains Of Pain
153452,10/19/12,1:37 PM,2012-00101501,RANDELL ST.,NORTH MAIN ST.,RANDELL ST. / NORTH MAIN ST.,Edward Enright,480,19-Oct-12,Vehicle - Pedestrian,,,,One-Way Trafficway,Wet,Daylight,Cloudy,1,Not a Collision Between Two Motor Vehicles in Transport,No,Yield Signs,3,1,Complains Of Pain
153488,10/19/12,6:14 PM,2012-00101576,MOUNT PLEASANT AVE,MANOMET ST ,MOUNT PLEASANT AVE / MANOMET ST ,Ptlm. Chin,516,19-Oct-12,Vehicle - Pedestrian,,,,"Two-Way , Not Divided",Wet,Dark - Lighted,Rain,1,Not a Collision Between Two Motor Vehicles in Transport,No,No Controls,4,1,Incapacitating
153643,10/20/12,3:42 PM,2012-00101949,BROWN ST,GEORGE ST ,BROWN ST / GEORGE ST ,Fausto Garcia,109,20-Oct-12,Vehicle - Pedestrian,,,,"Two-Way , Not Divided",Dry,Daylight,Clear,2,Rear - to - Side,No,No Controls,4,0,No Injury
153670,10/20/12,4:24 PM,2012-00101955,WESTMINSTER STREET,SERVICE ROAD 8 ,WESTMINSTER STREET / SERVICE ROAD 8 ,William O'Donnell,150,20-Oct-12,Vehicle - Pedestrian,X,,,"Two-Way , Not Divided",Dry,Daylight,Clear,1,Angle (Front - to - Side) Opposite Direction,"Yes, M/V and Driver Left Scene",Stop Signs,1,1,Complains Of Pain
155767,10/21/12,2:13 PM,2012-00102329,HANOVER ST,Cranston st,HANOVER ST / Cranston st,James Carr,593,01-Nov-12,Vehicle - Pedestrian,,,,"Two-Way, Divided, Unprotected (painted>4feet) Medium",Dry,Daylight,Clear,2,Rear End(Front-to-Rear),No,No Controls,3,0,No Injury
153886,10/22/12,1:02 AM,2012-00102494,318 Chalkstone Ave,Delhi St.,318 Chalkstone Ave / Delhi St.,Noel Field,260,22-Oct-12,Vehicle - Pedestrian,,,,Unknown,Dry,Dark - Lighted,Clear,2,Rear - to - Side,"Yes, M/V and Driver Left Scene",No Controls,3,0,No Injury
153985,10/22/12,6:53 PM,2012-00102726,Sabin St,Exchange Ter,Sabin St / Exchange Ter,Michael Clary,269,22-Oct-12,Vehicle - Pedestrian,,,,One-Way Trafficway,Dry,Dark - Lighted,Clear,1,Head-On (Front - to - Front),No,No Controls,3,1,Complains Of Pain
154371,10/23/12,12:42 PM,2012-00102898,WEYBOSSETT STREET,UNION STREET,WEYBOSSETT STREET / UNION STREET,Joseph Madeira,552,23-Oct-12,Vehicle - Pedestrian,,,,"Two-Way , Not Divided",Dry,Daylight,Clear,1,Head-On (Front - to - Front),No,No Controls,3,1,Complains Of Pain
154245,10/23/12,5:50 PM,2012-00103003,NARRAGANSETT BLVD,MASSACHUSETTS AVE ,NARRAGANSETT BLVD / MASSACHUSETTS AVE ,OR PROCTOR ,627,23-Oct-12,Vehicle - Pedestrian,,,,"Two-Way, Divided, Unprotected (painted>4feet) Medium",Dry,Daylight,Clear,1,Not a Collision Between Two Motor Vehicles in Transport,No,No Controls,3,1,Complains Of Pain
154359,10/23/12,6:30 AM,2012-00102919,SHIPYARD ST,HARBORSIDE BLVD ,SHIPYARD ST / HARBORSIDE BLVD ,Brian Thornton,672,24-Oct-12,Vehicle - Pedestrian,,,,"Two-Way , Not Divided",Dry,Daylight,Clear,2,Rear End(Front-to-Rear),"Yes, Driver Left Scene",No Controls,3,0,Unknown