CrashReportId,CrashDate,CrashTime,ReportNumber,StreetOrHighway,NearestIntersection,Location,Officer,Badge,ReportDate,TypeOfCollision,Bicycle,Scooter,Wheel Chair,TypeOfRoadway,RoadSurfaceCondition,LightCondition,WeatherCondition,NumberofVehicles,MannerofImpact,HitAndRun,TrafficControl,PersonCount,InjuryCount,MostSeriousInjury
154365,10/24/12,1:13 PM,2012-00102915,WEYBOSSET ST,ORANGE ST ,WEYBOSSET ST / ORANGE ST ,Francisco Furtado,635,24-Oct-12,Vehicle - Pedestrian,,,,One-Way Trafficway,Dry,Daylight,Clear,1,Other,No,No Controls,2,1,Complains Of Pain
154494,10/24/12,10:37 AM,2012-00103177,Veazie St.,BEULAH ST ,Veazie St. / BEULAH ST ,Dennis O'Brien,067,25-Oct-12,Vehicle - Pedestrian,,,,"Two-Way , Not Divided",Dry,Daylight,Clear,2,Rear End(Front-to-Rear),"Yes, M/V and Driver Left Scene",No Controls,3,1,Complains Of Pain
154691,10/26/12,12:51 AM,2012-00103792,ADMIRAL ST,DOUGLAS AVE ,ADMIRAL ST / DOUGLAS AVE ,Thomas Richards,279,26-Oct-12,Vehicle - Pedestrian,,,,"Two-Way, Divided, Unprotected (painted>4feet) Medium",Dry,Dark - Lighted,Clear,1,"Sideswipe, Same Direction","Yes, M/V and Driver Left Scene",Traffic Control Signal,3,1,Complains Of Pain
154875,10/27/12,12:46 AM,2012-00104171,431 ATWELLS AVENUE,DALE ST ,431 ATWELLS AVENUE / DALE ST ,Alicia Hersperger,327,27-Oct-12,Vehicle - Pedestrian,,,,"Two-Way, Divided, Unprotected (painted>4feet) Medium",Dry,Dark - Lighted,Clear,1,Not a Collision Between Two Motor Vehicles in Transport,"Yes, M/V and Driver Left Scene",No Controls,1,1,Complains Of Pain
155083,10/27/12,7:31 PM,2012-00104487,EMPIRE STREET,WASHINGTON ST ,EMPIRE STREET / WASHINGTON ST ,Christopher Calise,397,27-Oct-12,Vehicle - Pedestrian,,,,"Two-Way , Not Divided",Dry,Dark - Lighted,Clear,1,Other,No,No Controls,3,1,Complains Of Pain
155499,10/30/12,6:06 PM,2012-00105368,MOUNT PLEASANT AVENUE ,CHALKSTONE AVENUE ,MOUNT PLEASANT AVENUE  / CHALKSTONE AVENUE ,Giuseppe Scarcello,485,30-Oct-12,Vehicle - Pedestrian,,,,"Two-Way , Not Divided",Wet,Dark - Lighted,Rain,1,Angle (Front - to - Side) Right Angle (Includes Broadside),No,No Controls,3,1,Complains Of Pain
155781,11/1/12,10:00 AM,2012-00105910,386 SMITH STREET,,386 SMITH STREET / ,Joseph Madeira,552,01-Nov-12,Vehicle - Pedestrian,,,,"Two-Way , Not Divided",Dry,Daylight,Clear,1,Other,No,No Controls,2,1,Complains Of Pain
155783,11/1/12,11:56 AM,2012-00105946,MANTON AVE,DELAINE ST ,MANTON AVE / DELAINE ST ,Darren Hull,598,01-Nov-12,Vehicle - Pedestrian,,,,"Two-Way , Not Divided",Dry,Daylight,Clear,1,"Sideswipe, Same Direction","Yes, M/V and Driver Left Scene",Traffic Control Signal,1,0,No Injury
155834,11/1/12,3:03 PM,2012-00105985,673 BROADWAY,,673 BROADWAY / ,MICHAEL R. TROIA / TRAFFIC BUREAU,331,01-Nov-12,Vehicle - Pedestrian,X,,,"Two-Way, Divided, Positive Median Barrier",Dry,Daylight,Clear,1,Head-On (Front - to - Front),No,No Controls,4,0,No Injury
156275,11/1/12,8:03 AM,2012-00105888,THURBERS AVE,OCEAN ST ,THURBERS AVE / OCEAN ST ,Roderick Soares,399,04-Nov-12,Vehicle - Pedestrian,,,,"Two-Way , Not Divided",Dry,Daylight,Clear,1,Not a Collision Between Two Motor Vehicles in Transport,No,No Controls,3,0,No Injury
156038,11/2/12,4:06 PM,2012-00106327,Broadway,COURTLAND ST ,Broadway / COURTLAND ST ,Michele Rudolph,512,02-Nov-12,Vehicle - Pedestrian,,,,"Two-Way, Divided, Unprotected (painted>4feet) Medium",Dry,Daylight,Clear,2,Angle (Front - to - Side) Right Angle (Includes Broadside),No,Stop Signs,7,0,No Injury
156524,11/3/12,2:30 AM,2012-00106546,Richmond St,PINE ST ,Richmond St / PINE ST ,Margaret Schlageter,472,05-Nov-12,Vehicle - Pedestrian,,,,One-Way Trafficway,Dry,Dark - Lighted,Clear,2,"Sideswipe, Same Direction","Yes, M/V and Driver Left Scene",No Controls,2,0,Unknown
156176,11/3/12,9:02 AM,2012-00106579,CAMP ST,WOODBINE ST ,CAMP ST / WOODBINE ST ,William Hutchinson,391,03-Nov-12,Vehicle - Pedestrian,,,,"Two-Way , Not Divided",Dry,Daylight,Clear,1,Not a Collision Between Two Motor Vehicles in Transport,"Yes, M/V and Driver Left Scene",Stop Signs,1,0,Unknown
156212,11/3/12,4:53 PM,2012-00106715,DEAN ST,W EXCHANGE ST ,DEAN ST / W EXCHANGE ST ,Ptlm. Chin,516,03-Nov-12,Vehicle - Pedestrian,,,,"Two-Way, Divided, Positive Median Barrier",Dry,Daylight,Clear,1,Not a Collision Between Two Motor Vehicles in Transport,No,Traffic Control Signal,2,1,Complains Of Pain
156507,11/5/12,4:03 PM,2012-00107318,MANTON AVE,ORTOLEVA DR ,MANTON AVE / ORTOLEVA DR ,MICHAEL R. TROIA / TRAFFIC BUREAU,331,05-Nov-12,Vehicle - Pedestrian,,,,"Two-Way, Not Divided With a Continuous Left Turn Lane",Dry,Daylight,Clear,1,Head-On (Front - to - Front),No,No Controls,4,1,Complains Of Pain
156518,11/5/12,6:02 PM,2012-00107360,HARTFORD AVE,PONAGANSETT AVE,HARTFORD AVE / PONAGANSETT AVE,MICHAEL R. TROIA / TRAFFIC BUREAU ,331,05-Nov-12,Vehicle - Pedestrian,,,,"Two-Way , Not Divided",Dry,Dark - Not Lighted,Clear,1,Head-On (Front - to - Front),No,Stop Signs,5,1,Complains Of Pain
156729,11/6/12,8:26 PM,2012-00107678,BROADWAY,TOBEY ST ,BROADWAY / TOBEY ST ,Ricardo Silva,185,06-Nov-12,Vehicle - Pedestrian,,,,"Two-Way, Divided, Unprotected (painted>4feet) Medium",Dry,Dark - Lighted,Clear,1,Not a Collision Between Two Motor Vehicles in Transport,No,Traffic Control Signal,3,1,Complains Of Pain
156961,11/7/12,6:35 PM,2012-00107952,WEYBOSSET ST,PAGE ST ,WEYBOSSET ST / PAGE ST ,Shay Chin,549,07-Nov-12,Vehicle - Pedestrian,,,,"Two-Way , Not Divided",Wet,Daylight,Snow,1,Not a Collision Between Two Motor Vehicles in Transport,"Yes, M/V and Driver Left Scene",No Controls,1,1,Complains Of Pain
158768,11/7/12,5:41 PM,2012-00107936,BERLIN ST,CHALKSTONE AVE ,BERLIN ST / CHALKSTONE AVE ,Jesse Ferrell,428,19-Nov-12,Vehicle - Pedestrian,,,,Unknown,Dry,Dark - Lighted,Clear,2,Other,"Yes, M/V and Driver Left Scene",No Controls,2,0,Unknown
156981,11/8/12,12:38 AM,2012-00108023,Waterman St.,Brown St.,Waterman St. / Brown St.,Noel Field,260,08-Nov-12,Vehicle - Pedestrian,,,,One-Way Trafficway,Slush,Dark - Lighted,Snow,1,Not a Collision Between Two Motor Vehicles in Transport,"Yes, M/V and Driver Left Scene",Stop Signs,3,1,Complains Of Pain
157106,11/8/12,4:10 PM,2012-00108191,PLAINFIELD ST,WEBSTER AVE ,PLAINFIELD ST / WEBSTER AVE ,Jason Andrade,200,08-Nov-12,Vehicle - Pedestrian,,,,"Two-Way, Divided, Positive Median Barrier",Wet,Dark - Lighted,Cloudy,1,Head-On (Front - to - Front),"Yes, M/V and Driver Left Scene",Traffic Control Signal,1,1,Complains Of Pain
157338,11/9/12,7:08 PM,2012-00108586,HUXLEY AVE,EATON ST ,HUXLEY AVE / EATON ST ,Vincent Pazzetta,641,09-Nov-12,Vehicle - Pedestrian,,,,"Two-Way , Not Divided",Dry,Dark - Lighted,Clear,1,Not a Collision Between Two Motor Vehicles in Transport,No,No Controls,2,1,Non-Incapacitating
157358,11/9/12,5:54 PM,2012-00108563,EDNA ST,PLAINFIELD ST ,EDNA ST / PLAINFIELD ST ,Jason Andrade,200,09-Nov-12,Vehicle - Pedestrian,,,,One-Way Trafficway,Dry,Dark - Lighted,Clear,1,Head-On (Front - to - Front),"Yes, M/V and Driver Left Scene",Traffic Control Signal,2,1,Complains Of Pain
157441,11/10/12,3:13 PM,2012-00108851,BELLEVUE AVE,DEXTER ST ,BELLEVUE AVE / DEXTER ST ,Miguel Mena-Torres,493,10-Nov-12,Vehicle - Pedestrian,,,,"Two-Way , Not Divided",Dry,Dark - Lighted,Clear,2,Angle (Front - to - Side) Right Angle (Includes Broadside),"Yes, M/V and Driver Left Scene",Stop Signs,3,0,No Injury
157455,11/10/12,6:55 PM,2012-00108919,EXCHANGE TER,SABIN ST ,EXCHANGE TER / SABIN ST ,James Cryan,352,10-Nov-12,Vehicle - Pedestrian,,,,One-Way Trafficway,Dry,Dark - Lighted,Clear,1,Angle - Direction Not Specified,"Yes, M/V and Driver Left Scene",No Controls,1,1,Complains Of Pain
157510,11/11/12,6:53 PM,2012-00109239,DOUGLAS AVE,DOUGLAS AVE ,DOUGLAS AVE / DOUGLAS AVE ,Ibrahim Yousif,196,11-Nov-12,Vehicle - Pedestrian,,,,"Two-Way, Divided, Unprotected (painted>4feet) Medium",Dry,Dark - Lighted,Clear,1,Not a Collision Between Two Motor Vehicles in Transport,No,No Controls,4,1,Complains Of Pain
157706,11/13/12,8:31 AM,2012-00109707,963 CHALKSTONE AVENUE,HAROLD STREET,963 CHALKSTONE AVENUE / HAROLD STREET,Joseph Madeira,552,13-Nov-12,Vehicle - Pedestrian,,,,"Two-Way , Not Divided",Wet,Daylight,Rain,1,Other,No,No Controls,4,1,Complains Of Pain
157737,11/13/12,4:34 PM,2012-00109877,ROUTE 6 OFF RAMP,HARTFORD AVE ,ROUTE 6 OFF RAMP / HARTFORD AVE ,MICHAEL R. TROIA / TRAFFIC BUREAU,331,13-Nov-12,Vehicle - Pedestrian,,,,One-Way Trafficway,Wet,Dark - Lighted,Rain,1,Head-On (Front - to - Front),No,Yield Signs,3,1,Complains Of Pain
158769,11/13/12,3:16 PM,2012-00109842,CHALKSTONE AVE,ROSEBANK AVE ,CHALKSTONE AVE / ROSEBANK AVE ,Jesse Ferrell,428,19-Nov-12,Vehicle - Pedestrian,,,,Unknown,Dry,Daylight,Clear,3,Other,"Yes, M/V and Driver Left Scene",No Controls,2,0,Unknown
158424,11/17/12,2:17 AM,2012-00110978,N MAIN ST,STEEPLE ST ,N MAIN ST / STEEPLE ST ,Michael Maycock,281,17-Nov-12,Vehicle - Pedestrian,,,,Unknown,Dry,Dark - Not Lighted,Clear,1,Not a Collision Between Two Motor Vehicles in Transport,No,No Controls,3,1,Non-Incapacitating
158543,11/17/12,3:18 PM,2012-00111126,120 MANTON AVE,,120 MANTON AVE / ,Miguel Castillo,489,17-Nov-12,Vehicle - Pedestrian,,,,Unknown,Dry,Daylight,Clear,2,Rear - to - Rear,"Yes, M/V and Driver Left Scene",No Controls,5,0,No Injury
159020,11/18/12,2:35 AM,2012-00111333,Lenox Ave,Broad St,Lenox Ave / Broad St,Michael Clary,269,20-Nov-12,Vehicle - Pedestrian,,,,"Two-Way , Not Divided",Dry,Dark - Lighted,Clear,1,Not a Collision Between Two Motor Vehicles in Transport,"Yes, M/V and Driver Left Scene",Pavement Markings,1,1,Complains Of Pain
158630,11/19/12,12:59 AM,2012-00111571,319 Pocasset Avenue,,319 Pocasset Avenue / ,Matthew Pine,319,19-Nov-12,Vehicle - Pedestrian,,,,Unknown,Dry,Dark - Lighted,Clear,1,Not a Collision Between Two Motor Vehicles in Transport,"Yes, M/V and Driver Left Scene",No Controls,1,1,Incapacitating
159395,11/20/12,8:27 PM,2012-00112104,CASS ST,OCONNOR ST ,CASS ST / OCONNOR ST ,OR PROCTOR ,627,22-Nov-12,Vehicle - Pedestrian,,,,One-Way Trafficway,Dry,Dark - Lighted,Clear,3,"Sideswipe, Same Direction",No,No Controls,8,0,No Injury
158944,11/20/12,5:17 PM,2012-00112049,POWER ST,GANO ST ,POWER ST / GANO ST ,Scott Sousa,464,20-Nov-12,Vehicle - Pedestrian,,,,"Two-Way , Not Divided",Dry,Dark - Lighted,Clear,1,Angle - Direction Not Specified,No,Flashing Traffic Control Signal,3,1,Complains Of Pain
159441,11/21/12,7:45 PM,2012-00112383,EDDY ST,BLACKSTONE ST ,EDDY ST / BLACKSTONE ST ,Michael Clary,269,23-Nov-12,Vehicle - Pedestrian,,,,"Two-Way , Not Divided",Dry,Dark - Lighted,Clear,1,Not a Collision Between Two Motor Vehicles in Transport,No,Pavement Markings,3,1,Complains Of Pain
159436,11/22/12,10:20 PM,2012-00112645,Charles St,Hawkins St,Charles St / Hawkins St,Michael Clary,269,22-Nov-12,Vehicle - Pedestrian,,,,"Two-Way , Not Divided",Dry,Dark - Lighted,Clear,1,Not a Collision Between Two Motor Vehicles in Transport,No,No Controls,3,0,No Injury
159346,11/22/12,2:11 AM,2012-00112472,S Main St, Tockwotton St,S Main St /  Tockwotton St,Jozsef Rimoczy,274,22-Nov-12,Vehicle - Pedestrian,,,,One-Way Trafficway,Dry,Dark - Lighted,Clear,1,Not a Collision Between Two Motor Vehicles in Transport,"Yes, M/V and Driver Left Scene",No Controls,1,1,Complains Of Pain
159830,11/23/12,11:44 PM,2012-00112967,1140 North Main St,,1140 North Main St / ,Michael Clary,269,26-Nov-12,Vehicle - Pedestrian,,,,"Two-Way , Not Divided",Dry,Dark - Lighted,Clear,2,Other,No,No Controls,6,0,No Injury
161134,11/24/12,2:25 AM,2012-00113032,Eddy Street, borden st,Eddy Street /  borden st,Charles Vieira,363,24-Nov-12,Vehicle - Pedestrian,,,,"Two-Way , Not Divided",Dry,Dark - Lighted,Clear,3,Rear End(Front-to-Rear),"Yes, M/V and Driver Left Scene",Traffic Control Signal,3,0,Unknown
159565,11/25/12,2:52 AM,2012-00113364,POE ST,OCONNELL ST ,POE ST / OCONNELL ST ,Francisco Colon,265,25-Nov-12,Vehicle - Pedestrian,,,,"Two-Way , Not Divided",Dry,Dark - Lighted,Clear,2,Unknown,"Yes, M/V and Driver Left Scene",No Controls,2,0,No Injury
159776,11/26/12,4:15 PM,2012-00113843,24 ALVERSON AVE,NYE ST ,24 ALVERSON AVE / NYE ST ,Ptlm. Chin,516,26-Nov-12,Vehicle - Pedestrian,,,,"Two-Way , Not Divided",Dry,Daylight,Clear,2,Angle (Front - to - Side) Right Angle (Includes Broadside),"Yes, M/V and Driver Left Scene",No Controls,2,0,Unknown
159977,11/27/12,4:02 PM,2012-00114114,PLYMOUTH ST,POTTERS AVE ,PLYMOUTH ST / POTTERS AVE ,Ptlm. Dalton,257,27-Nov-12,Vehicle - Pedestrian,,,,"Two-Way , Not Divided",Wet,Dusk,Snow,1,Not a Collision Between Two Motor Vehicles in Transport,No,No Controls,3,0,No Injury
250923,11/27/12,5:07 PM,2012-00114136,BROADWAY,TOBEY ST ,BROADWAY / TOBEY ST ,Alex Gonzalez,473,06-Sep-14,Vehicle - Pedestrian,,,,"Two-Way , Not Divided",Wet,Dark - Lighted,Rain,1,Other,No,Traffic Control Signal,3,1,Complains Of Pain
160081,11/28/12,7:15 AM,2012-00114238,155 CRANSTON STREET,,155 CRANSTON STREET / ,Joseph Madeira,552,28-Nov-12,Vehicle - Pedestrian,,,,"Two-Way , Not Divided",Ice/Frost,Daylight,Clear,1,Other,No,No Controls,3,1,Complains Of Pain
160201,11/28/12,11:39 AM,2012-00114298,EDDY STREET,POINT STREET,EDDY STREET / POINT STREET,Joseph Madeira,552,28-Nov-12,Vehicle - Pedestrian,,,,"Two-Way , Not Divided",Dry,Daylight,Clear,1,Other,No,Traffic Control Signal,6,1,Complains Of Pain
160300,11/29/12,9:37 AM,2012-00114551,206 ELMWOOD AVENUE,,206 ELMWOOD AVENUE / ,Joseph Madeira,552,29-Nov-12,Vehicle - Pedestrian,,,,"Two-Way , Not Divided",Dry,Daylight,Clear,1,Other,"Yes, M/V and Driver Left Scene",No Controls,5,2,Complains Of Pain
160784,11/30/12,7:21 PM,2012-00115076,ADELAIDE AVE,ELMWOOD AVE ,ADELAIDE AVE / ELMWOOD AVE ,Thomas Richards,162,01-Dec-12,Vehicle - Pedestrian,,,,"Two-Way , Not Divided",Dry,Dark - Lighted,Clear,1,Other,"Yes, M/V and Driver Left Scene",Traffic Control Signal,1,1,Complains Of Pain
160883,12/3/12,8:45 PM,2012-00116034,CALIFORNIA AVE,VIRGINIA AVE ,CALIFORNIA AVE / VIRGINIA AVE ,OR PROCTOR ,627,03-Dec-12,Vehicle - Pedestrian,,,,"Two-Way , Not Divided",Dry,Dark - Lighted,Clear,2,Unknown,"Yes, M/V and Driver Left Scene",No Controls,2,0,No Injury
161035,12/4/12,5:17 PM,2012-00116301,W EXCHANGE ST,W EXCHANGE ST EXIT 22A ,W EXCHANGE ST / W EXCHANGE ST EXIT 22A ,Matthew Goddard,171,04-Dec-12,Vehicle - Pedestrian,,,,"Two-Way , Not Divided",Wet,Dark - Lighted,Cloudy,1,Not a Collision Between Two Motor Vehicles in Transport,No,No Controls,3,1,Complains Of Pain
161224,12/6/12,1:13 AM,2012-00116736,SMITH ST,MERIDIAN ST ,SMITH ST / MERIDIAN ST ,Nelson Morales,300,06-Dec-12,Vehicle - Pedestrian,,,,"Two-Way , Not Divided",Dry,Dark - Lighted,Clear,2,Not a Collision Between Two Motor Vehicles in Transport,No,No Controls,6,2,Complains Of Pain
161475,12/7/12,6:25 PM,2012-00117223,CHATHAM ST,SILVER SPRING ST ,CHATHAM ST / SILVER SPRING ST ,Ptm. Chin,516,07-Dec-12,Vehicle - Pedestrian,,,,"Two-Way , Not Divided",Wet,Dark - Lighted,Rain,1,Not a Collision Between Two Motor Vehicles in Transport,No,Traffic Control Signal,2,1,Complains Of Pain
161484,12/7/12,8:16 PM,2012-00117249,GEORGE ST,BROWN ST ,GEORGE ST / BROWN ST ,Elizabeth Pedchenko,498,07-Dec-12,Vehicle - Pedestrian,,,,"Two-Way , Not Divided",Wet,Dark - Lighted,Rain,1,Unknown,No,Pavement Markings,2,1,Complains Of Pain
161514,12/7/12,8:42 PM,2012-00117262,CHALKSTONE AVE,CAMDEN AVE ,CHALKSTONE AVE / CAMDEN AVE ,Daniel Sirignano,261,07-Dec-12,Vehicle - Pedestrian,,,,"Two-Way , Not Divided",Wet,Dark - Lighted,Rain,1,Not a Collision Between Two Motor Vehicles in Transport,No,Traffic Control Signal,3,1,Non-Incapacitating
161516,12/7/12,6:58 PM,2012-00117236,Pleasant Valley Pkwy,Promenade St,Pleasant Valley Pkwy / Promenade St,Noel Field,260,07-Dec-12,Vehicle - Pedestrian,,,,"Two-Way, Divided, Positive Median Barrier",Wet,Dark - Lighted,Rain,2,Rear End(Front-to-Rear),No,No Controls,7,0,No Injury
161621,12/9/12,3:02 AM,2012-00117752,PINE ST,CHESTNUT ST ,PINE ST / CHESTNUT ST ,Michelle Chasse,264,09-Dec-12,Vehicle - Pedestrian,,,,One-Way Trafficway,Dry,Dark - Lighted,Clear,1,Not a Collision Between Two Motor Vehicles in Transport,"Yes, M/V and Driver Left Scene",No Controls,2,1,Complains Of Pain
161632,12/9/12,6:15 PM,2012-00117952,280 Broad St. ,,280 Broad St.  / ,Papa ,187,09-Dec-12,Vehicle - Pedestrian,,,,"Two-Way , Not Divided",Wet,Dark - Lighted,Rain,1,Not a Collision Between Two Motor Vehicles in Transport,No,No Controls,3,1,Incapacitating
161646,12/9/12,6:15 AM,2012-00117797,ATWELLS AVE,ATWELLS AVE ,ATWELLS AVE / ATWELLS AVE ,Jared Sherman,292,09-Dec-12,Vehicle - Pedestrian,,,,One-Way Trafficway,Wet,Dark - Lighted,Clear,1,Not a Collision Between Two Motor Vehicles in Transport,"Yes, M/V and Driver Left Scene",Traffic Control Signal,1,1,Complains Of Pain
161720,12/10/12,10:43 AM,2012-00118082,PRAIRIE AVE,OXFORD ST ,PRAIRIE AVE / OXFORD ST ,Trent Hastings,326,10-Dec-12,Vehicle - Pedestrian,,,,"Two-Way , Not Divided",Wet,Daylight,Rain,1,Angle (Front - to - Side) Right Angle (Includes Broadside),No,Stop Signs,2,1,Complains Of Pain
161741,12/10/12,5:13 PM,2012-00118184,SMITH ST,WINSOR ST,SMITH ST / WINSOR ST,Ibrahim Yousif,196,10-Dec-12,Vehicle - Pedestrian,,,,"Two-Way, Divided, Unprotected (painted>4feet) Medium",Wet,Dark - Lighted,Rain,1,Not a Collision Between Two Motor Vehicles in Transport,No,No Controls,4,2,Complains Of Pain
161746,12/10/12,6:18 PM,2012-00118205,CHALKSTONE AVENUE ,ACADEMY AVENUE,CHALKSTONE AVENUE  / ACADEMY AVENUE,Giuseppe Scarcello,485,10-Dec-12,Vehicle - Pedestrian,,,,"Two-Way , Not Divided",Wet,Dark - Lighted,Rain,1,Angle (Front - to - Side) Opposite Direction,No,Traffic Control Signal,3,1,Complains Of Pain
161908,12/10/12,7:41 PM,2012-00118227,CHALKSTONE AVENUE ,FALLON AVENUE ,CHALKSTONE AVENUE  / FALLON AVENUE ,Giuseppe Scarcello,485,11-Dec-12,Vehicle - Pedestrian,,,,"Two-Way , Not Divided",Wet,Dark - Lighted,Cloudy,1,Rear - to - Side,"Yes, M/V and Driver Left Scene",No Controls,1,1,Complains Of Pain
161968,12/11/12,5:28 PM,2012-00118523,Admiral Street,Gentian Avenue,Admiral Street / Gentian Avenue,Brian Dyer,180,11-Dec-12,Vehicle - Pedestrian,,,,"Two-Way , Not Divided",Dry,Dark - Lighted,Clear,1,Other,No,No Controls,2,1,Non-Incapacitating
162054,12/12/12,5:46 PM,2012-00118801,Waterman st,BUTLER AVE ,Waterman st / BUTLER AVE ,Ptlm. Chin,516,12-Dec-12,Vehicle - Pedestrian,X,,,"Two-Way , Not Divided",Dry,Dark - Lighted,Clear,1,Not a Collision Between Two Motor Vehicles in Transport,No,Traffic Control Signal,3,1,Complains Of Pain
162123,12/12/12,9:06 PM,2012-00118847,MEMORIAL BLVD,COLLEGE ST ,MEMORIAL BLVD / COLLEGE ST ,MICHAEL R. TROIA / TRAFFIC BUREAU,331,12-Dec-12,Vehicle - Pedestrian,,,,"Two-Way, Not Divided With a Continuous Left Turn Lane",Dry,Dark - Lighted,Clear,1,Head-On (Front - to - Front),No,Traffic Control Signal,3,1,Complains Of Pain
162139,12/13/12,12:44 AM,2012-00118889,PLAINFIELD ST,POCASSET AVE ,PLAINFIELD ST / POCASSET AVE ,Peter Colt,178,13-Dec-12,Vehicle - Pedestrian,,,,"Two-Way , Not Divided",Dry,Dark - Lighted,Clear,1,Other,"Yes, M/V and Driver Left Scene",Traffic Control Signal,1,1,Incapacitating
162249,12/13/12,1:43 AM,2012-00119181,DOUGLAS AVE,CHALKSTONE AVE ,DOUGLAS AVE / CHALKSTONE AVE ,Eric Chabot,470,14-Dec-12,Vehicle - Pedestrian,,,,"Two-Way , Not Divided",Dry,Dark - Lighted,Clear,2,Other,No,Traffic Control Signal,5,0,No Injury
162314,12/15/12,12:05 PM,2012-00119616,ANGELL ST,MOSES BROWN ST ,ANGELL ST / MOSES BROWN ST ,Thomas Rose,465,15-Dec-12,Vehicle - Pedestrian,,,,One-Way Trafficway,Dry,Daylight,Clear,2,Rear End(Front-to-Rear),"Yes, Driver Left Scene",No Controls,3,0,No Injury
162403,12/15/12,10:54 PM,2012-00119768,MEETING ST,BENEFIT ST ,MEETING ST / BENEFIT ST ,Donald Castigliego,287,16-Dec-12,Vehicle - Pedestrian,,,,Unknown,Dry,Dark - Not Lighted,Clear,1,Not a Collision Between Two Motor Vehicles in Transport,No,No Controls,3,1,Complains Of Pain
162516,12/17/12,10:17 AM,2012-00120076,WASHINGTON ST,EMPIRE ST ,WASHINGTON ST / EMPIRE ST ,James Conti,606,17-Dec-12,Vehicle - Pedestrian,,,,"Two-Way , Not Divided",Wet,Daylight,Rain,1,Not a Collision Between Two Motor Vehicles in Transport,No,Traffic Control Signal,2,1,Complains Of Pain
162757,12/19/12,11:53 AM,2012-00120699,WASHINGTON ST,GREENE ST ,WASHINGTON ST / GREENE ST ,Francisco Furtado,635,19-Dec-12,Vehicle - Pedestrian,,,,"Two-Way, Divided, Unprotected (painted>4feet) Medium",Dry,Daylight,Clear,1,Other,No,Traffic Control Signal,5,2,Complains Of Pain
163094,12/22/12,3:02 PM,2012-00121669,PINEHURST AVE,CHAD BROWN ST ,PINEHURST AVE / CHAD BROWN ST ,Jessica Leone,258,22-Dec-12,Vehicle - Pedestrian,X,,,"Two-Way , Not Divided",Dry,Daylight,Clear,1,Not a Collision Between Two Motor Vehicles in Transport,No,No Controls,3,2,Non-Incapacitating
163219,12/24/12,1:10 PM,2012-00122228,PARK ST,HAYES ST ,PARK ST / HAYES ST ,John Henderson,148,24-Dec-12,Vehicle - Pedestrian,,,,One-Way Trafficway,Dry,Daylight,Clear,1,Other,"Yes, M/V and Driver Left Scene",Other,1,0,No Injury
163371,12/26/12,8:16 PM,2012-00122781,SERVICE ROAD 8,BROAD ST ,SERVICE ROAD 8 / BROAD ST ,Michael Clary,269,26-Dec-12,Vehicle - Pedestrian,,,,One-Way Trafficway,Wet,Dark - Lighted,Snow,1,Not a Collision Between Two Motor Vehicles in Transport,No,Pavement Markings,3,1,Non-Incapacitating
163413,12/27/12,8:55 AM,2012-00122882,CARPENTER ST,DEAN ST ,CARPENTER ST / DEAN ST ,Michael Caraccia,624,27-Dec-12,Vehicle - Pedestrian,,,,"Two-Way , Not Divided",Wet,Daylight,Rain,2,Angle (Front - to - Side) Right Angle (Includes Broadside),"Yes, M/V and Driver Left Scene",Stop Signs,4,0,No Injury
163415,12/27/12,10:13 AM,2012-00122893,4TH ST,SUMMIT AVE ,4TH ST / SUMMIT AVE ,Andrew Frolich,673,27-Dec-12,Vehicle - Pedestrian,,,,"Two-Way , Not Divided",Wet,Daylight,Rain,1,Other,No,Stop Signs,4,1,Complains Of Pain
163477,12/27/12,12:11 PM,2012-00122918,Allens Ave,Chapman St,Allens Ave / Chapman St,James Annis,454,27-Dec-12,Vehicle - Pedestrian,,,,"Two-Way , Not Divided",Wet,Daylight,"Sleet, Hail (Freezing Rain or Drizzle)",1,Not a Collision Between Two Motor Vehicles in Transport,No,No Controls,3,1,Complains Of Pain
163503,12/27/12,1:00 PM,2012-00122937,OLNEYVILLE SQ,MANTON AVE ,OLNEYVILLE SQ / MANTON AVE ,Mark Dececco,407,28-Dec-12,Vehicle - Pedestrian,,,,"Two-Way , Not Divided",Wet,Daylight,Cloudy,2,"Sideswipe, Same Direction",No,Traffic Control Signal,4,0,No Injury
163568,12/28/12,8:50 PM,2012-00123354,BURROWS ST,BURROWS ST ,BURROWS ST / BURROWS ST ,Miguel Castillo,489,28-Dec-12,Vehicle - Pedestrian,,,,"Two-Way , Not Divided",Dry,Dark - Lighted,Clear,2,Unknown,"Yes, M/V and Driver Left Scene",No Controls,2,0,Unknown
163569,12/28/12,3:06 PM,2012-00123254,GLENBRIDGE AVE,MANTON AVE ,GLENBRIDGE AVE / MANTON AVE ,David Perez,181,28-Dec-12,Vehicle - Pedestrian,,,,"Two-Way , Not Divided",Dry,Daylight,Clear,1,Not a Collision Between Two Motor Vehicles in Transport,No,Traffic Control Signal,2,1,Complains Of Pain
163829,12/28/12,6:34 AM,2012-00123137,Thackery St,ELMWOOD AVE ,Thackery St / ELMWOOD AVE ,Matthew Rampone,266,29-Dec-12,Vehicle - Pedestrian,,,,"Two-Way , Not Divided",Dry,Dawn,Clear,1,Not a Collision Between Two Motor Vehicles in Transport,No,No Controls,2,1,Incapacitating