CrashReportId,CrashDate,CrashTime,ReportNumber,StreetOrHighway,NearestIntersection,Location,Officer,Badge,ReportDate,TypeOfCollision,Bicycle,Scooter,Wheel Chair,TypeOfRoadway,RoadSurfaceCondition,LightCondition,WeatherCondition,NumberofVehicles,MannerofImpact,HitAndRun,TrafficControl,PersonCount,InjuryCount,MostSeriousInjury
163984,1/1/13,6:01 AM,2013-00000154,VALLEY ST,JEWETT ST ,VALLEY ST / JEWETT ST ,Adam Chin,289,01-Jan-13,Vehicle - Pedestrian,,,,"Two-Way , Not Divided",Wet,Dark - Lighted,Clear,1,Other,"Yes, M/V and Driver Left Scene",No Controls,1,1,Complains Of Pain
164257,1/2/13,7:00 PM,2013-00000570,DOUGLAS AVE,DOUGLAS AVE ,DOUGLAS AVE / DOUGLAS AVE ,Richard Esposito,320,02-Jan-13,Vehicle - Pedestrian,,,,"Two-Way , Not Divided",Dry,Dark - Lighted,Clear,1,Unknown,"Yes, M/V and Driver Left Scene",No Controls,1,1,Complains Of Pain
164462,1/3/13,12:16 AM,2013-00000638,314 Lowell Ave,NYE ST ,314 Lowell Ave / NYE ST ,Noel Field,260,05-Jan-13,Vehicle - Pedestrian,,,,Unknown,Ice/Frost,Dark - Lighted,Clear,2,Not a Collision Between Two Motor Vehicles in Transport,"Yes, M/V and Driver Left Scene",No Controls,2,0,Unknown
164302,1/3/13,7:36 PM,2013-00000856,731 Eddy st. ,,731 Eddy st.  / ,Papa ,187,03-Jan-13,Vehicle - Pedestrian,,,,Unknown,Dry,Dark - Lighted,Clear,1,Not a Collision Between Two Motor Vehicles in Transport,"Yes, M/V and Driver Left Scene",No Controls,1,1,Complains Of Pain
164378,1/4/13,7:22 PM,2013-00001154,EXIT 21 (RT 1),BROADWAY ,EXIT 21 (RT 1) / BROADWAY ,Michele Rudolph,512,04-Jan-13,Vehicle - Pedestrian,,,,One-Way Trafficway,Dry,Dark - Lighted,Clear,2,Angle (Front - to - Side) Same Direction,"Yes, M/V and Driver Left Scene",Traffic Control Signal,3,0,No Injury
164565,1/7/13,6:25 PM,2013-00001999,MANTON AVE,CHALKSTONE AVE ,MANTON AVE / CHALKSTONE AVE ,Matthew Greely,184,07-Jan-13,Vehicle - Pedestrian,,,,"Two-Way , Not Divided",Dry,Dark - Lighted,Clear,1,Not a Collision Between Two Motor Vehicles in Transport,"Yes, M/V and Driver Left Scene",No Controls,1,1,Complains Of Pain
164684,1/8/13,11:35 AM,2013-00002183,1075 CHALKSTONE AVE,GENEVA ST ,1075 CHALKSTONE AVE / GENEVA ST ,Trent Hastings,326,08-Jan-13,Vehicle - Pedestrian,,,,Unknown,Dry,Daylight,Clear,1,Other,No,No Controls,2,1,Complains Of Pain
164685,1/8/13,1:17 PM,2013-00002212,617 HARTFORD AVE,KING PHILIP ST ,617 HARTFORD AVE / KING PHILIP ST ,Trent Hastings,326,08-Jan-13,Vehicle - Pedestrian,,,,Unknown,Dry,Daylight,Clear,1,Other,No,No Controls,3,1,Complains Of Pain
165885,1/10/13,10:41 AM,2013-00002947,FRANCIS ST,AMERICAN EXPRESS PLZ ,FRANCIS ST / AMERICAN EXPRESS PLZ ,Stephen Sage,353,17-Jan-13,Vehicle - Pedestrian,,,,"Two-Way, Divided, Unprotected (painted>4feet) Medium",Dry,Dark - Lighted,Clear,1,Other,No,Traffic Control Signal,3,1,Complains Of Pain
165286,1/12/13,10:57 PM,2013-00003593,Parade St.,CHAPIN AVE ,Parade St. / CHAPIN AVE ,Noel Field,260,13-Jan-13,Vehicle - Pedestrian,,,,"Two-Way , Not Divided",Wet,Dark - Lighted,"Sleet, Hail (Freezing Rain or Drizzle)",1,Not a Collision Between Two Motor Vehicles in Transport,No,Stop Signs,2,1,Complains Of Pain
165201,1/12/13,7:38 AM,2013-00003381,FRANCIS STREET,GASPEE STREET,FRANCIS STREET / GASPEE STREET,Joseph Madeira,552,12-Jan-13,Vehicle - Pedestrian,,,,"Two-Way, Divided, Positive Median Barrier",Wet,Daylight,Rain,1,Head-On (Front - to - Front),No,Traffic Control Signal,3,1,Complains Of Pain
165282,1/13/13,2:56 PM,2013-00003778,CUMERFORD ST,DORA ST ,CUMERFORD ST / DORA ST ,Ptlm. Chin,516,13-Jan-13,Vehicle - Pedestrian,,,,"Two-Way , Not Divided",Dry,Daylight,Clear,1,Not a Collision Between Two Motor Vehicles in Transport,No,Stop Signs,4,1,Complains Of Pain
165372,1/14/13,8:46 PM,2013-00004157,FRANCIS ST,MEMORIAL BLVD ,FRANCIS ST / MEMORIAL BLVD ,Noel Field,260,14-Jan-13,Vehicle - Pedestrian,,,,One-Way Trafficway,Dry,Dark - Lighted,Cloudy,2,Not a Collision Between Two Motor Vehicles in Transport,"Yes, M/V and Driver Left Scene",No Controls,2,0,Unknown
166013,1/18/13,12:18 PM,2013-00005197,WASHINGTON AVE,EDDY ST ,WASHINGTON AVE / EDDY ST ,Werchadlo Jr.,679,19-Jan-13,Vehicle - Pedestrian,,,,"Two-Way , Not Divided",Dry,Daylight,Clear,2,Unknown,"Yes, M/V and Driver Left Scene",No Controls,2,0,Unknown
166047,1/19/13,6:16 PM,2013-00005645,IVES ST,PRESTON ST ,IVES ST / PRESTON ST ,Trent Hastings,326,19-Jan-13,Vehicle - Pedestrian,X,,,"Two-Way , Not Divided",Dry,Dark - Lighted,Clear,1,Angle - Direction Not Specified,No,No Controls,4,1,Complains Of Pain
166074,1/19/13,8:56 PM,2013-00005687,Detroit Ave,NIAGARA ST ,Detroit Ave / NIAGARA ST ,Noel Field,260,19-Jan-13,Vehicle - Pedestrian,,,,"Two-Way , Not Divided",Dry,Dark - Lighted,Clear,2,Not a Collision Between Two Motor Vehicles in Transport,"Yes, M/V and Driver Left Scene",No Controls,2,0,Unknown
166075,1/19/13,10:02 PM,2013-00005703,Empire St.,Westminster St.,Empire St. / Westminster St.,Noel Field,260,19-Jan-13,Vehicle - Pedestrian,,,,"Two-Way , Not Divided",Dry,Dark - Lighted,Clear,1,Not a Collision Between Two Motor Vehicles in Transport,No,Traffic Control Signal,5,1,Complains Of Pain
166079,1/20/13,4:42 AM,2013-00005815,EDDY ST,VERMONT AVE ,EDDY ST / VERMONT AVE ,Zachary Silbert,282,20-Jan-13,Vehicle - Pedestrian,,,,"Two-Way , Not Divided",Dry,Dark - Lighted,Clear,1,Not a Collision Between Two Motor Vehicles in Transport,"Yes, M/V and Driver Left Scene",Stop Signs,2,1,Complains Of Pain
166129,1/20/13,2:22 AM,2013-00005778,Washington St.,Mathewson St.,Washington St. / Mathewson St.,Noel Field,260,20-Jan-13,Vehicle - Pedestrian,,,,"Two-Way , Not Divided",Dry,Dark - Lighted,Clear,2,Not a Collision Between Two Motor Vehicles in Transport,No,No Controls,5,0,No Injury
166276,1/22/13,10:11 AM,2013-00006368,425 DEXTER ST,WALDO ST ,425 DEXTER ST / WALDO ST ,Luis Fernandez,531,22-Jan-13,Vehicle - Pedestrian,,,,"Two-Way , Not Divided",Slush,Daylight,Clear,1,Not a Collision Between Two Motor Vehicles in Transport,"Yes, M/V and Driver Left Scene",No Controls,1,1,Complains Of Pain
166343,1/22/13,4:36 PM,2013-00006486,CANAL ST,SMITH ST ,CANAL ST / SMITH ST ,Shawn Kennedy,547,22-Jan-13,Vehicle - Pedestrian,,,,One-Way Trafficway,Dry,Daylight,Clear,2,"Sideswipe, Same Direction","Yes, M/V and Driver Left Scene",Traffic Control Signal,3,0,No Injury
166394,1/22/13,11:12 AM,2013-00006385,93 Huxley Ave,VINCENT ST ,93 Huxley Ave / VINCENT ST ,Dennis O'Brien,067,23-Jan-13,Vehicle - Pedestrian,,,,"Two-Way , Not Divided",Wet,Dark - Lighted,Clear,2,Unknown,"Yes, M/V and Driver Left Scene",No Controls,2,0,Unknown
166548,1/23/13,2:46 PM,2013-00006751,LENOX AVE,NIAGARA ST ,LENOX AVE / NIAGARA ST ,MICHAEL R. TROIA / TRAFFIC BUREAU,331,23-Jan-13,Vehicle - Pedestrian,,,,"Two-Way , Not Divided",Dry,Daylight,Clear,1,Other,"Yes, M/V and Driver Left Scene",No Controls,1,1,Complains Of Pain
166841,1/25/13,10:53 AM,2013-00007303,DOUGLAS AVE,North Davis Street,DOUGLAS AVE / North Davis Street,Raymond King,633,26-Jan-13,Vehicle - Pedestrian,,,,"Two-Way , Not Divided",Dry,Daylight,Clear,2,Other,No,No Controls,1,0,Unknown
166932,1/25/13,10:58 PM,2013-00007528,WESTMINSTER ST,MEMORIAL BLVD,WESTMINSTER ST / MEMORIAL BLVD,Alberto DaCruz,205,27-Jan-13,Vehicle - Pedestrian,,,,"Two-Way , Not Divided",Wet,Dark - Lighted,Cloudy,1,Not a Collision Between Two Motor Vehicles in Transport,No,Traffic Control Signal,3,1,Complains Of Pain
166959,1/27/13,7:14 PM,2013-00008051,CHALKSTONE AVE,RUGGLES ST ,CHALKSTONE AVE / RUGGLES ST ,MICHAEL R. TROIA / TRAFFIC BUREAU,331,27-Jan-13,Vehicle - Pedestrian,,,,"Two-Way , Not Divided",Dry,Dark - Lighted,Clear,1,Head-On (Front - to - Front),"Yes, M/V and Driver Left Scene",No Controls,2,1,Complains Of Pain
167083,1/28/13,5:04 PM,2013-00008272,BORDEN ST,PLAIN ST ,BORDEN ST / PLAIN ST ,Michael Gammino,491,28-Jan-13,Vehicle - Pedestrian,,,,"Two-Way , Not Divided",Snow,Dark - Lighted,Snow,1,Angle (Front - to - Side) Same Direction,No,No Controls,2,1,Complains Of Pain
167091,1/28/13,12:43 PM,2013-00008203,356 SMITH STREET,,356 SMITH STREET / ,Joseph Madeira,552,28-Jan-13,Vehicle - Pedestrian,,,,"Two-Way , Not Divided",Dry,Daylight,Clear,1,Other,No,No Controls,2,1,Complains Of Pain
167092,1/28/13,6:32 PM,2013-00008289,FRANCIS ST,MEMORIAL BLVD ,FRANCIS ST / MEMORIAL BLVD ,Matthew Goddard,171,28-Jan-13,Vehicle - Pedestrian,,,,"Two-Way , Not Divided",Dry,Dark - Lighted,Rain,1,Not a Collision Between Two Motor Vehicles in Transport,"Yes, M/V and Driver Left Scene",No Controls,1,0,No Injury
167371,1/29/13,11:05 AM,2013-00008445,TROY ST EXIT,WESTMINSTER ST ,TROY ST EXIT / WESTMINSTER ST ,Anthony Hampton,681,30-Jan-13,Vehicle - Pedestrian,,,,One-Way Trafficway,Dry,Daylight,Clear,2,Rear End(Front-to-Rear),"Yes, M/V and Driver Left Scene",No Controls,2,0,No Injury
167471,1/30/13,9:25 PM,2013-00008949,Washington St.,Exchange St.,Washington St. / Exchange St.,Noel Field,260,30-Jan-13,Vehicle - Pedestrian,,,,One-Way Trafficway,Wet,Dark - Lighted,Cloudy,1,Not a Collision Between Two Motor Vehicles in Transport,No,Flashing Traffic Control Signal,3,1,Complains Of Pain
167581,1/30/13,12:53 PM,2013-00008776,ATWOOD ST,PLAINFIELD ST ,ATWOOD ST / PLAINFIELD ST ,Anthony Hampton,681,02-Feb-13,Vehicle - Pedestrian,,,,One-Way Trafficway,Dry,Daylight,Clear,1,Not a Collision Between Two Motor Vehicles in Transport,No,Traffic Control Signal,3,0,No Injury
167619,2/2/13,7:00 PM,2013-00009664,CHALKSTONE AVENUE,BILTMORE AVENUE,CHALKSTONE AVENUE / BILTMORE AVENUE,Giuseppe Scarcello,485,02-Feb-13,Vehicle - Pedestrian,,,,"Two-Way , Not Divided",Dry,Dark - Lighted,Clear,1,Not a Collision Between Two Motor Vehicles in Transport,No,No Controls,3,1,Complains Of Pain
167689,2/3/13,12:51 AM,2013-00010073,BROAD ST,SERVICE ROAD 7 ,BROAD ST / SERVICE ROAD 7 ,Mark Hubbard,267,03-Feb-13,Vehicle - Pedestrian,,,,One-Way Trafficway,Dry,Dark - Lighted,Clear,1,Not a Collision Between Two Motor Vehicles in Transport,"Yes, M/V and Driver Left Scene",No Controls,1,1,Incapacitating
170067,2/9/13,8:53 AM,2013-00011885,BROADWAY,ALMY ST ,BROADWAY / ALMY ST ,Ptlm. Carroll,142,20-Feb-13,Vehicle - Pedestrian,,,,"Two-Way , Not Divided",Snow,Daylight,Blowing Snow,1,Not a Collision Between Two Motor Vehicles in Transport,"Yes, M/V and Driver Left Scene",Traffic Control Signal,1,1,Complains Of Pain
168319,2/9/13,3:57 PM,2013-00011953,650 SMITH ST,,650 SMITH ST / ,MICHAEL R. TROIA / TRAFFIC BUREAU,331,09-Feb-13,Vehicle - Pedestrian,,,,"Two-Way , Not Divided",Snow,Daylight,Clear,1,Head-On (Front - to - Front),No,No Controls,2,1,Complains Of Pain
168576,2/12/13,1:45 PM,2013-00012860,HAYES ST,Providence Place,HAYES ST / Providence Place,John Henderson,148,12-Feb-13,Vehicle - Pedestrian,,,,One-Way Trafficway,Wet,Dark - Lighted,Clear,1,Other,"Yes, M/V and Driver Left Scene",No Controls,3,1,Complains Of Pain
168711,2/13/13,4:42 PM,2013-00013272,W RIVER ST,BRANCH AVE ,W RIVER ST / BRANCH AVE ,Ptlm. Chin,516,13-Feb-13,Vehicle - Pedestrian,,,,"Two-Way , Not Divided",Wet,Daylight,Clear,1,Not a Collision Between Two Motor Vehicles in Transport,No,Pavement Markings,2,1,Complains Of Pain
168915,2/13/13,1:00 PM,2013-00013182,BRANCH AVE,BINGHAM ST ,BRANCH AVE / BINGHAM ST ,John Kennedy,160,14-Feb-13,Vehicle - Pedestrian,,,,Unknown,Dry,Daylight,Clear,2,Angle (Front - to - Side) Right Angle (Includes Broadside),"Yes, M/V and Driver Left Scene",No Controls,2,0,No Injury
169019,2/15/13,10:58 PM,2013-00014101,Washington Street,MATHEWSON ST ,Washington Street / MATHEWSON ST ,Andrew Groot,188,15-Feb-13,Vehicle - Pedestrian,X,,,"Two-Way , Not Divided",Wet,Dark - Lighted,Clear,1,Not a Collision Between Two Motor Vehicles in Transport,"Yes, M/V and Driver Left Scene",Traffic Control Signal,1,1,Complains Of Pain
169020,2/16/13,1:55 AM,2013-00014153,ABORN ST,WASHINGTON ST ,ABORN ST / WASHINGTON ST ,Andrew Groot,188,16-Feb-13,Vehicle - Pedestrian,,,,One-Way Trafficway,Snow,Dark - Lighted,Cloudy,1,Rear End(Front-to-Rear),No,No Controls,3,1,Complains Of Pain
169206,2/16/13,1:50 PM,2013-00014279,99 KENNEDY PLAZA,,99 KENNEDY PLAZA / ,Joseph Madeira,552,17-Feb-13,Vehicle - Pedestrian,,,,One-Way Trafficway,Wet,Daylight,Snow,1,Other,No,No Controls,4,1,Complains Of Pain
169229,2/17/13,9:59 AM,2013-00014609,THAYER ST,MEETING ST ,THAYER ST / MEETING ST ,John Almeida,386,17-Feb-13,Vehicle - Pedestrian,,,,One-Way Trafficway,Snow,Daylight,Snow,1,Not a Collision Between Two Motor Vehicles in Transport,No,No Controls,2,0,No Injury
169964,2/22/13,1:00 PM,2013-00016114,RIVER AVE,JOY ST ,RIVER AVE / JOY ST ,Dennis O'Brien,067,22-Feb-13,Vehicle - Pedestrian,,,,"Two-Way, Divided, Unprotected (painted>4feet) Medium",Dry,Daylight,Clear,2,"Sideswipe, Same Direction","Yes, M/V and Driver Left Scene",No Controls,2,0,Unknown
170059,2/22/13,11:12 PM,2013-00016298,ARDOENE ST,LOUIS AVE ,ARDOENE ST / LOUIS AVE ,Jerome Lynch,582,23-Feb-13,Vehicle - Pedestrian,,,,"Two-Way , Not Divided",Dry,Dark - Lighted,Clear,2,"Sideswipe, Same Direction","Yes, M/V and Driver Left Scene",No Controls,2,0,Unknown
170973,2/22/13,2:30 PM,2013-00016143,N MAIN ST,N MAIN ST ,N MAIN ST / N MAIN ST ,Richard Mills,424,04-Mar-13,Vehicle - Pedestrian,,,,"Two-Way , Not Divided",Dry,Daylight,Clear,1,Other,"Yes, M/V and Driver Left Scene",Stop Signs,1,1,Complains Of Pain
170280,2/23/13,1:53 PM,2013-00016486,WESTMINSTER ST,EMPIRE ST ,WESTMINSTER ST / EMPIRE ST ,George SanAntonio,604,26-Feb-13,Vehicle - Pedestrian,,,X,"Two-Way , Not Divided",Dry,Daylight,Cloudy,1,Not a Collision Between Two Motor Vehicles in Transport,No,Traffic Control Signal,4,1,Non-Incapacitating
170086,2/23/13,10:59 AM,2013-00016435,1070 HOPE STREET,BLACKSTONE BLVD,1070 HOPE STREET / BLACKSTONE BLVD,Joseph Madeira,552,23-Feb-13,Vehicle - Pedestrian,,,,"Two-Way , Not Divided",Dry,Daylight,Clear,1,Other,No,No Controls,3,1,Non-Incapacitating
170141,2/23/13,2:45 AM,2013-00016681,UNION ST,WASHINGTON ST ,UNION ST / WASHINGTON ST ,Richard Mendez,288,24-Feb-13,Vehicle - Pedestrian,,,,"Two-Way , Not Divided",Dry,Dark - Lighted,Clear,1,Not a Collision Between Two Motor Vehicles in Transport,"Yes, M/V and Driver Left Scene",No Controls,1,1,Complains Of Pain
170159,2/24/13,4:22 PM,2013-00016790,College St,BENEFIT ST ,College St / BENEFIT ST ,Ptlm. Chin,516,24-Feb-13,Vehicle - Pedestrian,X,,,"Two-Way , Not Divided",Wet,Daylight,Rain,1,Unknown,No,Stop Signs,2,1,Complains Of Pain
170166,2/24/13,6:43 PM,2013-00016815,BRANCH AVE,CHARLES ST ,BRANCH AVE / CHARLES ST ,Ptlm. Chin,516,24-Feb-13,Vehicle - Pedestrian,,,,"Two-Way , Not Divided",Wet,Dark - Lighted,Rain,1,Not a Collision Between Two Motor Vehicles in Transport,No,Traffic Control Signal,3,1,Complains Of Pain
170287,2/25/13,12:50 PM,2013-00016967,601 N MAIN ST,N MAIN ST ,601 N MAIN ST / N MAIN ST ,Trent Hastings,326,26-Feb-13,Vehicle - Pedestrian,,,,"Two-Way, Divided, Unprotected (painted>4feet) Medium",Dry,Daylight,Clear,1,Other,No,No Controls,3,1,Complains Of Pain
170251,2/25/13,6:55 PM,2013-00017069,165 Pitman St,BUTLER AVE ,165 Pitman St / BUTLER AVE ,Ptlm. Chin,516,25-Feb-13,Vehicle - Pedestrian,,,,"Two-Way , Not Divided",Dry,Dark - Lighted,Clear,1,Not a Collision Between Two Motor Vehicles in Transport,No,No Controls,2,1,Complains Of Pain
170368,2/26/13,6:58 PM,2013-00017397,ALLENS AVE,EDDY ST ,ALLENS AVE / EDDY ST ,MICHAEL R. TROIA / TRAFFIC BUREAU,331,26-Feb-13,Vehicle - Pedestrian,,,,"Two-Way, Divided, Positive Median Barrier",Dry,Dark - Not Lighted,Clear,1,Head-On (Front - to - Front),No,No Controls,3,1,Non-Incapacitating
170600,2/28/13,6:57 AM,2013-00017769,EDDY STREET,RHODES STREET,EDDY STREET / RHODES STREET,Joseph Madeira,552,28-Feb-13,Vehicle - Pedestrian,,,,"Two-Way , Not Divided",Wet,Daylight,Clear,1,Other,No,No Controls,2,1,Non-Incapacitating
170751,3/1/13,7:30 AM,2013-00018096,PETTEYS AVE,GLENBRIDGE AVE ,PETTEYS AVE / GLENBRIDGE AVE ,Keith Lafazia,394,01-Mar-13,Vehicle - Pedestrian,,,,"Two-Way , Not Divided",Dry,Daylight,Clear,1,Head-On (Front - to - Front),No,Traffic Control Signal,5,2,Complains Of Pain
170770,3/1/13,12:40 PM,2013-00018175,WASHINGTON ST,CLEMENCE ST ,WASHINGTON ST / CLEMENCE ST ,John Sigillo,590,01-Mar-13,Vehicle - Pedestrian,X,,,"Two-Way , Not Divided",Dry,Daylight,Clear,1,"Sideswipe, Same Direction",No,No Controls,3,1,Complains Of Pain
171050,3/1/13,7:44 AM,2013-00018099,CHARLES ST,CHARLES ST ,CHARLES ST / CHARLES ST ,Vincent Sollitto,058,04-Mar-13,Vehicle - Pedestrian,,,,"Two-Way , Not Divided",Dry,Daylight,Clear,1,Other,No,No Controls,2,1,Complains Of Pain
170906,3/2/13,8:05 PM,2013-00018643,BRANCH AVE,LANGDON ST ,BRANCH AVE / LANGDON ST ,Michael Clary,269,03-Mar-13,Vehicle - Pedestrian,X,,,"Two-Way , Not Divided",Dry,Dark - Lighted,Clear,1,Not a Collision Between Two Motor Vehicles in Transport,No,Stop Signs,3,1,Complains Of Pain
171338,3/5/13,5:01 PM,2013-00019449,GORDON AVE,OXFORD ST ,GORDON AVE / OXFORD ST ,Ptlm. Elie,167,05-Mar-13,Vehicle - Pedestrian,,,,"Two-Way , Not Divided",Dry,Daylight,Clear,2,Angle (Front - to - Side) Right Angle (Includes Broadside),"Yes, Driver Left Scene",Stop Signs,2,1,Complains Of Pain
171535,3/6/13,3:57 PM,2013-00019700,DOUGLAS AVE,CLYM ST,DOUGLAS AVE / CLYM ST,Ibrahim Yousif,196,06-Mar-13,Vehicle - Pedestrian,,,,"Two-Way, Divided, Unprotected (painted>4feet) Medium",Wet,Daylight,Rain,1,Not a Collision Between Two Motor Vehicles in Transport,"Yes, M/V and Driver Left Scene",No Controls,1,1,Complains Of Pain
171350,3/6/13,6:12 PM,2013-00019742,82 SMITH ST,,82 SMITH ST / ,MICHAEL R. TROIA / TRAFFIC BUREAU,331,06-Mar-13,Vehicle - Pedestrian,,,,"Two-Way , Not Divided",Wet,Dark - Lighted,Rain,1,Other,No,No Controls,4,1,Complains Of Pain
171368,3/6/13,7:32 PM,2013-00019762,Washington St.,Exchange St.,Washington St. / Exchange St.,Noel Field,260,06-Mar-13,Vehicle - Pedestrian,,,,One-Way Trafficway,Wet,Dark - Lighted,Rain,1,Not a Collision Between Two Motor Vehicles in Transport,No,Traffic Control Signal,8,1,Complains Of Pain
171439,3/6/13,4:36 PM,2013-00019717,Greenwood St,ATWELLS AVE ,Greenwood St / ATWELLS AVE ,Juan Rodrigues,194,06-Mar-13,Vehicle - Pedestrian,,,,"Two-Way , Not Divided",Dry,Daylight,Clear,1,Other,"Yes, M/V and Driver Left Scene",No Controls,1,1,Non-Incapacitating
171499,3/7/13,2:48 PM,2013-00019968,244 CHAD BROWN ST,,244 CHAD BROWN ST / ,MICHAEL R. TROIA / TRAFFIC BUREAU,331,07-Mar-13,Vehicle - Pedestrian,,,,"Two-Way , Not Divided",Wet,Daylight,Blowing Snow,1,Not a Collision Between Two Motor Vehicles in Transport,No,No Controls,2,1,Complains Of Pain
171584,3/7/13,9:19 AM,2013-00019883,FOUNTAIN ST,FOUNTAIN ST ,FOUNTAIN ST / FOUNTAIN ST ,George SanAntonio,604,07-Mar-13,Vehicle - Pedestrian,,,,One-Way Trafficway,Snow,Daylight,Snow,1,Not a Collision Between Two Motor Vehicles in Transport,No,Traffic Control Signal,3,1,Complains Of Pain
171586,3/8/13,9:45 PM,2013-00020341,WATERMAN ST,BROWN ST ,WATERMAN ST / BROWN ST ,Fausto Garcia,109,08-Mar-13,Vehicle - Pedestrian,,,,One-Way Trafficway,Ice/Frost,Dark - Lighted,Clear,1,Other,No,Stop Signs,8,1,Complains Of Pain
171591,3/8/13,8:40 AM,2013-00020149,Woodward Rd,SANTOMARCO DR ,Woodward Rd / SANTOMARCO DR ,John Kennedy,160,08-Mar-13,Vehicle - Pedestrian,,,,"Two-Way , Not Divided",Snow,Daylight,Snow,1,Not a Collision Between Two Motor Vehicles in Transport,No,No Controls,3,0,No Injury
172151,3/9/13,1:34 PM,2013-00020531,WESTMINSTER ST,EMPIRE ST ,WESTMINSTER ST / EMPIRE ST ,James Conti,606,09-Mar-13,Vehicle - Pedestrian,,,,"Two-Way , Not Divided",Dry,Daylight,Clear,1,Not a Collision Between Two Motor Vehicles in Transport,No,Traffic Control Signal,4,1,Complains Of Pain
171639,3/9/13,4:42 PM,2013-00020578,MOOREFIELD ST,POCASSET AVE ,MOOREFIELD ST / POCASSET AVE ,Jason Andrade,200,09-Mar-13,Vehicle - Pedestrian,,,,"Two-Way, Divided, Positive Median Barrier",Dry,Daylight,Clear,1,Other,No,No Controls,2,1,Complains Of Pain
172011,3/12/13,10:28 PM,2013-00021516,Garnet St,Friendship St,Garnet St / Friendship St,Noel Field,260,13-Mar-13,Vehicle - Pedestrian,,,,One-Way Trafficway,Dry,Dark - Not Lighted,Rain,2,Other,"Yes, M/V and Driver Left Scene",No Controls,2,0,Unknown
172288,3/15/13,7:54 PM,2013-00022378,THAYER ST,WATERMAN ST ,THAYER ST / WATERMAN ST ,Elizabeth Pedchenko,498,15-Mar-13,Vehicle - Pedestrian,,,,One-Way Trafficway,Dry,Dark - Lighted,Clear,1,Head-On (Front - to - Front),No,No Controls,2,1,Complains Of Pain
172586,3/17/13,8:48 PM,2013-00023073,EXCHANGE TER,EXCHANGE ST,EXCHANGE TER / EXCHANGE ST,MICHAEL R. TROIA / TRAFFIC BUREAU,331,17-Mar-13,Vehicle - Pedestrian,,,,One-Way Trafficway,Dry,Dark - Lighted,Clear,1,Not a Collision Between Two Motor Vehicles in Transport,"Yes, M/V and Driver Left Scene",No Controls,1,1,Non-Incapacitating
172777,3/18/13,10:25 PM,2013-00023398,Silver Spring St,BATCHELLER AVE ,Silver Spring St / BATCHELLER AVE ,Noel Field,260,18-Mar-13,Vehicle - Pedestrian,,,,Unknown,Dry,Dark - Lighted,Cloudy,2,Not a Collision Between Two Motor Vehicles in Transport,"Yes, M/V and Driver Left Scene",No Controls,3,0,Unknown
172867,3/18/13,2:00 PM,2013-00023270,601 North Main Street,,601 North Main Street / ,Antonio D. Laranjo Jr.,456,19-Mar-13,Vehicle - Pedestrian,,,,"Two-Way , Not Divided",Dry,Daylight,Clear,2,"Sideswipe, Same Direction","Yes, Driver Left Scene",No Controls,5,1,Complains Of Pain
172874,3/19/13,4:19 PM,2013-00023558,PINE ST,RICHMOND ST ,PINE ST / RICHMOND ST ,Ptlm. Chin,516,19-Mar-13,Vehicle - Pedestrian,,,,"Two-Way , Not Divided",Wet,Daylight,Cloudy,1,Not a Collision Between Two Motor Vehicles in Transport,"Yes, M/V and Driver Left Scene",Stop Signs,2,0,No Injury
172941,3/20/13,6:08 PM,2013-00023847,BRANCH AVE,VANDEWATER ST ,BRANCH AVE / VANDEWATER ST ,Richard Esposito,320,20-Mar-13,Vehicle - Pedestrian,,,,"Two-Way , Not Divided",Dry,Daylight,Clear,1,Other,No,No Controls,3,1,Complains Of Pain
173194,3/23/13,9:23 AM,2013-00024663,Waterman St,GANO ST ,Waterman St / GANO ST ,Noel Field,260,23-Mar-13,Vehicle - Pedestrian,,,,One-Way Trafficway,Dry,Daylight,Clear,2,Rear End(Front-to-Rear),No,Traffic Control Signal,5,1,Complains Of Pain
173483,3/25/13,3:25 PM,2013-00025333,sayles st ,OCEAN ST ,sayles st  / OCEAN ST ,Ptlm. Chin,516,25-Mar-13,Vehicle - Pedestrian,,,,"Two-Way , Not Divided",Dry,Daylight,Clear,1,Not a Collision Between Two Motor Vehicles in Transport,No,No Controls,2,1,Complains Of Pain
173570,3/26/13,10:55 AM,2013-00025574,N MAIN ST,DOYLE AVE ,N MAIN ST / DOYLE AVE ,William Hutchinson,391,26-Mar-13,Vehicle - Pedestrian,,,,"Two-Way , Not Divided",Dry,Daylight,Clear,1,"Sideswipe, Same Direction",No,Traffic Control Signal,2,0,No Injury
173580,3/26/13,3:19 PM,2013-00025648,HOPE ST,POWER ST,HOPE ST / POWER ST,Scott Sousa,464,26-Mar-13,Vehicle - Pedestrian,,,,"Two-Way , Not Divided",Dry,Daylight,Clear,1,Angle (Front - to - Side) Right Angle (Includes Broadside),No,Stop Signs,2,1,Incapacitating
173746,3/27/13,4:33 PM,2013-00025955,GENEVA ST,CHALKSTONE AVE ,GENEVA ST / CHALKSTONE AVE ,Matthew Greely,184,27-Mar-13,Vehicle - Pedestrian,,,,"Two-Way , Not Divided",Dry,Daylight,Clear,1,Not a Collision Between Two Motor Vehicles in Transport,"Yes, M/V and Driver Left Scene",No Controls,2,1,Complains Of Pain
174016,3/30/13,3:34 PM,2013-00026911,BROADWAY,VINTON ST ,BROADWAY / VINTON ST ,MICHAEL R. TROIA / TRAFFIC BUREAU,331,30-Mar-13,Vehicle - Pedestrian,X,,,"Two-Way , Not Divided",Dry,Daylight,Clear,1,Not a Collision Between Two Motor Vehicles in Transport,No,No Controls,3,1,Complains Of Pain