CrashReportId,CrashDate,CrashTime,ReportNumber,StreetOrHighway,NearestIntersection,Location,Officer,Badge,ReportDate,TypeOfCollision,Bicycle,Scooter,Wheel Chair,TypeOfRoadway,RoadSurfaceCondition,LightCondition,WeatherCondition,NumberofVehicles,MannerofImpact,HitAndRun,TrafficControl,PersonCount,InjuryCount,MostSeriousInjury
174102,3/30/13,7:19 PM,2013-00026980,RESERVOIR AVE,NARRAGANSETT AVE ,RESERVOIR AVE / NARRAGANSETT AVE ,Kusol Pea,174,31-Mar-13,Vehicle - Pedestrian,,,,"Two-Way, Divided, Unprotected (painted>4feet) Medium",Dry,Daylight,Clear,1,Not a Collision Between Two Motor Vehicles in Transport,No,Traffic Control Signal,3,1,Complains Of Pain
174198,4/1/13,3:05 PM,2013-00027531,TROY ST,WESTMINSTER ST ,TROY ST / WESTMINSTER ST ,Ptlm. Chin,516,01-Apr-13,Vehicle - Pedestrian,,,,"Two-Way , Not Divided",Dry,Daylight,Clear,1,Not a Collision Between Two Motor Vehicles in Transport,No,No Controls,2,1,Complains Of Pain
174266,4/1/13,2:49 PM,2013-00027525,ATWELLS AVE,EAGLE ST ,ATWELLS AVE / EAGLE ST ,Stephen Frechette,362,01-Apr-13,Vehicle - Pedestrian,,,,"Two-Way , Not Divided",Dry,Daylight,Clear,1,Not a Collision Between Two Motor Vehicles in Transport,No,No Controls,5,1,Complains Of Pain
174274,4/2/13,12:08 AM,2013-00027671,Atwells Ave.,Harris Ave.,Atwells Ave. / Harris Ave.,Noel Field,260,02-Apr-13,Vehicle - Pedestrian,,,,Unknown,Dry,Dark - Lighted,Cloudy,1,Not a Collision Between Two Motor Vehicles in Transport,"Yes, M/V and Driver Left Scene",No Controls,4,1,Complains Of Pain
174493,4/3/13,1:05 PM,2013-00028072,MANTON AVE,DELAINE ST ,MANTON AVE / DELAINE ST ,Edmond Malloy,573,04-Apr-13,Vehicle - Pedestrian,,,,"Two-Way , Not Divided",Dry,Daylight,Clear,1,"Sideswipe, Same Direction",No,No Controls,2,0,No Injury
174825,4/4/13,8:44 PM,2013-00028495,Cranston St,Bridgham St,Cranston St / Bridgham St,Michael Clary,269,07-Apr-13,Vehicle - Pedestrian,,,,"Two-Way , Not Divided",Dry,Dark - Lighted,Clear,1,Not a Collision Between Two Motor Vehicles in Transport,No,Traffic Control Signal,2,1,Complains Of Pain
174882,4/8/13,10:57 AM,2013-00029621,BLACKSTONE ST,EDDY ST ,BLACKSTONE ST / EDDY ST ,Trent Hastings,326,08-Apr-13,Vehicle - Pedestrian,,,,"Two-Way , Not Divided",Dry,Daylight,Clear,1,Not a Collision Between Two Motor Vehicles in Transport,No,No Controls,3,1,Complains Of Pain
174883,4/8/13,11:32 AM,2013-00029631,EMPIRE ST,WASHINGTON ST ,EMPIRE ST / WASHINGTON ST ,Trent Hastings,326,08-Apr-13,Vehicle - Pedestrian,,,,"Two-Way , Not Divided",Dry,Daylight,Clear,1,Not a Collision Between Two Motor Vehicles in Transport,No,Traffic Control Signal,2,1,Complains Of Pain
174917,4/8/13,6:45 PM,2013-00029791,BLACKSTONE BLVD,BLACKSTONE BLVD ,BLACKSTONE BLVD / BLACKSTONE BLVD ,Glen Morgan,558,08-Apr-13,Vehicle - Pedestrian,,,,"Two-Way , Not Divided",Dry,Daylight,Clear,1,Not a Collision Between Two Motor Vehicles in Transport,No,No Controls,3,0,No Injury
175038,4/8/13,4:48 PM,2013-00029735,BROAD ST,CLAVERICK ST ,BROAD ST / CLAVERICK ST ,Donald Brien,630,09-Apr-13,Vehicle - Pedestrian,,,,"Two-Way, Divided, Unprotected (painted>4feet) Medium",Dry,Daylight,Clear,1,Other,No,Traffic Control Signal,3,1,Complains Of Pain
175052,4/9/13,7:44 PM,2013-00030170,195 Vinton St,,195 Vinton St / ,Michael Clary,269,09-Apr-13,Vehicle - Pedestrian,,,,"Two-Way , Not Divided",Dry,Dark - Lighted,Clear,1,Not a Collision Between Two Motor Vehicles in Transport,No,No Controls,3,1,Complains Of Pain
175184,4/10/13,5:50 PM,2013-00030454,Thurbers Ave,Burnside Street,Thurbers Ave / Burnside Street,Thomas Richards,162,10-Apr-13,Vehicle - Pedestrian,,,,"Two-Way , Not Divided",Dry,Daylight,Clear,1,Other,No,Stop Signs,3,1,Complains Of Pain
175945,4/12/13,12:24 PM,2013-00030946,Valley st,HEMLOCK ST ,Valley st / HEMLOCK ST ,Dennis O'Brien,067,15-Apr-13,Vehicle - Pedestrian,,,,"Two-Way, Divided, Unprotected (painted>4feet) Medium",Wet,Daylight,Rain,2,Rear End(Front-to-Rear),"Yes, M/V and Driver Left Scene",No Controls,2,0,No Injury
175482,4/13/13,11:49 PM,2013-00031500,North Main St,Rochambeau Ave ,North Main St / Rochambeau Ave ,Michael Clary,269,14-Apr-13,Vehicle - Pedestrian,,,,"Two-Way, Divided, Positive Median Barrier",Dry,Dark - Lighted,Clear,1,Not a Collision Between Two Motor Vehicles in Transport,No,Traffic Control Signal,3,1,Complains Of Pain
176092,4/14/13,1:29 PM,2013-00031686,BROADWAY,KNIGHT ST ,BROADWAY / KNIGHT ST ,Anthony Hampton,681,17-Apr-13,Vehicle - Pedestrian,,,,"Two-Way , Not Divided",Dry,Daylight,Clear,2,Other,"Yes, M/V and Driver Left Scene",No Controls,3,0,Unknown
175845,4/15/13,5:40 PM,2013-00032049,RAYMOND STREET ,CHALKSTONE AVENUE ,RAYMOND STREET  / CHALKSTONE AVENUE ,Giuseppe Scarcello,485,15-Apr-13,Vehicle - Pedestrian,X,,,"Two-Way , Not Divided",Dry,Daylight,Clear,1,Not a Collision Between Two Motor Vehicles in Transport,No,Traffic Control Signal,2,1,Non-Incapacitating
175589,4/15/13,6:46 AM,2013-00031889,WESTMINISTER STREET,SERVICE ROAD # 3,WESTMINISTER STREET / SERVICE ROAD # 3,Joseph Madeira,552,15-Apr-13,Vehicle - Pedestrian,,,,"Two-Way , Not Divided",Dry,Daylight,Clear,1,Other,"Yes, M/V and Driver Left Scene",No Controls,1,1,Complains Of Pain
175739,4/16/13,10:32 AM,2013-00032221,BENEVOLENT ST,BROOK ST ,BENEVOLENT ST / BROOK ST ,Trent Hastings,326,16-Apr-13,Vehicle - Pedestrian,,,,"Two-Way , Not Divided",Dry,Daylight,Clear,1,Angle (Front - to - Side) Right Angle (Includes Broadside),No,Stop Signs,3,1,Complains Of Pain
175782,4/16/13,2:18 PM,2013-00032281,VALLEY ST,EAGLE ST ,VALLEY ST / EAGLE ST ,Trent Hastings,326,16-Apr-13,Vehicle - Pedestrian,X,,,"Two-Way , Not Divided",Dry,Daylight,Clear,1,Other,No,Flashing Traffic Control Signal,3,1,Complains Of Pain
176056,4/18/13,11:29 PM,2013-00033099,COLLEGE ST,WESTMINSTER ST ,COLLEGE ST / WESTMINSTER ST ,Noel Field,260,19-Apr-13,Vehicle - Pedestrian,X,,,"Two-Way , Not Divided",Dry,Dark - Lighted,Cloudy,1,Not a Collision Between Two Motor Vehicles in Transport,No,Traffic Control Signal,5,1,Incapacitating
176091,4/19/13,6:09 PM,2013-00033392,N MAIN ST,N MAIN ST ,N MAIN ST / N MAIN ST ,Ralph Abenante,511,19-Apr-13,Vehicle - Pedestrian,,,,"Two-Way, Divided, Positive Median Barrier",Wet,Dusk,Cloudy,1,Head-On (Front - to - Front),No,No Controls,2,1,Complains Of Pain
176125,4/20/13,2:10 AM,2013-00033558,548 Atwells Ave,EAGLE ST ,548 Atwells Ave / EAGLE ST ,Michael Clary,269,20-Apr-13,Vehicle - Pedestrian,,,,"Two-Way , Not Divided",Wet,Dark - Lighted,Rain,1,Not a Collision Between Two Motor Vehicles in Transport,No,No Controls,4,2,Complains Of Pain
176372,4/22/13,8:04 AM,2013-00034219,CUTLER STREET,ATWELLS AVENUE,CUTLER STREET / ATWELLS AVENUE,Joseph Madeira,552,22-Apr-13,Vehicle - Pedestrian,,,,"Two-Way , Not Divided",Dry,Daylight,Clear,1,Other,"Yes, M/V and Driver Left Scene",No Controls,1,1,Complains Of Pain
176392,4/22/13,11:30 AM,2013-00034260,1500 BROAD STREET,,1500 BROAD STREET / ,Joseph Madeira,552,22-Apr-13,Vehicle - Pedestrian,,,,"Two-Way , Not Divided",Dry,Daylight,Clear,1,Head-On (Front - to - Front),No,No Controls,4,1,Non-Incapacitating
176607,4/24/13,6:09 PM,2013-00034972,plain st ,BORDEN ST ,plain st  / BORDEN ST ,Ptlm. Chin,516,24-Apr-13,Vehicle - Pedestrian,,,,"Two-Way , Not Divided",Dry,Daylight,Clear,1,Not a Collision Between Two Motor Vehicles in Transport,"Yes, M/V and Driver Left Scene",Stop Signs,1,1,Complains Of Pain
176613,4/24/13,6:45 PM,2013-00034989,160 JULIAN STREET,AMHERST ST ,160 JULIAN STREET / AMHERST ST ,Darren Hull,598,24-Apr-13,Vehicle - Pedestrian,X,,,"Two-Way , Not Divided",Dry,Daylight,Clear,1,Angle - Direction Not Specified,No,No Controls,2,1,Complains Of Pain
176807,4/27/13,11:39 PM,2013-00035794,338 Manton Ave,AMHERST ST ,338 Manton Ave / AMHERST ST ,Noel Field,260,27-Apr-13,Vehicle - Pedestrian,,,,"Two-Way , Not Divided",Dry,Dark - Lighted,Clear,1,Not a Collision Between Two Motor Vehicles in Transport,No,No Controls,3,1,Complains Of Pain
177674,4/28/13,9:37 PM,2013-00036521,44 WARREN ST,FULLER ST ,44 WARREN ST / FULLER ST ,Miguel Mena-Torres,493,03-May-13,Vehicle - Pedestrian,,,,"Two-Way , Not Divided",Dry,Dark - Lighted,Cloudy,1,"Sideswipe, Same Direction","Yes, M/V and Driver Left Scene",No Controls,2,1,Complains Of Pain
177006,4/28/13,2:53 PM,2013-00036416,WATERMAN ST,HENDERSON BRIDGE ,WATERMAN ST / HENDERSON BRIDGE ,Glen Morgan,558,28-Apr-13,Vehicle - Pedestrian,,,,One-Way Trafficway,Dry,Daylight,Clear,1,"Sideswipe, Same Direction",No,No Controls,4,1,Complains Of Pain
177247,4/29/13,3:04 PM,2013-00036707,WHITEHALL ST,,WHITEHALL ST / ,Matthew Cute,308,29-Apr-13,Vehicle - Pedestrian,,,,"Two-Way , Not Divided",Dry,Daylight,Clear,2,Rear End(Front-to-Rear),"Yes, M/V and Driver Left Scene",No Controls,2,0,No Injury
177257,4/29/13,7:58 PM,2013-00036801,653 MANTON AVE,CARL ST ,653 MANTON AVE / CARL ST ,Ryan Moroney,324,29-Apr-13,Vehicle - Pedestrian,,,,"Two-Way , Not Divided",Dry,Dark - Lighted,Clear,3,Not a Collision Between Two Motor Vehicles in Transport,No,No Controls,7,0,No Injury
177281,4/30/13,9:31 AM,2013-00036910,PLAINFIELD STREET,ELDER PL ,PLAINFIELD STREET / ELDER PL ,D. Hull,598,30-Apr-13,Vehicle - Pedestrian,,,,"Two-Way, Divided, Unprotected (painted>4feet) Medium",Dry,Daylight,Clear,1,Not a Collision Between Two Motor Vehicles in Transport,"Yes, M/V and Driver Left Scene",Person,3,1,Complains Of Pain
177345,4/30/13,11:31 PM,2013-00037165,DORRANCE STREET,WASHINGTON ST ,DORRANCE STREET / WASHINGTON ST ,Alberto DaCruz,205,01-May-13,Vehicle - Pedestrian,,,,One-Way Trafficway,Dry,Dark - Lighted,Clear,1,Not a Collision Between Two Motor Vehicles in Transport,No,Traffic Control Signal,3,1,Incapacitating
177367,5/1/13,10:36 AM,2013-00037251,1473 broad st,BROAD ST ,1473 broad st / BROAD ST ,Ptlm. Chin,516,01-May-13,Vehicle - Pedestrian,,,,"Two-Way, Divided, Positive Median Barrier",Dry,Daylight,Clear,1,Not a Collision Between Two Motor Vehicles in Transport,No,No Controls,2,1,Complains Of Pain
177669,5/3/13,3:32 PM,2013-00038057,CHARLESFIELD ST,HOPE ST ,CHARLESFIELD ST / HOPE ST ,Nicole Darling,325,03-May-13,Vehicle - Pedestrian,,,,"Two-Way , Not Divided",Dry,Daylight,Clear,1,Not a Collision Between Two Motor Vehicles in Transport,"Yes, M/V and Driver Left Scene",Traffic Control Signal,1,1,Complains Of Pain
177718,5/3/13,8:31 PM,2013-00038177,Washington St,Greene St,Washington St / Greene St,Michael Clary,269,04-May-13,Vehicle - Pedestrian,X,,,"Two-Way , Not Divided",Dry,Dark - Lighted,Clear,1,Not a Collision Between Two Motor Vehicles in Transport,"Yes, M/V and Driver Left Scene",Traffic Control Signal,2,1,Complains Of Pain
177797,5/4/13,6:35 PM,2013-00038537,WILLIAMS ST,BROOK ST ,WILLIAMS ST / BROOK ST ,Ptlm. Caraccia,360,04-May-13,Vehicle - Pedestrian,,,,"Two-Way , Not Divided",Dry,Daylight,Clear,2,Not a Collision Between Two Motor Vehicles in Transport,No,Stop Signs,3,2,Non-Incapacitating
177913,5/5/13,5:52 PM,2013-00038913,98/ 100 Rosedale St,ELLERY ST ,98/ 100 Rosedale St / ELLERY ST ,"Noel Field, Sigillo and Clary",260,05-May-13,Vehicle - Pedestrian,,,,"Two-Way , Not Divided",Dry,Daylight,Clear,1,Not a Collision Between Two Motor Vehicles in Transport,No,No Controls,7,1,Fatal
178130,5/7/13,2:34 PM,2013-00039532,801 Elmwood Ave,BELDEN ST ,801 Elmwood Ave / BELDEN ST ,Ptlm. Chin,516,07-May-13,Vehicle - Pedestrian,,,,"Two-Way, Divided, Positive Median Barrier",Dry,Daylight,Clear,2,Angle - Direction Not Specified,No,No Controls,8,0,No Injury
178267,5/9/13,10:29 AM,2013-00040162,HAWTHORNE ST,BUCKLIN ST ,HAWTHORNE ST / BUCKLIN ST ,Luis Fernandez,531,09-May-13,Vehicle - Pedestrian,,,,"Two-Way , Not Divided",Wet,Daylight,Cloudy,1,Not a Collision Between Two Motor Vehicles in Transport,No,No Controls,2,1,Complains Of Pain
178332,5/9/13,3:37 PM,2013-00040272,PRUDENCE AVE,,PRUDENCE AVE / ,Matthew Cute,308,09-May-13,Vehicle - Pedestrian,,,,"Two-Way , Not Divided",Dry,Daylight,Clear,1,Not a Collision Between Two Motor Vehicles in Transport,No,No Controls,2,1,Complains Of Pain
178437,5/10/13,11:42 AM,2013-00040582,22 VETO ST,CERES ST ,22 VETO ST / CERES ST ,John Kennedy,160,10-May-13,Vehicle - Pedestrian,,,,"Two-Way , Not Divided",Dry,Daylight,Clear,2,Angle (Front - to - Side) Right Angle (Includes Broadside),"Yes, M/V and Driver Left Scene",No Controls,4,0,No Injury
179627,5/11/13,12:30 AM,2013-00041369,Dyer St,Hay St ,Dyer St / Hay St ,Margaret Schlageter,472,21-May-13,Vehicle - Pedestrian,,,,"Two-Way , Not Divided",Dry,Dark - Lighted,Clear,2,Rear End(Front-to-Rear),"Yes, M/V and Driver Left Scene",Traffic Control Signal,4,2,Complains Of Pain
178826,5/14/13,11:04 AM,2013-00042104,MANTON AVE,GREENWOOD ST ,MANTON AVE / GREENWOOD ST ,Trent Hastings,326,14-May-13,Vehicle - Pedestrian,,,,"Two-Way , Not Divided",Dry,Daylight,Clear,1,Not a Collision Between Two Motor Vehicles in Transport,No,No Controls,2,1,Complains Of Pain
178875,5/14/13,4:45 PM,2013-00042203,35 Hollis St,PARADE ST ,35 Hollis St / PARADE ST ,Ptlm. Chin,516,14-May-13,Vehicle - Pedestrian,X,,,"Two-Way , Not Divided",Dry,Daylight,Cloudy,1,Not a Collision Between Two Motor Vehicles in Transport,No,No Controls,5,1,Complains Of Pain
179030,5/15/13,9:46 PM,2013-00042607,KILLINGLY ST,DUXBURY ST ,KILLINGLY ST / DUXBURY ST ,Jason Andrade,200,15-May-13,Vehicle - Pedestrian,,,,"Two-Way, Divided, Positive Median Barrier",Dry,Dark - Lighted,Cloudy,1,Head-On (Front - to - Front),No,No Controls,2,1,Complains Of Pain
179032,5/15/13,11:08 PM,2013-00042628,Dorrance St,Westminster St,Dorrance St / Westminster St,Andrew Groot,188,16-May-13,Vehicle - Pedestrian,,,,"Two-Way, Divided, Unprotected (painted>4feet) Medium",Dry,Dark - Lighted,Clear,1,Not a Collision Between Two Motor Vehicles in Transport,"Yes, M/V and Driver Left Scene",Traffic Control Signal,2,1,Complains Of Pain
179105,5/16/13,4:25 PM,2013-00042848,Governor Street,ANGELL ST ,Governor Street / ANGELL ST ,Donald Castigliego,287,16-May-13,Vehicle - Pedestrian,X,,,One-Way Trafficway,Dry,Daylight,Clear,1,Not a Collision Between Two Motor Vehicles in Transport,No,No Controls,3,1,Complains Of Pain
179246,5/17/13,11:57 AM,2013-00043168,153 BROAD STREET,CLAVERICK STREET,153 BROAD STREET / CLAVERICK STREET,Joseph Madeira,552,17-May-13,Vehicle - Pedestrian,X,,,"Two-Way , Not Divided",Dry,Daylight,Clear,1,Other,No,No Controls,2,1,Complains Of Pain
179281,5/18/13,9:49 AM,2013-00043566,550 Hartford ave ,HARTFORD AVE ,550 Hartford ave  / HARTFORD AVE ,Keith Lafazia,394,18-May-13,Vehicle - Pedestrian,,,,"Two-Way , Not Divided",Dry,Daylight,Clear,1,Head-On (Front - to - Front),"Yes, M/V and Driver Left Scene",No Controls,2,1,Complains Of Pain
179364,5/18/13,7:39 PM,2013-00043745,AUDREY ST,BOWDOIN ST ,AUDREY ST / BOWDOIN ST ,Taylor Britto,202,18-May-13,Vehicle - Pedestrian,,,,"Two-Way , Not Divided",Dry,Daylight,Clear,1,Head-On (Front - to - Front),"Yes, M/V and Driver Left Scene",No Controls,2,2,Complains Of Pain
179425,5/19/13,8:52 PM,2013-00044170,A ST,PERKINS ST ,A ST / PERKINS ST ,Noel Field,260,19-May-13,Vehicle - Pedestrian,X,,,"Two-Way , Not Divided",Wet,Dark - Lighted,Rain,1,Not a Collision Between Two Motor Vehicles in Transport,"Yes, M/V and Driver Left Scene",No Controls,4,1,Complains Of Pain
179494,5/20/13,5:30 PM,2013-00044444,Somerset ,,Somerset  / ,Papa ,187,20-May-13,Vehicle - Pedestrian,,,,"Two-Way , Not Divided",Dry,Daylight,Clear,1,Not a Collision Between Two Motor Vehicles in Transport,No,No Controls,3,1,Complains Of Pain
179497,5/20/13,3:14 PM,2013-00044403,CRANSTON ST,DEXTER ST ,CRANSTON ST / DEXTER ST ,Miguel Mena-Torres,493,20-May-13,Vehicle - Pedestrian,,,,"Two-Way , Not Divided",Dry,Daylight,Clear,2,Rear End(Front-to-Rear),"Yes, M/V and Driver Left Scene",No Controls,3,0,Unknown
179499,5/20/13,6:13 PM,2013-00044482,174 Linwood Ave,CRANSTON ST ,174 Linwood Ave / CRANSTON ST ,Ptlm. Chin,516,20-May-13,Vehicle - Pedestrian,,,,"Two-Way , Not Divided",Dry,Daylight,Clear,1,Not a Collision Between Two Motor Vehicles in Transport,"Yes, M/V and Driver Left Scene",Other,4,1,Incapacitating
179747,5/22/13,7:48 PM,2013-00045215,11 Sackett St,,11 Sackett St / ,Michael Clary,269,22-May-13,Vehicle - Pedestrian,,,,"Two-Way , Not Divided",Dry,Dusk,Clear,1,Not a Collision Between Two Motor Vehicles in Transport,No,No Controls,2,1,Complains Of Pain
179752,5/22/13,9:23 PM,2013-00045243,VIOLET ST,CHALKSTONE AVE ,VIOLET ST / CHALKSTONE AVE ,Jessica Leone,258,22-May-13,Vehicle - Pedestrian,,,,"Two-Way , Not Divided",Wet,Dark - Lighted,Cloudy,2,Rear - to - Side,No,No Controls,4,1,Complains Of Pain
179767,5/23/13,4:35 AM,2013-00045317,Dorrance Street,Westminster Street,Dorrance Street / Westminster Street,Andrew Groot,188,23-May-13,Vehicle - Pedestrian,,,,"Two-Way , Not Divided",Dry,Dawn,Clear,1,Not a Collision Between Two Motor Vehicles in Transport,"Yes, Driver Left Scene",Traffic Control Signal,4,1,Complains Of Pain
180253,5/25/13,7:48 PM,2013-00046319,WASHINGTON ST,EXCHANGE ST ,WASHINGTON ST / EXCHANGE ST ,Kenneth Demarco,176,25-May-13,Vehicle - Pedestrian,,,,One-Way Trafficway,Wet,Dark - Lighted,Cloudy,1,Other,No,No Controls,3,0,No Injury
180345,5/26/13,1:11 AM,2013-00046420,SABIN ST,MATHEWSON ST ,SABIN ST / MATHEWSON ST ,Alberto DaCruz,205,27-May-13,Vehicle - Pedestrian,,,,One-Way Trafficway,Wet,Dark - Lighted,Cloudy,1,Angle (Front - to - Side) Right Angle (Includes Broadside),No,No Controls,2,1,Complains Of Pain
180549,5/28/13,4:18 AM,2013-00047130,BATH ST,W PARK ST ,BATH ST / W PARK ST ,Thomas Connetta,374,28-May-13,Vehicle - Pedestrian,,,,"Two-Way , Not Divided",Dry,Dark - Lighted,Clear,1,Not a Collision Between Two Motor Vehicles in Transport,No,No Controls,4,1,Fatal
180709,5/29/13,5:27 PM,2013-00047656,WAYLAND AVE,S ANGELL ST ,WAYLAND AVE / S ANGELL ST ,Fausto Garcia,109,29-May-13,Vehicle - Pedestrian,,,,"Two-Way , Not Divided",Dry,Daylight,Clear,1,Other,No,Traffic Control Signal,2,1,Complains Of Pain
180742,5/30/13,7:03 AM,2013-00047817,EDDY STREET,DUDLEY STREET,EDDY STREET / DUDLEY STREET,Joseph Madeira,552,30-May-13,Vehicle - Pedestrian,,,,"Two-Way , Not Divided",Dry,Daylight,Clear,1,Other,No,Traffic Control Signal,2,1,Complains Of Pain
180771,5/30/13,10:59 AM,2013-00047871,WASHINGTON STREET,GREENE STREET,WASHINGTON STREET / GREENE STREET,Joseph Madeira,552,30-May-13,Vehicle - Pedestrian,,,,"Two-Way , Not Divided",Dry,Daylight,Clear,1,Other,No,No Controls,2,1,Non-Incapacitating
181003,5/31/13,5:18 PM,2013-00048411,Smith Street,River Avenue,Smith Street / River Avenue,Brian Dyer,180,31-May-13,Vehicle - Pedestrian,,,,"Two-Way , Not Divided",Dry,Daylight,Clear,1,Unknown,No,No Controls,2,0,No Injury
181047,5/31/13,4:34 PM,2013-00048388,160 Pine St,RICHMOND ST ,160 Pine St / RICHMOND ST ,Ptlm. Chin,516,31-May-13,Vehicle - Pedestrian,,,,One-Way Trafficway,Other,Daylight,Clear,1,Not a Collision Between Two Motor Vehicles in Transport,No,Flashing Traffic Control Signal,10,2,Complains Of Pain
181055,5/31/13,10:17 PM,2013-00048531,235 Atwells Ave,CHEEVES ST ,235 Atwells Ave / CHEEVES ST ,Noel Field,260,01-Jun-13,Vehicle - Pedestrian,,,,One-Way Trafficway,Dry,Dusk,Clear,2,Other,No,No Controls,3,0,No Injury
181357,5/31/13,6:21 PM,2013-00047677,ELMWOOD AVE,WHITMARSH ST ,ELMWOOD AVE / WHITMARSH ST ,Taylor Britto,202,03-Jun-13,Vehicle - Pedestrian,,,,"Two-Way , Not Divided",Dry,Daylight,Clear,1,Head-On (Front - to - Front),"Yes, M/V and Driver Left Scene",No Controls,1,1,Complains Of Pain
181114,6/1/13,2:00 AM,2013-00048666,DEAN ST,PROMENADE ST ,DEAN ST / PROMENADE ST ,Ralph Abenante,511,01-Jun-13,Vehicle - Pedestrian,,,,Unknown,Dry,Dark - Lighted,Clear,2,Unknown,"Yes, Driver Left Scene",No Controls,2,0,No Injury
181201,6/1/13,12:46 PM,2013-00048757,BYFIELD ST,BROAD ST,BYFIELD ST / BROAD ST,Merrick Cook,280,02-Jun-13,Vehicle - Pedestrian,X,,,"Two-Way , Not Divided",Dry,Daylight,Clear,1,Angle (Front - to - Side) Right Angle (Includes Broadside),No,Stop Signs,3,1,Non-Incapacitating
181335,6/3/13,3:25 PM,2013-00049577,SILVER SPRING ST,ROYAL LITTLE DR ,SILVER SPRING ST / ROYAL LITTLE DR ,Michael Pattie,316,03-Jun-13,Vehicle - Pedestrian,,,,"Two-Way, Divided, Unprotected (painted>4feet) Medium",Wet,Daylight,Cloudy,1,Angle (Front - to - Side) Right Angle (Includes Broadside),No,No Controls,2,1,Complains Of Pain
181350,6/3/13,1:10 PM,2013-00049534,530 NORTH MAIN ST,RANDALL SQ ,530 NORTH MAIN ST / RANDALL SQ ,Trent Hastings,326,03-Jun-13,Vehicle - Pedestrian,,,,Unknown,Dry,Daylight,Cloudy,1,Unknown,No,No Controls,2,1,Complains Of Pain
181653,6/3/13,1:49 PM,2013-00049544,HARTFORD AVE,HARTFORD AVE ,HARTFORD AVE / HARTFORD AVE ,Darren Hull,598,05-Jun-13,Vehicle - Pedestrian,,,,"Two-Way, Divided, Unprotected (painted>4feet) Medium",Dry,Daylight,Clear,1,"Sidwswipe, Opposite Direction",No,No Controls,2,0,No Injury
181459,6/4/13,11:15 AM,2013-00049848,ORMS ST,WASHBURN ST ,ORMS ST / WASHBURN ST ,Raymond King,633,04-Jun-13,Vehicle - Pedestrian,,,,"Two-Way , Not Divided",Dry,Daylight,Clear,1,Unknown,"Yes, M/V and Driver Left Scene",No Controls,1,0,Unknown
181473,6/4/13,1:08 PM,2013-00049880,FENNER STREET,,FENNER STREET / ,Joseph Madeira,552,04-Jun-13,Vehicle - Pedestrian,,,,"Two-Way , Not Divided",Dry,Daylight,Clear,1,Other,No,No Controls,3,1,Non-Incapacitating
181552,6/4/13,10:29 PM,2013-00050096,Valley St,RILL ST ,Valley St / RILL ST ,Noel Field,260,04-Jun-13,Vehicle - Pedestrian,,,,"Two-Way , Not Divided",Dry,Dark - Lighted,Clear,2,Not a Collision Between Two Motor Vehicles in Transport,No,No Controls,4,0,No Injury
181663,6/5/13,10:19 AM,2013-00050216,1023 CHALKSTONE AVENUE,,1023 CHALKSTONE AVENUE / ,Joseph Madeira,552,05-Jun-13,Vehicle - Pedestrian,,,,"Two-Way , Not Divided",Dry,Daylight,Clear,1,Other,"Yes, M/V and Driver Left Scene",No Controls,1,1,Non-Incapacitating
181644,6/5/13,8:24 AM,2013-00050191,740 Douglas Ave.,DOUGLAS AVE ,740 Douglas Ave. / DOUGLAS AVE ,Frank Moody,328,05-Jun-13,Vehicle - Pedestrian,,,,"Two-Way , Not Divided",Dry,Daylight,Clear,2,Angle (Front - to - Side) Same Direction,No,No Controls,6,0,No Injury
181945,6/6/13,2:25 PM,2013-00050659,WATERMAN ST,BROWN ST ,WATERMAN ST / BROWN ST ,Thomas Rose,465,07-Jun-13,Vehicle - Pedestrian,,,,One-Way Trafficway,Dry,Daylight,Clear,1,Other,No,Pavement Markings,3,1,Complains Of Pain
182144,6/8/13,2:23 AM,2013-00051216,Atwells Ave,Acorn St,Atwells Ave / Acorn St,Noel Field,260,08-Jun-13,Vehicle - Pedestrian,,,,"Two-Way , Not Divided",Wet,Dark - Lighted,Rain,2,Not a Collision Between Two Motor Vehicles in Transport,No,No Controls,4,1,Complains Of Pain
182191,6/8/13,2:08 PM,2013-00051339,102 ALTHEA ST,,102 ALTHEA ST / ,MICHAEL R. TROIA / TRAFFIC BUREAU,331,08-Jun-13,Vehicle - Pedestrian,X,,,"Two-Way , Not Divided",Dry,Daylight,Clear,1,Not a Collision Between Two Motor Vehicles in Transport,No,No Controls,2,1,Complains Of Pain
183726,6/10/13,12:30 PM,2013-00052127,Cranston St.,HUNTINGTON AVE ,Cranston St. / HUNTINGTON AVE ,Frank Moody,328,18-Jun-13,Vehicle - Pedestrian,,,,"Two-Way , Not Divided",Dry,Daylight,Clear,1,Angle (Front - to - Side) Right Angle (Includes Broadside),No,Traffic Control Signal,2,1,Complains Of Pain