CrashReportId,CrashDate,CrashTime,ReportNumber,StreetOrHighway,NearestIntersection,Location,Officer,Badge,ReportDate,TypeOfCollision,Bicycle,Scooter,Wheel Chair,TypeOfRoadway,RoadSurfaceCondition,LightCondition,WeatherCondition,NumberofVehicles,MannerofImpact,HitAndRun,TrafficControl,PersonCount,InjuryCount,MostSeriousInjury
183248,6/12/13,11:42 PM,2013-00053032,REDWING ST,Elmwood Ave,REDWING ST / Elmwood Ave,Fernando Lopez,156,14-Jun-13,Vehicle - Pedestrian,,,,"Two-Way , Not Divided",Dry,Dark - Lighted,Clear,1,Head-On (Front - to - Front),No,No Controls,2,0,Unknown
182994,6/12/13,12:33 PM,2013-00052801,elmwood ,bridgeham ,elmwood  / bridgeham ,James Carr,593,12-Jun-13,Vehicle - Pedestrian,,,,"Two-Way , Not Divided",Dry,Daylight,Clear,1,Other,No,No Controls,3,1,Complains Of Pain
183059,6/12/13,5:02 PM,2013-00052907,Chalkstone Ave,Violet St,Chalkstone Ave / Violet St,Ptlm. Dalton,257,12-Jun-13,Vehicle - Pedestrian,,,,"Two-Way , Not Divided",Dry,Daylight,Clear,1,Not a Collision Between Two Motor Vehicles in Transport,"Yes, M/V and Driver Left Scene",No Controls,1,1,Complains Of Pain
183115,6/13/13,11:36 AM,2013-00053148,SMITH ST,ACADEMY AVE,SMITH ST / ACADEMY AVE,Jin O,147,13-Jun-13,Vehicle - Pedestrian,,,,"Two-Way , Not Divided",Wet,Daylight,Rain,1,Not a Collision Between Two Motor Vehicles in Transport,"Yes, M/V and Driver Left Scene",Traffic Control Signal,3,0,No Injury
183246,6/13/13,10:55 PM,2013-00053327,Friendship,LOCKWOOD ST ,Friendship / LOCKWOOD ST ,Margaret Schlageter,472,13-Jun-13,Vehicle - Pedestrian,,,,"Two-Way , Not Divided",Wet,Dark - Unknown Lighting,Rain,1,Angle (Front - to - Side) Right Angle (Includes Broadside),No,Stop Signs,2,1,Complains Of Pain
183496,6/15/13,11:00 PM,2013-00054126,DEAN ST,UNNAMED_38 ,DEAN ST / UNNAMED_38 ,Andrew Mignanelli,361,16-Jun-13,Vehicle - Pedestrian,,,,One-Way Trafficway,Dry,Dark - Lighted,Clear,1,Other,"Yes, M/V and Driver Left Scene",No Controls,1,1,Non-Incapacitating
183711,6/17/13,4:10 PM,2013-00054818,WICKENDEN ST,TRAVERSE ST ,WICKENDEN ST / TRAVERSE ST ,Fausto Garcia,109,17-Jun-13,Vehicle - Pedestrian,,,,"Two-Way , Not Divided",Dry,Daylight,Clear,1,Not a Collision Between Two Motor Vehicles in Transport,No,No Controls,2,1,Complains Of Pain
183744,6/18/13,2:02 PM,2013-00055169,PRAIRIE AVE,PAVILION AVE ,PRAIRIE AVE / PAVILION AVE ,Werchadlo Jr.,679,18-Jun-13,Vehicle - Pedestrian,,,,"Two-Way , Not Divided",Dry,Daylight,Clear,1,Other,No,No Controls,3,1,Complains Of Pain
183811,6/18/13,10:41 PM,2013-00055329,224 RIVER AVE,CHALKSTONE AVE ,224 RIVER AVE / CHALKSTONE AVE ,Ryan Moroney,324,18-Jun-13,Vehicle - Pedestrian,,,,"Two-Way , Not Divided",Wet,Dark - Lighted,Rain,2,Not a Collision Between Two Motor Vehicles in Transport,"Yes, M/V and Driver Left Scene",No Controls,2,0,Unknown
183933,6/19/13,8:33 PM,2013-00055672,unknown,unknown,unknown / unknown,Ptlm. Chin,516,19-Jun-13,Vehicle - Pedestrian,,,,"Two-Way , Not Divided",Unknown,Dark - Lighted,Cloudy,1,Not a Collision Between Two Motor Vehicles in Transport,"Yes, M/V and Driver Left Scene",Unknown,1,1,Complains Of Pain
184477,6/23/13,1:18 PM,2013-00057134,HEALTH AVE,ACADEMY AVE ,HEALTH AVE / ACADEMY AVE ,Kenneth Pike,130,23-Jun-13,Vehicle - Pedestrian,,,,"Two-Way , Not Divided",Dry,Daylight,Clear,2,Angle - Direction Not Specified,"Yes, M/V and Driver Left Scene",No Controls,2,0,Unknown
184990,6/26/13,9:30 PM,2013-00058450,BENEDICT ST,CRANSTON ST ,BENEDICT ST / CRANSTON ST ,Troy Lambert,413,27-Jun-13,Vehicle - Pedestrian,,,,"Two-Way , Not Divided",Dry,Dark - Lighted,Clear,2,Rear - to - Side,No,No Controls,4,1,Complains Of Pain
185123,6/28/13,11:03 PM,2013-00059206,1082 CHALKSTONE AVE,ACADEMY AVE ,1082 CHALKSTONE AVE / ACADEMY AVE ,Ryan Moroney,324,29-Jun-13,Vehicle - Pedestrian,,,,Unknown,Dry,Dark - Lighted,Clear,2,Rear - to - Rear,No,No Controls,3,0,No Injury
185346,6/30/13,7:07 PM,2013-00059997,CRANSTON ST,WAVERLY ST ,CRANSTON ST / WAVERLY ST ,Miguel Mena-Torres,493,30-Jun-13,Vehicle - Pedestrian,,,,"Two-Way , Not Divided",Dry,Daylight,Cloudy,1,Not a Collision Between Two Motor Vehicles in Transport,No,No Controls,2,1,Complains Of Pain
185417,7/1/13,3:23 PM,2013-00060250,INDUSTRIAL DR,N MAIN ST ,INDUSTRIAL DR / N MAIN ST ,Ralph Abenante,511,01-Jul-13,Vehicle - Pedestrian,,,,"Two-Way, Divided, Unprotected (painted>4feet) Medium",Dry,Daylight,Cloudy,1,Angle (Front - to - Side) Same Direction,"Yes, M/V and Driver Left Scene",Flashing Traffic Control Signal,3,1,Complains Of Pain
185467,7/1/13,9:09 PM,2013-00060375,1022 BROAD STREET,BROAD ST ,1022 BROAD STREET / BROAD ST ,Jared Stanzione,193,01-Jul-13,Vehicle - Pedestrian,,,,"Two-Way , Not Divided",Wet,Dark - Not Lighted,Rain,1,Not a Collision Between Two Motor Vehicles in Transport,"Yes, M/V and Driver Left Scene",No Controls,2,1,Incapacitating
186734,7/1/13,5:00 PM,2013-00060272,ELMWOOD AVE,POTTERS AVE ,ELMWOOD AVE / POTTERS AVE ,Alex Gonzalez,473,13-Jul-13,Vehicle - Pedestrian,,,,Unknown,Dry,Daylight,Clear,1,Not a Collision Between Two Motor Vehicles in Transport,"Yes, M/V and Driver Left Scene",No Controls,3,1,Complains Of Pain
185529,7/2/13,10:24 AM,2013-00060531,3 Capitol Hill,Parking Lot,3 Capitol Hill / Parking Lot,David Morgan,474,02-Jul-13,Vehicle - Pedestrian,,,,"Two-Way , Not Divided",Dry,Daylight,Cloudy,2,"Sidwswipe, Opposite Direction",No,No Controls,2,0,No Injury
185956,7/2/13,1:56 PM,2013-00060596,MEMORIAL BLVD,EXCHANGE STREET,MEMORIAL BLVD / EXCHANGE STREET,George SanAntonio,604,03-Jul-13,Vehicle - Pedestrian,,,,One-Way Trafficway,Dry,Daylight,Clear,2,Unknown,"Yes, M/V and Driver Left Scene",No Controls,2,0,Unknown
185656,7/3/13,4:46 PM,2013-00061009,BROADWAY,KNIGHT ST ,BROADWAY / KNIGHT ST ,Michael Moonan,286,03-Jul-13,Vehicle - Pedestrian,,,,"Two-Way , Not Divided",Dry,Daylight,Clear,1,Not a Collision Between Two Motor Vehicles in Transport,No,Traffic Control Signal,2,1,Complains Of Pain
185775,7/5/13,9:00 AM,2013-00061688,144 Benefit St,,144 Benefit St / ,Gary Slater,365,05-Jul-13,Vehicle - Pedestrian,,,,Unknown,Dry,Daylight,Clear,2,"Sideswipe, Same Direction",No,No Controls,4,0,No Injury
185796,7/5/13,1:45 PM,2013-00061770,PUBLIC ST,TEMPLE ST ,PUBLIC ST / TEMPLE ST ,Werchadlo Jr.,679,05-Jul-13,Vehicle - Pedestrian,,,,"Two-Way , Not Divided",Dry,Daylight,Clear,1,Other,No,No Controls,5,1,Complains Of Pain
185863,7/5/13,1:17 PM,2013-00061759,220 NIANTIC AVENUE,,220 NIANTIC AVENUE / ,Joseph Madeira,552,05-Jul-13,Vehicle - Pedestrian,,,,"Two-Way , Not Divided",Dry,Daylight,Clear,1,Rear End(Front-to-Rear),No,No Controls,2,1,Non-Incapacitating
185986,7/6/13,11:27 PM,2013-00062318,SERVICE ROAD 8,BROADWAY ,SERVICE ROAD 8 / BROADWAY ,Michael Sullivan,347,07-Jul-13,Vehicle - Pedestrian,X,,,"Two-Way , Not Divided",Dry,Dark - Lighted,Clear,1,Not a Collision Between Two Motor Vehicles in Transport,No,Traffic Control Signal,2,1,Complains Of Pain
185904,7/6/13,1:53 AM,2013-00062004,Broad St,PENNSYLVANIA AVE ,Broad St / PENNSYLVANIA AVE ,Michael Moonan,286,06-Jul-13,Vehicle - Pedestrian,,,,"Two-Way , Not Divided",Dry,Dark - Lighted,Clear,2,Not a Collision Between Two Motor Vehicles in Transport,No,No Controls,4,1,Complains Of Pain
185933,7/6/13,11:30 AM,2013-00062101,STEUBEN ST,AMHERST ST ,STEUBEN ST / AMHERST ST ,Mark Dececco,407,06-Jul-13,Vehicle - Pedestrian,,,,"Two-Way , Not Divided",Dry,Daylight,Clear,1,Head-On (Front - to - Front),No,No Controls,3,1,Complains Of Pain
186127,7/7/13,11:23 PM,2013-00062621,Valley St,Harold St,Valley St / Harold St,Michael Clary,269,08-Jul-13,Vehicle - Pedestrian,,,,"Two-Way , Not Divided",Dry,Dark - Lighted,Clear,1,Not a Collision Between Two Motor Vehicles in Transport,"Yes, M/V and Driver Left Scene",No Controls,1,1,Complains Of Pain
186601,7/8/13,2:00 PM,2013-00064223,543 Eddy Street,Dudley Street,543 Eddy Street / Dudley Street,Joanna D'iorio,966,12-Jul-13,Vehicle - Pedestrian,,,,Unknown,Dry,Dawn,Clear,2,"Sideswipe, Same Direction","Yes, M/V and Driver Left Scene",Unknown,3,0,No Injury
186225,7/9/13,12:19 PM,2013-00063134,WATERMAN STREET,IVES STREET,WATERMAN STREET / IVES STREET,Joseph Madeira,552,09-Jul-13,Vehicle - Pedestrian,,,,One-Way Trafficway,Dry,Daylight,Clear,1,Angle (Front - to - Side) Opposite Direction,No,Stop Signs,2,1,Non-Incapacitating
186420,7/10/13,7:35 PM,2013-00063650,600 DOUGLAS AVE,ADMIRAL ST ,600 DOUGLAS AVE / ADMIRAL ST ,Ryan Moroney,324,10-Jul-13,Vehicle - Pedestrian,,,,Unknown,Dry,Daylight,Clear,2,Not a Collision Between Two Motor Vehicles in Transport,No,No Controls,3,0,No Injury
186665,7/12/13,6:23 PM,2013-00064380,ANGELL ST,WAYLAND AVE ,ANGELL ST / WAYLAND AVE ,Scott Sousa,464,12-Jul-13,Vehicle - Pedestrian,,,,One-Way Trafficway,Dry,Daylight,Clear,1,Other,No,Other,3,1,Complains Of Pain
186839,7/13/13,8:34 PM,2013-00064779,185 Glenbridge Ave,,185 Glenbridge Ave / ,Michael Clary,269,14-Jul-13,Vehicle - Pedestrian,X,,,"Two-Way , Not Divided",Dry,Dark - Lighted,Clear,1,Not a Collision Between Two Motor Vehicles in Transport,No,No Controls,4,1,Complains Of Pain
186891,7/14/13,9:52 PM,2013-00065192,UNION AVE,PRISCILLA AVE ,UNION AVE / PRISCILLA AVE ,Steffan Rasch,315,14-Jul-13,Vehicle - Pedestrian,,,,"Two-Way , Not Divided",Dry,Dark - Lighted,Clear,2,Rear - to - Side,"Yes, M/V and Driver Left Scene",No Controls,2,0,Unknown
186787,7/14/13,1:11 PM,2013-00065047,ADMIRAL STREET,SHARON STREET,ADMIRAL STREET / SHARON STREET,Joseph Madeira,552,14-Jul-13,Vehicle - Pedestrian,,,,"Two-Way , Not Divided",Dry,Daylight,Clear,1,Other,"Yes, M/V and Driver Left Scene",Stop Signs,1,1,Complains Of Pain
186966,7/15/13,2:31 PM,2013-00065402,SMITHFIELD AVE,SMITHFIELD AVE ,SMITHFIELD AVE / SMITHFIELD AVE ,Trent Hastings,326,15-Jul-13,Vehicle - Pedestrian,X,,,"Two-Way , Not Divided",Dry,Daylight,Clear,1,Angle - Direction Not Specified,No,No Controls,3,1,Complains Of Pain
187398,7/18/13,7:48 PM,2013-00066563,45 Victoria St,MANOMET ST ,45 Victoria St / MANOMET ST ,Noel Field,260,18-Jul-13,Vehicle - Pedestrian,,,,"Two-Way , Not Divided",Dry,Daylight,Clear,1,Not a Collision Between Two Motor Vehicles in Transport,"Yes, M/V and Driver Left Scene",No Controls,7,1,Complains Of Pain
187407,7/18/13,11:15 PM,2013-00066631,Thayer Street,KEENE ST ,Thayer Street / KEENE ST ,Paul Principale,322,18-Jul-13,Vehicle - Pedestrian,,,,One-Way Trafficway,Dry,Dark - Not Lighted,Clear,2,"Sideswipe, Same Direction","Yes, M/V and Driver Left Scene",No Controls,2,0,No Injury
187587,7/19/13,10:48 AM,2013-00066760,ALLENS AVE,TERMINAL RD ,ALLENS AVE / TERMINAL RD ,Trent Hastings,326,20-Jul-13,Vehicle - Pedestrian,,,,"Two-Way , Not Divided",Dry,Daylight,Clear,1,Angle - Direction Not Specified,No,No Controls,3,1,Complains Of Pain
187952,7/20/13,5:14 PM,2013-00065456,STANWOOD ST,NIAGARA ST ,STANWOOD ST / NIAGARA ST ,Ptlm. Elie,167,23-Jul-13,Vehicle - Pedestrian,X,,,"Two-Way , Not Divided",Dry,Daylight,Clear,1,Angle (Front - to - Side) Right Angle (Includes Broadside),"Yes, M/V and Driver Left Scene",No Controls,1,0,No Injury
188308,7/21/13,3:09 AM,2013-00067529,LENOX AVE,HAMILTON ST ,LENOX AVE / HAMILTON ST ,Clifford Torres,270,27-Jul-13,Vehicle - Pedestrian,,,,"Two-Way, Divided, Unprotected (painted>4feet) Medium",Dry,Dark - Lighted,Clear,1,Not a Collision Between Two Motor Vehicles in Transport,"Yes, M/V and Driver Left Scene",No Controls,1,1,Complains Of Pain
187995,7/24/13,4:39 PM,2013-00068761,1029 Broad St,BROAD ST ,1029 Broad St / BROAD ST ,Ptlm. Chin,516,24-Jul-13,Vehicle - Pedestrian,X,,,"Two-Way , Not Divided",Dry,Daylight,Clear,1,Not a Collision Between Two Motor Vehicles in Transport,No,Pavement Markings,2,1,Complains Of Pain
188014,7/24/13,7:17 PM,2013-00068802,Ruggles St.,Smith St.,Ruggles St. / Smith St.,Noel Field,260,24-Jul-13,Vehicle - Pedestrian,,,,"Two-Way , Not Divided",Dry,Daylight,Clear,1,Not a Collision Between Two Motor Vehicles in Transport,No,Stop Signs,3,1,Complains Of Pain
188022,7/24/13,11:04 PM,2013-00068870,Mathewson St,WASHINGTON ST ,Mathewson St / WASHINGTON ST ,Noel Field,260,25-Jul-13,Vehicle - Pedestrian,,,,One-Way Trafficway,Dry,Dark - Lighted,Clear,2,Not a Collision Between Two Motor Vehicles in Transport,"Yes, M/V and Driver Left Scene",No Controls,5,0,No Injury
188072,7/25/13,4:25 PM,2013-00069090,CAMP ST,DOYLE AVE ,CAMP ST / DOYLE AVE ,Ptlm. Chin,516,25-Jul-13,Vehicle - Pedestrian,X,,,"Two-Way , Not Divided",Wet,Daylight,Rain,1,Not a Collision Between Two Motor Vehicles in Transport,No,No Controls,4,2,Complains Of Pain
188102,7/25/13,12:41 AM,2013-00068894,50 Kennedy Plaza,,50 Kennedy Plaza / ,Michael Clary,269,25-Jul-13,Vehicle - Pedestrian,,,,"Two-Way , Not Divided",Dry,Dark - Lighted,Clear,2,"Sidwswipe, Opposite Direction",No,No Controls,4,0,No Injury
188124,7/26/13,1:32 AM,2013-00069211,CRANSTON ST,WALDO ST ,CRANSTON ST / WALDO ST ,David Harrington,276,26-Jul-13,Vehicle - Pedestrian,,,,"Two-Way , Not Divided",Wet,Dark - Lighted,Rain,1,Angle (Front - to - Side) Right Angle (Includes Broadside),No,No Controls,3,1,Non-Incapacitating
188203,7/26/13,8:30 AM,2013-00069252,POINT ST,EDDY ST ,POINT ST / EDDY ST ,Trent Hastings,326,26-Jul-13,Vehicle - Pedestrian,,,,"Two-Way , Not Divided",Wet,Daylight,Rain,1,Not a Collision Between Two Motor Vehicles in Transport,No,No Controls,2,1,Complains Of Pain
188237,7/26/13,6:44 PM,2013-00069438,Potters Ave,Broad St,Potters Ave / Broad St,Michael Clary,269,26-Jul-13,Vehicle - Pedestrian,,,,"Two-Way , Not Divided",Dry,Daylight,Cloudy,1,Not a Collision Between Two Motor Vehicles in Transport,"Yes, M/V and Driver Left Scene",Traffic Control Signal,1,0,No Injury
188317,7/26/13,2:05 PM,2013-00069341,ATWELLS AVE,BRADFORD ST ,ATWELLS AVE / BRADFORD ST ,Michael Caraccia,624,27-Jul-13,Vehicle - Pedestrian,,,,Unknown,Dry,Daylight,Clear,2,Unknown,"Yes, M/V and Driver Left Scene",No Controls,2,0,Unknown
188418,7/27/13,11:05 PM,2013-00069889,Broad St,Reynolds Ave,Broad St / Reynolds Ave,Michael Clary,269,28-Jul-13,Vehicle - Pedestrian,,,,"Two-Way, Not Divided With a Continuous Left Turn Lane",Dry,Dark - Lighted,Clear,1,Not a Collision Between Two Motor Vehicles in Transport,"Yes, M/V and Driver Left Scene",No Controls,1,1,Complains Of Pain
188471,7/28/13,1:15 PM,2013-00070115,Wickenden Street,TRAVERSE ST ,Wickenden Street / TRAVERSE ST ,Frank Moody,328,28-Jul-13,Vehicle - Pedestrian,,,,"Two-Way , Not Divided",Dry,Daylight,Clear,1,Head-On (Front - to - Front),No,No Controls,4,0,No Injury
188830,7/29/13,2:04 PM,2013-00070415,FULTON STREET,DORRANCE STREET,FULTON STREET / DORRANCE STREET,Joseph Madeira,552,01-Aug-13,Vehicle - Pedestrian,,,,"Two-Way , Not Divided",Dry,Daylight,Clear,1,Other,No,No Controls,5,1,Non-Incapacitating
188662,7/30/13,9:38 AM,2013-00070675,ADMIRAL ST,TAPPAN ST ,ADMIRAL ST / TAPPAN ST ,Raymond King,633,30-Jul-13,Vehicle - Pedestrian,,,,"Two-Way , Not Divided",Dry,Daylight,Clear,1,"Sideswipe, Same Direction",No,No Controls,4,1,Complains Of Pain
188732,7/30/13,8:44 PM,2013-00070873,176 Wayland Ave,WATERMAN ST ,176 Wayland Ave / WATERMAN ST ,Noel Field,260,31-Jul-13,Vehicle - Pedestrian,,,,"Two-Way , Not Divided",Dry,Dusk,Clear,2,Not a Collision Between Two Motor Vehicles in Transport,"Yes, M/V and Driver Left Scene",No Controls,4,0,Unknown
188801,7/31/13,11:10 PM,2013-00071295,271 Plainfield St,PLAINFIELD ST ,271 Plainfield St / PLAINFIELD ST ,Noel Field,260,01-Aug-13,Vehicle - Pedestrian,,,,Unknown,Dry,Dark - Lighted,Clear,2,Not a Collision Between Two Motor Vehicles in Transport,"Yes, M/V and Driver Left Scene",No Controls,3,0,Unknown
188968,8/1/13,10:26 PM,2013-00071643,WESTMINSTER ST,WESTMINSTER ST EXIT ,WESTMINSTER ST / WESTMINSTER ST EXIT ,Trent Hastings,326,02-Aug-13,Vehicle - Pedestrian,X,,,"Two-Way , Not Divided",Wet,Dark - Lighted,Rain,1,Not a Collision Between Two Motor Vehicles in Transport,No,No Controls,2,1,Complains Of Pain
188872,8/1/13,12:51 PM,2013-00071457,DELAINE ST,MANTON AVE ,DELAINE ST / MANTON AVE ,Timothy Benson,299,01-Aug-13,Vehicle - Pedestrian,X,,,"Two-Way , Not Divided",Dry,Daylight,Clear,1,Unknown,"Yes, M/V and Driver Left Scene",Traffic Control Signal,1,1,Non-Incapacitating
188965,8/2/13,5:33 PM,2013-00071884,572 PUBLIC ST,DABOLL ST ,572 PUBLIC ST / DABOLL ST ,Trent Hastings,326,02-Aug-13,Vehicle - Pedestrian,,,,"Two-Way , Not Divided",Dry,Daylight,Clear,1,Not a Collision Between Two Motor Vehicles in Transport,No,No Controls,3,1,Complains Of Pain
188981,8/3/13,12:27 AM,2013-00072026,DEAN ST,RAYMOND ST ,DEAN ST / RAYMOND ST ,Troiano,295,03-Aug-13,Vehicle - Pedestrian,,,,"Two-Way , Not Divided",Dry,Dark - Lighted,Clear,1,Not a Collision Between Two Motor Vehicles in Transport,"Yes, M/V and Driver Left Scene",No Controls,1,1,Complains Of Pain
189004,8/3/13,3:13 PM,2013-00072206,VALLEY ST,DELAINE ST ,VALLEY ST / DELAINE ST ,Ricardo Silva,185,03-Aug-13,Vehicle - Pedestrian,X,,,"Two-Way, Divided, Unprotected (painted>4feet) Medium",Dry,Daylight,Clear,1,Not a Collision Between Two Motor Vehicles in Transport,No,Stop Signs,5,1,Complains Of Pain
189135,8/4/13,2:54 PM,2013-00072604,BROADWAY,VALLEY ST ,BROADWAY / VALLEY ST ,Juan Rodrigues,194,04-Aug-13,Vehicle - Pedestrian,,,,"Two-Way, Divided, Unprotected (painted>4feet) Medium",Dry,Daylight,Clear,1,Angle (Front - to - Side) Right Angle (Includes Broadside),No,No Controls,3,1,Complains Of Pain
189173,8/5/13,1:20 AM,2013-00072767,RAYMOND ST,RAYMOND ST ,RAYMOND ST / RAYMOND ST ,Khari Bass,312,05-Aug-13,Vehicle - Pedestrian,,,,"Two-Way , Not Divided",Dry,Dark - Lighted,Clear,1,Not a Collision Between Two Motor Vehicles in Transport,"Yes, M/V and Driver Left Scene",No Controls,3,1,Complains Of Pain
189402,8/7/13,8:05 PM,2013-00073777,48 Gladstone St,Baxter St,48 Gladstone St / Baxter St,"Michael Clary, Sigillo",269,07-Aug-13,Vehicle - Pedestrian,,,,One-Way Trafficway,Dry,Dusk,Clear,1,Not a Collision Between Two Motor Vehicles in Transport,"Yes, M/V and Driver Left Scene",Other,4,1,Incapacitating
189637,8/9/13,11:04 AM,2013-00074288,PROSPECT STREET,BOWEN AVENUE,PROSPECT STREET / BOWEN AVENUE,Joseph Madeira,552,09-Aug-13,Vehicle - Pedestrian,,,,"Two-Way , Not Divided",Wet,Daylight,Rain,1,Head-On (Front - to - Front),No,Stop Signs,3,1,Complains Of Pain
189698,8/9/13,5:30 PM,2013-00074411,BROAD STREET,BROAD ST ,BROAD STREET / BROAD ST ,Carla Cavanaugh,189,09-Aug-13,Vehicle - Pedestrian,,,,"Two-Way , Not Divided",Wet,Daylight,Rain,1,Other,No,No Controls,5,2,Incapacitating
190108,8/9/13,8:00 PM,2013-00074485,TOURO ST,LORETO ST ,TOURO ST / LORETO ST ,Jessica Leone,258,13-Aug-13,Vehicle - Pedestrian,,,,"Two-Way , Not Divided",Dry,Dark - Lighted,Rain,2,Rear End(Front-to-Rear),No,No Controls,4,0,No Injury
190180,8/14/13,10:09 AM,2013-00076178,BROAD STREET,OXFORD STREET,BROAD STREET / OXFORD STREET,Joseph Madeira,552,14-Aug-13,Vehicle - Pedestrian,,,,"Two-Way , Not Divided",Dry,Daylight,Clear,1,Other,No,Traffic Control Signal,2,1,Non-Incapacitating
190242,8/14/13,1:27 PM,2013-00076236,325 VALLEY STREET,,325 VALLEY STREET / ,Joseph Madeira,552,14-Aug-13,Vehicle - Pedestrian,,,,"Two-Way , Not Divided",Dry,Daylight,Clear,1,Other,No,No Controls,3,1,Complains Of Pain
190507,8/15/13,8:04 PM,2013-00076721,Chalkstone Ave,ORTOLEVA DR ,Chalkstone Ave / ORTOLEVA DR ,Noel Field,260,16-Aug-13,Vehicle - Pedestrian,,,,"Two-Way , Not Divided",Dry,Dark - Lighted,Clear,2,Other,"Yes, M/V and Driver Left Scene",No Controls,4,1,Complains Of Pain
190813,8/15/13,7:00 PM,2013-00076711,Smith Street,Academy,Smith Street / Academy,Brian Dyer,180,16-Aug-13,Vehicle - Pedestrian,X,,,"Two-Way, Not Divided With a Continuous Left Turn Lane",Dry,Daylight,Clear,1,Angle (Front - to - Side) Opposite Direction,No,No Controls,3,1,Non-Incapacitating
190506,8/16/13,11:52 PM,2013-00077100,ATWELLS AVE,DE PASQUALE AVE ,ATWELLS AVE / DE PASQUALE AVE ,Joseph Kane,544,17-Aug-13,Vehicle - Pedestrian,,,,"Two-Way, Divided, Unprotected (painted>4feet) Medium",Dry,Dark - Lighted,Clear,1,Other,No,Traffic Control Signal,3,1,Complains Of Pain
190788,8/18/13,11:57 AM,2013-00077716,WESTMINSTER ST,KNIGHT ST ,WESTMINSTER ST / KNIGHT ST ,Trent Hastings,326,19-Aug-13,Vehicle - Pedestrian,X,,,"Two-Way , Not Divided",Dry,Daylight,Clear,1,Not a Collision Between Two Motor Vehicles in Transport,No,No Controls,2,0,No Injury
191431,8/18/13,5:38 PM,2013-00077831,1250 Elmwood Avenue,BISSELL ST ,1250 Elmwood Avenue / BISSELL ST ,Carla Cavanaugh,189,24-Aug-13,Vehicle - Pedestrian,X,,,"Two-Way , Not Divided",Dry,Daylight,Clear,1,Angle (Front - to - Side) Right Angle (Includes Broadside),No,No Controls,2,0,No Injury
190799,8/19/13,3:13 PM,2013-00078126,PARNELL ST,FOWLER ST ,PARNELL ST / FOWLER ST ,KEN MATSUMOTO,348,19-Aug-13,Vehicle - Pedestrian,X,,,"Two-Way , Not Divided",Dry,Daylight,Clear,1,Angle (Front - to - Side) Right Angle (Includes Broadside),No,No Controls,2,1,Complains Of Pain
190833,8/19/13,7:23 PM,2013-00078208,Stewart St,Broad St,Stewart St / Broad St,Michael Clary,269,20-Aug-13,Vehicle - Pedestrian,X,,,"Two-Way , Not Divided",Dry,Dusk,Clear,1,Not a Collision Between Two Motor Vehicles in Transport,"Yes, M/V and Driver Left Scene",Traffic Control Signal,3,0,No Injury
190851,8/20/13,8:53 AM,2013-00078327,235 PROMENADE STREET,,235 PROMENADE STREET / ,Joseph Madeira,552,20-Aug-13,Vehicle - Pedestrian,X,,,"Two-Way , Not Divided",Dry,Daylight,Clear,1,Other,"Yes, M/V and Driver Left Scene",No Controls,1,0,No Injury
191039,8/21/13,4:22 PM,2013-00078800,133c delaine st,APPLETON ST ,133c delaine st / APPLETON ST ,Ptylm. Chin,516,21-Aug-13,Vehicle - Pedestrian,X,,,"Two-Way , Not Divided",Dry,Daylight,Clear,1,Not a Collision Between Two Motor Vehicles in Transport,No,Stop Signs,4,1,Complains Of Pain
191054,8/21/13,5:08 PM,2013-00078822,FRANCIS ST,AMERICAN EXPRESS PLZ ,FRANCIS ST / AMERICAN EXPRESS PLZ ,Ptlm. Chin,516,21-Aug-13,Vehicle - Pedestrian,,,,"Two-Way , Not Divided",Dry,Daylight,Clear,1,Not a Collision Between Two Motor Vehicles in Transport,No,Pavement Markings,5,1,Complains Of Pain
191119,8/22/13,10:28 AM,2013-00079035,95 PLEASANT VALLEY PARKWAY,VALLEY STREET,95 PLEASANT VALLEY PARKWAY / VALLEY STREET,Joseph Madeira,552,22-Aug-13,Vehicle - Pedestrian,X,,,"Two-Way , Not Divided",Dry,Daylight,Clear,1,Other,"Yes, M/V and Driver Left Scene",No Controls,1,1,Non-Incapacitating
191309,8/23/13,7:08 PM,2013-00079556,ATWOOD ST,PLAINFIELD ST ,ATWOOD ST / PLAINFIELD ST ,Ptlm. Chin,516,23-Aug-13,Vehicle - Pedestrian,,,,"Two-Way , Not Divided",Dry,Daylight,Clear,1,Not a Collision Between Two Motor Vehicles in Transport,No,Traffic Control Signal,4,1,Complains Of Pain
191338,8/23/13,11:43 PM,2013-00079677,477 Broadway ,,477 Broadway  / ,Michael Clary,269,24-Aug-13,Vehicle - Pedestrian,,,,"Two-Way , Not Divided",Dry,Dark - Lighted,Clear,2,Rear - to - Rear,"Yes, M/V and Driver Left Scene",No Controls,2,0,Unknown
191954,8/24/13,1:59 PM,2013-00079903,NAHANT,CHARLES,NAHANT / CHARLES,Joseph Iannucci,410,27-Aug-13,Vehicle - Pedestrian,,,,"Two-Way , Not Divided",Dry,Daylight,Clear,2,Angle (Front - to - Side) Right Angle (Includes Broadside),"Yes, M/V and Driver Left Scene",Stop Signs,3,1,Complains Of Pain
191689,8/26/13,9:25 PM,2013-00080845,EXIT,EXIT ,EXIT / EXIT ,Stephen Frechette,362,26-Aug-13,Vehicle - Pedestrian,,,,One-Way Trafficway,Dry,Dark - Lighted,Clear,1,Not a Collision Between Two Motor Vehicles in Transport,"Yes, M/V and Driver Left Scene",No Controls,1,1,Complains Of Pain