CrashReportId,CrashDate,CrashTime,ReportNumber,StreetOrHighway,NearestIntersection,Location,Officer,Badge,ReportDate,TypeOfCollision,Bicycle,Scooter,Wheel Chair,TypeOfRoadway,RoadSurfaceCondition,LightCondition,WeatherCondition,NumberofVehicles,MannerofImpact,HitAndRun,TrafficControl,PersonCount,InjuryCount,MostSeriousInjury
192398,8/28/13,6:06 PM,2013-00081480,GEORGE STREET,GOVERNOR ST ,GEORGE STREET / GOVERNOR ST ,Ptlm R Caraccia,360,28-Aug-13,Vehicle - Pedestrian,,,,"Two-Way , Not Divided",Dry,Daylight,Clear,1,Head-On (Front - to - Front),No,No Controls,3,1,Non-Incapacitating
192487,8/29/13,6:02 PM,2013-00081838,Broadway ,SUTTON ST ,Broadway  / SUTTON ST ,Michele Rudolph,512,31-Aug-13,Vehicle - Pedestrian,,,,"Two-Way, Divided, Unprotected (painted>4feet) Medium",Dry,Daylight,Clear,1,Not a Collision Between Two Motor Vehicles in Transport,"Yes, M/V and Driver Left Scene",Stop Signs,2,0,No Injury
192378,8/30/13,6:05 PM,2013-00082225,Gallup St,Broad St,Gallup St / Broad St,Noel Field,260,30-Aug-13,Vehicle - Pedestrian,,,,"Two-Way , Not Divided",Dry,Daylight,Clear,2,Not a Collision Between Two Motor Vehicles in Transport,"Yes, M/V and Driver Left Scene",No Controls,6,0,No Injury
192491,8/31/13,5:55 PM,2013-00082641,ATWELLS AVE,VALLEY ST ,ATWELLS AVE / VALLEY ST ,MICHAEL R. TROIA / TRAFFIC BUREAU,331,31-Aug-13,Vehicle - Pedestrian,,,,"Two-Way, Not Divided With a Continuous Left Turn Lane",Dry,Daylight,Clear,1,Not a Collision Between Two Motor Vehicles in Transport,No,No Controls,5,1,Complains Of Pain
192587,9/1/13,1:48 PM,2013-00083013,BROAD STREET,GLADSTONE STREET,BROAD STREET / GLADSTONE STREET,Joseph Madeira,552,01-Sep-13,Vehicle - Pedestrian,,,,"Two-Way , Not Divided",Dry,Daylight,Clear,1,Head-On (Front - to - Front),No,Stop Signs,3,1,Complains Of Pain
237524,9/1/13,12:01 AM,2014-00056925,GLENBRIDGE AVE,MANTON AVE ,GLENBRIDGE AVE / MANTON AVE ,D. Hull,598,16-Jun-14,Vehicle - Pedestrian,X,,,Unknown,Unknown,Unknown,Clear,1,Angle (Front - to - Side) Right Angle (Includes Broadside),No,No Controls,2,0,Unknown
192633,9/2/13,1:23 AM,2013-00083215,697 Atwells Ave,,697 Atwells Ave / ,Michael Clary,269,02-Sep-13,Vehicle - Pedestrian,,,,"Two-Way , Not Divided",Dry,Dark - Lighted,Clear,2,"Sidwswipe, Opposite Direction","Yes, M/V and Driver Left Scene",No Controls,2,1,Complains Of Pain
192668,9/2/13,1:01 PM,2013-00083348,Chalkstone Ave,OAKLAND AVE ,Chalkstone Ave / OAKLAND AVE ,Ptlm. Chin,516,02-Sep-13,Vehicle - Pedestrian,X,,,"Two-Way , Not Divided",Wet,Daylight,Rain,1,Not a Collision Between Two Motor Vehicles in Transport,No,Traffic Control Signal,3,1,Complains Of Pain
196772,9/2/13,11:03 PM,2013-00094285,ATWELLS AVE,MCAVOY ST ,ATWELLS AVE / MCAVOY ST ,Michael Moonan,286,04-Oct-13,Vehicle - Pedestrian,,,,"Two-Way , Not Divided",Dry,Dark - Lighted,Clear,1,Not a Collision Between Two Motor Vehicles in Transport,No,No Controls,2,1,Complains Of Pain
193267,9/6/13,5:39 PM,2013-00084781,EXCHANGE TER,EXCHANGE ST ,EXCHANGE TER / EXCHANGE ST ,Matthew Goddard,171,06-Sep-13,Vehicle - Pedestrian,,,,One-Way Trafficway,Dry,Daylight,Clear,1,Not a Collision Between Two Motor Vehicles in Transport,No,No Controls,4,1,Complains Of Pain
193496,9/7/13,2:37 PM,2013-00085157,135 MANTON AVE,,135 MANTON AVE / ,MICHAEL R. TROIA  ,331,07-Sep-13,Vehicle - Pedestrian,,,,"Two-Way , Not Divided",Dry,Daylight,Clear,1,Not a Collision Between Two Motor Vehicles in Transport,No,No Controls,4,1,Complains Of Pain
193944,9/9/13,2:26 PM,2013-00085908,WATERMAN ST,BROOK ST ,WATERMAN ST / BROOK ST ,Richard Mills,424,12-Sep-13,Vehicle - Pedestrian,X,,,One-Way Trafficway,Dry,Daylight,Clear,1,"Sideswipe, Same Direction",No,No Controls,3,1,Complains Of Pain
193844,9/10/13,3:29 PM,2013-00086266,COOKE ST,ANGELL ST ,COOKE ST / ANGELL ST ,Fausto Garcia,109,10-Sep-13,Vehicle - Pedestrian,,,,One-Way Trafficway,Dry,Daylight,Cloudy,1,Not a Collision Between Two Motor Vehicles in Transport,No,Stop Signs,2,1,Non-Incapacitating
193895,9/11/13,11:37 AM,2013-00086534,BROAD ST,BROAD ST ,BROAD ST / BROAD ST ,Luis Fernandez,531,11-Sep-13,Vehicle - Pedestrian,,,,"Two-Way, Divided, Unprotected (painted>4feet) Medium",Dry,Daylight,Clear,1,Other,No,Yield Signs,3,1,Complains Of Pain
193929,9/11/13,7:00 PM,2013-00086657,INDIA ST, GANO ST,INDIA ST /  GANO ST,Margaret Schlageter,472,12-Sep-13,Vehicle - Pedestrian,,,,"Two-Way , Not Divided",Dry,Dark - Lighted,Clear,2,"Sideswipe, Same Direction","Yes, M/V and Driver Left Scene",No Controls,2,0,No Injury
196023,9/11/13,4:58 PM,2013-00086626,MOORE ST,UPDIKE ST ,MOORE ST / UPDIKE ST ,James Annis,454,27-Sep-13,Vehicle - Pedestrian,X,,,"Two-Way , Not Divided",Dry,Daylight,Clear,1,Other,"Yes, M/V and Driver Left Scene",No Controls,1,1,Complains Of Pain
194165,9/13/13,5:42 PM,2013-00087339,21 ALVERSON AVE,Dolores St,21 ALVERSON AVE / Dolores St,Juan Rodrigues,194,13-Sep-13,Vehicle - Pedestrian,,,,"Two-Way, Not Divided With a Continuous Left Turn Lane",Dry,Daylight,Clear,2,Rear - to - Side,No,No Controls,4,1,Complains Of Pain
194166,9/13/13,4:11 PM,2013-00087305,HOPE ST,MEETING ST ,HOPE ST / MEETING ST ,MICHAEL R. TROIA / TRAFFIC BUREAU,331,13-Sep-13,Vehicle - Pedestrian,,,,"Two-Way , Not Divided",Dry,Daylight,Clear,2,"Sideswipe, Same Direction",No,No Controls,4,1,Complains Of Pain
194360,9/15/13,10:37 PM,2013-00088234,Chalkstone Ave,Delhi St.,Chalkstone Ave / Delhi St.,Noel Field,260,15-Sep-13,Vehicle - Pedestrian,,,,"Two-Way , Not Divided",Dry,Dark - Lighted,Clear,2,Not a Collision Between Two Motor Vehicles in Transport,"Yes, M/V and Driver Left Scene",No Controls,4,0,Unknown
198229,9/16/13,1:26 PM,2013-00088385,UNION AVE,WAVERLY ST ,UNION AVE / WAVERLY ST ,Jesse Ferrell,428,16-Oct-13,Vehicle - Pedestrian,,,,"Two-Way , Not Divided",Dry,Daylight,Clear,2,Rear End(Front-to-Rear),"Yes, M/V and Driver Left Scene",Stop Signs,2,0,No Injury
194537,9/17/13,2:58 PM,2013-00088712,VALLEY ST,SCHOOL ST ,VALLEY ST / SCHOOL ST ,Taylor Britto,202,17-Sep-13,Vehicle - Pedestrian,,,,"Two-Way , Not Divided",Dry,Daylight,Clear,1,Angle (Front - to - Side) Right Angle (Includes Broadside),No,No Controls,3,1,Complains Of Pain
194775,9/19/13,11:05 AM,2013-00089294,321 HARBORSIDE BLVD.,,321 HARBORSIDE BLVD. / ,Joseph Madeira,552,19-Sep-13,Vehicle - Pedestrian,,,,"Two-Way , Not Divided",Dry,Daylight,Clear,1,Other,No,No Controls,3,1,Complains Of Pain
194783,9/19/13,11:03 AM,2013-00089293,BORINQUEN ST,PLAIN ST ,BORINQUEN ST / PLAIN ST ,Jose Deschamps,419,19-Sep-13,Vehicle - Pedestrian,,,,"Two-Way , Not Divided",Dry,Daylight,Clear,1,Head-On (Front - to - Front),No,No Controls,2,2,Complains Of Pain
196335,9/19/13,9:40 AM,2013-00089270,TORONTO AVE,TENNESSEE AVE ,TORONTO AVE / TENNESSEE AVE ,Brian Thornton,672,01-Oct-13,Vehicle - Pedestrian,,,,"Two-Way , Not Divided",Dry,Daylight,Clear,1,Angle (Front - to - Side) Right Angle (Includes Broadside),No,Stop Signs,3,1,Complains Of Pain
195276,9/20/13,2:40 PM,2013-00089780,PLAINFIELD ST,PLAINFIELD ST ,PLAINFIELD ST / PLAINFIELD ST ,Jason Andrade,200,20-Sep-13,Vehicle - Pedestrian,,,,Unknown,Dry,Daylight,Clear,2,Angle (Front - to - Side) Same Direction,"Yes, M/V and Driver Left Scene",No Controls,2,0,Unknown
195069,9/20/13,4:40 PM,2013-00089813,51 DORCHESTER AVE,,51 DORCHESTER AVE / ,MICHAEL R. TROIA / TRAFFIC BUREAU,331,20-Sep-13,Vehicle - Pedestrian,X,,,"Two-Way , Not Divided",Dry,Daylight,Clear,1,Not a Collision Between Two Motor Vehicles in Transport,No,No Controls,3,1,Complains Of Pain
195093,9/20/13,10:15 PM,2013-00089960,LENOX AVE,EMERSON ST ,LENOX AVE / EMERSON ST ,Michael Sullivan,347,20-Sep-13,Vehicle - Pedestrian,,,,"Two-Way , Not Divided",Dry,Dark - Lighted,Clear,1,Not a Collision Between Two Motor Vehicles in Transport,No,Traffic Control Signal,4,1,Complains Of Pain
195094,9/20/13,7:52 PM,2013-00089896,Broad St,STANWOOD ST ,Broad St / STANWOOD ST ,Noel Field,260,20-Sep-13,Vehicle - Pedestrian,,,,"Two-Way, Not Divided With a Continuous Left Turn Lane",Dry,Dark - Lighted,Clear,1,Not a Collision Between Two Motor Vehicles in Transport,"Yes, M/V and Driver Left Scene",No Controls,4,1,Incapacitating
196035,9/21/13,3:56 PM,2013-00090273,BRIDGHAM ST,ELMWOOD AVE ,BRIDGHAM ST / ELMWOOD AVE ,Luis Pelaez,336,29-Sep-13,Vehicle - Pedestrian,X,,,"Two-Way , Not Divided",Dry,Daylight,Clear,1,Not a Collision Between Two Motor Vehicles in Transport,No,Traffic Control Signal,3,1,Complains Of Pain
195358,9/22/13,3:53 PM,2013-00090716,ELMWOOD AVE,ATLANTIC AVE ,ELMWOOD AVE / ATLANTIC AVE ,James Annis,454,23-Sep-13,Vehicle - Pedestrian,,,,"Two-Way , Not Divided",Dry,Daylight,Clear,2,Angle (Front - to - Side) Opposite Direction,"Yes, M/V and Driver Left Scene",No Controls,6,0,No Injury
195254,9/22/13,2:39 AM,2013-00090532,BROADWAY,ALMY ST ,BROADWAY / ALMY ST ,Raymond Majeau,275,22-Sep-13,Vehicle - Pedestrian,,,,"Two-Way , Not Divided",Dry,Dark - Lighted,Clear,1,Unknown,"Yes, M/V and Driver Left Scene",No Controls,1,0,Unknown
196273,9/22/13,4:00 AM,2013-00090552,EXIT 25,I 95 ,EXIT 25 / I 95 ,Michael Maycock,281,22-Sep-13,Vehicle - Pedestrian,,,,One-Way Trafficway,Wet,Dark - Lighted,Rain,1,Not a Collision Between Two Motor Vehicles in Transport,"Yes, M/V and Driver Left Scene",No Controls,1,1,Non-Incapacitating
195283,9/22/13,2:35 AM,2013-00090533,South Water St,DYER ST ,South Water St / DYER ST ,Noel Field,260,22-Sep-13,Vehicle - Pedestrian,,,,One-Way Trafficway,Wet,Dark - Lighted,Cloudy,1,Not a Collision Between Two Motor Vehicles in Transport,"Yes, M/V and Driver Left Scene",Pavement Markings,6,3,Complains Of Pain
195345,9/23/13,5:29 PM,2013-00091054,HANDY ST,AMHERST ST ,HANDY ST / AMHERST ST ,Taylor Britto,202,23-Sep-13,Vehicle - Pedestrian,,,,"Two-Way , Not Divided",Dry,Daylight,Clear,1,Head-On (Front - to - Front),"Yes, M/V and Driver Left Scene",No Controls,1,1,Complains Of Pain
195560,9/24/13,4:40 PM,2013-00091336,CHARLES ST,CHARLES ST ,CHARLES ST / CHARLES ST ,Shawn Kennedy,547,24-Sep-13,Vehicle - Pedestrian,X,,,"Two-Way , Not Divided",Dry,Daylight,Clear,1,Angle (Front - to - Side) Right Angle (Includes Broadside),No,Traffic Control Signal,4,0,No Injury
195562,9/24/13,5:27 PM,2013-00091351,325 PUBLIC ST,,325 PUBLIC ST / ,MICHAEL R. TROIA / TRAFFIC BUREAU,331,24-Sep-13,Vehicle - Pedestrian,,,,"Two-Way , Not Divided",Dry,Daylight,Clear,1,Not a Collision Between Two Motor Vehicles in Transport,No,No Controls,3,1,Complains Of Pain
195659,9/25/13,8:11 AM,2013-00091493,LAUREL HILL AVENUE,STERLING AVENUE,LAUREL HILL AVENUE / STERLING AVENUE,Joseph Madeira,552,25-Sep-13,Vehicle - Pedestrian,,,,"Two-Way , Not Divided",Dry,Daylight,Clear,1,Other,No,Stop Signs,4,1,Complains Of Pain
195688,9/25/13,6:12 PM,2013-00091675,WICKENDEN STREET,EAST ST ,WICKENDEN STREET / EAST ST ,Ptlm R Caraccia,360,25-Sep-13,Vehicle - Pedestrian,,,,"Two-Way , Not Divided",Dry,Dusk,Clear,1,Not a Collision Between Two Motor Vehicles in Transport,"Yes, M/V and Driver Left Scene",Stop Signs,3,1,Complains Of Pain
195894,9/27/13,11:48 AM,2013-00092196,WESTMINISTER STREET,,WESTMINISTER STREET / ,Joseph Madeira,552,27-Sep-13,Vehicle - Pedestrian,,,,"Two-Way , Not Divided",Dry,Daylight,Clear,2,"Sideswipe, Same Direction",No,No Controls,3,0,No Injury
195900,9/27/13,1:57 PM,2013-00092242,BROAD STREET,DAVE GAVITT WAY,BROAD STREET / DAVE GAVITT WAY,Joseph Madeira,552,27-Sep-13,Vehicle - Pedestrian,,,,"Two-Way , Not Divided",Dry,Daylight,Clear,1,Other,No,Traffic Control Signal,3,0,No Injury
195944,9/28/13,12:35 AM,2013-00092477,Atwells Ave,WEEDEN ST ,Atwells Ave / WEEDEN ST ,Noel Field,260,28-Sep-13,Vehicle - Pedestrian,,,,"Two-Way , Not Divided",Dry,Dark - Lighted,Clear,1,Not a Collision Between Two Motor Vehicles in Transport,"Yes, M/V and Driver Left Scene",Traffic Control Signal,2,2,Complains Of Pain
196729,9/29/13,11:43 AM,2013-00093074,ELMWOOD AVE,WEST FRIENDSHIP ST,ELMWOOD AVE / WEST FRIENDSHIP ST,Jesse Ferrell,428,02-Oct-13,Vehicle - Pedestrian,,,,"Two-Way , Not Divided",Dry,Daylight,Clear,1,Other,No,No Controls,2,0,No Injury
196174,9/30/13,1:13 PM,2013-00093399,BRANCH AVENUE,NORTH MAIN STREET,BRANCH AVENUE / NORTH MAIN STREET,Joseph Madeira,552,30-Sep-13,Vehicle - Pedestrian,,,,"Two-Way , Not Divided",Dry,Daylight,Clear,1,Other,No,No Controls,3,1,Complains Of Pain
196341,10/1/13,11:36 AM,2013-00093713,KENNEDY PLZ,EXCHANGE ST ,KENNEDY PLZ / EXCHANGE ST ,George SanAntonio,604,01-Oct-13,Vehicle - Pedestrian,,,,One-Way Trafficway,Dry,Daylight,Clear,1,Not a Collision Between Two Motor Vehicles in Transport,No,No Controls,3,1,Incapacitating
196462,10/1/13,4:54 PM,2013-00093836,MANTON AVE,ORTOLEVA DR ,MANTON AVE / ORTOLEVA DR ,Stephen Frechette,362,01-Oct-13,Vehicle - Pedestrian,,,,"Two-Way , Not Divided",Dry,Daylight,Clear,1,Not a Collision Between Two Motor Vehicles in Transport,"Yes, M/V and Driver Left Scene",No Controls,1,1,Complains Of Pain
196497,10/1/13,5:10 PM,2013-00093838,GALLUP ST,BURNSIDE ST ,GALLUP ST / BURNSIDE ST ,Thomas Connetta,374,02-Oct-13,Vehicle - Pedestrian,,,,"Two-Way , Not Divided",Dry,Daylight,Clear,1,Angle (Front - to - Side) Same Direction,"Yes, M/V and Driver Left Scene",Stop Signs,3,1,Complains Of Pain
196771,10/3/13,11:53 PM,2013-00094664,STADDEN ST,RESERVOIR AVE ,STADDEN ST / RESERVOIR AVE ,Jerome Lynch,582,04-Oct-13,Vehicle - Pedestrian,,,,"Two-Way , Not Divided",Dry,Dark - Lighted,Clear,2,"Sideswipe, Same Direction","Yes, M/V and Driver Left Scene",No Controls,2,0,Unknown
196794,10/3/13,9:14 PM,2013-00094608,100 Harborside Blvd,HARBORSIDE BLVD ,100 Harborside Blvd / HARBORSIDE BLVD ,Noel Field,260,04-Oct-13,Vehicle - Pedestrian,,,,"Two-Way , Not Divided",Dry,Dark - Lighted,Clear,1,Not a Collision Between Two Motor Vehicles in Transport,No,No Controls,6,1,Incapacitating
196832,10/4/13,8:15 AM,2013-00094748,PETTEYS AVE,GLENBRIDGE AVE ,PETTEYS AVE / GLENBRIDGE AVE ,Joseph Kane,544,04-Oct-13,Vehicle - Pedestrian,,,,"Two-Way , Not Divided",Dry,Daylight,Cloudy,1,Not a Collision Between Two Motor Vehicles in Transport,"Yes, M/V and Driver Left Scene",Traffic Control Signal,3,1,Complains Of Pain
196850,10/4/13,11:55 AM,2013-00094803,BLACKSTONE BLVD,BUTLER DR ,BLACKSTONE BLVD / BUTLER DR ,Andrew Frolich,673,04-Oct-13,Vehicle - Pedestrian,X,,,"Two-Way, Divided, Unprotected (painted>4feet) Medium",Wet,Daylight,Rain,1,Angle (Front - to - Side) Right Angle (Includes Broadside),No,No Controls,3,0,No Injury
196963,10/5/13,7:25 AM,2013-00095173,1880 WESTMINSTER ST,TROY ST ,1880 WESTMINSTER ST / TROY ST ,Trent Hastings,326,05-Oct-13,Vehicle - Pedestrian,X,,,"Two-Way , Not Divided",Dry,Daylight,Cloudy,1,Not a Collision Between Two Motor Vehicles in Transport,No,No Controls,3,0,No Injury
196981,10/5/13,7:10 PM,2013-00095371,Hope St,BOWEN ST ,Hope St / BOWEN ST ,Noel Field,260,05-Oct-13,Vehicle - Pedestrian,,,,"Two-Way , Not Divided",Dry,Dark - Lighted,Clear,2,Not a Collision Between Two Motor Vehicles in Transport,No,Pavement Markings,6,0,No Injury
197725,10/6/13,10:02 PM,2013-00095825,365 Atwells Ave,,365 Atwells Ave / ,Michael Clary,269,07-Oct-13,Vehicle - Pedestrian,,,,"Two-Way , Not Divided",Wet,Dark - Lighted,Rain,1,Not a Collision Between Two Motor Vehicles in Transport,No,No Controls,3,1,Complains Of Pain
197120,10/6/13,4:20 PM,2013-00095757,MESSER ST,,MESSER ST / ,MICHAEL R. TROIA / TRAFFIC BUREAU,331,06-Oct-13,Vehicle - Pedestrian,,,,"Two-Way , Not Divided",Unknown,Unknown,Clear,1,Unknown,"Yes, M/V and Driver Left Scene",No Controls,1,1,Complains Of Pain
197272,10/7/13,6:09 PM,2013-0096102,ACADEMY AVENUE,WHITFORD AVENUE,ACADEMY AVENUE / WHITFORD AVENUE,Giuseppe Scarcello,485,07-Oct-13,Vehicle - Pedestrian,X,,,"Two-Way , Not Divided",Dry,Daylight,Clear,1,Not a Collision Between Two Motor Vehicles in Transport,No,Stop Signs,5,2,Incapacitating
197313,10/8/13,12:16 AM,2013-00096182,WHITMARSH ST,ELMWOOD AVE,WHITMARSH ST / ELMWOOD AVE,John Martin,186,08-Oct-13,Vehicle - Pedestrian,,,,"Two-Way , Not Divided",Dry,Dark - Lighted,Cloudy,1,Not a Collision Between Two Motor Vehicles in Transport,"Yes, M/V and Driver Left Scene",Stop Signs,1,1,Complains Of Pain
197348,10/8/13,6:56 AM,2013-00096220,530 NORTH MAIN STREET,,530 NORTH MAIN STREET / ,Joseph Madeira,552,08-Oct-13,Vehicle - Pedestrian,,,,"Two-Way , Not Divided",Dry,Daylight,Clear,1,Other,No,No Controls,2,0,No Injury
197390,10/8/13,1:04 PM,2013-00096306,BROOK STREET,TRANSIT STREET,BROOK STREET / TRANSIT STREET,Joseph Madeira,552,08-Oct-13,Vehicle - Pedestrian,,,,"Two-Way , Not Divided",Dry,Daylight,Clear,1,Other,No,Stop Signs,4,1,Complains Of Pain
197438,10/8/13,7:03 PM,2013-00096420,REGENT AVE,HAROLD ST ,REGENT AVE / HAROLD ST ,Nicole Darling,325,08-Oct-13,Vehicle - Pedestrian,,,,"Two-Way , Not Divided",Dry,Daylight,Clear,1,Not a Collision Between Two Motor Vehicles in Transport,"Yes, M/V and Driver Left Scene",No Controls,3,1,Complains Of Pain
197542,10/9/13,10:45 PM,2013-00096863,Dean St.,West Exchange St.,Dean St. / West Exchange St.,Noel Field,260,09-Oct-13,Vehicle - Pedestrian,X,,,"Two-Way, Divided, Positive Median Barrier",Dry,Dark - Lighted,Clear,1,Not a Collision Between Two Motor Vehicles in Transport,No,Traffic Control Signal,3,1,Complains Of Pain
197572,10/10/13,12:45 AM,2013-00096883,Promenade St,ACORN ST ,Promenade St / ACORN ST ,Noel Field,260,10-Oct-13,Vehicle - Pedestrian,X,,,One-Way Trafficway,Dry,Dark - Not Lighted,Clear,1,Not a Collision Between Two Motor Vehicles in Transport,No,No Controls,2,1,Complains Of Pain
198226,10/10/13,4:05 PM,2013-00097061,FISK ST,BERNARD ST ,FISK ST / BERNARD ST ,Carla Cavanaugh,189,16-Oct-13,Vehicle - Pedestrian,,,,Unknown,Dry,Daylight,Clear,1,Other,No,No Controls,5,1,Complains Of Pain
199758,10/11/13,8:10 PM,2013-00097488,HANOVER ST,CRANSTON ST ,HANOVER ST / CRANSTON ST ,Luis Pelaez,336,27-Oct-13,Vehicle - Pedestrian,,,,"Two-Way , Not Divided",Dry,Dark - Lighted,Clear,2,"Sideswipe, Same Direction","Yes, M/V and Driver Left Scene",No Controls,2,0,No Injury
197680,10/11/13,1:00 PM,2013-00097323,CHURCH ST,BENEFIT ST ,CHURCH ST / BENEFIT ST ,Thomas Rose,465,11-Oct-13,Vehicle - Pedestrian,X,,,"Two-Way , Not Divided",Dry,Daylight,Clear,1,"Sidwswipe, Opposite Direction",No,No Controls,2,1,Non-Incapacitating
197735,10/12/13,2:45 AM,2013-00097614,DOUGLAS AVE,EATON ST ,DOUGLAS AVE / EATON ST ,Michael Sullivan,347,12-Oct-13,Vehicle - Pedestrian,,,,"Two-Way , Not Divided",Dry,Dark - Lighted,Clear,1,Not a Collision Between Two Motor Vehicles in Transport,"Yes, M/V and Driver Left Scene",No Controls,1,1,Incapacitating
197831,10/12/13,8:11 PM,2013-00097860,WATERMAN ST,BROWN ST ,WATERMAN ST / BROWN ST ,Khari Bass,312,12-Oct-13,Vehicle - Pedestrian,,,,One-Way Trafficway,Dry,Dark - Lighted,Clear,1,Not a Collision Between Two Motor Vehicles in Transport,No,Stop Signs,2,1,Complains Of Pain
198912,10/12/13,2:57 PM,2013-00097770,S MAIN ST,COLLEGE ST ,S MAIN ST / COLLEGE ST ,KEN MATSUMOTO,348,21-Oct-13,Vehicle - Pedestrian,X,,,One-Way Trafficway,Dry,Daylight,Clear,1,Unknown,No,No Controls,1,1,Complains Of Pain
197900,10/13/13,3:17 PM,2013-00098163,Federal Street,MESSENGER ST ,Federal Street / MESSENGER ST ,Michele Rudolph,512,13-Oct-13,Vehicle - Pedestrian,,,,"Two-Way , Not Divided",Dry,Daylight,Clear,2,"Sideswipe, Same Direction","Yes, M/V and Driver Left Scene",No Controls,3,0,Unknown
197951,10/14/13,12:55 AM,2013-00098323,BROAD ST,BROAD ST ,BROAD ST / BROAD ST ,Michael Duffy,354,14-Oct-13,Vehicle - Pedestrian,,,,"Two-Way , Not Divided",Dry,Dark - Lighted,Clear,1,Not a Collision Between Two Motor Vehicles in Transport,"Yes, M/V and Driver Left Scene",No Controls,2,0,No Injury
198016,10/14/13,2:52 PM,2013-00098440,POCASSET AVE,BANCROFT ST ,POCASSET AVE / BANCROFT ST ,MICHAEL R. TROIA / TRAFFIC BUREAU,331,14-Oct-13,Vehicle - Pedestrian,,,,"Two-Way , Not Divided",Dry,Daylight,Clear,1,Not a Collision Between Two Motor Vehicles in Transport,No,Pavement Markings,4,1,Complains Of Pain
198054,10/14/13,7:01 PM,2013-00098515,Berlin St,Chalkstone Ave.,Berlin St / Chalkstone Ave.,Noel Field,260,14-Oct-13,Vehicle - Pedestrian,X,,,"Two-Way , Not Divided",Dry,Dark - Lighted,Clear,1,Not a Collision Between Two Motor Vehicles in Transport,No,Stop Signs,6,1,Complains Of Pain
198097,10/15/13,3:08 PM,2013-00098732,SMITHFIELD AVE,COLLYER ST ,SMITHFIELD AVE / COLLYER ST ,Ralph Abenante,511,15-Oct-13,Vehicle - Pedestrian,,,,"Two-Way, Divided, Positive Median Barrier",Dry,Daylight,Clear,3,Rear End(Front-to-Rear),No,Traffic Control Signal,8,0,No Injury
198110,10/15/13,6:34 PM,2013-00098802,WATERMAN STREET,IVES ST ,WATERMAN STREET / IVES ST ,Ptlm R Caraccia,360,15-Oct-13,Vehicle - Pedestrian,,,,One-Way Trafficway,Dry,Dark - Lighted,Clear,1,Not a Collision Between Two Motor Vehicles in Transport,No,Stop Signs,4,1,Non-Incapacitating
198165,10/16/13,9:00 AM,2013-00098937,JULIAN ST,KOSSUTH ST ,JULIAN ST / KOSSUTH ST ,Mark Dececco,407,16-Oct-13,Vehicle - Pedestrian,,,,Unknown,Dry,Daylight,Cloudy,1,Other,No,No Controls,3,1,Complains Of Pain
198292,10/17/13,9:36 AM,2013-00099271,GOVERNOR ST,PRESTON ST ,GOVERNOR ST / PRESTON ST ,Derrek Edmonds,550,17-Oct-13,Vehicle - Pedestrian,,,,"Two-Way , Not Divided",Dry,Daylight,Clear,1,"Sideswipe, Same Direction",No,No Controls,3,1,Complains Of Pain
198638,10/18/13,12:04 AM,2013-00099542,765 Westminster St,Cahir St,765 Westminster St / Cahir St,Michael Clary,269,20-Oct-13,Vehicle - Pedestrian,,,,"Two-Way , Not Divided",Dry,Dark - Lighted,Clear,1,Not a Collision Between Two Motor Vehicles in Transport,No,No Controls,3,1,Complains Of Pain
198402,10/18/13,3:14 AM,2013-00099583,EDDY ST,VERMONT AVE ,EDDY ST / VERMONT AVE ,Fernando Lopez,156,18-Oct-13,Vehicle - Pedestrian,,,,One-Way Trafficway,Wet,Dark - Lighted,Cloudy,1,Head-On (Front - to - Front),"Yes, M/V and Driver Left Scene",No Controls,1,0,Unknown
198494,10/18/13,5:15 PM,2013-00099801,WESTMINSTER ST,HAMMOND ST ,WESTMINSTER ST / HAMMOND ST ,MICHAEL R. TROIA / TRAFFIC BUREAU,331,18-Oct-13,Vehicle - Pedestrian,X,,,"Two-Way , Not Divided",Dry,Daylight,Clear,1,Not a Collision Between Two Motor Vehicles in Transport,No,No Controls,4,1,Complains Of Pain
198529,10/19/13,2:43 AM,2013-00099995,MILLER AVE,BABCOCK ST ,MILLER AVE / BABCOCK ST ,Jerome Lynch,582,19-Oct-13,Vehicle - Pedestrian,,,,"Two-Way , Not Divided",Dry,Dark - Lighted,Clear,2,Rear End(Front-to-Rear),"Yes, M/V and Driver Left Scene",No Controls,3,0,No Injury
198742,10/20/13,5:32 AM,2013-00100455,BRIDGHAM ST,ELMWOOD AVE ,BRIDGHAM ST / ELMWOOD AVE ,Joseph Pineau,256,21-Oct-13,Vehicle - Pedestrian,,,,"Two-Way , Not Divided",Dry,Dark - Lighted,Clear,1,Other,"Yes, M/V and Driver Left Scene",Traffic Control Signal,2,1,Complains Of Pain
198743,10/20/13,9:30 PM,2013-00100690,102 Peace St,UPDIKE ST ,102 Peace St / UPDIKE ST ,Noel Field,260,21-Oct-13,Vehicle - Pedestrian,,,,Unknown,Dry,Dark - Lighted,Clear,2,Not a Collision Between Two Motor Vehicles in Transport,No,No Controls,3,0,No Injury
199148,10/21/13,1:10 PM,2013-00100849,MESSER ST,OAK ST ,MESSER ST / OAK ST ,Jesse Ferrell,428,21-Oct-13,Vehicle - Pedestrian,,,,"Two-Way , Not Divided",Dry,Daylight,Clear,1,Other,No,No Controls,3,1,Complains Of Pain