CrashReportId,CrashDate,CrashTime,ReportNumber,StreetOrHighway,NearestIntersection,Location,Officer,Badge,ReportDate,TypeOfCollision,Bicycle,Scooter,Wheel Chair,TypeOfRoadway,RoadSurfaceCondition,LightCondition,WeatherCondition,NumberofVehicles,MannerofImpact,HitAndRun,TrafficControl,PersonCount,InjuryCount,MostSeriousInjury
199046,10/22/13,2:59 PM,2013-00101205,WESTMINSTER ST,WINTER ST ,WESTMINSTER ST / WINTER ST ,E.S. Bogda,609,22-Oct-13,Vehicle - Pedestrian,,,,"Two-Way , Not Divided",Dry,Daylight,Clear,1,"Sideswipe, Same Direction","Yes, M/V and Driver Left Scene",No Controls,4,1,Complains Of Pain
199171,10/22/13,9:55 AM,2013-00101114,345 BLACKSTONE BLVD,BUTLER DR ,345 BLACKSTONE BLVD / BUTLER DR ,Trent Hastings,326,23-Oct-13,Vehicle - Pedestrian,,,,"Two-Way , Not Divided",Dry,Daylight,Clear,1,Not a Collision Between Two Motor Vehicles in Transport,No,No Controls,2,1,Complains Of Pain
199173,10/23/13,9:46 AM,2013-00101448,BROAD ST,HOMER ST,BROAD ST / HOMER ST,Trent Hastings,326,23-Oct-13,Vehicle - Pedestrian,,,,"Two-Way , Not Divided",Dry,Daylight,Cloudy,1,Not a Collision Between Two Motor Vehicles in Transport,"Yes, M/V and Driver Left Scene",No Controls,2,1,Complains Of Pain
199208,10/23/13,3:27 PM,2013-00101555,WESTMINSTER ST,CAHIR ST ,WESTMINSTER ST / CAHIR ST ,Ricardo Silva,185,23-Oct-13,Vehicle - Pedestrian,,,,"Two-Way, Divided, Unprotected (painted>4feet) Medium",Dry,Daylight,Cloudy,1,Not a Collision Between Two Motor Vehicles in Transport,No,No Controls,2,1,Complains Of Pain
199592,10/25/13,10:45 PM,2013-00102300,FILLMORE ST,OREGON ST ,FILLMORE ST / OREGON ST ,Robert Heaton,539,26-Oct-13,Vehicle - Pedestrian,,,,"Two-Way , Not Divided",Dry,Dark - Lighted,Clear,2,"Sideswipe, Same Direction","Yes, M/V and Driver Left Scene",No Controls,3,0,Unknown
199688,10/26/13,5:23 PM,2013-00102583,1 West Exchange Street,EXCHANGE TER ,1 West Exchange Street / EXCHANGE TER ,Anthony Doucette,475,26-Oct-13,Vehicle - Pedestrian,,,,One-Way Trafficway,Dry,Daylight,Cloudy,1,Unknown,No,No Controls,3,1,Complains Of Pain
199936,10/28/13,1:58 PM,2013-00103152,WESTMINSTER ST,DEXTER ST ,WESTMINSTER ST / DEXTER ST ,Jesse Ferrell,428,29-Oct-13,Vehicle - Pedestrian,,,,"Two-Way , Not Divided",Dry,Daylight,Clear,2,Angle (Front - to - Side) Right Angle (Includes Broadside),"Yes, M/V and Driver Left Scene",No Controls,4,0,No Injury
199932,10/29/13,7:49 AM,2013-00103337,DABOLL ST,BUCKLIN ST ,DABOLL ST / BUCKLIN ST ,Trent Hastings,326,29-Oct-13,Vehicle - Pedestrian,,,,"Two-Way , Not Divided",Dry,Daylight,Cloudy,2,Angle - Direction Not Specified,No,No Controls,7,1,Complains Of Pain
199963,10/29/13,9:33 AM,2013-00103352,BATH ST,CHALKSTONE AVE ,BATH ST / CHALKSTONE AVE ,Raymond King,633,29-Oct-13,Vehicle - Pedestrian,X,,,"Two-Way , Not Divided",Dry,Daylight,Clear,1,Angle (Front - to - Side) Right Angle (Includes Broadside),No,No Controls,4,1,Complains Of Pain
199968,10/29/13,11:58 AM,2013-00103393,CHARLES ST,BRANCH AVE ,CHARLES ST / BRANCH AVE ,Peter Conley,571,29-Oct-13,Vehicle - Pedestrian,,,,"Two-Way , Not Divided",Dry,Daylight,Clear,1,Not a Collision Between Two Motor Vehicles in Transport,"Yes, M/V and Driver Left Scene",Stop Signs,4,1,Complains Of Pain
199987,10/29/13,12:52 PM,2013-00103410,COLLYER ST,COLLYER ST ,COLLYER ST / COLLYER ST ,Andrew Frolich,673,29-Oct-13,Vehicle - Pedestrian,,,,Unknown,Dry,Daylight,Clear,1,Other,No,No Controls,4,0,No Injury
200314,10/31/13,8:16 PM,2013-00104172,RUTHERGLEN AVE,NARRAGANSETT AVE ,RUTHERGLEN AVE / NARRAGANSETT AVE ,Edward Leste,595,31-Oct-13,Vehicle - Pedestrian,,,,"Two-Way , Not Divided",Wet,Dawn,Rain,1,Not a Collision Between Two Motor Vehicles in Transport,"Yes, M/V and Driver Left Scene",Stop Signs,2,1,Complains Of Pain
200875,10/31/13,6:54 PM,2013-00104150,VALLEY ST,HEMLOCK ST ,VALLEY ST / HEMLOCK ST ,Francisco Furtado,635,04-Nov-13,Vehicle - Pedestrian,,,,"Two-Way, Divided, Unprotected (painted>4feet) Medium",Wet,Dark - Lighted,"Sleet, Hail (Freezing Rain or Drizzle)",1,Other,No,No Controls,10,1,Incapacitating
200400,11/1/13,12:18 AM,2013-00104267,Dorrance St,Pine St,Dorrance St / Pine St,Michael Clary,269,01-Nov-13,Vehicle - Pedestrian,,,,"Two-Way , Not Divided",Wet,Dark - Lighted,Rain,1,Not a Collision Between Two Motor Vehicles in Transport,"Yes, M/V and Driver Left Scene",Pavement Markings,9,1,Incapacitating
200422,11/1/13,12:24 PM,2013-00104464,MATHEWSON ST,MATHEWSON ST ,MATHEWSON ST / MATHEWSON ST ,George SanAntonio,604,01-Nov-13,Vehicle - Pedestrian,,,,One-Way Trafficway,Wet,Daylight,Rain,1,Not a Collision Between Two Motor Vehicles in Transport,No,No Controls,3,1,Complains Of Pain
200634,11/3/13,2:54 AM,2013-00105178,PUTNAM ST,HALE ST ,PUTNAM ST / HALE ST ,Peter Colt,178,03-Nov-13,Vehicle - Pedestrian,,,,One-Way Trafficway,Dry,Dark - Lighted,Clear,1,Not a Collision Between Two Motor Vehicles in Transport,"Yes, M/V and Driver Left Scene",No Controls,1,1,Incapacitating
200699,11/3/13,5:29 PM,2013-00105334,Paul street,Charles Street,Paul street / Charles Street,Jeremy Doucette,482,03-Nov-13,Vehicle - Pedestrian,,,,"Two-Way , Not Divided",Dry,Dark - Not Lighted,Clear,2,Angle (Front - to - Side) Same Direction,"Yes, M/V and Driver Left Scene",No Controls,2,0,Unknown
201139,11/5/13,5:25 PM,2013-00105915,THAYER ST,ANGELL ST ,THAYER ST / ANGELL ST ,MICHAEL R. TROIA / TRAFFIC BUREAU,331,05-Nov-13,Vehicle - Pedestrian,,,,One-Way Trafficway,Dry,Dark - Lighted,Clear,1,Not a Collision Between Two Motor Vehicles in Transport,No,Traffic Control Signal,4,1,Complains Of Pain
201209,11/5/13,6:03 PM,2013-00105928,PARKING LOT,SILVER SPRING ST,PARKING LOT / SILVER SPRING ST,Michael Pattie,316,05-Nov-13,Vehicle - Pedestrian,,,,"Two-Way , Not Divided",Dry,Dark - Lighted,Clear,1,Other,No,No Controls,3,2,Complains Of Pain
201271,11/6/13,2:00 PM,2013-00106153,HOPE STREET,CYPRESS STREET,HOPE STREET / CYPRESS STREET,Joseph Madeira,552,06-Nov-13,Vehicle - Pedestrian,,,,"Two-Way , Not Divided",Dry,Daylight,Clear,1,Other,No,No Controls,7,1,Non-Incapacitating
201324,11/6/13,7:08 PM,2013-00106276,PARKING LOT,SILVER SPRING ST,PARKING LOT / SILVER SPRING ST,Michael Pattie,316,06-Nov-13,Vehicle - Pedestrian,,,,"Two-Way , Not Divided",Dry,Dark - Lighted,Clear,2,"Sidwswipe, Opposite Direction",No,No Controls,3,1,Complains Of Pain
201500,11/7/13,5:48 PM,2013-00106580,broad st ,CAHIR ST ,broad st  / CAHIR ST ,Ptlm. Chin,516,07-Nov-13,Vehicle - Pedestrian,,,,"Two-Way , Not Divided",Wet,Dark - Lighted,Rain,1,Not a Collision Between Two Motor Vehicles in Transport,No,Traffic Control Signal,4,1,Complains Of Pain
201575,11/7/13,11:29 PM,2013-00106681,COMSTOCK AVE,Broad St,COMSTOCK AVE / Broad St,Michael Sullivan,347,08-Nov-13,Vehicle - Pedestrian,,,,"Two-Way , Not Divided",Dry,Dark - Lighted,Clear,1,Not a Collision Between Two Motor Vehicles in Transport,No,No Controls,2,1,Complains Of Pain
201659,11/8/13,9:52 AM,2013-00106769,WASHINGTON ST,EMPIRE ST ,WASHINGTON ST / EMPIRE ST ,George SanAntonio,604,08-Nov-13,Vehicle - Pedestrian,,,,"Two-Way , Not Divided",Dry,Daylight,Clear,1,Not a Collision Between Two Motor Vehicles in Transport,No,Traffic Control Signal,4,0,No Injury
201807,11/9/13,2:10 AM,2013-00107063,INDIA ST,BRIDGE ST ,INDIA ST / BRIDGE ST ,Jozsef Rimoczy,274,09-Nov-13,Vehicle - Pedestrian,,,,One-Way Trafficway,Dry,Dark - Lighted,Clear,1,Not a Collision Between Two Motor Vehicles in Transport,"Yes, M/V and Driver Left Scene",No Controls,2,1,Complains Of Pain
201907,11/9/13,10:00 AM,2013-00107141,Sutton Street ,Federal Street ,Sutton Street  / Federal Street ,Michael Caraccia,624,10-Nov-13,Vehicle - Pedestrian,,,,One-Way Trafficway,Dry,Dark - Lighted,Clear,2,Unknown,"Yes, M/V and Driver Left Scene",No Controls,2,0,Unknown
202021,11/11/13,1:04 PM,2013-00107802,315 BROAD STREET,,315 BROAD STREET / ,Joseph Madeira,552,11-Nov-13,Vehicle - Pedestrian,,,,"Two-Way, Divided, Positive Median Barrier",Dry,Daylight,Clear,1,Other,No,No Controls,3,1,Complains Of Pain
202063,11/11/13,11:45 PM,2013-00107964,FRANCIS ST,SMITH ST ,FRANCIS ST / SMITH ST ,Paul Principale,322,12-Nov-13,Vehicle - Pedestrian,,,,"Two-Way , Not Divided",Wet,Dark - Lighted,Rain,1,Angle (Front - to - Side) Right Angle (Includes Broadside),No,Traffic Control Signal,2,1,Incapacitating
202196,11/12/13,5:27 PM,2013-00108185,WASHINGTON ST,EMPIRE ST ,WASHINGTON ST / EMPIRE ST ,Robert Kells,463,12-Nov-13,Vehicle - Pedestrian,,,,"Two-Way , Not Divided",Dry,Dark - Lighted,Clear,1,Other,No,Traffic Control Signal,3,1,Complains Of Pain
202229,11/12/13,11:43 PM,2013-00108246,BENEFIT ST,MEETING ST ,BENEFIT ST / MEETING ST ,Michael Maycock,281,13-Nov-13,Vehicle - Pedestrian,,,,"Two-Way , Not Divided",Dry,Dark - Lighted,Cloudy,2,Unknown,"Yes, M/V and Driver Left Scene",No Controls,2,0,Unknown
202380,11/13/13,5:00 PM,2013-00108485,BROAD STREET,BROAD ST ,BROAD STREET / BROAD ST ,Jared Stanzione,193,13-Nov-13,Vehicle - Pedestrian,,,,"Two-Way , Not Divided",Dry,Dark - Lighted,Clear,1,Not a Collision Between Two Motor Vehicles in Transport,No,No Controls,6,0,No Injury
202430,11/13/13,6:24 PM,2013-00108518,1516 WESTMINSTER ST,,1516 WESTMINSTER ST / ,MICHAEL R. TROIA / TRAFFIC BUREAU,331,13-Nov-13,Vehicle - Pedestrian,,,,"Two-Way , Not Divided",Dry,Dark - Lighted,Clear,1,Not a Collision Between Two Motor Vehicles in Transport,No,No Controls,2,1,Complains Of Pain
202628,11/14/13,6:59 PM,2013-00108841,Power St,HOPE ST ,Power St / HOPE ST ,Ptlm. Chin,516,14-Nov-13,Vehicle - Pedestrian,,,,"Two-Way , Not Divided",Dry,Dark - Lighted,Clear,1,Not a Collision Between Two Motor Vehicles in Transport,No,Stop Signs,4,1,Complains Of Pain
202802,11/15/13,12:09 PM,2013-00109064,413 FRIENDSHIP ST,SOMERSET ST ,413 FRIENDSHIP ST / SOMERSET ST ,Trent Hastings,326,16-Nov-13,Vehicle - Pedestrian,X,,,One-Way Trafficway,Dry,Daylight,Clear,1,Not a Collision Between Two Motor Vehicles in Transport,"Yes, M/V and Driver Left Scene",No Controls,1,1,Complains Of Pain
202815,11/15/13,9:45 PM,2013-00109259,EXCHANGE TER,FRANCIS ST ,EXCHANGE TER / FRANCIS ST ,Anthony Doucette,475,16-Nov-13,Vehicle - Pedestrian,,,,"Two-Way , Not Divided",Dry,Dark - Unknown Lighting,Clear,1,Unknown,No,Traffic Control Signal,5,1,Complains Of Pain
202871,11/16/13,10:10 PM,2013-00109668,EATON ST,HUXLEY AVE ,EATON ST / HUXLEY AVE ,Vincent Pazzetta,641,16-Nov-13,Vehicle - Pedestrian,,,,"Two-Way , Not Divided",Dry,Dark - Lighted,Clear,1,Not a Collision Between Two Motor Vehicles in Transport,No,No Controls,3,1,Non-Incapacitating
202954,11/16/13,3:09 PM,2013-00109531,100 Spruce Street,CROUT ST ,100 Spruce Street / CROUT ST ,Michele Rudolph,512,16-Nov-13,Vehicle - Pedestrian,,,,One-Way Trafficway,Dry,Daylight,Clear,2,"Sidwswipe, Opposite Direction","Yes, M/V and Driver Left Scene",No Controls,4,0,Unknown
202981,11/17/13,8:21 PM,2013-00109947,BRANCH AVE,HAWKINS ST ,BRANCH AVE / HAWKINS ST ,Michael Pattie,316,17-Nov-13,Vehicle - Pedestrian,X,,,"Two-Way, Divided, Unprotected (painted>4feet) Medium",Wet,Dark - Lighted,Rain,1,Other,No,No Controls,2,1,Incapacitating
203073,11/17/13,11:47 AM,2013-00109851,74 MURRAY ST,ETHAN ST ,74 MURRAY ST / ETHAN ST ,Trent Hastings,326,18-Nov-13,Vehicle - Pedestrian,,,,"Two-Way , Not Divided",Dry,Daylight,Clear,1,Not a Collision Between Two Motor Vehicles in Transport,No,No Controls,2,1,Complains Of Pain
203405,11/20/13,9:07 AM,2013-00110689,BORDEN ST, EDDY ST,BORDEN ST /  EDDY ST,Richard Mills,424,20-Nov-13,Vehicle - Pedestrian,,,,One-Way Trafficway,Dry,Daylight,Clear,1,Not a Collision Between Two Motor Vehicles in Transport,No,Traffic Control Signal,2,1,Complains Of Pain
203526,11/21/13,1:08 PM,2013-00111017,PEKIN ST,ALMA ST ,PEKIN ST / ALMA ST ,Edwin Kemble,364,21-Nov-13,Vehicle - Pedestrian,,,,"Two-Way , Not Divided",Dry,Daylight,Clear,2,Angle (Front - to - Side) Right Angle (Includes Broadside),"Yes, M/V and Driver Left Scene",Stop Signs,4,0,No Injury
203712,11/22/13,2:07 PM,2013-00111370,Leah Street ,Roanoke Street ,Leah Street  / Roanoke Street ,Giuseppe Scarcello,485,22-Nov-13,Vehicle - Pedestrian,,,,"Two-Way , Not Divided",Wet,Daylight,Cloudy,1,Angle (Front - to - Side) Right Angle (Includes Broadside),No,No Controls,4,1,Complains Of Pain
204825,11/23/13,4:59 PM,2013-00111794,WISDOM AVE,HURON ST ,WISDOM AVE / HURON ST ,Stephen Frechette,362,02-Dec-13,Vehicle - Pedestrian,,,,"Two-Way , Not Divided",Dry,Daylight,Clear,2,Rear - to - Side,"Yes, M/V and Driver Left Scene",No Controls,2,0,Unknown
203865,11/24/13,8:28 AM,2013-00112028,673 SMITH ST,,673 SMITH ST / ,MICHAEL R. TROIA / TRAFFIC BUREAU,331,24-Nov-13,Vehicle - Pedestrian,,,,Unknown,Dry,Daylight,Clear,2,"Sideswipe, Same Direction",No,No Controls,3,1,Complains Of Pain
204273,11/27/13,4:20 PM,2013-00112952,FONES ALY,BROOK ST ,FONES ALY / BROOK ST ,Ptlm. Chin,516,27-Nov-13,Vehicle - Pedestrian,,,,"Two-Way , Not Divided",Wet,Dark - Lighted,Cloudy,1,Not a Collision Between Two Motor Vehicles in Transport,No,Pavement Markings,2,1,Complains Of Pain
204338,11/27/13,6:44 PM,2013-00113005,387 Broadway,COURTLAND ST ,387 Broadway / COURTLAND ST ,Ptlm. Chin,516,27-Nov-13,Vehicle - Pedestrian,,,,"Two-Way , Not Divided",Wet,Dark - Lighted,Rain,1,Not a Collision Between Two Motor Vehicles in Transport,No,Pavement Markings,4,1,Complains Of Pain
204362,11/27/13,5:48 PM,2013-00112982,MANTON AVE,FLORENCE ST ,MANTON AVE / FLORENCE ST ,Taylor Britto,202,27-Nov-13,Vehicle - Pedestrian,,,,"Two-Way , Not Divided",Wet,Dark - Lighted,Rain,1,Head-On (Front - to - Front),No,No Controls,4,1,Complains Of Pain
204683,12/1/13,4:55 PM,2013-00114109,EMPIRE ST ,WEYBOSSET ST,EMPIRE ST  / WEYBOSSET ST,MICHAEL R. TROIA / TRAFFIC BUREAU,331,01-Dec-13,Vehicle - Pedestrian,,,,"Two-Way , Not Divided",Wet,Dark - Lighted,Rain,1,Not a Collision Between Two Motor Vehicles in Transport,No,Traffic Control Signal,2,1,Complains Of Pain
205574,12/5/13,11:00 AM,2013-00115642,GENERAL ST,PHEBE ST ,GENERAL ST / PHEBE ST ,Edwin Kemble,364,06-Dec-13,Vehicle - Pedestrian,,,,"Two-Way , Not Divided",Dry,Daylight,Clear,2,"Sideswipe, Same Direction","Yes, M/V and Driver Left Scene",No Controls,2,0,Unknown
206634,12/6/13,4:43 PM,2013-00115698,Elmwood Ave,ELMWOOD AVE ,Elmwood Ave / ELMWOOD AVE ,Kevin Costa,431,06-Dec-13,Vehicle - Pedestrian,,,,"Two-Way , Not Divided",Wet,Dark - Lighted,Rain,1,Other,No,No Controls,6,0,No Injury
206219,12/6/13,5:01 PM,2013-00115709,RICHMOND ST,PINE ST ,RICHMOND ST / PINE ST ,Donald Brien,630,06-Dec-13,Vehicle - Pedestrian,,,,One-Way Trafficway,Wet,Dark - Lighted,Rain,1,Other,"Yes, M/V and Driver Left Scene",Stop Signs,2,0,No Injury
205541,12/6/13,11:43 AM,2013-00115594,BROAD ST,BROAD ST ,BROAD ST / BROAD ST ,Luis Fernandez,531,06-Dec-13,Vehicle - Pedestrian,,,,"Two-Way, Not Divided With a Continuous Left Turn Lane",Dry,Daylight,Cloudy,1,Not a Collision Between Two Motor Vehicles in Transport,No,No Controls,4,1,Complains Of Pain
205727,12/6/13,3:11 PM,2013-00115672,251 SMITH STREET,,251 SMITH STREET / ,Joseph Madeira,552,06-Dec-13,Vehicle - Pedestrian,,,,"Two-Way , Not Divided",Wet,Daylight,Rain,1,Other,No,No Controls,3,1,Complains Of Pain
205728,12/6/13,4:28 PM,2013-00115692,BROWN STREET,BENEVOLENT STREET,BROWN STREET / BENEVOLENT STREET,Joseph Madeira,552,06-Dec-13,Vehicle - Pedestrian,,,,"Two-Way , Not Divided",Wet,Dark - Lighted,Rain,1,Head-On (Front - to - Front),No,Stop Signs,5,1,Complains Of Pain
206064,12/7/13,7:48 PM,2013-00116109,MANTON AVE,PELHAM ST ,MANTON AVE / PELHAM ST ,Taylor Britto,202,09-Dec-13,Vehicle - Pedestrian,,,,"Two-Way , Not Divided",Dry,Dark - Lighted,Clear,1,Head-On (Front - to - Front),No,No Controls,2,0,No Injury
206385,12/9/13,10:58 PM,2013-00116735,Valley St,Felix St,Valley St / Felix St,Michael Clary,269,10-Dec-13,Vehicle - Pedestrian,X,,,"Two-Way , Not Divided",Wet,Dark - Lighted,Cloudy,1,Not a Collision Between Two Motor Vehicles in Transport,"Yes, M/V and Driver Left Scene",No Controls,2,1,Complains Of Pain
206198,12/9/13,6:37 PM,2013-00116675,MEETING ST,PROSPECT ST ,MEETING ST / PROSPECT ST ,Fausto Garcia,109,09-Dec-13,Vehicle - Pedestrian,,,,"Two-Way , Not Divided",Wet,Dark - Lighted,"Sleet, Hail (Freezing Rain or Drizzle)",1,Not a Collision Between Two Motor Vehicles in Transport,No,No Controls,2,1,Non-Incapacitating
207948,12/10/13,1:56 PM,2013-00116871,N MAIN ST,N MAIN ST ,N MAIN ST / N MAIN ST ,Edwin Kemble,364,10-Dec-13,Vehicle - Pedestrian,,,,Unknown,Wet,Daylight,Snow,2,"Sidwswipe, Opposite Direction","Yes, M/V and Driver Left Scene",No Controls,2,0,Unknown
206345,12/10/13,5:31 PM,2013-00116939,Broadway,SUTTON ST ,Broadway / SUTTON ST ,Ptlm. Chin,516,10-Dec-13,Vehicle - Pedestrian,X,,,"Two-Way , Not Divided",Wet,Dark - Lighted,Snow,1,Not a Collision Between Two Motor Vehicles in Transport,No,No Controls,6,1,Complains Of Pain
206926,12/11/13,10:45 AM,2013-00117121,WASHINGTON ST,DORRANCE ST ,WASHINGTON ST / DORRANCE ST ,George SanAntonio,604,11-Dec-13,Vehicle - Pedestrian,,,,"Two-Way , Not Divided",Dry,Daylight,Clear,1,Not a Collision Between Two Motor Vehicles in Transport,No,Traffic Control Signal,4,0,No Injury
206589,12/12/13,10:32 AM,2013-00177439,MEMORIAL BLVD,COLLEGE STREET,MEMORIAL BLVD / COLLEGE STREET,Joseph Madeira,552,12-Dec-13,Vehicle - Pedestrian,,,,"Two-Way , Not Divided",Dry,Daylight,Clear,1,Other,No,No Controls,2,0,No Injury
206651,12/12/13,5:50 PM,2013-00117564,GROVE ST ,KNIGHT ST ,GROVE ST  / KNIGHT ST ,Miguel Mena-Torres,493,12-Dec-13,Vehicle - Pedestrian,,,,"Two-Way , Not Divided",Dry,Dark - Lighted,Clear,2,Angle (Front - to - Side) Right Angle (Includes Broadside),"Yes, M/V and Driver Left Scene",Stop Signs,3,0,No Injury
206711,12/12/13,5:19 PM,2013-00117554,BUTLER AVE,ANGELL STREET,BUTLER AVE / ANGELL STREET,Ptlm R Caraccia,360,12-Dec-13,Vehicle - Pedestrian,,,,"Two-Way , Not Divided",Dry,Dark - Lighted,Clear,1,Not a Collision Between Two Motor Vehicles in Transport,No,Pavement Markings,5,1,Non-Incapacitating
206734,12/13/13,12:16 PM,2013-00117753,KNIGHT ST,BROADWAY ,KNIGHT ST / BROADWAY ,Jesse Ferrell,428,13-Dec-13,Vehicle - Pedestrian,,,,"Two-Way , Not Divided",Dry,Daylight,Clear,1,Not a Collision Between Two Motor Vehicles in Transport,No,No Controls,5,1,Complains Of Pain
207463,12/13/13,12:17 PM,2013-00117754,SILVER SPRING ST,COMMODORE ST ,SILVER SPRING ST / COMMODORE ST ,Vincent Sollitto,058,18-Dec-13,Vehicle - Pedestrian,,,,"Two-Way , Not Divided",Dry,Daylight,Clear,1,Other,"Yes, M/V and Driver Left Scene",No Controls,1,1,Complains Of Pain
207080,12/15/13,8:21 PM,2013-00118464,Route 6 East Plainfield St ,US HWY 6 ,Route 6 East Plainfield St  / US HWY 6 ,Michael Clary,269,16-Dec-13,Vehicle - Pedestrian,,,,One-Way Trafficway,Ice/Frost,Dark - Not Lighted,Clear,3,Rear End(Front-to-Rear),No,No Controls,4,1,Complains Of Pain
207121,12/16/13,8:09 AM,2013-00118540,EDDY ST,SWAN ST ,EDDY ST / SWAN ST ,Edwin Kemble,364,16-Dec-13,Vehicle - Pedestrian,,,,Unknown,Ice/Frost,Daylight,Clear,2,Rear - to - Side,"Yes, M/V and Driver Left Scene",No Controls,2,0,Unknown
207353,12/17/13,8:26 PM,2013-00119045,270 BROAD ST,LOCKWOOD ST,270 BROAD ST / LOCKWOOD ST,Robert Heaton,539,18-Dec-13,Vehicle - Pedestrian,,,,Unknown,Snow,Dark - Lighted,Blowing Snow,1,Other,No,No Controls,5,1,Incapacitating
211862,12/17/13,9:57 AM,2013-00118869,BUCKLIN ST,POTTERS AVE ,BUCKLIN ST / POTTERS AVE ,Eugene Craven,517,16-Jan-14,Vehicle - Pedestrian,,,,"Two-Way, Not Divided With a Continuous Left Turn Lane",Dry,Daylight,Clear,1,Not a Collision Between Two Motor Vehicles in Transport,No,Traffic Control Signal,2,0,No Injury
207451,12/18/13,12:27 PM,2013-00119188,FRANCIS ST,GASPEE ST ,FRANCIS ST / GASPEE ST ,Brian Corcoran,562,18-Dec-13,Vehicle - Pedestrian,,,,"Two-Way , Not Divided",Wet,Daylight,Clear,1,Other,No,No Controls,2,0,No Injury
207703,12/19/13,5:32 PM,2013-00119582,WEYBOSSET ST,EDDY ST ,WEYBOSSET ST / EDDY ST ,Matthew Goddard,171,19-Dec-13,Vehicle - Pedestrian,,,,"Two-Way , Not Divided",Slush,Dark - Lighted,Clear,1,Not a Collision Between Two Motor Vehicles in Transport,No,No Controls,5,1,Complains Of Pain
210124,12/19/13,7:42 PM,2013-00119619,VIRGINIA AVE,WASHINGTON AVE ,VIRGINIA AVE / WASHINGTON AVE ,Miguel Castillo,489,19-Dec-13,Vehicle - Pedestrian,,,,"Two-Way , Not Divided",Dry,Unknown,Clear,2,Unknown,"Yes, M/V and Driver Left Scene",Stop Signs,2,0,Unknown
207735,12/20/13,2:07 PM,2013-00119515,GEORGE ST,THAYER ST ,GEORGE ST / THAYER ST ,John Almeida,386,20-Dec-13,Vehicle - Pedestrian,,,,"Two-Way , Not Divided",Wet,Daylight,Clear,1,Not a Collision Between Two Motor Vehicles in Transport,No,Stop Signs,2,0,No Injury
207816,12/20/13,9:04 PM,2013-00120013,SMITHFIELD AVE,SILVER SPRING ST ,SMITHFIELD AVE / SILVER SPRING ST ,Ibrahim Yousif,196,20-Dec-13,Vehicle - Pedestrian,,,,"Two-Way, Divided, Unprotected (painted>4feet) Medium",Wet,Dark - Lighted,Clear,3,Other,"Yes, M/V and Driver Left Scene",Traffic Control Signal,7,2,Complains Of Pain
208059,12/23/13,6:12 PM,2013-00120960,MEMORIAL BLVD,FRANCIS STREET,MEMORIAL BLVD / FRANCIS STREET,Matthew Goddard,171,23-Dec-13,Vehicle - Pedestrian,,,,"Two-Way, Divided, Positive Median Barrier",Wet,Dark - Lighted,Rain,1,Not a Collision Between Two Motor Vehicles in Transport,No,Traffic Control Signal,2,0,No Injury
208103,12/23/13,8:10 PM,2013-00120987,Concord St,Frost St,Concord St / Frost St,Michael Clary,269,24-Dec-13,Vehicle - Pedestrian,,,,"Two-Way , Not Divided",Wet,Dark - Lighted,Rain,1,Not a Collision Between Two Motor Vehicles in Transport,No,Pavement Markings,2,1,Complains Of Pain
208187,12/23/13,5:11 PM,2013-00120941,EXCHANGE ST,EXCHANGE TER ,EXCHANGE ST / EXCHANGE TER ,Robert Kells,463,24-Dec-13,Vehicle - Pedestrian,,,,"Two-Way , Not Divided",Wet,Dark - Unknown Lighting,Rain,1,Other,No,Traffic Control Signal,2,1,Incapacitating
208202,12/25/13,12:17 AM,2013-00121323,ELMWOOD AVE,ELMWOOD AVE ,ELMWOOD AVE / ELMWOOD AVE ,Fernando Lopez,156,25-Dec-13,Vehicle - Pedestrian,,,,"Two-Way, Divided, Positive Median Barrier",Dry,Dark - Lighted,Clear,2,Rear End(Front-to-Rear),"Yes, M/V and Driver Left Scene",No Controls,4,0,No Injury
208341,12/26/13,8:07 PM,2013-00121702,1055 Westminster St,KNIGHT ST ,1055 Westminster St / KNIGHT ST ,Ptlm. Chin,516,26-Dec-13,Vehicle - Pedestrian,,,,"Two-Way , Not Divided",Ice/Frost,Dark - Lighted,Clear,1,Not a Collision Between Two Motor Vehicles in Transport,"Yes, M/V and Driver Left Scene",No Controls,5,2,Incapacitating
208453,12/27/13,7:07 PM,2013-00121961,N MAIN ST,CEMETERY ST ,N MAIN ST / CEMETERY ST ,Glen Morgan,558,27-Dec-13,Vehicle - Pedestrian,,,,One-Way Trafficway,Dry,Dark - Lighted,Clear,1,Other,No,Stop Signs,2,1,Complains Of Pain
210841,12/30/13,6:22 PM,2013-00012276,WINTHROP AVE,CANONCHET ST ,WINTHROP AVE / CANONCHET ST ,George Pereira,421,10-Jan-14,Vehicle - Pedestrian,,,,"Two-Way , Not Divided",Dry,Dark - Lighted,Clear,2,Angle (Front - to - Side) Opposite Direction,"Yes, M/V and Driver Left Scene",Stop Signs,3,0,No Injury
208942,12/30/13,10:30 PM,2013-00122817,Service Road 8 / EXIT (RT),ATWELLS AVE ,Service Road 8 / EXIT (RT) / ATWELLS AVE ,Robert Heaton,539,31-Dec-13,Vehicle - Pedestrian,X,,,One-Way Trafficway,Dry,Dark - Lighted,Clear,1,Angle (Front - to - Side) Right Angle (Includes Broadside),No,Traffic Control Signal,6,1,Incapacitating