CrashReportId,CrashDate,CrashTime,ReportNumber,StreetOrHighway,NearestIntersection,Location,Officer,Badge,ReportDate,TypeOfCollision,Bicycle,Scooter,Wheel Chair,TypeOfRoadway,RoadSurfaceCondition,LightCondition,WeatherCondition,NumberofVehicles,MannerofImpact,HitAndRun,TrafficControl,PersonCount,InjuryCount,MostSeriousInjury
209529,1/2/14,4:55 PM,2014-00000484,377 Killingly St,HARTFORD AVE ,377 Killingly St / HARTFORD AVE ,L. Castro,201,02-Jan-14,Vehicle - Pedestrian,,,,"Two-Way , Not Divided",Snow,Daylight,Snow,2,Angle (Front - to - Side) Right Angle (Includes Broadside),"Yes, M/V and Driver Left Scene",No Controls,3,1,Complains Of Pain
210650,1/2/14,5:20 PM,2014-00000491,BUFFALO CT,ANTHONY AVE ,BUFFALO CT / ANTHONY AVE ,Luis Pelaez,336,09-Jan-14,Vehicle - Pedestrian,,,,"Two-Way , Not Divided",Snow,Dark - Lighted,Clear,2,Rear - to - Side,No,No Controls,3,0,No Injury
209638,1/3/14,4:13 PM,2014-00000773,Atwells Avenue,EUTAW ST ,Atwells Avenue / EUTAW ST ,Michele Rudolph,512,03-Jan-14,Vehicle - Pedestrian,,,,"Two-Way, Divided, Unprotected (painted>4feet) Medium",Snow,Dark - Lighted,Blowing Snow,2,Angle (Front - to - Side) Right Angle (Includes Broadside),No,No Controls,4,0,No Injury
209662,1/3/14,3:21 PM,2014-00000745,216 Ohio Ave,VIRGINIA AVE ,216 Ohio Ave / VIRGINIA AVE ,Ptlm. Chin,516,03-Jan-14,Vehicle - Pedestrian,,,,"Two-Way , Not Divided",Snow,Daylight,Cloudy,3,Rear End(Front-to-Rear),"Yes, M/V and Driver Left Scene",No Controls,4,1,Complains Of Pain
210538,1/7/14,11:09 PM,2014-00001974,SNOW ST,CHAPEL ST ,SNOW ST / CHAPEL ST ,Alberto DaCruz,205,08-Jan-14,Vehicle - Pedestrian,,,,"Two-Way , Not Divided",Dry,Dark - Lighted,Clear,1,Not a Collision Between Two Motor Vehicles in Transport,No,No Controls,4,0,No Injury
210519,1/8/14,5:23 PM,2014-00002167,HOPE ST,GEORGE ST ,HOPE ST / GEORGE ST ,Fausto Garcia,109,08-Jan-14,Vehicle - Pedestrian,,,,"Two-Way , Not Divided",Dry,Dark - Lighted,Clear,1,Not a Collision Between Two Motor Vehicles in Transport,No,Stop Signs,2,1,Complains Of Pain
210570,1/9/14,10:26 AM,2014-00002325,MOUNT PLEASANT AVE,CHALKSTONE AVE ,MOUNT PLEASANT AVE / CHALKSTONE AVE ,Wayne Mann,563,09-Jan-14,Vehicle - Pedestrian,,,,"Two-Way , Not Divided",Dry,Daylight,Clear,1,Other,"Yes, M/V and Driver Left Scene",Traffic Control Signal,5,1,Complains Of Pain
210612,1/9/14,10:55 AM,2014-00002338,60 BRANCH AVE,DRYDEN LN ,60 BRANCH AVE / DRYDEN LN ,Trent Hastings,326,09-Jan-14,Vehicle - Pedestrian,,,,"Two-Way , Not Divided",Dry,Daylight,Clear,1,Not a Collision Between Two Motor Vehicles in Transport,No,No Controls,2,1,Complains Of Pain
210615,1/9/14,12:13 PM,2014-00002357,601 N MAIN ST,N MAIN ST ,601 N MAIN ST / N MAIN ST ,Trent Hastings,326,09-Jan-14,Vehicle - Pedestrian,,,,"Two-Way , Not Divided",Dry,Daylight,Clear,1,Not a Collision Between Two Motor Vehicles in Transport,No,No Controls,2,0,No Injury
210866,1/10/14,6:50 PM,2014-000002760,ACADEMY AVE,ACADEMY AVE,ACADEMY AVE / ACADEMY AVE,George Pereira,421,10-Jan-14,Vehicle - Pedestrian,,,,"Two-Way , Not Divided",Wet,Dark - Lighted,Rain,2,"Sideswipe, Same Direction","Yes, M/V and Driver Left Scene",No Controls,2,0,Unknown
211112,1/11/14,10:05 AM,2014-00002946,CHARLES ST,BRANCH AVE ,CHARLES ST / BRANCH AVE ,Peter Conley,571,11-Jan-14,Vehicle - Pedestrian,X,,,"Two-Way , Not Divided",Wet,Daylight,Clear,1,Angle - Direction Not Specified,No,Traffic Control Signal,4,0,No Injury
211122,1/11/14,6:23 PM,2014-00003084,BROAD ST,CONGRESS AVE ,BROAD ST / CONGRESS AVE ,Trent Hastings,326,11-Jan-14,Vehicle - Pedestrian,,,,"Two-Way , Not Divided",Wet,Dark - Lighted,Rain,1,Not a Collision Between Two Motor Vehicles in Transport,No,No Controls,2,1,Complains Of Pain
211457,1/12/14,7:00 PM,2014-00003682, 9 PARKIS AVE,BROAD ST , 9 PARKIS AVE / BROAD ST ,Richard Piccirillo,302,13-Jan-14,Vehicle - Pedestrian,,,,Unknown,Unknown,Dark - Lighted,Clear,2,Unknown,"Yes, M/V and Driver Left Scene",No Controls,2,0,Unknown
211425,1/13/14,8:30 AM,2014-00003505,DORRANCE STREET,WESTMINISTER STREET,DORRANCE STREET / WESTMINISTER STREET,Joseph Madeira,552,13-Jan-14,Vehicle - Pedestrian,,,,"Two-Way , Not Divided",Dry,Daylight,Clear,1,Other,"Yes, M/V and Driver Left Scene",Traffic Control Signal,1,1,Complains Of Pain
211568,1/14/14,5:11 PM,2014-00003984,Memorial blvd,COLLEGE ST ,Memorial blvd / COLLEGE ST ,Ptlm. Chin,516,14-Jan-14,Vehicle - Pedestrian,,,,"Two-Way , Not Divided",Wet,Dark - Lighted,Rain,1,Not a Collision Between Two Motor Vehicles in Transport,No,Traffic Control Signal,2,1,Complains Of Pain
211569,1/14/14,5:28 PM,2014-00003992,THAYER ST,HOPE ST ,THAYER ST / HOPE ST ,Ptlm. Chin,516,14-Jan-14,Vehicle - Pedestrian,,,,"Two-Way , Not Divided",Wet,Dark - Lighted,Rain,2,Angle (Front - to - Side) Right Angle (Includes Broadside),No,Stop Signs,5,0,No Injury
211584,1/14/14,7:03 PM,2014-00004012,CRANSTON ST ,BRIDGHAM ST ,CRANSTON ST  / BRIDGHAM ST ,Miguel Mena-Torres,493,14-Jan-14,Vehicle - Pedestrian,,,,"Two-Way , Not Divided",Wet,Dark - Lighted,Rain,1,Not a Collision Between Two Motor Vehicles in Transport,No,Traffic Control Signal,3,1,Complains Of Pain
211755,1/15/14,1:32 PM,2014-00004224,North MAIN ST,Smith ST ,North MAIN ST / Smith ST ,William Hutchinson,391,15-Jan-14,Vehicle - Pedestrian,,,,"Two-Way , Not Divided",Dry,Daylight,Clear,1,Other,No,Traffic Control Signal,5,1,Complains Of Pain
211802,1/15/14,4:15 PM,2014-00004281,Hartford Ave,LAUREL HILL AVE ,Hartford Ave / LAUREL HILL AVE ,Ptlm. Chin,516,15-Jan-14,Vehicle - Pedestrian,,,,"Two-Way , Not Divided",Sand,Daylight,Clear,1,Not a Collision Between Two Motor Vehicles in Transport,"Yes, M/V and Driver Left Scene",No Controls,1,1,Complains Of Pain
211999,1/16/14,5:19 PM,2014-00004636,PLAINFIELD STREET,LOWELL AVE,PLAINFIELD STREET / LOWELL AVE,Ptlm. D. Hull,598,16-Jan-14,Vehicle - Pedestrian,,,,"Two-Way, Divided, Unprotected (painted>4feet) Medium",Dry,Dark - Lighted,Clear,1,"Sidwswipe, Opposite Direction",No,Pavement Markings,2,1,Complains Of Pain
212296,1/16/14,10:26 PM,2014-00004734,Atwells Ave,Cutler Ave,Atwells Ave / Cutler Ave,Michael Clary,269,17-Jan-14,Vehicle - Pedestrian,,,,"Two-Way , Not Divided",Dry,Dark - Lighted,Clear,1,Not a Collision Between Two Motor Vehicles in Transport,"Yes, M/V and Driver Left Scene",Stop Signs,1,1,Complains Of Pain
212303,1/17/14,10:20 PM,2014-00005101,86 Wyndham Avenue,MOORLAND AVE ,86 Wyndham Avenue / MOORLAND AVE ,Paul Principale,322,18-Jan-14,Vehicle - Pedestrian,,,,"Two-Way , Not Divided",Dry,Dark - Unknown Lighting,Clear,2,"Sidwswipe, Opposite Direction","Yes, M/V and Driver Left Scene",No Controls,2,0,Unknown
212386,1/18/14,9:18 AM,2014-00005228,WASHINGTON PLACE,CANAL STREET,WASHINGTON PLACE / CANAL STREET,Joseph Madeira,552,18-Jan-14,Vehicle - Pedestrian,,,,One-Way Trafficway,Wet,Daylight,Rain,1,Other,No,No Controls,2,1,Non-Incapacitating
212502,1/19/14,12:50 AM,2014-00005446,HAUXHURST ST,POCASSET AVE ,HAUXHURST ST / POCASSET AVE ,Robert Heaton,539,19-Jan-14,Vehicle - Pedestrian,,,,One-Way Trafficway,Wet,Dark - Lighted,Cloudy,2,Rear - to - Side,"Yes, M/V and Driver Left Scene",No Controls,3,0,Unknown
212812,1/21/14,8:50 AM,2014-00006016,PARK ROW E,CANAL ST ,PARK ROW E / CANAL ST ,Thomas Rose,465,21-Jan-14,Vehicle - Pedestrian,X,,,One-Way Trafficway,Dry,Daylight,Cloudy,1,"Sideswipe, Same Direction","Yes, M/V and Driver Left Scene",No Controls,1,1,Non-Incapacitating
212846,1/21/14,10:30 AM,2014-00006044,FRIENDSHIP ST,DORRANCE ST ,FRIENDSHIP ST / DORRANCE ST ,Trent Hastings,326,21-Jan-14,Vehicle - Pedestrian,,,,One-Way Trafficway,Dry,Daylight,Clear,1,Not a Collision Between Two Motor Vehicles in Transport,No,No Controls,2,1,Non-Incapacitating
213977,1/27/14,2:41 PM,2014-00007824,250 Benefit St,COLLEGE ST ,250 Benefit St / COLLEGE ST ,Ptlm. Chin,516,27-Jan-14,Vehicle - Pedestrian,,,,"Two-Way , Not Divided",Sand,Daylight,Cloudy,1,Not a Collision Between Two Motor Vehicles in Transport,No,No Controls,2,1,Complains Of Pain
215460,1/27/14,9:28 PM,2014-00007962,ATLANTIC AVE,NIAGARA ST ,ATLANTIC AVE / NIAGARA ST ,John Benros,481,30-Jan-14,Vehicle - Pedestrian,,,,"Two-Way , Not Divided",Snow,Dark - Lighted,Clear,2,Unknown,"Yes, M/V and Driver Left Scene",No Controls,2,0,Unknown
214498,1/29/14,6:21 PM,2014-00008507,FRANCIS ST,MEMORIAL BLVD ,FRANCIS ST / MEMORIAL BLVD ,MICHAEL R. TROIA / TRAFFIC BUREAU,331,29-Jan-14,Vehicle - Pedestrian,,,,"Two-Way, Divided, Positive Median Barrier",Dry,Dark - Lighted,Clear,1,Not a Collision Between Two Motor Vehicles in Transport,No,Traffic Control Signal,3,1,Complains Of Pain
214760,1/30/14,3:29 PM,2014-00008811,Broad St,PEARL ST ,Broad St / PEARL ST ,Ptlm. Chin,516,30-Jan-14,Vehicle - Pedestrian,,,,"Two-Way , Not Divided",Sand,Daylight,Clear,1,Not a Collision Between Two Motor Vehicles in Transport,No,Traffic Control Signal,3,1,Complains Of Pain
215167,2/1/14,6:26 AM,2014-00009412,162 JULIAN ST,AMHERST ST ,162 JULIAN ST / AMHERST ST ,Trent Hastings,326,01-Feb-14,Vehicle - Pedestrian,,,,"Two-Way , Not Divided",Dry,Dawn,Clear,1,Not a Collision Between Two Motor Vehicles in Transport,No,No Controls,3,1,Complains Of Pain
215743,2/4/14,10:51 AM,2014-00010534,THAYER ST,ANGELL ST ,THAYER ST / ANGELL ST ,Derrek Edmonds,550,04-Feb-14,Vehicle - Pedestrian,,,,One-Way Trafficway,Ice/Frost,Daylight,Clear,2,Rear End(Front-to-Rear),No,No Controls,3,0,No Injury
216159,2/4/14,9:30 PM,2014-00010733,165 PITMAN ST,BUTLER AVE ,165 PITMAN ST / BUTLER AVE ,Robert Heaton,539,05-Feb-14,Vehicle - Pedestrian,,,,Unknown,Dry,Dark - Lighted,Cloudy,2,Unknown,"Yes, M/V and Driver Left Scene",No Controls,3,0,Unknown
216275,2/6/14,5:07 PM,2014-00011229,900 CHALKSTONE AVE,HAROLD ST ,900 CHALKSTONE AVE / HAROLD ST ,George Pereira,421,06-Feb-14,Vehicle - Pedestrian,,,,"Two-Way , Not Divided",Wet,Dusk,Clear,2,Not a Collision Between Two Motor Vehicles in Transport,No,No Controls,6,1,Complains Of Pain
216462,2/7/14,5:15 PM,2014-00011611,BLACKSTONE ST,ALLENS AVE ,BLACKSTONE ST / ALLENS AVE ,Ptlm. Chin,516,07-Feb-14,Vehicle - Pedestrian,X,,,"Two-Way , Not Divided",Wet,Dark - Lighted,Clear,1,Not a Collision Between Two Motor Vehicles in Transport,No,No Controls,2,1,Complains Of Pain
217146,2/8/14,6:23 PM,2014-00011986,1222 BROAD STREET,CASS STREET,1222 BROAD STREET / CASS STREET,Jared Stanzione,193,09-Feb-14,Vehicle - Pedestrian,,,,"Two-Way , Not Divided",Dry,Dark - Lighted,Clear,1,Not a Collision Between Two Motor Vehicles in Transport,"Yes, M/V and Driver Left Scene",No Controls,2,0,Unknown
216626,2/8/14,3:59 PM,2014-00011932,ACADEMY AVENUE,BELOMNT STREET,ACADEMY AVENUE / BELOMNT STREET,Giuseppe Scarcello,485,08-Feb-14,Vehicle - Pedestrian,,,,"Two-Way , Not Divided",Dry,Daylight,Cloudy,1,Not a Collision Between Two Motor Vehicles in Transport,"Yes, M/V and Driver Left Scene",No Controls,1,1,Complains Of Pain
216900,2/8/14,11:59 PM,2014-00012072,Cahir St.,BROAD ST ,Cahir St. / BROAD ST ,John Martin,186,10-Feb-14,Vehicle - Pedestrian,,,,"Two-Way, Divided, Unprotected (painted>4feet) Medium",Dry,Dark - Lighted,Clear,2,Rear End(Front-to-Rear),"Yes, M/V and Driver Left Scene",No Controls,2,0,Unknown
217091,2/10/14,10:12 PM,2014-00012688,242 Meeting St,Thayer St ,242 Meeting St / Thayer St ,Robert Heaton,539,11-Feb-14,Vehicle - Pedestrian,,,,"Two-Way , Not Divided",Dry,Dark - Lighted,Clear,2,"Sideswipe, Same Direction","Yes, M/V and Driver Left Scene",No Controls,4,0,No Injury
217274,2/11/14,3:25 PM,2014-00012889,MARIETTA ST,CHARLES ST,MARIETTA ST / CHARLES ST,MICHAEL R. TROIA / TRAFFIC BUREAU,331,11-Feb-14,Vehicle - Pedestrian,,,,"Two-Way , Not Divided",Dry,Daylight,Clear,1,"Sidwswipe, Opposite Direction","Yes, M/V and Driver Left Scene",No Controls,3,1,Complains Of Pain
217573,2/12/14,1:45 PM,2014-00013134,601 NORTH MAIN STREET,,601 NORTH MAIN STREET / ,Joseph Madeira,552,12-Feb-14,Vehicle - Pedestrian,,,,"Two-Way , Not Divided",Dry,Daylight,Clear,1,Unknown,"Yes, M/V and Driver Left Scene",No Controls,1,0,No Injury
217608,2/12/14,10:00 PM,2014-00013320,734 Charles St,Jasper St,734 Charles St / Jasper St,Robert Heaton,539,13-Feb-14,Vehicle - Pedestrian,,,,"Two-Way , Not Divided",Dry,Dark - Lighted,Clear,2,"Sideswipe, Same Direction","Yes, M/V and Driver Left Scene",No Controls,3,0,Unknown
217767,2/14/14,6:50 AM,2014-00013664,Prospect St.,COLLEGE ST ,Prospect St. / COLLEGE ST ,Frank Moody,328,14-Feb-14,Vehicle - Pedestrian,,,,"Two-Way , Not Divided",Ice/Frost,Dawn,"Sleet, Hail (Freezing Rain or Drizzle)",1,Other,"Yes, M/V and Driver Left Scene",Stop Signs,1,1,Complains Of Pain
219636,2/20/14,9:22 AM,2014-00015697,HUNTINGTON AVE,CRANSTON ST ,HUNTINGTON AVE / CRANSTON ST ,William Hayes,538,26-Feb-14,Vehicle - Pedestrian,,,,One-Way Trafficway,Snow,Daylight,Cloudy,3,Rear End(Front-to-Rear),"Yes, M/V and Driver Left Scene",Traffic Control Signal,3,0,No Injury
219587,2/21/14,5:16 PM,2014-00016170,Broad St,Saratoga St,Broad St / Saratoga St,Michael Clary,269,26-Feb-14,Vehicle - Pedestrian,,,,"Two-Way , Not Divided",Wet,Dusk,Rain,1,Not a Collision Between Two Motor Vehicles in Transport,No,No Controls,3,1,Complains Of Pain
219089,2/21/14,7:11 PM,2014-00016216,450 CRANSTON ST ,SUPERIOR ST ,450 CRANSTON ST  / SUPERIOR ST ,Miguel Mena-Torres,493,21-Feb-14,Vehicle - Pedestrian,,,,"Two-Way , Not Divided",Wet,Dark - Lighted,Rain,1,Not a Collision Between Two Motor Vehicles in Transport,No,No Controls,2,1,Incapacitating
219110,2/21/14,2:45 PM,2014-00016106,PARADE ST,HOLLYWOOD RD ,PARADE ST / HOLLYWOOD RD ,MICHAEL R. TROIA / TRAFFIC BUREAU,331,21-Feb-14,Vehicle - Pedestrian,X,,,"Two-Way , Not Divided",Wet,Daylight,Rain,1,Not a Collision Between Two Motor Vehicles in Transport,No,Stop Signs,3,1,Complains Of Pain
219317,2/24/14,1:22 AM,2014-00017018,ATWELLS AVE,DEAN ST ,ATWELLS AVE / DEAN ST ,David Perez,181,24-Feb-14,Vehicle - Pedestrian,,,,"Two-Way , Not Divided",Dry,Dark - Lighted,Clear,1,Not a Collision Between Two Motor Vehicles in Transport,"Yes, M/V and Driver Left Scene",Traffic Control Signal,2,1,Incapacitating
219699,2/26/14,2:26 PM,2014-00017872,601 North Main St,N MAIN ST ,601 North Main St / N MAIN ST ,Ptlm. Chin,516,26-Feb-14,Vehicle - Pedestrian,,,,"Two-Way , Not Divided",Sand,Daylight,Clear,1,Not a Collision Between Two Motor Vehicles in Transport,No,No Controls,3,1,Complains Of Pain
219701,2/26/14,2:49 PM,2014-00017815,Broad St,FRICKER ST ,Broad St / FRICKER ST ,Ptlm. Chin,516,26-Feb-14,Vehicle - Pedestrian,,,,"Two-Way , Not Divided",Sand,Daylight,Clear,1,Not a Collision Between Two Motor Vehicles in Transport,No,No Controls,5,1,Complains Of Pain
220118,2/28/14,11:40 PM,2014-00018644,DIKE ST,AGNES ST ,DIKE ST / AGNES ST ,Alex Kanelopoulos,284,01-Mar-14,Vehicle - Pedestrian,,,,"Two-Way , Not Divided",Ice/Frost,Dark - Lighted,Clear,2,Unknown,"Yes, M/V and Driver Left Scene",No Controls,2,0,No Injury
220129,3/1/14,2:35 AM,2014-00018702,BABCOCK ST,CACTUS ST ,BABCOCK ST / CACTUS ST ,Jerome Lynch,582,01-Mar-14,Vehicle - Pedestrian,,,,"Two-Way , Not Divided",Dry,Dark - Lighted,Clear,2,"Sideswipe, Same Direction","Yes, M/V and Driver Left Scene",No Controls,2,0,Unknown
220501,3/3/14,1:07 PM,2014-00019399,BROAD ST,OXFORD ST ,BROAD ST / OXFORD ST ,MICHAEL R. TROIA / TRAFFIC BUREAU,331,03-Mar-14,Vehicle - Pedestrian,,,,"Two-Way , Not Divided",Dry,Daylight,Clear,1,Not a Collision Between Two Motor Vehicles in Transport,No,No Controls,5,1,Complains Of Pain
220941,3/6/14,2:35 PM,2014-00020347,UNION AVE,WHITEHALL ST ,UNION AVE / WHITEHALL ST ,D. Hull,598,06-Mar-14,Vehicle - Pedestrian,,,,"Two-Way, Divided, Unprotected (painted>4feet) Medium",Dry,Daylight,Clear,1,Angle (Front - to - Side) Right Angle (Includes Broadside),No,No Controls,4,1,Complains Of Pain
221357,3/9/14,4:42 PM,2014-00021415,18 Alto St,POCASSET AVE ,18 Alto St / POCASSET AVE ,Kevin Costa,431,09-Mar-14,Vehicle - Pedestrian,,,,"Two-Way , Not Divided",Dry,Daylight,Clear,2,Rear - to - Rear,No,No Controls,4,0,Unknown
232742,3/12/14,10:18 AM,2014-00022216,North Main Street ,North Main Street ,North Main Street  / North Main Street ,Michele Tella,668,20-May-14,Vehicle - Pedestrian,,,,"Two-Way , Not Divided",Dry,Daylight,Clear,2,"Sideswipe, Same Direction",No,No Controls,4,1,Complains Of Pain
222041,3/13/14,7:59 AM,2014-00022474,EDDY ST,NEW YORK AVE ,EDDY ST / NEW YORK AVE ,Trent Hastings,326,13-Mar-14,Vehicle - Pedestrian,,,,"Two-Way , Not Divided",Ice/Frost,Daylight,Snow,1,Not a Collision Between Two Motor Vehicles in Transport,"Yes, M/V and Driver Left Scene",No Controls,3,2,Complains Of Pain
222043,3/13/14,8:12 AM,2014-00022479,CHALKSTONE AVE,HILLCREST AVE ,CHALKSTONE AVE / HILLCREST AVE ,Trent Hastings,326,13-Mar-14,Vehicle - Pedestrian,,,,"Two-Way , Not Divided",Ice/Frost,Daylight,Snow,2,Angle - Direction Not Specified,No,No Controls,3,1,Complains Of Pain
222235,3/13/14,8:57 AM,2014-00022516,LEDGE ST,SILVER SPRING ST ,LEDGE ST / SILVER SPRING ST ,Francisco Furtado,635,13-Mar-14,Vehicle - Pedestrian,,,,"Two-Way , Not Divided",Snow,Daylight,Snow,1,Angle - Direction Not Specified,No,No Controls,2,1,Complains Of Pain
222876,3/19/14,8:07 AM,2014-00024416,BROAD STREET,MONTGOMERY AVENUE,BROAD STREET / MONTGOMERY AVENUE,Joseph Madeira,552,19-Mar-14,Vehicle - Pedestrian,,,,"Two-Way , Not Divided",Dry,Daylight,Clear,1,Other,No,Traffic Control Signal,2,1,Complains Of Pain
222940,3/19/14,5:39 PM,2014-00024588,NORTH MAIN STREET,CYPRESS ST ,NORTH MAIN STREET / CYPRESS ST ,Jared Stanzione,193,19-Mar-14,Vehicle - Pedestrian,,,,Unknown,Dry,Daylight,Clear,1,Unknown,Unknown,No Controls,2,0,Unknown
223479,3/21/14,9:43 PM,2014-00025334,TUXEDO AVE,ATWELLS AVE ,TUXEDO AVE / ATWELLS AVE ,Taylor Britto,202,22-Mar-14,Vehicle - Pedestrian,X,,,"Two-Way , Not Divided",Dry,Dark - Lighted,Clear,1,Angle (Front - to - Side) Right Angle (Includes Broadside),No,No Controls,1,1,Complains Of Pain
225550,3/29/14,7:21 PM,2014-00028007,944 DOUGLAS AVE,DOUGLAS AVE ,944 DOUGLAS AVE / DOUGLAS AVE ,Scott Logan,393,29-Mar-14,Vehicle - Pedestrian,,,,"Two-Way , Not Divided",Wet,Dark - Lighted,Rain,1,Not a Collision Between Two Motor Vehicles in Transport,No,No Controls,3,0,No Injury
224612,3/30/14,12:00 PM,2014-00028222,21 BOWDOIN ST,AUDREY ST ,21 BOWDOIN ST / AUDREY ST ,David Morgan,474,30-Mar-14,Vehicle - Pedestrian,,,,"Two-Way , Not Divided",Wet,Daylight,Rain,1,Head-On (Front - to - Front),"Yes, M/V and Driver Left Scene",No Controls,2,0,Unknown
224617,3/30/14,12:51 PM,2014-00028241,BROAD ST,HAWTHORNE AVE,BROAD ST / HAWTHORNE AVE,Brian Thornton,672,30-Mar-14,Vehicle - Pedestrian,,,,"Two-Way , Not Divided",Wet,Daylight,Rain,2,Rear End(Front-to-Rear),No,Traffic Control Signal,3,1,Complains Of Pain
224717,3/31/14,11:35 AM,2014-00028497,HARTFORD AVENUE,BODELL AVENUE,HARTFORD AVENUE / BODELL AVENUE,Joseph Madeira,552,31-Mar-14,Vehicle - Pedestrian,,,,"Two-Way , Not Divided",Wet,Daylight,Rain,1,Other,No,Traffic Control Signal,4,0,No Injury
224874,4/1/14,12:31 AM,2014-00028708,Mansfield St,DOUGLAS AVE ,Mansfield St / DOUGLAS AVE ,Robert Heaton,539,01-Apr-14,Vehicle - Pedestrian,,,,"Two-Way , Not Divided",Dry,Dark - Lighted,Clear,1,Other,"Yes, Driver Left Scene",No Controls,3,0,No Injury
224913,4/1/14,8:20 AM,2014-00028748,CANAL STREET,SMITH STREET,CANAL STREET / SMITH STREET,Joseph Madeira,552,01-Apr-14,Vehicle - Pedestrian,,,,"Two-Way , Not Divided",Dry,Daylight,Clear,1,Other,"Yes, M/V and Driver Left Scene",Traffic Control Signal,1,1,Non-Incapacitating
224931,4/1/14,9:31 AM,2014-00028761,100 BROAD STREET,,100 BROAD STREET / ,Joseph Madeira,552,01-Apr-14,Vehicle - Pedestrian,,,,"Two-Way , Not Divided",Dry,Daylight,Clear,1,Other,No,No Controls,3,1,Complains Of Pain
224933,4/1/14,12:37 PM,2014-00028822,FRANCIS STREET,MEMORIAL BLVD.,FRANCIS STREET / MEMORIAL BLVD.,Joseph Madeira,552,01-Apr-14,Vehicle - Pedestrian,,,,"Two-Way , Not Divided",Dry,Daylight,Clear,1,Other,No,Traffic Control Signal,5,1,Complains Of Pain
225118,4/2/14,3:13 PM,2014-00029175,LUBEC ST,SMITHFIELD RD ,LUBEC ST / SMITHFIELD RD ,Elizabeth Pedchenko,498,02-Apr-14,Vehicle - Pedestrian,,,,"Two-Way , Not Divided",Dry,Daylight,Clear,1,Head-On (Front - to - Front),No,No Controls,2,1,Complains Of Pain
225123,4/2/14,2:47 PM,2014-00029169,Allens Ave,ERNEST ST ,Allens Ave / ERNEST ST ,Ptlm. Chin,516,02-Apr-14,Vehicle - Pedestrian,,,,"Two-Way , Not Divided",Sand,Daylight,Clear,1,Not a Collision Between Two Motor Vehicles in Transport,No,Traffic Control Signal,3,1,Complains Of Pain
225231,4/3/14,3:25 PM,2014-00029504,Broad St,PEARL ST ,Broad St / PEARL ST ,Ptlm. Chin,516,03-Apr-14,Vehicle - Pedestrian,,,,"Two-Way , Not Divided",Dry,Daylight,Clear,1,Not a Collision Between Two Motor Vehicles in Transport,No,Traffic Control Signal,8,1,Complains Of Pain
225260,4/3/14,12:20 PM,2014-00029455,ATWELLS AVE,DE PASQUALE AVE ,ATWELLS AVE / DE PASQUALE AVE ,Trent Hastings,326,03-Apr-14,Vehicle - Pedestrian,,,,"Two-Way , Not Divided",Dry,Daylight,Clear,1,Not a Collision Between Two Motor Vehicles in Transport,No,No Controls,2,1,Complains Of Pain
225509,4/6/14,2:44 PM,2014-00030596,Power St,HOPE ST ,Power St / HOPE ST ,Robert Heaton,539,06-Apr-14,Vehicle - Pedestrian,X,,,"Two-Way , Not Divided",Dry,Daylight,Clear,1,Angle (Front - to - Side) Right Angle (Includes Broadside),No,Stop Signs,2,0,No Injury
225568,4/7/14,2:22 PM,2014-00030911,1206 Broad St,CASS ST ,1206 Broad St / CASS ST ,John Abatiello,692,07-Apr-14,Vehicle - Pedestrian,X,,,"Two-Way, Divided, Unprotected (painted>4feet) Medium",Dry,Daylight,Clear,1,Other,No,No Controls,2,1,Non-Incapacitating
226672,4/8/14,8:31 AM,2014-00031112,BROADWAY,BARTON ST ,BROADWAY / BARTON ST ,Jesse Ferrell,428,13-Apr-14,Vehicle - Pedestrian,,,,"Two-Way , Not Divided",Wet,Daylight,Rain,1,Not a Collision Between Two Motor Vehicles in Transport,No,Person,6,0,No Injury
226131,4/8/14,11:30 AM,2014-00031132,Memorial Blvd,EXCHANGE ST ,Memorial Blvd / EXCHANGE ST ,Gary Slater,365,10-Apr-14,Vehicle - Pedestrian,,,,"Two-Way , Not Divided",Dry,Daylight,Cloudy,1,Other,No,Traffic Control Signal,4,1,Complains Of Pain
225796,4/8/14,6:27 PM,2014-00031288,HARTFORD AVE,HARTFORD AVE ,HARTFORD AVE / HARTFORD AVE ,Jason Andrade,200,08-Apr-14,Vehicle - Pedestrian,,,,"Two-Way, Divided, Positive Median Barrier",Dry,Dawn,Clear,1,Head-On (Front - to - Front),No,No Controls,3,2,Complains Of Pain
225909,4/9/14,12:12 PM,2014-00031524,BRANCH AVE,LANGDON ST ,BRANCH AVE / LANGDON ST ,Raymond King,633,09-Apr-14,Vehicle - Pedestrian,,,,"Two-Way , Not Divided",Dry,Daylight,Clear,1,Not a Collision Between Two Motor Vehicles in Transport,No,No Controls,3,0,No Injury
226191,4/10/14,3:42 PM,2014-00031977,10 GORDON AVE,,10 GORDON AVE / ,MICHAEL R. TROIA / TRAFFIC BUREAU,331,10-Apr-14,Vehicle - Pedestrian,,,,"Two-Way , Not Divided",Dry,Daylight,Clear,1,Not a Collision Between Two Motor Vehicles in Transport,No,No Controls,3,1,Complains Of Pain
226095,4/10/14,9:04 AM,2014-00031848,ELMWOOD AVENUE,POTTERS AVENUE,ELMWOOD AVENUE / POTTERS AVENUE,Joseph Madeira,552,10-Apr-14,Vehicle - Pedestrian,,,,"Two-Way , Not Divided",Dry,Daylight,Clear,1,Other,No,Traffic Control Signal,3,0,No Injury
226714,4/13/14,1:17 AM,2014-00032991,CORINA ST,FERNANDO ST ,CORINA ST / FERNANDO ST ,Ptlm Ramos,285,13-Apr-14,Vehicle - Pedestrian,,,,"Two-Way , Not Divided",Dry,Dark - Lighted,Clear,1,Not a Collision Between Two Motor Vehicles in Transport,"Yes, M/V and Driver Left Scene",No Controls,2,1,Complains Of Pain