CrashReportId,CrashDate,CrashTime,ReportNumber,StreetOrHighway,NearestIntersection,Location,Officer,Badge,ReportDate,TypeOfCollision,Bicycle,Scooter,Wheel Chair,TypeOfRoadway,RoadSurfaceCondition,LightCondition,WeatherCondition,NumberofVehicles,MannerofImpact,HitAndRun,TrafficControl,PersonCount,InjuryCount,MostSeriousInjury
226818,4/13/14,6:34 PM,2014-00033242,Eddy Street,OHIO AVE ,Eddy Street / OHIO AVE ,Ptlm. Dalton,257,14-Apr-14,Vehicle - Pedestrian,,,,"Two-Way , Not Divided",Dry,Daylight,Clear,1,Not a Collision Between Two Motor Vehicles in Transport,No,No Controls,2,0,No Injury
226544,4/13/14,12:50 AM,2014-00032977,North Main Street ,ROYAL ST ,North Main Street  / ROYAL ST ,David Perez,181,13-Apr-14,Vehicle - Pedestrian,,,,"Two-Way , Not Divided",Dry,Dark - Lighted,Clear,3,"Sideswipe, Same Direction",No,No Controls,5,0,No Injury
226829,4/14/14,3:47 PM,2014-00033555,DUDLEY STREET,PLAIN ST ,DUDLEY STREET / PLAIN ST ,Jared Stanzione,193,14-Apr-14,Vehicle - Pedestrian,,,,"Two-Way , Not Divided",Dry,Daylight,Clear,1,Not a Collision Between Two Motor Vehicles in Transport,No,Stop Signs,4,1,Complains Of Pain
226896,4/15/14,7:29 AM,2014-00033755,SORRENTO ST,WALDO ST ,SORRENTO ST / WALDO ST ,Jesse Ferrell,428,15-Apr-14,Vehicle - Pedestrian,,,,"Two-Way , Not Divided",Wet,Daylight,Rain,1,Not a Collision Between Two Motor Vehicles in Transport,No,Stop Signs,4,1,Complains Of Pain
227103,4/16/14,12:12 PM,2014-00034134,11 SOUTH ANGELL STREET,ANGELL STREET,11 SOUTH ANGELL STREET / ANGELL STREET,Joseph Madeira,552,16-Apr-14,Vehicle - Pedestrian,,,,One-Way Trafficway,Dry,Daylight,Clear,1,Other,No,Traffic Control Signal,3,1,Non-Incapacitating
227111,4/16/14,1:19 PM,2014-00034154,SEEKONK ST,BUTLER AVE ,SEEKONK ST / BUTLER AVE ,John Almeida,386,16-Apr-14,Vehicle - Pedestrian,,,,"Two-Way, Not Divided With a Continuous Left Turn Lane",Dry,Daylight,Clear,1,Not a Collision Between Two Motor Vehicles in Transport,"Yes, M/V and Driver Left Scene",No Controls,2,1,Complains Of Pain
227174,4/16/14,9:17 AM,2014-00034083,MAGNOLIA ST,HULDAH ST ,MAGNOLIA ST / HULDAH ST ,Trent Hastings,326,16-Apr-14,Vehicle - Pedestrian,,,,"Two-Way , Not Divided",Dry,Daylight,Clear,1,Not a Collision Between Two Motor Vehicles in Transport,"Yes, M/V and Driver Left Scene",No Controls,3,1,Complains Of Pain
227928,4/18/14,12:47 PM,2014-00034795,285 Huxley Ave,ADMIRAL ST ,285 Huxley Ave / ADMIRAL ST ,Dennis O'Brien,067,21-Apr-14,Vehicle - Pedestrian,,,,"Two-Way , Not Divided",Dry,Daylight,Clear,2,Unknown,"Yes, M/V and Driver Left Scene",No Controls,2,0,Unknown
227679,4/19/14,1:38 PM,2014-00035205,118 VALLEY STREET,,118 VALLEY STREET / ,Joseph Madeira,552,19-Apr-14,Vehicle - Pedestrian,,,,"Two-Way , Not Divided",Dry,Daylight,Clear,2,"Sideswipe, Same Direction",No,No Controls,4,0,No Injury
227685,4/19/14,2:30 PM,2014-00035218,COLLEGE ST,South Main ST ,COLLEGE ST / South Main ST ,William Dickie,168,19-Apr-14,Vehicle - Pedestrian,,,,"Two-Way , Not Divided",Dry,Daylight,Clear,1,Head-On (Front - to - Front),No,Traffic Control Signal,3,1,Complains Of Pain
227839,4/20/14,5:48 PM,2014-00035631,221 MOUNT PLEASANT AVENUE,221 MOUNT PLEASANT AVENUE ,221 MOUNT PLEASANT AVENUE / 221 MOUNT PLEASANT AVENUE ,Giuseppe Scarcello,485,20-Apr-14,Vehicle - Pedestrian,,,,"Two-Way , Not Divided",Dry,Daylight,Clear,1,Angle (Front - to - Side) Right Angle (Includes Broadside),No,No Controls,2,1,Non-Incapacitating
227963,4/21/14,3:56 PM,2014-00035945,FULTON ST, 10 DORRANCE ST ,FULTON ST /  10 DORRANCE ST ,Donald Brien,630,21-Apr-14,Vehicle - Pedestrian,,,,"Two-Way , Not Divided",Dry,Daylight,Clear,1,Other,No,No Controls,3,1,Complains Of Pain
228019,4/22/14,6:32 PM,2014-00036346,47 W FRIENDSHIP ST,,47 W FRIENDSHIP ST / ,MICHAEL R. TROIA / TRAFFIC BUREAU,331,22-Apr-14,Vehicle - Pedestrian,,,,One-Way Trafficway,Dry,Daylight,Clear,2,Not a Collision Between Two Motor Vehicles in Transport,No,No Controls,6,0,No Injury
228428,4/25/14,10:31 AM,2014-00037186,WOODARD ROAD,BRANCH AVENUE,WOODARD ROAD / BRANCH AVENUE,Joseph Madeira,552,25-Apr-14,Vehicle - Pedestrian,,X,,"Two-Way , Not Divided",Dry,Daylight,Clear,1,Other,No,Stop Signs,2,0,No Injury
228864,4/28/14,12:42 PM,2014-00038284,VALLEY ST,RILL ST ,VALLEY ST / RILL ST ,Joseph Iannucci,410,29-Apr-14,Vehicle - Pedestrian,,,,"Two-Way , Not Divided",Dry,Daylight,Clear,2,Rear End(Front-to-Rear),"Yes, Driver Left Scene",No Controls,5,1,Complains Of Pain
228898,4/29/14,7:36 AM,2014-00038512,780 CHALSTONE AVENUE,,780 CHALSTONE AVENUE / ,Joseph Madeira,552,29-Apr-14,Vehicle - Pedestrian,,,,"Two-Way , Not Divided",Dry,Daylight,Clear,1,Other,No,Stop Signs,2,1,Complains Of Pain
229109,4/30/14,12:04 PM,2014-00038864,EDGEHILL RD,EDGEHILL RD ,EDGEHILL RD / EDGEHILL RD ,Christopher Calise,397,30-Apr-14,Vehicle - Pedestrian,,,,"Two-Way , Not Divided",Wet,Daylight,Cloudy,2,Unknown,"Yes, M/V and Driver Left Scene",No Controls,2,0,Unknown
229453,4/30/14,9:54 PM,2014-00039032,POTTERS AVE,HAMILTON ST ,POTTERS AVE / HAMILTON ST ,Troy Lambert,413,01-May-14,Vehicle - Pedestrian,,,,"Two-Way , Not Divided",Wet,Dark - Unknown Lighting,Rain,1,Not a Collision Between Two Motor Vehicles in Transport,"Yes, M/V and Driver Left Scene",Unknown,3,1,Complains Of Pain
229714,5/3/14,6:56 AM,2014-00039905,PLAINFIELD STREET,SERVICE ROAD 1,PLAINFIELD STREET / SERVICE ROAD 1,Joseph Madeira,552,03-May-14,Vehicle - Pedestrian,,,,"Two-Way , Not Divided",Dry,Daylight,Clear,1,Other,No,Traffic Control Signal,3,1,Complains Of Pain
229731,5/3/14,11:23 AM,2014-00039946,BRANCH AVENUE,WEST RIVER STREET,BRANCH AVENUE / WEST RIVER STREET,Joseph Madeira,552,03-May-14,Vehicle - Pedestrian,,,,"Two-Way , Not Divided",Dry,Daylight,Clear,1,Other,No,Traffic Control Signal,5,0,No Injury
229817,5/3/14,6:05 PM,2014-00040102,CORLISS ST,CHARLES ST ,CORLISS ST / CHARLES ST ,Raymond Hull,094,03-May-14,Vehicle - Pedestrian,,,,"Two-Way , Not Divided",Dry,Daylight,Clear,2,Rear End(Front-to-Rear),No,No Controls,4,0,No Injury
230204,5/6/14,7:06 AM,2014-00041077,HARTFORD AVENUE,KILLINGLY STREET,HARTFORD AVENUE / KILLINGLY STREET,Joseph Madeira,552,06-May-14,Vehicle - Pedestrian,,,,"Two-Way , Not Divided",Dry,Daylight,Clear,1,Other,No,Traffic Control Signal,4,1,Complains Of Pain
230225,5/6/14,9:51 AM,2014-00041113,HUNTINGTON AVENUE,,HUNTINGTON AVENUE / ,Joseph Madeira,552,06-May-14,Vehicle - Pedestrian,,,,"Two-Way , Not Divided",Dry,Daylight,Clear,1,Other,No,No Controls,4,1,Non-Incapacitating
230276,5/6/14,12:58 PM,2014-00041157,CAROLINE ST,N MAIN ST ,CAROLINE ST / N MAIN ST ,David Morgan,474,06-May-14,Vehicle - Pedestrian,,,,"Two-Way , Not Divided",Dry,Daylight,Clear,2,"Sideswipe, Same Direction","Yes, M/V and Driver Left Scene",No Controls,3,0,No Injury
230308,5/6/14,6:10 PM,2014-00041261,HAROLD ST,REGENT AVE ,HAROLD ST / REGENT AVE ,MICHAEL R. TROIA / TRAFFIC BUREAU,331,06-May-14,Vehicle - Pedestrian,X,,,"Two-Way , Not Divided",Dry,Daylight,Clear,1,Not a Collision Between Two Motor Vehicles in Transport,No,Stop Signs,4,1,Complains Of Pain
230897,5/9/14,2:13 PM,2014-00042230,VIRGINIA AVE,VERMONT AVE ,VIRGINIA AVE / VERMONT AVE ,Trent Hastings,326,10-May-14,Vehicle - Pedestrian,,,,"Two-Way , Not Divided",Dry,Daylight,Cloudy,1,Not a Collision Between Two Motor Vehicles in Transport,No,No Controls,2,0,No Injury
230939,5/10/14,1:43 PM,2014-00042631,STAR ST,BENEFIT ST ,STAR ST / BENEFIT ST ,Ptlm. Chin,516,10-May-14,Vehicle - Pedestrian,,,,"Two-Way , Not Divided",Dry,Daylight,Clear,1,Not a Collision Between Two Motor Vehicles in Transport,"Yes, M/V and Driver Left Scene",Stop Signs,1,1,Complains Of Pain
230954,5/10/14,9:21 AM,2014-00042560,N MAIN ST,7TH ST ,N MAIN ST / 7TH ST ,Andrew Frolich,673,10-May-14,Vehicle - Pedestrian,,,,Unknown,Dry,Daylight,Cloudy,1,Other,No,No Controls,5,1,Complains Of Pain
230866,5/10/14,12:45 AM,2014-00042475,ATWELLS AVE,BOND ST ,ATWELLS AVE / BOND ST ,Shane Romano,596,10-May-14,Vehicle - Pedestrian,,,,"Two-Way , Not Divided",Wet,Dark - Lighted,Cloudy,1,Not a Collision Between Two Motor Vehicles in Transport,"Yes, M/V and Driver Left Scene",No Controls,1,1,Complains Of Pain
231321,5/12/14,3:51 PM,2014-00043550,ELIZABETH ST,N MAIN ST ,ELIZABETH ST / N MAIN ST ,Fausto Garcia,109,12-May-14,Vehicle - Pedestrian,X,,,One-Way Trafficway,Dry,Daylight,Clear,1,Not a Collision Between Two Motor Vehicles in Transport,,No Controls,2,2,Complains Of Pain
231470,5/13/14,9:00 AM,2014-00043819,349 W FOUNTAIN ST,,349 W FOUNTAIN ST / ,John Sigillo,590,13-May-14,Vehicle - Pedestrian,,,,"Two-Way , Not Divided",Dry,Unknown,Clear,2,Other,"Yes, M/V and Driver Left Scene",No Controls,3,0,Unknown
232710,5/14/14,2:14 PM,2014-00044258,CANDACE ST,CHALKSTONE AVE ,CANDACE ST / CHALKSTONE AVE ,Raymond King,633,15-May-14,Vehicle - Pedestrian,,,,One-Way Trafficway,Dry,Daylight,Clear,2,"Sidwswipe, Opposite Direction","Yes, M/V and Driver Left Scene",No Controls,3,0,No Injury
231754,5/14/14,2:47 PM,2014-00044266,S MAIN ST,COLLEGE ST ,S MAIN ST / COLLEGE ST ,Ptlm. Chin,516,14-May-14,Vehicle - Pedestrian,,,,One-Way Trafficway,Dry,Daylight,Clear,1,Not a Collision Between Two Motor Vehicles in Transport,No,Pavement Markings,4,1,Complains Of Pain
231977,5/15/14,4:52 PM,2014-00044728,Fountain St,Sabin St ,Fountain St / Sabin St ,Ptlm. Chin,516,15-May-14,Vehicle - Pedestrian,,,,One-Way Trafficway,Dry,Daylight,Cloudy,1,Not a Collision Between Two Motor Vehicles in Transport,No,No Controls,5,2,Complains Of Pain
232707,5/15/14,9:52 AM,2014-00044588,Roger Williams Avenue,Elmwood Avenue,Roger Williams Avenue / Elmwood Avenue,Michele Tella,668,20-May-14,Vehicle - Pedestrian,,,,"Two-Way , Not Divided",Dry,Daylight,Clear,1,Other,No,Traffic Control Signal,2,1,Non-Incapacitating
232094,5/16/14,3:04 PM,2014-00045068,FRANCIS STREET,EXCHANGE TERRACE ,FRANCIS STREET / EXCHANGE TERRACE ,Matthew Goddard,171,16-May-14,Vehicle - Pedestrian,,,,"Two-Way , Not Divided",Wet,Daylight,Rain,2,"Sideswipe, Same Direction",No,No Controls,6,1,Complains Of Pain
232865,5/17/14,3:26 AM,2014-00045351,POTTERS AVE,MELROSE ST ,POTTERS AVE / MELROSE ST ,Charles Vieira,363,20-May-14,Vehicle - Pedestrian,,,,"Two-Way , Not Divided",Dry,Dark - Lighted,Clear,3,Rear End(Front-to-Rear),"Yes, M/V and Driver Left Scene",No Controls,5,1,Complains Of Pain
232791,5/20/14,2:51 PM,2014-00046709,100 Atwells Ave,Enterprise Row,100 Atwells Ave / Enterprise Row,Ptlm. Chin,516,20-May-14,Vehicle - Pedestrian,,,,"Two-Way , Not Divided",Dry,Daylight,Clear,1,Not a Collision Between Two Motor Vehicles in Transport,No,No Controls,6,1,Complains Of Pain
234136,5/20/14,7:05 PM,2014-00046841,CHAMBERS ST,HUNTINGTON AVE ,CHAMBERS ST / HUNTINGTON AVE ,Luis Pelaez,336,27-May-14,Vehicle - Pedestrian,,,,"Two-Way , Not Divided",Dry,Daylight,Clear,1,Not a Collision Between Two Motor Vehicles in Transport,No,No Controls,2,1,Complains Of Pain
232705,5/20/14,7:56 AM,2014-00046587,PRAIRIE AVE,THURBERS AVE ,PRAIRIE AVE / THURBERS AVE ,Jose Deschamps,419,20-May-14,Vehicle - Pedestrian,,,,"Two-Way, Divided, Unprotected (painted>4feet) Medium",Dry,Daylight,Clear,1,Angle (Front - to - Side) Right Angle (Includes Broadside),No,No Controls,3,2,Incapacitating
233269,5/23/14,1:35 PM,2014-00047821,HAYWARD STREET,PORTLAND ST ,HAYWARD STREET / PORTLAND ST ,George Pereira,421,23-May-14,Vehicle - Pedestrian,,,,"Two-Way , Not Divided",Dry,Daylight,Cloudy,1,Other,"Yes, M/V and Driver Left Scene",No Controls,2,1,Complains Of Pain
233285,5/23/14,1:30 PM,2014-00047818,BROADWAY,ATWELLS AVE ,BROADWAY / ATWELLS AVE ,Brian Corcoran,562,23-May-14,Vehicle - Pedestrian,,,,"Two-Way , Not Divided",Dry,Daylight,Cloudy,1,Other,No,Traffic Control Signal,5,1,Complains Of Pain
233382,5/23/14,1:00 PM,2014-00047804,186 FOUNTAIN STREET,EMPIRE STREET,186 FOUNTAIN STREET / EMPIRE STREET,Joseph Madeira,552,23-May-14,Vehicle - Pedestrian,,,,One-Way Trafficway,Dry,Daylight,Cloudy,1,Other,No,Traffic Control Signal,5,1,Non-Incapacitating
233694,5/25/14,12:46 PM,2014-00048652,MANTON AVE,GREENWOOD ST ,MANTON AVE / GREENWOOD ST ,Patrolman D. Hull,598,25-May-14,Vehicle - Pedestrian,,X,,"Two-Way, Divided, Unprotected (painted>4feet) Medium",Dry,Daylight,Clear,2,Not a Collision Between Two Motor Vehicles in Transport,No,Stop Signs,4,0,No Injury
233936,5/26/14,1:11 PM,2014-00049028,NEWARK ST,VALLEY ST ,NEWARK ST / VALLEY ST ,Ptlm. Chin,516,26-May-14,Vehicle - Pedestrian,X,,,"Two-Way , Not Divided",Wet,Daylight,Clear,1,Not a Collision Between Two Motor Vehicles in Transport,No,No Controls,3,1,Complains Of Pain
234021,5/26/14,5:12 PM,2014-00049119,389 Elmwood Avenue,POTTERS AVE ,389 Elmwood Avenue / POTTERS AVE ,Michele Rudolph,512,26-May-14,Vehicle - Pedestrian,,,,Unknown,Dry,Daylight,Clear,2,Head-On (Front - to - Front),No,Other,13,0,No Injury
234525,5/28/14,4:25 PM,2014-00049796,N MAIN ST,N MAIN ST ,N MAIN ST / N MAIN ST ,Shawn Kennedy,547,29-May-14,Vehicle - Pedestrian,,,,"Two-Way, Divided, Positive Median Barrier",Dry,Daylight,Clear,1,Angle (Front - to - Side) Right Angle (Includes Broadside),No,No Controls,2,0,No Injury
234184,5/28/14,1:28 PM,2014-00049743,WASHINGTON STREET,EXCHANGE STREET,WASHINGTON STREET / EXCHANGE STREET,Joseph Madeira,552,28-May-14,Vehicle - Pedestrian,,,,One-Way Trafficway,Dry,Daylight,Cloudy,1,Other,No,Traffic Control Signal,4,1,Fatal
234192,5/28/14,7:30 PM,2014-00049855,Chalkstone Ave,Young Ave,Chalkstone Ave / Young Ave,Michael Clary,269,29-May-14,Vehicle - Pedestrian,,,,"Two-Way , Not Divided",Dry,Dusk,Cloudy,1,Not a Collision Between Two Motor Vehicles in Transport,No,No Controls,5,1,Complains Of Pain
234336,5/29/14,10:47 AM,2014-00050018,RT. 146 NORTH ON RAMP,BRANCH AVENUE,RT. 146 NORTH ON RAMP / BRANCH AVENUE,Joseph Madeira,552,29-May-14,Vehicle - Pedestrian,,,,One-Way Trafficway,Dry,Daylight,Clear,1,Other,"Yes, M/V and Driver Left Scene",No Controls,4,0,No Injury
234905,6/1/14,5:06 PM,2014-00051296,CRANSTON ST,MESSER ST ,CRANSTON ST / MESSER ST ,Luis Pelaez,336,01-Jun-14,Vehicle - Pedestrian,,,,"Two-Way , Not Divided",Dry,Daylight,Clear,2,"Sideswipe, Same Direction",No,No Controls,4,0,No Injury
235329,6/3/14,7:20 PM,2014-00052144,Ponagansett Ave,Hartford Ave,Ponagansett Ave / Hartford Ave,Robert Heaton,539,04-Jun-14,Vehicle - Pedestrian,,,,"Two-Way , Not Divided",Dry,Daylight,Clear,2,Other,"Yes, M/V and Driver Left Scene",No Controls,3,0,Unknown
235437,6/3/14,9:00 PM,2014-00052165,Elmwood Ave,Sprague St,Elmwood Ave / Sprague St,Michael Clary,269,04-Jun-14,Vehicle - Pedestrian,,,,"Two-Way , Not Divided",Dry,Dark - Lighted,Clear,1,Not a Collision Between Two Motor Vehicles in Transport,No,No Controls,4,1,Complains Of Pain
235719,6/6/14,4:12 PM,2014-00053083,Broadway,VALLEY ST ,Broadway / VALLEY ST ,Ptlm. Chin,516,06-Jun-14,Vehicle - Pedestrian,X,,,"Two-Way , Not Divided",Dry,Daylight,Clear,1,Not a Collision Between Two Motor Vehicles in Transport,No,Traffic Control Signal,2,0,No Injury
235781,6/6/14,11:16 PM,2014-00053239,SMITH ST,ORMS ST ,SMITH ST / ORMS ST ,Thomas Richards,279,07-Jun-14,Vehicle - Pedestrian,,,,"Two-Way, Not Divided With a Continuous Left Turn Lane",Dry,Dark - Lighted,Clear,1,Head-On (Front - to - Front),No,Traffic Control Signal,2,1,Complains Of Pain
235787,6/7/14,12:08 AM,2014-00053265,HOPE ST,CARRINGTON AVE ,HOPE ST / CARRINGTON AVE ,Ryan Moroney,324,07-Jun-14,Vehicle - Pedestrian,,,,"Two-Way , Not Divided",Dry,Dark - Lighted,Clear,2,Rear End(Front-to-Rear),No,No Controls,3,1,Complains Of Pain
235962,6/7/14,6:56 PM,2014-00053580,SMITH ST,CHALKSTONE AVE ,SMITH ST / CHALKSTONE AVE ,Trent Hastings,326,07-Jun-14,Vehicle - Pedestrian,X,,,"Two-Way , Not Divided",Dry,Daylight,Clear,1,Not a Collision Between Two Motor Vehicles in Transport,No,Traffic Control Signal,4,1,Complains Of Pain
236139,6/7/14,1:43 AM,2014-00053294,240 Atwells Ave,,240 Atwells Ave / ,Michael Clary,269,08-Jun-14,Vehicle - Pedestrian,X,,,"Two-Way , Not Divided",Dry,Dark - Lighted,Clear,1,Not a Collision Between Two Motor Vehicles in Transport,No,No Controls,2,1,Complains Of Pain
236233,6/9/14,4:10 PM,2014-00054420,THROOP ALY,N MAIN ST ,THROOP ALY / N MAIN ST ,Steffan Rasch,315,09-Jun-14,Vehicle - Pedestrian,,,,One-Way Trafficway,Dry,Daylight,Clear,1,Unknown,"Yes, M/V and Driver Left Scene",No Controls,2,1,Complains Of Pain
237452,6/10/14,9:10 PM,2014-00054900,Oakland Ave,Chalkstone Ave,Oakland Ave / Chalkstone Ave,Michael Clary,269,15-Jun-14,Vehicle - Pedestrian,X,,,"Two-Way , Not Divided",Wet,Dark - Lighted,Rain,1,Not a Collision Between Two Motor Vehicles in Transport,No,Traffic Control Signal,4,1,Complains Of Pain
236662,6/11/14,8:44 PM,2014-00055216,ELMWOOD AVE,ADELAIDE AVE ,ELMWOOD AVE / ADELAIDE AVE ,Michael Sullivan,347,12-Jun-14,Vehicle - Pedestrian,,,,"Two-Way, Divided, Positive Median Barrier",Dry,Dark - Lighted,Clear,3,Angle (Front - to - Side) Opposite Direction,No,No Controls,4,0,No Injury
237184,6/11/14,2:43 PM,2014-00055086,1 RANDALL ST,CHARLES ST ,1 RANDALL ST / CHARLES ST ,Fausto Garcia,109,13-Jun-14,Vehicle - Pedestrian,X,,,"Two-Way , Not Divided",Dry,Daylight,Clear,1,Not a Collision Between Two Motor Vehicles in Transport,No,No Controls,3,1,Complains Of Pain
236709,6/12/14,1:11 AM,2014-00055294,ATWELLS AVE,DE PASQUALE AVE ,ATWELLS AVE / DE PASQUALE AVE ,Adam Chin,289,12-Jun-14,Vehicle - Pedestrian,,,,"Two-Way , Not Divided",Dry,Dark - Lighted,Clear,2,Rear End(Front-to-Rear),No,No Controls,6,0,No Injury
236992,6/13/14,8:11 AM,2014-00055713,EDDY ST,EUDORA ST ,EDDY ST / EUDORA ST ,Jose Deschamps,419,13-Jun-14,Vehicle - Pedestrian,,,,"Two-Way, Divided, Unprotected (painted>4feet) Medium",Wet,Daylight,Rain,1,Other,No,No Controls,9,7,Complains Of Pain
237312,6/14/14,7:30 PM,2014-00056291,ROGER WILLIAMS AVE,ELMWOOD AVE ,ROGER WILLIAMS AVE / ELMWOOD AVE ,Jared Stanzione,193,14-Jun-14,Vehicle - Pedestrian,X,,,"Two-Way , Not Divided",Dry,Daylight,Clear,1,Not a Collision Between Two Motor Vehicles in Transport,No,Traffic Control Signal,3,1,Complains Of Pain
237392,6/15/14,4:50 PM,2014-00056644,CRANSTON ST,HARRISON ST ,CRANSTON ST / HARRISON ST ,Troy Lambert,413,15-Jun-14,Vehicle - Pedestrian,X,,,"Two-Way , Not Divided",Dry,Daylight,Clear,1,Not a Collision Between Two Motor Vehicles in Transport,No,No Controls,4,1,Complains Of Pain
237504,6/15/14,2:33 PM,2014-00056600,432 BRANCH AVENUE,,432 BRANCH AVENUE / ,Joseph Madeira,552,16-Jun-14,Vehicle - Pedestrian,,,,"Two-Way , Not Divided",Dry,Daylight,Clear,1,Other,"Yes, M/V and Driver Left Scene",No Controls,1,1,Non-Incapacitating
237564,6/16/14,3:20 PM,2014-00056980,BROAD ST,MONTGOMERY AVE ,BROAD ST / MONTGOMERY AVE ,Martin Rawnsley,677,16-Jun-14,Vehicle - Pedestrian,,,,"Two-Way , Not Divided",Dry,Daylight,Clear,1,Other,No,Traffic Control Signal,2,1,Complains Of Pain
237602,6/16/14,4:11 PM,2014-00057001,MEMORIAL BLVD,COLLEGE ST ,MEMORIAL BLVD / COLLEGE ST ,Donald Brien,630,16-Jun-14,Vehicle - Pedestrian,,,,"Two-Way, Divided, Unprotected (painted>4feet) Medium",Dry,Daylight,Clear,1,Not a Collision Between Two Motor Vehicles in Transport,No,Traffic Control Signal,6,1,Complains Of Pain
237616,6/16/14,8:02 PM,2014-00057083,SALMON ST,SALMON ST ,SALMON ST / SALMON ST ,Jason Andrade,200,16-Jun-14,Vehicle - Pedestrian,,,,"Two-Way, Divided, Unprotected (painted>4feet) Medium",Dry,Dusk,Clear,1,Head-On (Front - to - Front),"Yes, M/V and Driver Left Scene",No Controls,2,2,Complains Of Pain
237636,6/16/14,9:29 PM,2014-00057115,Francis St,Gaspee St,Francis St / Gaspee St,Michael Clary,269,17-Jun-14,Vehicle - Pedestrian,,,,"Two-Way, Divided, Positive Median Barrier",Dry,Dark - Lighted,Clear,3,Rear End(Front-to-Rear),No,Traffic Control Signal,8,3,Complains Of Pain
237812,6/17/14,3:22 PM,2014-00057349,ELMWOOD AVE,ADELAIDE AVE ,ELMWOOD AVE / ADELAIDE AVE ,Thomas Richards,162,17-Jun-14,Vehicle - Pedestrian,,,,"Two-Way, Divided, Positive Median Barrier",Dry,Daylight,Clear,1,Other,"Yes, M/V and Driver Left Scene",No Controls,3,3,Complains Of Pain
237938,6/18/14,7:42 AM,2014-00057599,HARTFORD AVE,KING PHILIP ST ,HARTFORD AVE / KING PHILIP ST ,Patrolman Darren Hull,598,18-Jun-14,Vehicle - Pedestrian,,,,"Two-Way, Divided, Unprotected (painted>4feet) Medium",Dry,Daylight,Clear,1,Angle (Front - to - Side) Right Angle (Includes Broadside),No,Stop Signs,3,1,Complains Of Pain
237976,6/18/14,12:54 PM,2014-00057673,WATERMAN ST,BUTLER AVE ,WATERMAN ST / BUTLER AVE ,John Almeida,386,18-Jun-14,Vehicle - Pedestrian,,,,Unknown,Dry,Daylight,Clear,2,Not a Collision Between Two Motor Vehicles in Transport,"Yes, M/V and Driver Left Scene",No Controls,2,0,No Injury
238235,6/19/14,9:42 AM,2014-00057999,George Street,GOVERNOR ST ,George Street / GOVERNOR ST ,Patricia Nichols,467,19-Jun-14,Vehicle - Pedestrian,,,,"Two-Way , Not Divided",Wet,Daylight,Rain,2,"Sideswipe, Same Direction",No,No Controls,4,0,No Injury
238617,6/20/14,7:48 AM,2014-00058361,94 Colfax st,BURNSIDE ST ,94 Colfax st / BURNSIDE ST ,Dennis O'Brien,067,23-Jun-14,Vehicle - Pedestrian,X,,,"Two-Way , Not Divided",Dry,Daylight,Clear,1,Not a Collision Between Two Motor Vehicles in Transport,No,No Controls,7,1,Incapacitating
238261,6/20/14,1:02 PM,2014-00058457,Broad st,SERVICE ROAD 7 ,Broad st / SERVICE ROAD 7 ,Edward Bogda,609,20-Jun-14,Vehicle - Pedestrian,,,,"Two-Way , Not Divided",Dry,Daylight,Clear,1,Other,"Yes, M/V and Driver Left Scene",Traffic Control Signal,2,0,No Injury
238297,6/20/14,6:43 PM,2014-00058571,ELMWOOD AVE,CONGRESS AVE,ELMWOOD AVE / CONGRESS AVE,John Benros,481,20-Jun-14,Vehicle - Pedestrian,,,,"Two-Way , Not Divided",Dry,Daylight,Clear,1,Not a Collision Between Two Motor Vehicles in Transport,No,Stop Signs,3,1,Complains Of Pain
238379,6/21/14,4:34 PM,2014-00058946,936 ATWELLS AVE,,936 ATWELLS AVE / ,MICHAEL R. TROIA / TRAFFIC BUREAU,331,21-Jun-14,Vehicle - Pedestrian,,,,Unknown,Dry,Daylight,Clear,1,Not a Collision Between Two Motor Vehicles in Transport,No,No Controls,3,1,Complains Of Pain
238659,6/23/14,10:00 AM,2014-00059698,FRIENDSHIP ST,DORRANCE ST ,FRIENDSHIP ST / DORRANCE ST ,Joseph Amoroso,613,23-Jun-14,Vehicle - Pedestrian,,,,"Two-Way , Not Divided",Dry,Daylight,Clear,1,Not a Collision Between Two Motor Vehicles in Transport,No,No Controls,2,1,Complains Of Pain
238822,6/24/14,11:08 AM,2014-00060097,WESTMINSTER ST,MANTON AVE ,WESTMINSTER ST / MANTON AVE ,Patrolman Darren Hull,598,24-Jun-14,Vehicle - Pedestrian,,,,"Two-Way, Divided, Unprotected (painted>4feet) Medium",Dry,Daylight,Clear,2,"Sideswipe, Same Direction",No,No Controls,6,0,No Injury
238829,6/24/14,10:06 AM,2014-00060077,BROADWAY,DEAN ST ,BROADWAY / DEAN ST ,Joseph Amoroso,613,24-Jun-14,Vehicle - Pedestrian,,,,"Two-Way , Not Divided",Dry,Daylight,Clear,2,Rear End(Front-to-Rear),No,No Controls,4,0,No Injury
238930,6/24/14,5:52 PM,2014-00060252,939 Manton Ave,FRUIT HILL AVE ,939 Manton Ave / FRUIT HILL AVE ,Ptlm. Chin,516,24-Jun-14,Vehicle - Pedestrian,,,,"Two-Way , Not Divided",Dry,Daylight,Clear,1,Not a Collision Between Two Motor Vehicles in Transport,No,No Controls,2,1,Fatal
239019,6/24/14,2:21 PM,2014-00060171,REDWING ST,BUCKLIN ST ,REDWING ST / BUCKLIN ST ,Joseph Amoroso,613,25-Jun-14,Vehicle - Pedestrian,X,,,One-Way Trafficway,Dry,Daylight,Clear,1,Not a Collision Between Two Motor Vehicles in Transport,No,No Controls,2,1,Complains Of Pain