CrashReportId,CrashDate,CrashTime,ReportNumber,StreetOrHighway,NearestIntersection,Location,Officer,Badge,ReportDate,TypeOfCollision,Bicycle,Scooter,Wheel Chair,TypeOfRoadway,RoadSurfaceCondition,LightCondition,WeatherCondition,NumberofVehicles,MannerofImpact,HitAndRun,TrafficControl,PersonCount,InjuryCount,MostSeriousInjury
239150,6/25/14,9:00 AM,2014-00060461,ADMIRAL ST,HAWKINS ST ,ADMIRAL ST / HAWKINS ST ,Joseph Amoroso,613,26-Jun-14,Vehicle - Pedestrian,X,,,"Two-Way , Not Divided",Dry,Daylight,Clear,1,Not a Collision Between Two Motor Vehicles in Transport,No,No Controls,3,1,Complains Of Pain
239514,6/28/14,8:35 PM,2014-00061944,WESTMINSTER ST,CRANSTON ST ,WESTMINSTER ST / CRANSTON ST ,Ricardo Silva,185,28-Jun-14,Vehicle - Pedestrian,,,,"Two-Way, Divided, Positive Median Barrier",Dry,Dusk,Clear,1,Unknown,"Yes, M/V and Driver Left Scene",No Controls,1,1,Complains Of Pain
239521,6/28/14,9:15 PM,2014-00061959,PARADE ST,OAK ST ,PARADE ST / OAK ST ,Ricardo Silva,185,28-Jun-14,Vehicle - Pedestrian,,,,"Two-Way, Divided, Unprotected (painted>4feet) Medium",Dry,Dark - Lighted,Clear,2,Unknown,"Yes, M/V and Driver Left Scene",No Controls,7,1,Complains Of Pain
240184,6/28/14,1:01 AM,2014-00061619,79 washington st,CLEMENCE ST ,79 washington st / CLEMENCE ST ,Joseph Iannucci,410,02-Jul-14,Vehicle - Pedestrian,,,,"Two-Way , Not Divided",Dry,Dark - Lighted,Clear,2,Angle (Front - to - Side) Same Direction,"Yes, M/V and Driver Left Scene",No Controls,2,0,Unknown
239555,6/29/14,1:47 AM,2014-00062088,ATWELLS AVE,WEEDEN ST ,ATWELLS AVE / WEEDEN ST ,Roberto Gutierrez,263,29-Jun-14,Vehicle - Pedestrian,,,,"Two-Way, Divided, Unprotected (painted>4feet) Medium",Dry,Dark - Lighted,Clear,1,Not a Collision Between Two Motor Vehicles in Transport,"Yes, M/V and Driver Left Scene",Traffic Control Signal,4,1,Complains Of Pain
239694,6/29/14,6:45 PM,2014-00062336, Atwells Ave,MCAVOY ST , Atwells Ave / MCAVOY ST ,Jason Dalton,257,29-Jun-14,Vehicle - Pedestrian,,,,"Two-Way , Not Divided",Dry,Daylight,Clear,1,Other,No,No Controls,3,0,No Injury
239729,6/30/14,12:03 AM,2014-00062444,HARRIS AVE,SIMS AVE ,HARRIS AVE / SIMS AVE ,Edwardo Curi,294,30-Jun-14,Vehicle - Pedestrian,,,,"Two-Way , Not Divided",Dry,Dark - Lighted,Clear,1,Not a Collision Between Two Motor Vehicles in Transport,No,No Controls,3,2,Non-Incapacitating
240022,6/30/14,11:52 PM,2014-00062849,WESTMINSTER ST,BARTON ST ,WESTMINSTER ST / BARTON ST ,Matthew Nadeau,271,01-Jul-14,Vehicle - Pedestrian,,,,"Two-Way, Divided, Unprotected (painted>4feet) Medium",Dry,Dark - Lighted,Clear,1,Not a Collision Between Two Motor Vehicles in Transport,"Yes, M/V and Driver Left Scene",No Controls,1,1,Non-Incapacitating
240164,7/1/14,12:28 PM,2014-00063031,549 ATWELLS AVE,ATWELLS AVE,549 ATWELLS AVE / ATWELLS AVE,Joseph Amoroso,613,02-Jul-14,Vehicle - Pedestrian,,,,"Two-Way , Not Divided",Dry,Daylight,Clear,1,Not a Collision Between Two Motor Vehicles in Transport,No,No Controls,2,0,No Injury
240180,7/1/14,10:30 AM,2014-00062985,541 Smith St,Fredeick St,541 Smith St / Fredeick St,Dennis O'Brien,067,02-Jul-14,Vehicle - Pedestrian,,,,"Two-Way , Not Divided",Dry,Daylight,Clear,1,Not a Collision Between Two Motor Vehicles in Transport,No,No Controls,4,1,Complains Of Pain
240185,7/2/14,11:51 AM,2014-00063423,Public Street,BROAD ST ,Public Street / BROAD ST ,Kenneth Wigginton,359,02-Jul-14,Vehicle - Pedestrian,,,,"Two-Way , Not Divided",Dry,Daylight,Clear,1,Not a Collision Between Two Motor Vehicles in Transport,No,Traffic Control Signal,2,1,Complains Of Pain
240363,7/2/14,6:35 PM,2014-00063572,319 Lowell Ave ,NYE ST ,319 Lowell Ave  / NYE ST ,Ptlm. Chin,516,02-Jul-14,Vehicle - Pedestrian,,,,"Two-Way , Not Divided",Dry,Daylight,Clear,1,Not a Collision Between Two Motor Vehicles in Transport,No,No Controls,4,1,Complains Of Pain
240376,7/2/14,7:38 PM,2014-00063600,32 SHILOH ST,HYACINTH ST ,32 SHILOH ST / HYACINTH ST ,Ryan Moroney,324,02-Jul-14,Vehicle - Pedestrian,,,,"Two-Way , Not Divided",Dry,Daylight,Clear,2,Angle (Front - to - Side) Same Direction,"Yes, M/V and Driver Left Scene",No Controls,3,0,No Injury
240451,7/2/14,12:28 PM,2014-00063442,649 N MAIN ST,649 N MAIN ST,649 N MAIN ST / 649 N MAIN ST,David Morgan,474,03-Jul-14,Vehicle - Pedestrian,,,,"Two-Way , Not Divided",Dry,Daylight,Clear,2,Rear - to - Side,"Yes, M/V and Driver Left Scene",No Controls,3,0,No Injury
240508,7/3/14,2:43 PM,2014-00063875,1055 WESTMINSTER ST ,HOOD ST ,1055 WESTMINSTER ST  / HOOD ST ,Miguel Mena-Torres,493,03-Jul-14,Vehicle - Pedestrian,X,,,"Two-Way , Not Divided",Dry,Daylight,Clear,1,Not a Collision Between Two Motor Vehicles in Transport,No,No Controls,3,1,Complains Of Pain
240832,7/6/14,12:42 AM,2014-00064880,108 Vinton St.,GROVE ST ,108 Vinton St. / GROVE ST ,Adam Chin,289,06-Jul-14,Vehicle - Pedestrian,X,,,One-Way Trafficway,Dry,Dark - Lighted,Clear,1,Not a Collision Between Two Motor Vehicles in Transport,No,No Controls,4,1,Complains Of Pain
240882,7/6/14,2:03 AM,2014-00064917,Fountain St,Clemence St,Fountain St / Clemence St,Robert Heaton,539,06-Jul-14,Vehicle - Pedestrian,,,,One-Way Trafficway,Dry,Dark - Lighted,Clear,1,Not a Collision Between Two Motor Vehicles in Transport,"Yes, M/V and Driver Left Scene",No Controls,5,1,Incapacitating
241528,7/7/14,10:05 AM,2014-00065339,CHARLES ST,BRANCH AVE ,CHARLES ST / BRANCH AVE ,Peter Colt,178,10-Jul-14,Vehicle - Pedestrian,X,,,"Two-Way , Not Divided",Dry,Daylight,Clear,1,Angle (Front - to - Side) Same Direction,"Yes, M/V and Driver Left Scene",Traffic Control Signal,1,0,No Injury
241405,7/8/14,11:13 PM,2014-00065959,BROAD ST,STANWOOD ST ,BROAD ST / STANWOOD ST ,Francisco Colon,265,09-Jul-14,Vehicle - Pedestrian,,,,"Two-Way , Not Divided",Dry,Dark - Lighted,Clear,1,Not a Collision Between Two Motor Vehicles in Transport,No,No Controls,2,1,Complains Of Pain
241527,7/9/14,9:42 PM,2014-00066274,N MAIN ST,OLNEY ST ,N MAIN ST / OLNEY ST ,Michael Duffy,354,10-Jul-14,Vehicle - Pedestrian,X,,,One-Way Trafficway,Dry,Dark - Lighted,Clear,1,Angle (Front - to - Side) Right Angle (Includes Broadside),No,Stop Signs,2,1,Complains Of Pain
241700,7/10/14,7:02 PM,2014-00066561,Morning Star Row,PINE ST ,Morning Star Row / PINE ST ,Robert Heaton,539,11-Jul-14,Vehicle - Pedestrian,,,,"Two-Way , Not Divided",Dry,Daylight,Clear,1,Other,No,No Controls,6,1,Incapacitating
241995,7/12/14,11:47 AM,2014-00067272,CRANSTON STREET,DEXTER STREET,CRANSTON STREET / DEXTER STREET,Joseph Madeira,552,12-Jul-14,Vehicle - Pedestrian,X,,,"Two-Way , Not Divided",Dry,Daylight,Clear,1,Other,No,Traffic Control Signal,2,1,Non-Incapacitating
242072,7/12/14,1:50 PM,2014-00067305,WASHBURN ST,ORMS ST ,WASHBURN ST / ORMS ST ,Dennis O'Brien,067,13-Jul-14,Vehicle - Pedestrian,,,,One-Way Trafficway,Dry,Daylight,Clear,1,Not a Collision Between Two Motor Vehicles in Transport,No,No Controls,4,1,Complains Of Pain
242258,7/14/14,1:18 AM,2014-00067950,80 Putnam St,,80 Putnam St / ,Michael Clary,269,14-Jul-14,Vehicle - Pedestrian,,,,"Two-Way , Not Divided",Dry,Dark - Lighted,Clear,1,Not a Collision Between Two Motor Vehicles in Transport,No,No Controls,2,1,Complains Of Pain
242371,7/14/14,6:15 PM,2014-00068161,Dean St,BROADWAY ,Dean St / BROADWAY ,Ptlm. Chin,516,14-Jul-14,Vehicle - Pedestrian,,,,"Two-Way , Not Divided",Wet,Daylight,Cloudy,1,Not a Collision Between Two Motor Vehicles in Transport,No,Traffic Control Signal,3,1,Complains Of Pain
242477,7/14/14,10:02 PM,2014-00068218,WASHINGTON AVE,VIRGINIA AVE ,WASHINGTON AVE / VIRGINIA AVE ,OR PROCTOR ,627,14-Jul-14,Vehicle - Pedestrian,,,,"Two-Way, Divided, Unprotected (painted>4feet) Medium",Wet,Dark - Lighted,Rain,2,"Sidwswipe, Opposite Direction","Yes, M/V and Driver Left Scene",No Controls,6,0,Unknown
242604,7/15/14,5:11 PM,2014-00068460,ATWELLS AVE,CUTLER ST ,ATWELLS AVE / CUTLER ST ,MICHAEL R. TROIA / TRAFFIC BUREAU,331,15-Jul-14,Vehicle - Pedestrian,,,,"Two-Way , Not Divided",Dry,Daylight,Clear,1,Not a Collision Between Two Motor Vehicles in Transport,"Yes, M/V and Driver Left Scene",No Controls,3,1,Complains Of Pain
242666,7/16/14,3:09 PM,2014-00068769,1050 CHALKSTONE AVE,,1050 CHALKSTONE AVE / ,MICHAEL R. TROIA / TRAFFIC BUREAU,331,16-Jul-14,Vehicle - Pedestrian,,,,"Two-Way , Not Divided",Wet,Daylight,Clear,1,Not a Collision Between Two Motor Vehicles in Transport,No,No Controls,4,1,Complains Of Pain
242761,7/17/14,8:00 AM,2014-00068979,EXCHANGE TER,EXCHANGE ST ,EXCHANGE TER / EXCHANGE ST ,George Pereira,421,17-Jul-14,Vehicle - Pedestrian,,,,One-Way Trafficway,Dry,Daylight,Clear,1,Not a Collision Between Two Motor Vehicles in Transport,No,No Controls,3,0,No Injury
243339,7/18/14,11:01 PM,2014-00069674,159 Bridgham St,Westminster St,159 Bridgham St / Westminster St,Robert Heaton,539,18-Jul-14,Vehicle - Pedestrian,,,,"Two-Way , Not Divided",Dry,Dark - Lighted,Clear,1,Unknown,"Yes, M/V and Driver Left Scene",No Controls,2,1,Complains Of Pain
243719,7/21/14,9:20 PM,2014-00070833,Westminster St,EXCHANGE ST ,Westminster St / EXCHANGE ST ,Robert Heaton,539,22-Jul-14,Vehicle - Pedestrian,X,,,One-Way Trafficway,Dry,Dark - Lighted,Clear,1,Other,No,No Controls,3,1,Complains Of Pain
243746,7/21/14,11:30 AM,2014-00070612,WESTMINSTER ST,SERVICE ROAD 7 ,WESTMINSTER ST / SERVICE ROAD 7 ,Michael Caraccia,624,22-Jul-14,Vehicle - Pedestrian,X,,,"Two-Way , Not Divided",Dry,Daylight,Clear,1,Other,No,Traffic Control Signal,2,1,Complains Of Pain
243785,7/21/14,2:04 PM,2014-00070667,BRANCH AVE,BURLEIGH ST ,BRANCH AVE / BURLEIGH ST ,David Morgan,474,22-Jul-14,Vehicle - Pedestrian,,,,"Two-Way , Not Divided",Dry,Daylight,Clear,1,Angle (Front - to - Side) Right Angle (Includes Broadside),No,No Controls,5,1,Complains Of Pain
244152,7/25/14,1:13 AM,2014-00072011,DORRANCE ST,PINE ST ,DORRANCE ST / PINE ST ,Andrew Groot,188,25-Jul-14,Vehicle - Pedestrian,,,,Unknown,Dry,Dark - Lighted,Clear,2,Unknown,"Yes, M/V and Driver Left Scene",No Controls,3,0,Unknown
244187,7/25/14,10:33 AM,2014-00072088,70 KENNEDY PLZ,,70 KENNEDY PLZ / ,Joseph Amoroso,613,25-Jul-14,Vehicle - Pedestrian,,,,One-Way Trafficway,Dry,Daylight,Clear,1,Not a Collision Between Two Motor Vehicles in Transport,"Yes, M/V and Driver Left Scene",No Controls,1,1,Complains Of Pain
250019,7/25/14,11:18 AM,2014-00072101,N MAIN ST,MATHILDA STREET,N MAIN ST / MATHILDA STREET,Joseph Amoroso,613,28-Aug-14,Vehicle - Pedestrian,,,,"Two-Way , Not Divided",Dry,Daylight,Clear,1,Not a Collision Between Two Motor Vehicles in Transport,No,No Controls,2,1,Complains Of Pain
244545,7/27/14,2:24 PM,2014-00073009,148 DOVER STREET,,148 DOVER STREET / ,Joseph Madeira,552,27-Jul-14,Vehicle - Pedestrian,,,,"Two-Way , Not Divided",Dry,Daylight,Clear,1,Other,No,No Controls,4,1,Non-Incapacitating
245268,7/30/14,11:39 PM,2014-00074238,BROADWAY,TOBEY ST ,BROADWAY / TOBEY ST ,Michael Sullivan,347,31-Jul-14,Vehicle - Pedestrian,X,,,"Two-Way , Not Divided",Dry,Dark - Lighted,Clear,1,Not a Collision Between Two Motor Vehicles in Transport,"Yes, M/V and Driver Left Scene",Traffic Control Signal,3,1,Complains Of Pain
245853,8/1/14,9:06 AM,2014-00074714,ELMWOOD AVE,ELMWOOD AVE ,ELMWOOD AVE / ELMWOOD AVE ,Patricia Nichols,467,04-Aug-14,Vehicle - Pedestrian,,,,Unknown,Dry,Daylight,Clear,2,Rear - to - Side,"Yes, M/V and Driver Left Scene",No Controls,4,0,No Injury
245642,8/1/14,8:49 PM,2014-00074920,Douglas Ave,Candace St,Douglas Ave / Candace St,Michael Clary,269,02-Aug-14,Vehicle - Pedestrian,,,,"Two-Way , Not Divided",Dry,Dark - Lighted,Clear,1,Not a Collision Between Two Motor Vehicles in Transport,"Yes, M/V and Driver Left Scene",No Controls,1,1,Complains Of Pain
245709,8/1/14,1:57 PM,2014-00074793,VALLEY ST,DEAN ST ,VALLEY ST / DEAN ST ,Joseph Iannucci,410,03-Aug-14,Vehicle - Pedestrian,,,,Unknown,Dry,Daylight,Clear,2,Angle (Front - to - Side) Same Direction,"Yes, M/V and Driver Left Scene",No Controls,2,0,No Injury
245740,8/3/14,3:24 PM,2014-00075623,SAWYER ST,STAMFORD AVE ,SAWYER ST / STAMFORD AVE ,OR PROCTOR ,627,03-Aug-14,Vehicle - Pedestrian,X,,,"Two-Way, Divided, Unprotected (painted>4feet) Medium",Dry,Daylight,Clear,1,Not a Collision Between Two Motor Vehicles in Transport,No,No Controls,3,1,Complains Of Pain
245748,8/3/14,3:36 PM,2014-00075633,PUTNAM ST,HALE ST ,PUTNAM ST / HALE ST ,Taylor Britto,202,03-Aug-14,Vehicle - Pedestrian,X,,,"Two-Way , Not Divided",Dry,Daylight,Clear,1,Rear - to - Side,"Yes, M/V and Driver Left Scene",No Controls,1,1,Complains Of Pain
246104,8/4/14,11:35 AM,2014-00075876,1955 WESTMINISTER STREET,,1955 WESTMINISTER STREET / ,Joseph Madeira,552,04-Aug-14,Vehicle - Pedestrian,X,,,"Two-Way , Not Divided",Dry,Daylight,Clear,1,Unknown,No,No Controls,3,1,Complains Of Pain
246030,8/5/14,4:52 AM,2014-00076197,Benefit Street,N MAIN ST ,Benefit Street / N MAIN ST ,Donald Castigliego,287,05-Aug-14,Vehicle - Pedestrian,,,,One-Way Trafficway,Dry,Dawn,Clear,1,Not a Collision Between Two Motor Vehicles in Transport,No,Other,2,1,Complains Of Pain
248384,8/6/14,12:35 PM,2014-00076627,S MAIN ST,S MAIN ST ,S MAIN ST / S MAIN ST ,Joseph Amoroso,613,13-Aug-14,Vehicle - Pedestrian,,,,One-Way Trafficway,Dry,Daylight,Clear,1,Not a Collision Between Two Motor Vehicles in Transport,No,No Controls,2,1,Non-Incapacitating
246549,8/6/14,3:43 PM,2014-00076698,160 Ledge St,HAMPTON ST ,160 Ledge St / HAMPTON ST ,Ptlm. Chin,516,06-Aug-14,Vehicle - Pedestrian,,,,"Two-Way , Not Divided",Dry,Daylight,Clear,1,Not a Collision Between Two Motor Vehicles in Transport,"Yes, M/V and Driver Left Scene",No Controls,1,1,Complains Of Pain
246576,8/6/14,6:34 PM,2014-00076762,LLOYD AVE,HOPE ST ,LLOYD AVE / HOPE ST ,Ptlm. Chin,516,06-Aug-14,Vehicle - Pedestrian,,,,"Two-Way , Not Divided",Dry,Daylight,Clear,1,Not a Collision Between Two Motor Vehicles in Transport,No,Pavement Markings,4,0,No Injury
246597,8/6/14,6:39 PM,2014-00076764,Memorial Blvd,EXCHANGE ST ,Memorial Blvd / EXCHANGE ST ,Ptlm. Chin,516,06-Aug-14,Vehicle - Pedestrian,,,,"Two-Way, Divided, Positive Median Barrier",Dry,Daylight,Clear,1,Not a Collision Between Two Motor Vehicles in Transport,No,Traffic Control Signal,2,1,Complains Of Pain
246634,8/6/14,6:11 PM,2014-00076758,BRANCH AVE,DRYDEN LN ,BRANCH AVE / DRYDEN LN ,Shawn Kennedy,547,07-Aug-14,Vehicle - Pedestrian,X,,,"Two-Way , Not Divided",Dry,Daylight,Clear,1,"Sidwswipe, Opposite Direction",No,No Controls,3,0,Unknown
249311,8/7/14,3:53 PM,2014-00077061,LENOX AVE,NIAGARA ST ,LENOX AVE / NIAGARA ST ,Joshua Greeno,179,07-Aug-14,Vehicle - Pedestrian,,,,"Two-Way , Not Divided",Dry,Daylight,Clear,1,Not a Collision Between Two Motor Vehicles in Transport,No,No Controls,2,1,Complains Of Pain
247963,8/9/14,3:25 PM,2014-00077859,MEMORIAL BLVD,EXCHANGE TER ,MEMORIAL BLVD / EXCHANGE TER ,KEN MATSUMOTO,348,12-Aug-14,Vehicle - Pedestrian,,,,"Two-Way , Not Divided",Dry,Daylight,Clear,1,Not a Collision Between Two Motor Vehicles in Transport,No,Traffic Control Signal,3,1,Complains Of Pain
247437,8/11/14,10:08 AM,2014-00078636,GILMORE STREET,LESTER STREET,GILMORE STREET / LESTER STREET,Joseph Madeira,552,11-Aug-14,Vehicle - Pedestrian,,,,"Two-Way , Not Divided",Dry,Daylight,Clear,1,Other,No,Stop Signs,2,0,No Injury
247444,8/11/14,11:46 AM,2014-00078665,EMPIRE STREET,WASHINGTON STREET,EMPIRE STREET / WASHINGTON STREET,Joseph Madeira,552,11-Aug-14,Vehicle - Pedestrian,,,,"Two-Way , Not Divided",Dry,Dark - Lighted,Clear,1,Other,"Yes, M/V and Driver Left Scene",No Controls,3,1,Complains Of Pain
247562,8/11/14,7:42 PM,2014-00078801,BUCKLIN ST,POTTERS AVE ,BUCKLIN ST / POTTERS AVE ,Ptlm. Chin,516,11-Aug-14,Vehicle - Pedestrian,,,,"Two-Way , Not Divided",Dry,Daylight,Clear,1,Not a Collision Between Two Motor Vehicles in Transport,No,Traffic Control Signal,4,1,Complains Of Pain
248986,8/12/14,3:08 PM,2014-00079033,Pearl St. ,Hayward St. ,Pearl St.  / Hayward St. ,Papa ,187,12-Aug-14,Vehicle - Pedestrian,,,,"Two-Way , Not Divided",Dry,Daylight,Clear,2,Angle (Front - to - Side) Opposite Direction,"Yes, M/V and Driver Left Scene",No Controls,2,0,Unknown
247842,8/12/14,2:00 PM,2014-00079022,JOHN ST,HOPE ST ,JOHN ST / HOPE ST ,Cynthia Rodriguez,693,12-Aug-14,Vehicle - Pedestrian,,,,"Two-Way , Not Divided",Dry,Daylight,Clear,2,"Sideswipe, Same Direction","Yes, M/V and Driver Left Scene",No Controls,2,0,No Injury
248835,8/14/14,8:48 PM,2014-00079825,WASHINGTON ST ,ABORN ST ,WASHINGTON ST  / ABORN ST ,Miguel Mena-Torres,493,14-Aug-14,Vehicle - Pedestrian,X,,,"Two-Way , Not Divided",Dry,Dark - Lighted,Clear,1,Not a Collision Between Two Motor Vehicles in Transport,No,No Controls,3,1,Complains Of Pain
248994,8/15/14,6:09 AM,2014-00080152,910 Atwells Ave,COVELL ST ,910 Atwells Ave / COVELL ST ,Jason Andrade,200,15-Aug-14,Vehicle - Pedestrian,X,,,"Two-Way, Divided, Positive Median Barrier",Dry,Daylight,Clear,1,Head-On (Front - to - Front),No,No Controls,5,1,Incapacitating
249074,8/16/14,4:28 PM,2014-00080512,MARINO PARK,HARTFORD AVE ,MARINO PARK / HARTFORD AVE ,Patrolman D. Hull,598,16-Aug-14,Vehicle - Pedestrian,,,,"Two-Way , Not Divided",Dry,Daylight,Clear,1,Not a Collision Between Two Motor Vehicles in Transport,No,No Controls,3,1,Complains Of Pain
249267,8/18/14,11:34 AM,2014-00081281,SOCIAL ST,RUSSO ST ,SOCIAL ST / RUSSO ST ,Jessica Leone,258,18-Aug-14,Vehicle - Pedestrian,,,,"Two-Way , Not Divided",Dry,Daylight,Clear,1,Not a Collision Between Two Motor Vehicles in Transport,"Yes, M/V and Driver Left Scene",No Controls,1,1,Complains Of Pain
249282,8/18/14,4:56 PM,2014-00081395,REDWING ST,ELMWOOD AVE ,REDWING ST / ELMWOOD AVE ,OR PROCTOR ,627,18-Aug-14,Vehicle - Pedestrian,X,,,One-Way Trafficway,Dry,Daylight,Clear,1,Not a Collision Between Two Motor Vehicles in Transport,No,Stop Signs,3,0,No Injury
249365,8/20/14,9:24 AM,2014-00081952,BROAD ST,PORTLAND ST ,BROAD ST / PORTLAND ST ,Jose Deschamps,419,20-Aug-14,Vehicle - Pedestrian,X,,,"Two-Way , Not Divided",Dry,Daylight,Clear,1,Other,No,No Controls,2,2,Complains Of Pain
249740,8/21/14,9:04 PM,2014-00082522,REGENT AVE,ALTON ST ,REGENT AVE / ALTON ST ,Francisco Furtado,635,22-Aug-14,Vehicle - Pedestrian,,,,"Two-Way, Divided, Unprotected (painted>4feet) Medium",Dry,Dark - Lighted,Clear,5,Angle (Front - to - Side) Right Angle (Includes Broadside),"Yes, M/V and Driver Left Scene",Stop Signs,9,3,Complains Of Pain
249462,8/21/14,4:23 PM,2014-00082431, 70 Fricker St,CRANSTON ST , 70 Fricker St / CRANSTON ST ,Robert Heaton,539,21-Aug-14,Vehicle - Pedestrian,,,,"Two-Way , Not Divided",Dry,Daylight,Cloudy,2,"Sideswipe, Same Direction","Yes, M/V and Driver Left Scene",No Controls,3,0,Unknown
249476,8/21/14,3:21 PM,2014-00082403,Francis St,MEMORIAL BLVD ,Francis St / MEMORIAL BLVD ,Robert Heaton,539,21-Aug-14,Vehicle - Pedestrian,,,,"Two-Way , Not Divided",Dry,Daylight,Cloudy,1,Other,"Yes, M/V and Driver Left Scene",Traffic Control Signal,3,1,Complains Of Pain
249650,8/22/14,9:54 PM,2014-00082930,CRANSTON ST,HANOVER ST ,CRANSTON ST / HANOVER ST ,Luis Pelaez,336,23-Aug-14,Vehicle - Pedestrian,,,,"Two-Way , Not Divided",Dry,Dark - Lighted,Clear,1,Not a Collision Between Two Motor Vehicles in Transport,"Yes, M/V and Driver Left Scene",No Controls,3,2,Complains Of Pain
249673,8/22/14,9:43 PM,2014-00083371,198 LEDGE ST,GRIDLEY ST ,198 LEDGE ST / GRIDLEY ST ,Ryan Moroney,324,24-Aug-14,Vehicle - Pedestrian,,,,"Two-Way , Not Divided",Dry,Dark - Lighted,Clear,2,Unknown,"Yes, M/V and Driver Left Scene",No Controls,2,0,No Injury
249615,8/23/14,8:40 AM,2014-00083111,ELMWOOD AVENUE,EARL STREET,ELMWOOD AVENUE / EARL STREET,Joseph Madeira,552,23-Aug-14,Vehicle - Pedestrian,X,,,"Two-Way , Not Divided",Dry,Daylight,Clear,1,Unknown,No,Stop Signs,3,1,Complains Of Pain
249685,8/24/14,11:15 PM,2014-00083428,PRAIRIE AVE,POTTERS AVE ,PRAIRIE AVE / POTTERS AVE ,Francisco Colon,265,24-Aug-14,Vehicle - Pedestrian,,,,"Two-Way , Not Divided",Dry,Dark - Lighted,Clear,1,Not a Collision Between Two Motor Vehicles in Transport,No,Stop Signs,2,1,Complains Of Pain
249743,8/25/14,9:25 AM,2014-00083923,206 ELMWOOD AVE,ELMWOOD AVE ,206 ELMWOOD AVE / ELMWOOD AVE ,Joseph Amoroso,613,25-Aug-14,Vehicle - Pedestrian,,,,"Two-Way , Not Divided",Dry,Daylight,Clear,1,Not a Collision Between Two Motor Vehicles in Transport,"Yes, M/V and Driver Left Scene",No Controls,3,1,Non-Incapacitating
249852,8/26/14,3:51 PM,2014-00084412,BRIDGHAM ST,WESTMINSTER ST ,BRIDGHAM ST / WESTMINSTER ST ,MICHAEL R. TROIA / TRAFFIC BUREAU,331,26-Aug-14,Vehicle - Pedestrian,,,,"Two-Way , Not Divided",Dry,Daylight,Clear,3,Rear End(Front-to-Rear),"Yes, M/V and Driver Left Scene",Traffic Control Signal,7,2,Complains Of Pain
249914,8/26/14,9:20 AM,2014-00084290,65 GILLEN ST,,65 GILLEN ST / ,Joseph Madeira,552,26-Aug-14,Vehicle - Pedestrian,,,,Unknown,Dry,Daylight,Clear,1,Not a Collision Between Two Motor Vehicles in Transport,No,No Controls,2,0,No Injury
249978,8/26/14,8:09 PM,2014-00084498,Broadway,KNIGHT ST ,Broadway / KNIGHT ST ,Robert Heaton,539,27-Aug-14,Vehicle - Pedestrian,X,,,"Two-Way , Not Divided",Dry,Dark - Lighted,Cloudy,1,Other,No,No Controls,2,1,Complains Of Pain
250029,8/28/14,4:27 PM,2014-00085111,JASTRAM ST,EATON ST ,JASTRAM ST / EATON ST ,Patrolman D. Hull,598,28-Aug-14,Vehicle - Pedestrian,,,,"Two-Way, Divided, Unprotected (painted>4feet) Medium",Dry,Daylight,Clear,1,Angle (Front - to - Side) Right Angle (Includes Broadside),"Yes, M/V and Driver Left Scene",Stop Signs,3,1,Complains Of Pain
250034,8/28/14,3:26 PM,2014-00085093,MELROSE ST,CADILLAC DR ,MELROSE ST / CADILLAC DR ,John Benros,481,28-Aug-14,Vehicle - Pedestrian,,,,"Two-Way , Not Divided",Dry,Daylight,Clear,1,"Sideswipe, Same Direction",No,No Controls,2,1,Complains Of Pain
250043,8/28/14,11:52 AM,2014-00085030,280 WASHINGTON STREET,SERVICE ROAD 8 ,280 WASHINGTON STREET / SERVICE ROAD 8 ,George Pereira,421,29-Aug-14,Vehicle - Pedestrian,,,,"Two-Way , Not Divided",Dry,Daylight,Clear,2,Unknown,"Yes, M/V and Driver Left Scene",No Controls,2,0,No Injury
250012,8/28/14,8:00 AM,2014-00084970,80 WASHINGTON STREET,I 95 S ,80 WASHINGTON STREET / I 95 S ,Joseph Madeira,552,28-Aug-14,Vehicle - Pedestrian,,,,"Two-Way , Not Divided",Dry,Daylight,Clear,1,Other,No,No Controls,2,1,Non-Incapacitating
250096,8/29/14,2:30 PM,2014-00085464,BROAD ST,ALDRICH ST ,BROAD ST / ALDRICH ST ,MICHAEL R. TROIA / TRAFIC BUREAU,331,29-Aug-14,Vehicle - Pedestrian,X,,,"Two-Way , Not Divided",Dry,Daylight,Clear,1,Not a Collision Between Two Motor Vehicles in Transport,"Yes, M/V and Driver Left Scene",Stop Signs,1,1,Complains Of Pain
250177,8/31/14,1:37 AM,2014-00086205,331 Douglas Ave,Pumgansett Ave,331 Douglas Ave / Pumgansett Ave,Michael Clary,269,31-Aug-14,Vehicle - Pedestrian,,,,"Two-Way , Not Divided",Dry,Dark - Lighted,Clear,1,Not a Collision Between Two Motor Vehicles in Transport,"Yes, M/V and Driver Left Scene",No Controls,2,1,Fatal
250389,9/2/14,11:01 AM,2014-00087045,CORLISS ST,INDUSTRIAL DR ,CORLISS ST / INDUSTRIAL DR ,Peter Conley,571,02-Sep-14,Vehicle - Pedestrian,,,,Unknown,Dry,Daylight,Clear,1,Other,No,No Controls,3,1,Complains Of Pain
250586,9/4/14,9:05 AM,2014-00087720,Memorial Blvd,EXCHANGE ST ,Memorial Blvd / EXCHANGE ST ,Edwin Kemble,364,04-Sep-14,Vehicle - Pedestrian,,,,"Two-Way, Divided, Positive Median Barrier",Dry,Daylight,Clear,1,"Sideswipe, Same Direction","Yes, M/V and Driver Left Scene",Traffic Control Signal,1,1,Complains Of Pain