CrashReportId,CrashDate,CrashTime,ReportNumber,StreetOrHighway,NearestIntersection,Location,Officer,Badge,ReportDate,TypeOfCollision,Bicycle,Scooter,Wheel Chair,TypeOfRoadway,RoadSurfaceCondition,LightCondition,WeatherCondition,NumberofVehicles,MannerofImpact,HitAndRun,TrafficControl,PersonCount,InjuryCount,MostSeriousInjury
250607,9/4/14,10:09 AM,2014-00087733,BROAD STREET,PUBLIC STREET,BROAD STREET / PUBLIC STREET,Joseph Madeira,552,04-Sep-14,Vehicle - Pedestrian,,,,"Two-Way , Not Divided",Dry,Daylight,Clear,1,Other,No,Traffic Control Signal,3,1,Non-Incapacitating
250645,9/4/14,4:20 PM,2014-00087851,BROAD ST,CLAVERICK ST ,BROAD ST / CLAVERICK ST ,Ralph Abenante,511,04-Sep-14,Vehicle - Pedestrian,,,X,One-Way Trafficway,Dry,Daylight,Clear,1,Rear End(Front-to-Rear),"Yes, M/V and Driver Left Scene",Other,3,0,No Injury
250649,9/4/14,4:42 PM,2014-00087862,100 Atwells Ave,EXIT 21  (RT ),100 Atwells Ave / EXIT 21  (RT ),Ptlm. Chin,516,04-Sep-14,Vehicle - Pedestrian,,,,"Two-Way , Not Divided",Dry,Daylight,Clear,1,Not a Collision Between Two Motor Vehicles in Transport,No,No Controls,2,0,No Injury
250651,9/4/14,4:20 PM,2014-00087900,SMITH ST,CHALKSTONE AVE ,SMITH ST / CHALKSTONE AVE ,Thomas Rose,465,04-Sep-14,Vehicle - Pedestrian,X,,,"Two-Way , Not Divided",Dry,Daylight,Clear,1,Angle (Front - to - Side) Right Angle (Includes Broadside),"Yes, M/V and Driver Left Scene",No Controls,1,1,Non-Incapacitating
250668,9/4/14,5:26 PM,2014-00087883,Broad St,PENNSYLVANIA AVE ,Broad St / PENNSYLVANIA AVE ,Ptlm. Chin,516,04-Sep-14,Vehicle - Pedestrian,,,,One-Way Trafficway,Dry,Daylight,Clear,1,Not a Collision Between Two Motor Vehicles in Transport,No,No Controls,2,0,No Injury
250704,9/4/14,8:00 PM,2014-00087990,Oakland Ave,CHAD BROWN ST ,Oakland Ave / CHAD BROWN ST ,Robert Heaton,539,05-Sep-14,Vehicle - Pedestrian,,,,"Two-Way , Not Divided",Dry,Dark - Lighted,Clear,2,Rear - to - Side,"Yes, M/V and Driver Left Scene",No Controls,4,0,Unknown
250925,9/6/14,5:24 PM,2014-00088753,420 Charles St,LOMBARDI ST ,420 Charles St / LOMBARDI ST ,Ptlm. Chin,516,06-Sep-14,Vehicle - Pedestrian,,,,"Two-Way , Not Divided",Dry,Daylight,Clear,1,Not a Collision Between Two Motor Vehicles in Transport,No,Pavement Markings,4,1,Complains Of Pain
251527,9/7/14,11:01 AM,2014-00089084,51 SILVER SPRING ST,51 SILVER SPRING ST,51 SILVER SPRING ST / 51 SILVER SPRING ST,David Morgan,474,11-Sep-14,Vehicle - Pedestrian,,,,"Two-Way , Not Divided",Dry,Daylight,Clear,2,Rear - to - Rear,"Yes, M/V and Driver Left Scene",No Controls,3,0,No Injury
250958,9/7/14,2:33 AM,2014-00088999,WEYBOSSET ST,EDDY ST ,WEYBOSSET ST / EDDY ST ,Noel Field,260,07-Sep-14,Vehicle - Pedestrian,,,,"Two-Way , Not Divided",Wet,Dark - Lighted,Rain,1,Not a Collision Between Two Motor Vehicles in Transport,"Yes, M/V and Driver Left Scene",Pavement Markings,2,1,Complains Of Pain
251009,9/7/14,3:29 PM,2014-00089168,Westminster Street,BRIDGHAM ST ,Westminster Street / BRIDGHAM ST ,Michele Rudolph,512,07-Sep-14,Vehicle - Pedestrian,,,,"Two-Way, Divided, Unprotected (painted>4feet) Medium",Dry,Daylight,Clear,2,"Sideswipe, Same Direction","Yes, M/V and Driver Left Scene",No Controls,2,0,Unknown
251318,9/10/14,9:30 AM,2014-00090102,STIMSON AVE,DIMAN PL ,STIMSON AVE / DIMAN PL ,Thomas Rose,465,10-Sep-14,Vehicle - Pedestrian,,,,One-Way Trafficway,Dry,Daylight,Cloudy,2,"Sideswipe, Same Direction","Yes, M/V and Driver Left Scene",No Controls,2,0,Unknown
251325,9/10/14,12:28 PM,2014-00090145,SARATOGA ST,BROAD ST ,SARATOGA ST / BROAD ST ,Michael Camardo,515,10-Sep-14,Vehicle - Pedestrian,,,,"Two-Way , Not Divided",Dry,Daylight,Clear,1,Not a Collision Between Two Motor Vehicles in Transport,"Yes, M/V and Driver Left Scene",Stop Signs,2,1,Complains Of Pain
251377,9/10/14,4:48 PM,2014-00090232,Broadway,VINTON ST ,Broadway / VINTON ST ,Ptlm. Chin,516,10-Sep-14,Vehicle - Pedestrian,,,,"Two-Way , Not Divided",Dry,Daylight,Clear,1,Not a Collision Between Two Motor Vehicles in Transport,No,No Controls,2,1,Complains Of Pain
251511,9/10/14,4:06 PM,2014-00090222,Hope St,12TH ST ,Hope St / 12TH ST ,Ptlm. Chin,516,10-Sep-14,Vehicle - Pedestrian,,,,"Two-Way , Not Divided",Dry,Daylight,Clear,1,Not a Collision Between Two Motor Vehicles in Transport,No,No Controls,2,1,Complains Of Pain
251650,9/11/14,1:29 PM,2014-00090524,1 WASHINGTON AVE,MICHIGAN AVE ,1 WASHINGTON AVE / MICHIGAN AVE ,Brian Thornton,672,12-Sep-14,Vehicle - Pedestrian,,,,One-Way Trafficway,Dry,Daylight,Clear,2,"Sideswipe, Same Direction","Yes, M/V and Driver Left Scene",No Controls,5,0,Unknown
251822,9/12/14,6:42 PM,2014-00091052,119 Bellevue Ave,DEXTER ST ,119 Bellevue Ave / DEXTER ST ,Michele Rudolph,512,12-Sep-14,Vehicle - Pedestrian,,,,"Two-Way , Not Divided",Dry,Dusk,Clear,2,Other,"Yes, M/V and Driver Left Scene",No Controls,4,1,Complains Of Pain
251967,9/13/14,1:54 PM,2014-00091364,ROOSEVELT ST,WEBSTER AVE ,ROOSEVELT ST / WEBSTER AVE ,Anthony Hampton,681,15-Sep-14,Vehicle - Pedestrian,,,,"Two-Way , Not Divided",Dry,Daylight,Clear,2,Unknown,"Yes, M/V and Driver Left Scene",No Controls,2,0,Unknown
252068,9/14/14,8:48 PM,2014-00091885,EDDY ST,THURBERS AVE ,EDDY ST / THURBERS AVE ,Thomas Richards,162,16-Sep-14,Vehicle - Pedestrian,,,,"Two-Way , Not Divided",Dry,Dark - Lighted,Clear,1,Angle (Front - to - Side) Same Direction,"Yes, M/V and Driver Left Scene",No Controls,1,0,No Injury
251864,9/14/14,2:11 AM,2014-00091609,Washington St,EDDY ST ,Washington St / EDDY ST ,Robert Heaton,539,14-Sep-14,Vehicle - Pedestrian,X,,,"Two-Way , Not Divided",Dry,Dark - Lighted,Cloudy,1,Angle (Front - to - Side) Right Angle (Includes Broadside),No,No Controls,5,0,No Injury
251914,9/14/14,2:06 AM,2014-00091603,South Main Street,Pike Street,South Main Street / Pike Street,Daniel Gonzalez,469,14-Sep-14,Vehicle - Pedestrian,,,,One-Way Trafficway,Dry,Dark - Not Lighted,Clear,2,Angle (Front - to - Side) Same Direction,"Yes, M/V and Driver Left Scene",No Controls,4,0,No Injury
252695,9/15/14,7:11 AM,2014-00091974,BUTLER AVE,S ANGELL ST ,BUTLER AVE / S ANGELL ST ,Clifford Torres,270,21-Sep-14,Vehicle - Pedestrian,,,,"Two-Way, Divided, Unprotected (painted>4feet) Medium",Dry,Daylight,Clear,2,Rear End(Front-to-Rear),No,No Controls,4,0,No Injury
252120,9/16/14,3:05 PM,2014-00092434,SERVICE ROAD 3,WESTMINSTER ST ,SERVICE ROAD 3 / WESTMINSTER ST ,Miguel Castillo,489,16-Sep-14,Vehicle - Pedestrian,X,,,"Two-Way , Not Divided",Dry,Daylight,Clear,1,Angle (Front - to - Side) Same Direction,No,No Controls,4,1,Non-Incapacitating
252226,9/16/14,10:08 PM,2014-00092574,Admiral St,TAPPAN ST ,Admiral St / TAPPAN ST ,Robert Heaton,539,17-Sep-14,Vehicle - Pedestrian,,,,"Two-Way , Not Divided",Dry,Dark - Lighted,Cloudy,1,Other,"Yes, M/V and Driver Left Scene",No Controls,3,1,Complains Of Pain
254243,9/17/14,7:59 AM,2014-00092637,DOYLE AVE,HOPE ST ,DOYLE AVE / HOPE ST ,David Morgan,474,07-Oct-14,Vehicle - Pedestrian,,,,"Two-Way , Not Divided",Dry,Daylight,Clear,1,Angle (Front - to - Side) Right Angle (Includes Broadside),No,Pavement Markings,3,0,No Injury
252247,9/17/14,10:46 AM,2014-00092683,DORRANCE ST,CLIFFORD ST ,DORRANCE ST / CLIFFORD ST ,Scott Partridge,161,17-Sep-14,Vehicle - Pedestrian,,,,"Two-Way , Not Divided",Dry,Daylight,Clear,1,Not a Collision Between Two Motor Vehicles in Transport,No,No Controls,3,1,Complains Of Pain
252295,9/17/14,4:05 PM,2014-00092773,57 Gallatin St,EMERSON ST ,57 Gallatin St / EMERSON ST ,Ptlm. Chin,516,17-Sep-14,Vehicle - Pedestrian,,,,"Two-Way , Not Divided",Dry,Daylight,Clear,1,Not a Collision Between Two Motor Vehicles in Transport,No,No Controls,2,1,Complains Of Pain
252502,9/19/14,1:21 PM,2014-00093385,BURNETT STREET,BUCKLIN STREET,BURNETT STREET / BUCKLIN STREET,Joseph Madeira,552,19-Sep-14,Vehicle - Pedestrian,,,,"Two-Way , Not Divided",Dry,Daylight,Clear,1,Other,No,Stop Signs,5,3,Non-Incapacitating
252608,9/20/14,6:38 PM,2014-00093893,WATERMAN ST,THAYER ST ,WATERMAN ST / THAYER ST ,MICHAEL R. TROIA / TRAFFIC BUREAU,331,20-Sep-14,Vehicle - Pedestrian,,,,One-Way Trafficway,Dry,Daylight,Clear,2,"Sideswipe, Same Direction",No,No Controls,4,1,Complains Of Pain
252774,9/22/14,2:41 PM,2014-00094567,601 N MAIN ST,,601 N MAIN ST / ,MICHAEL R. TROIA / TRAFFIC BUREAU,331,22-Sep-14,Vehicle - Pedestrian,,,,"Two-Way , Not Divided",Dry,Daylight,Clear,2,Unknown,"Yes, M/V and Driver Left Scene",No Controls,3,0,Unknown
252798,9/22/14,3:45 PM,2014-00094588,Bridgham St,WESTMINSTER ST ,Bridgham St / WESTMINSTER ST ,Ptlm. Chin,516,22-Sep-14,Vehicle - Pedestrian,,,,"Two-Way , Not Divided",Dry,Daylight,Clear,1,Not a Collision Between Two Motor Vehicles in Transport,"Yes, M/V and Driver Left Scene",Pavement Markings,2,1,Incapacitating
252975,9/23/14,5:41 PM,2014-00094981,North Main St,WHITE ST ,North Main St / WHITE ST ,Ptlm. Chin,516,23-Sep-14,Vehicle - Pedestrian,,,,"Two-Way , Not Divided",Dry,Daylight,Clear,1,Not a Collision Between Two Motor Vehicles in Transport,No,Pavement Markings,5,1,Complains Of Pain
252985,9/23/14,10:14 PM,2014-00095075,N MAIN ST,N MAIN ST ,N MAIN ST / N MAIN ST ,Glen Morgan,558,23-Sep-14,Vehicle - Pedestrian,,,,One-Way Trafficway,Dry,Dark - Lighted,Clear,1,Head-On (Front - to - Front),"Yes, M/V and Driver Left Scene",No Controls,1,1,Complains Of Pain
253016,9/23/14,8:35 PM,2014-00094811,Smith St,ORMS ST ,Smith St / ORMS ST ,Dennis O'Brien,067,24-Sep-14,Vehicle - Pedestrian,,,,"Two-Way , Not Divided",Dry,Daylight,Clear,1,Not a Collision Between Two Motor Vehicles in Transport,No,Traffic Control Signal,2,1,Complains Of Pain
253043,9/23/14,8:37 AM,2014-00094812,WESTMINSTER ST,CAHIR ST ,WESTMINSTER ST / CAHIR ST ,Jesse Ferrell,428,24-Sep-14,Vehicle - Pedestrian,,,,"Two-Way , Not Divided",Dry,Daylight,Clear,1,Other,No,Traffic Control Signal,3,1,Complains Of Pain
253224,9/24/14,2:00 PM,2014-00095230,Pine St,PAGE ST ,Pine St / PAGE ST ,Gary Slater,365,25-Sep-14,Vehicle - Pedestrian,,,,One-Way Trafficway,Dry,Daylight,Clear,1,Other,No,No Controls,2,1,Complains Of Pain
253196,9/25/14,9:25 AM,2014-00095456,141 WEYBOSSET STREET,DORRANCE STREET,141 WEYBOSSET STREET / DORRANCE STREET,Joseph Madeira,552,25-Sep-14,Vehicle - Pedestrian,,,,"Two-Way , Not Divided",Dry,Daylight,Cloudy,1,Other,"Yes, M/V and Driver Left Scene",No Controls,4,1,Non-Incapacitating
253214,9/25/14,12:23 PM,2014-00095504,6TH AVENUE,COLLEGE ROAD,6TH AVENUE / COLLEGE ROAD,Joseph Madeira,552,25-Sep-14,Vehicle - Pedestrian,,,,"Two-Way , Not Divided",Dry,Daylight,Cloudy,1,Other,"Yes, M/V and Driver Left Scene",No Controls,1,0,Unknown
253384,9/27/14,1:35 PM,2014-00096261,CHALKSTONE AVE,CLEMATIS ST ,CHALKSTONE AVE / CLEMATIS ST ,Merrick Cook,280,27-Sep-14,Vehicle - Pedestrian,X,,,"Two-Way , Not Divided",Dry,Daylight,Clear,1,Not a Collision Between Two Motor Vehicles in Transport,No,No Controls,5,1,Non-Incapacitating
253441,9/27/14,2:00 PM,2014-00096266,Broadway,GREENMAN LN ,Broadway / GREENMAN LN ,George Pereira,421,28-Sep-14,Vehicle - Pedestrian,,,,One-Way Trafficway,Dry,Daylight,Clear,1,Angle (Front - to - Side) Opposite Direction,No,Traffic Control Signal,3,1,Complains Of Pain
253447,9/27/14,2:05 PM,2014-00096270,BROAD ST,SUMTER ST ,BROAD ST / SUMTER ST ,Michael Camardo,515,28-Sep-14,Vehicle - Pedestrian,,,,"Two-Way , Not Divided",Dry,Daylight,Clear,1,Not a Collision Between Two Motor Vehicles in Transport,No,No Controls,2,1,Complains Of Pain
253753,9/29/14,3:06 PM,2014-00097135,FOUNTAIN STREET,MATHEWSON ST ,FOUNTAIN STREET / MATHEWSON ST ,William O'Donnell,150,01-Oct-14,Vehicle - Pedestrian,,,,One-Way Trafficway,Dry,Daylight,Clear,1,Not a Collision Between Two Motor Vehicles in Transport,No,Traffic Control Signal,3,0,No Injury
254047,9/29/14,4:01 PM,2014-00097163,TOBEY ST,RING ST ,TOBEY ST / RING ST ,Luis Pelaez,336,04-Oct-14,Vehicle - Pedestrian,,,,Unknown,Dry,Daylight,Clear,1,Not a Collision Between Two Motor Vehicles in Transport,No,No Controls,3,1,Complains Of Pain
253593,9/30/14,9:35 AM,2014-00097400,Cranston St.,POTTERS AVE ,Cranston St. / POTTERS AVE ,John Henderson,148,30-Sep-14,Vehicle - Pedestrian,X,,,"Two-Way , Not Divided",Wet,Daylight,Rain,1,"Sideswipe, Same Direction","Yes, M/V and Driver Left Scene",No Controls,2,1,Complains Of Pain
253977,10/1/14,12:41 AM,2014-00097680,CRANSTON ST,HUNTINGTON AVE ,CRANSTON ST / HUNTINGTON AVE ,David Harrington,276,03-Oct-14,Vehicle - Pedestrian,,,,"Two-Way , Not Divided",Dry,Daylight,Clear,1,Not a Collision Between Two Motor Vehicles in Transport,No,No Controls,3,1,Complains Of Pain
253764,10/1/14,6:45 PM,2014-00097851,HOPE ST,BOWEN ST ,HOPE ST / BOWEN ST ,Robert Heaton,539,01-Oct-14,Vehicle - Pedestrian,,,,"Two-Way , Not Divided",Wet,Dark - Lighted,Rain,1,Other,"Yes, M/V and Driver Left Scene",No Controls,2,1,Complains Of Pain
253780,10/2/14,9:57 AM,2014-00098039,150 WASHINGTON STREET,MATTHEWSON STREET,150 WASHINGTON STREET / MATTHEWSON STREET,Joseph Madeira,552,02-Oct-14,Vehicle - Pedestrian,,,,"Two-Way , Not Divided",Dry,Daylight,Clear,1,Unknown,"Yes, M/V and Driver Left Scene",No Controls,1,0,Unknown
253858,10/3/14,2:27 AM,2014-00098294,SMITH ST,SHARON ST,SMITH ST / SHARON ST,Roland Reed,505,03-Oct-14,Vehicle - Pedestrian,,,,"Two-Way , Not Divided",Dry,Dark - Lighted,Clear,2,Head-On (Front - to - Front),No,No Controls,2,0,No Injury
253872,10/3/14,10:00 AM,2014-00098376,SOUTH WATER ST,BRIDGE ST ,SOUTH WATER ST / BRIDGE ST ,Thomas Rose,465,03-Oct-14,Vehicle - Pedestrian,X,,,One-Way Trafficway,Dry,Daylight,Clear,1,Angle (Front - to - Side) Right Angle (Includes Broadside),No,Traffic Control Signal,2,1,Complains Of Pain
253961,10/3/14,7:37 PM,2014-00098573,18 PLAINFIELD ST,HARTFORD AVE ,18 PLAINFIELD ST / HARTFORD AVE ,Miguel Castillo,489,03-Oct-14,Vehicle - Pedestrian,,,,"Two-Way, Divided, Unprotected (painted>4feet) Medium",Dry,Dark - Lighted,Clear,2,"Sideswipe, Same Direction",No,No Controls,8,0,No Injury
254097,10/5/14,2:34 PM,2014-00099228,Manton Avenue,DELAINE ST ,Manton Avenue / DELAINE ST ,Joseph Sarrasin,561,05-Oct-14,Vehicle - Pedestrian,X,,,"Two-Way , Not Divided",Dry,Daylight,Clear,1,Angle (Front - to - Side) Opposite Direction,"Yes, M/V and Driver Left Scene",No Controls,1,1,Complains Of Pain
254109,10/5/14,5:51 PM,2014-00099284,CLADRASH'S AVE,MAPLE AVE ,CLADRASH'S AVE / MAPLE AVE ,Ptlm. Chin,516,05-Oct-14,Vehicle - Pedestrian,,,,"Two-Way , Not Divided",Dry,Daylight,Clear,1,Not a Collision Between Two Motor Vehicles in Transport,No,No Controls,5,0,No Injury
254127,10/5/14,6:46 AM,2014-00099134,1 ORMS ST,1 ORMS ST ,1 ORMS ST / 1 ORMS ST ,David Morgan,474,06-Oct-14,Vehicle - Pedestrian,,,,"Two-Way , Not Divided",Dry,Daylight,Clear,4,Rear - to - Side,"Yes, M/V and Driver Left Scene",No Controls,4,0,Unknown
254476,10/6/14,9:45 AM,2014-00088451,SABIN ST,SABIN ST ,SABIN ST / SABIN ST ,Joseph Amoroso,613,09-Oct-14,Vehicle - Pedestrian,,,,One-Way Trafficway,Dry,Daylight,Clear,1,Not a Collision Between Two Motor Vehicles in Transport,"Yes, M/V and Driver Left Scene",Traffic Control Signal,1,1,Complains Of Pain
254213,10/7/14,7:45 AM,2014-00099725,HOPE STREET,ONLEY STREET,HOPE STREET / ONLEY STREET,Joseph Madeira,552,07-Oct-14,Vehicle - Pedestrian,,,,"Two-Way , Not Divided",Dry,Daylight,Clear,1,Other,No,Traffic Control Signal,2,0,No Injury
254362,10/8/14,9:39 AM,2014-00100110,CULVER ST,DUDLEY ST ,CULVER ST / DUDLEY ST ,Edwin Kemble,364,08-Oct-14,Vehicle - Pedestrian,,,,"Two-Way , Not Divided",Dry,Daylight,Clear,1,Other,No,Stop Signs,5,1,Complains Of Pain
254436,10/8/14,4:40 PM,2014-00100256,CHARLES ST,MARIETTA ST ,CHARLES ST / MARIETTA ST ,Michael Pattie,316,08-Oct-14,Vehicle - Pedestrian,,,,"Two-Way, Divided, Unprotected (painted>4feet) Medium",Dry,Daylight,Cloudy,1,Other,No,Stop Signs,2,1,Complains Of Pain
254482,10/9/14,8:11 AM,2014-00100446,SMITH ST,HOLDEN ST,SMITH ST / HOLDEN ST,Merrick Cook,280,09-Oct-14,Vehicle - Pedestrian,,,,"Two-Way , Not Divided",Dry,Daylight,Clear,1,Angle (Front - to - Side) Right Angle (Includes Broadside),No,No Controls,2,0,No Injury
254558,10/9/14,10:08 PM,2014-00100724,CHALKSTONE AVE,CAMDEN AVE ,CHALKSTONE AVE / CAMDEN AVE ,Andrew Mignanelli,361,09-Oct-14,Vehicle - Pedestrian,,,,"Two-Way , Not Divided",Dry,Dark - Lighted,Clear,1,Other,No,No Controls,2,1,Incapacitating
254759,10/11/14,7:43 PM,2014-00101382,16 Africa Street,DE PASQUALE AVE ,16 Africa Street / DE PASQUALE AVE ,Michele Rudolph,512,11-Oct-14,Vehicle - Pedestrian,,,,"Two-Way , Not Divided",Dry,Dark - Lighted,Clear,2,Angle (Front - to - Side) Same Direction,"Yes, M/V and Driver Left Scene",No Controls,3,0,No Injury
254767,10/11/14,1:57 AM,2014-00101170,WASHINGTON ST,MATHEWSON ST ,WASHINGTON ST / MATHEWSON ST ,Jason Cotugno,173,12-Oct-14,Vehicle - Pedestrian,,,,"Two-Way , Not Divided",Dry,Dark - Lighted,Cloudy,2,"Sideswipe, Same Direction","Yes, M/V and Driver Left Scene",No Controls,4,0,No Injury
254914,10/13/14,3:48 PM,2014-00102026,Broadway,RINGGOLD ST ,Broadway / RINGGOLD ST ,Michele Rudolph,512,13-Oct-14,Vehicle - Pedestrian,,,,"Two-Way, Divided, Unprotected (painted>4feet) Medium",Dry,Daylight,Cloudy,2,"Sideswipe, Same Direction",No,No Controls,3,0,No Injury
254979,10/14/14,7:53 AM,2014-00102209,BROAD STREET,SERVICE ROAD 7,BROAD STREET / SERVICE ROAD 7,Joseph Madeira,552,14-Oct-14,Vehicle - Pedestrian,,,,"Two-Way , Not Divided",Dry,Daylight,Clear,1,Unknown,No,Traffic Control Signal,2,1,Complains Of Pain
255125,10/15/14,1:01 PM,2014-00102750,IVES ST,WICKENDEN ST ,IVES ST / WICKENDEN ST ,Frank Moody,328,16-Oct-14,Vehicle - Pedestrian,,,,"Two-Way , Not Divided",Dry,Daylight,Clear,1,Other,"Yes, Driver Left Scene",Stop Signs,1,1,Incapacitating
255078,10/15/14,11:49 AM,2014-00102726,ALLENS AVE,ERNEST ST,ALLENS AVE / ERNEST ST,Joseph Amoroso,613,15-Oct-14,Vehicle - Pedestrian,X,,,"Two-Way , Not Divided",Dry,Daylight,Clear,1,Not a Collision Between Two Motor Vehicles in Transport,No,No Controls,3,1,Non-Incapacitating
255100,10/15/14,9:11 PM,2014-00102931,DEAN ST,PROMENADE ST ,DEAN ST / PROMENADE ST ,Nicholas Froncillo,163,15-Oct-14,Vehicle - Pedestrian,,,,"Two-Way, Divided, Positive Median Barrier",Wet,Dark - Lighted,Rain,1,Not a Collision Between Two Motor Vehicles in Transport,No,Traffic Control Signal,4,1,Incapacitating
255121,10/16/14,1:23 AM,2014-00103024,BROAD ST,CHESTNUT ST ,BROAD ST / CHESTNUT ST ,Jason Cotugno,173,16-Oct-14,Vehicle - Pedestrian,,,,"Two-Way , Not Divided",Dry,Dark - Lighted,Clear,1,Not a Collision Between Two Motor Vehicles in Transport,"Yes, M/V and Driver Left Scene",Traffic Control Signal,2,0,No Injury
255218,10/16/14,4:45 PM,2014-00103232,PRAIRIE AVE,OXFORD ST ,PRAIRIE AVE / OXFORD ST ,Harrison Northup,232,16-Oct-14,Vehicle - Pedestrian,,,,"Two-Way , Not Divided",Wet,Dusk,Rain,1,Not a Collision Between Two Motor Vehicles in Transport,No,No Controls,2,1,Complains Of Pain
255272,10/16/14,11:30 PM,2014-00103358,Elmwood Avenue,Princeton Avenue ,Elmwood Avenue / Princeton Avenue ,Raymond Majeau,275,17-Oct-14,Vehicle - Pedestrian,,,,"Two-Way , Not Divided",Wet,Dark - Lighted,Clear,1,Not a Collision Between Two Motor Vehicles in Transport,"Yes, M/V and Driver Left Scene",No Controls,3,1,Complains Of Pain
255450,10/17/14,9:50 PM,2014-00103766,CAMBRIDGE ST,Academy Ave,CAMBRIDGE ST / Academy Ave,Robert Foley,242,18-Oct-14,Vehicle - Pedestrian,,,,"Two-Way , Not Divided",Dry,Dusk,Clear,1,Not a Collision Between Two Motor Vehicles in Transport,No,No Controls,4,1,Complains Of Pain
255373,10/18/14,12:58 AM,2014-00103885,WATERMAN ST,IVES ST ,WATERMAN ST / IVES ST ,Ptlm Cascione,225,18-Oct-14,Vehicle - Pedestrian,,,,One-Way Trafficway,Dry,Dark - Lighted,Clear,1,Angle (Front - to - Side) Right Angle (Includes Broadside),No,No Controls,3,1,Complains Of Pain
255906,10/18/14,1:44 PM,2014-00104100,150 STAMFORD AVE,PARKING LOT,150 STAMFORD AVE / PARKING LOT,Michael Cileli,567,23-Oct-14,Vehicle - Pedestrian,,,,Unknown,Dry,Daylight,Clear,1,Not a Collision Between Two Motor Vehicles in Transport,No,No Controls,5,1,Complains Of Pain
255677,10/19/14,11:33 AM,2014-00104519,NIAGARA,GALLATIN ,NIAGARA / GALLATIN ,Roderick Soares,399,21-Oct-14,Vehicle - Pedestrian,,,,"Two-Way , Not Divided",Dry,Daylight,Clear,2,Head-On (Front - to - Front),"Yes, M/V and Driver Left Scene",No Controls,2,0,Unknown
255625,10/20/14,12:03 PM,2014-00104934,BRIDGHAM ST,CRANSTON ST ,BRIDGHAM ST / CRANSTON ST ,Eugene Craven,517,20-Oct-14,Vehicle - Pedestrian,,,,"Two-Way , Not Divided",Dry,Daylight,Clear,1,Not a Collision Between Two Motor Vehicles in Transport,"Yes, M/V and Driver Left Scene",Traffic Control Signal,1,1,Complains Of Pain
255731,10/21/14,11:02 PM,2014-00105484,FRANCIS ST,MEMORIAL BLVD ,FRANCIS ST / MEMORIAL BLVD ,Margaret Schlageter,472,22-Oct-14,Vehicle - Pedestrian,,,,Unknown,Dry,Dark - Lighted,Clear,2,Angle - Direction Not Specified,"Yes, M/V and Driver Left Scene",No Controls,2,0,Unknown
255787,10/21/14,8:17 AM,2014-00105224,CHARLES ST,GILLEN ST,CHARLES ST / GILLEN ST,Joseph Amoroso,613,22-Oct-14,Vehicle - Pedestrian,,,,"Two-Way , Not Divided",Dry,Daylight,Clear,1,Not a Collision Between Two Motor Vehicles in Transport,No,No Controls,4,0,No Injury
255809,10/21/14,6:17 PM,2014-00105407,BROADWAY,SUTTON ST ,BROADWAY / SUTTON ST ,Brittany Boudreau,236,22-Oct-14,Vehicle - Pedestrian,,,,"Two-Way, Divided, Unprotected (painted>4feet) Medium",Dry,Dawn,Clear,1,Not a Collision Between Two Motor Vehicles in Transport,No,No Controls,4,1,Non-Incapacitating
255852,10/22/14,9:00 PM,2014-00105766,DOUGLAS AVE,DOUGLAS AVE ,DOUGLAS AVE / DOUGLAS AVE ,Brian Auclair,166,22-Oct-14,Vehicle - Pedestrian,,,,"Two-Way , Not Divided",Wet,Dark - Not Lighted,Rain,1,Not a Collision Between Two Motor Vehicles in Transport,No,Stop Signs,3,1,Complains Of Pain
255858,10/22/14,8:00 PM,2014-00105803,N MAIN ST,RANDALL ST ,N MAIN ST / RANDALL ST ,Ryan Moroney,324,22-Oct-14,Vehicle - Pedestrian,,,,"Two-Way, Divided, Positive Median Barrier",Wet,Dark - Lighted,Rain,1,Not a Collision Between Two Motor Vehicles in Transport,No,No Controls,3,1,Incapacitating
255890,10/22/14,11:53 PM,2014-00105872,PEARL ST,LOCKWOOD ST ,PEARL ST / LOCKWOOD ST ,Robert Savage,238,23-Oct-14,Vehicle - Pedestrian,,,,Unknown,Wet,Dark - Lighted,Rain,2,Not a Collision Between Two Motor Vehicles in Transport,"Yes, M/V and Driver Left Scene",No Controls,2,1,Complains Of Pain
256195,10/24/14,7:05 PM,2014-00106598,PARK ST,SMITH ST ,PARK ST / SMITH ST ,Robert Foley,242,25-Oct-14,Vehicle - Pedestrian,,,,"Two-Way , Not Divided",Dry,Dusk,Clear,1,Not a Collision Between Two Motor Vehicles in Transport,"Yes, M/V and Driver Left Scene",No Controls,1,0,Unknown
256155,10/25/14,3:23 AM,2014-00106820,GROVE ST,KNIGHT ST ,GROVE ST / KNIGHT ST ,David Harrington,276,25-Oct-14,Vehicle - Pedestrian,X,,,"Two-Way , Not Divided",Dry,Dark - Lighted,Clear,1,Not a Collision Between Two Motor Vehicles in Transport,No,Stop Signs,5,1,Complains Of Pain
256430,10/27/14,6:15 PM,2014-00107906,PRESCOTT ST,WOLCOTT ST ,PRESCOTT ST / WOLCOTT ST ,Michael Gammino,491,27-Oct-14,Vehicle - Pedestrian,,,,"Two-Way, Divided, Unprotected (painted>4feet) Medium",Dry,Dark - Not Lighted,Clear,1,Head-On (Front - to - Front),No,No Controls,3,1,Complains Of Pain