CrashReportId,CrashDate,CrashTime,ReportNumber,StreetOrHighway,NearestIntersection,Location,Officer,Badge,ReportDate,TypeOfCollision,Bicycle,Scooter,Wheel Chair,TypeOfRoadway,RoadSurfaceCondition,LightCondition,WeatherCondition,NumberofVehicles,MannerofImpact,HitAndRun,TrafficControl,PersonCount,InjuryCount,MostSeriousInjury
256450,10/27/14,8:01 PM,2014-00107935,WASHINGTON ST,DORRANCE ST ,WASHINGTON ST / DORRANCE ST ,Harrison Northup,232,27-Oct-14,Vehicle - Pedestrian,,,,"Two-Way , Not Divided",Dry,Dark - Lighted,Clear,1,Not a Collision Between Two Motor Vehicles in Transport,No,Traffic Control Signal,3,1,Complains Of Pain
256581,10/29/14,6:53 AM,2014-00108450,338 Hartford Ave,LAUREL HILL AVE ,338 Hartford Ave / LAUREL HILL AVE ,Jimmy Gutierrez,246,29-Oct-14,Vehicle - Pedestrian,,,,"Two-Way, Divided, Unprotected (painted>4feet) Medium",Wet,Daylight,Clear,1,Head-On (Front - to - Front),No,No Controls,3,2,Complains Of Pain
256729,10/29/14,10:15 PM,2014-00108755,119 Atwells Ave,BRADFORD ST ,119 Atwells Ave / BRADFORD ST ,Michael Barrera,249,29-Oct-14,Vehicle - Pedestrian,,,,"Two-Way , Not Divided",Wet,Dark - Lighted,Rain,1,Not a Collision Between Two Motor Vehicles in Transport,"Yes, M/V and Driver Left Scene",No Controls,1,1,Non-Incapacitating
256880,10/30/14,4:01 PM,2014-00109004,Westminster St,Marshall St ,Westminster St / Marshall St ,Robert Foley,242,31-Oct-14,Vehicle - Pedestrian,,,,"Two-Way , Not Divided",Dry,Daylight,Clear,2,Angle - Direction Not Specified,"Yes, M/V and Driver Left Scene",Stop Signs,3,0,No Injury
257142,11/1/14,3:41 PM,2014-00109842,2 Tobey Street,PENN ST ,2 Tobey Street / PENN ST ,Michele Rudolph,512,01-Nov-14,Vehicle - Pedestrian,,,,One-Way Trafficway,Wet,Daylight,Rain,1,Not a Collision Between Two Motor Vehicles in Transport,No,No Controls,3,1,Complains Of Pain
257152,11/1/14,4:14 PM,2014-00109857,333 Atwells Ave,MURPHY ST ,333 Atwells Ave / MURPHY ST ,Michele Rudolph,512,01-Nov-14,Vehicle - Pedestrian,,,,Unknown,Wet,Daylight,Rain,2,Unknown,"Yes, M/V and Driver Left Scene",No Controls,3,0,Unknown
257269,11/2/14,1:52 AM,2014-00110057,MORRIS AVE,CYPRESS ST,MORRIS AVE / CYPRESS ST,MICHAEL R. TROIA / TRAFFIC BUREAU,331,02-Nov-14,Vehicle - Pedestrian,,,,"Two-Way , Not Divided",Dry,Dark - Lighted,Clear,1,Not a Collision Between Two Motor Vehicles in Transport,No,Stop Signs,2,1,Complains Of Pain
258900,11/5/14,8:27 AM,2014-00111199,21 Lynch st,YALE AVE ,21 Lynch st / YALE AVE ,Dennis O'Brien,067,09-Nov-14,Vehicle - Pedestrian,,,,"Two-Way , Not Divided",Dry,Daylight,Clear,2,Rear End(Front-to-Rear),No,No Controls,4,0,No Injury
257985,11/5/14,1:35 PM,2014-00111292,RANDALL ST,CHARLES ST ,RANDALL ST / CHARLES ST ,David Morgan,474,06-Nov-14,Vehicle - Pedestrian,,,,"Two-Way , Not Divided",Dry,Daylight,Clear,2,Rear End(Front-to-Rear),"Yes, M/V and Driver Left Scene",No Controls,2,0,No Injury
258311,11/7/14,7:47 AM,2014-00111942,MOUNT HOPE AVE,HOPE ST ,MOUNT HOPE AVE / HOPE ST ,Jose Deschamps,419,07-Nov-14,Vehicle - Pedestrian,X,,,"Two-Way, Divided, Unprotected (painted>4feet) Medium",Dry,Daylight,Clear,1,Angle (Front - to - Side) Right Angle (Includes Broadside),No,No Controls,3,2,Complains Of Pain
258452,11/7/14,1:06 PM,2014-00112024,FRANCIS STREET,FINANCE WAY,FRANCIS STREET / FINANCE WAY,Joseph Madeira,552,07-Nov-14,Vehicle - Pedestrian,,,,"Two-Way , Not Divided",Dry,Daylight,Clear,1,Other,No,No Controls,5,1,Non-Incapacitating
258945,11/9/14,12:28 PM,2014-00112807,STEEPLE STREET,MEMORIAL BLVD.,STEEPLE STREET / MEMORIAL BLVD.,Joseph Madeira,552,09-Nov-14,Vehicle - Pedestrian,X,,,"Two-Way , Not Divided",Dry,Daylight,Clear,1,Other,No,Traffic Control Signal,4,1,Non-Incapacitating
260452,11/10/14,8:43 AM,2014-00113064,ANGELL ST,S ANGELL ST ,ANGELL ST / S ANGELL ST ,Joseph Amoroso,613,17-Nov-14,Vehicle - Pedestrian,,,,One-Way Trafficway,Dry,Daylight,Clear,1,Not a Collision Between Two Motor Vehicles in Transport,No,Traffic Control Signal,7,1,Non-Incapacitating
259757,11/11/14,4:03 PM,2014-00113576,HARTFORD AVE,HARTFORD AVE ,HARTFORD AVE / HARTFORD AVE ,Michael Luke,245,13-Nov-14,Vehicle - Pedestrian,,,,"Two-Way, Divided, Unprotected (painted>4feet) Medium",Dry,Daylight,Clear,1,Other,"Yes, M/V and Driver Left Scene",No Controls,1,1,Complains Of Pain
259876,11/11/14,5:22 PM,2014-00113613,BLACKSTONE BLVD,HOPE ST ,BLACKSTONE BLVD / HOPE ST ,Glen Morgan,558,11-Nov-14,Vehicle - Pedestrian,,,,"Two-Way, Divided, Unprotected (painted>4feet) Medium",Dry,Dark - Lighted,Clear,1,Angle (Front - to - Side) Right Angle (Includes Broadside),No,No Controls,3,0,No Injury
259582,11/12/14,1:15 PM,2014-00113903,Prarie Ave,POTTERS AVE ,Prarie Ave / POTTERS AVE ,John Abatiello,692,12-Nov-14,Vehicle - Pedestrian,,,,"Two-Way, Divided, Unprotected (painted>4feet) Medium",Dry,Daylight,Clear,2,Rear End(Front-to-Rear),"Yes, M/V and Driver Left Scene",No Controls,3,0,No Injury
259622,11/12/14,7:00 PM,2014-00114041,CHALKSTONE AVENUE,HOME AVENUE ,CHALKSTONE AVENUE / HOME AVENUE ,Giuseppe Scarcello,485,12-Nov-14,Vehicle - Pedestrian,,,,"Two-Way , Not Divided",Dry,Dark - Lighted,Clear,1,Not a Collision Between Two Motor Vehicles in Transport,No,No Controls,2,1,Non-Incapacitating
259797,11/13/14,6:32 PM,2014-00114392,CLAVERICK ST,BROAD ST ,CLAVERICK ST / BROAD ST ,MICHAEL R. TROIA / TRAFFIC BUREAU,331,13-Nov-14,Vehicle - Pedestrian,,,,One-Way Trafficway,Dry,Dark - Not Lighted,Clear,1,Not a Collision Between Two Motor Vehicles in Transport,No,Traffic Control Signal,4,1,Complains Of Pain
259916,11/14/14,1:44 PM,2014-00114630,BRANCH AVE,DRYDEN LN ,BRANCH AVE / DRYDEN LN ,John Almeida,386,14-Nov-14,Vehicle - Pedestrian,,,,Unknown,Dry,Daylight,Clear,1,Not a Collision Between Two Motor Vehicles in Transport,No,No Controls,2,1,Complains Of Pain
259991,11/15/14,3:45 AM,2014-00114339,PEMBROKE AVE,CHAD BROWN ST ,PEMBROKE AVE / CHAD BROWN ST ,Michael Barrera,249,15-Nov-14,Vehicle - Pedestrian,,,,"Two-Way , Not Divided",Dry,Dark - Lighted,Clear,2,Unknown,"Yes, M/V and Driver Left Scene",No Controls,2,0,Unknown
260188,11/15/14,5:33 PM,2014-00115141,Amherst Street,FLORENCE ST ,Amherst Street / FLORENCE ST ,Gabriel Morales,273,15-Nov-14,Vehicle - Pedestrian,,,,"Two-Way , Not Divided",Dry,Dark - Lighted,Clear,1,Angle (Front - to - Side) Same Direction,No,Stop Signs,4,1,Complains Of Pain
260487,11/17/14,2:15 PM,2014-00115846,100 HARTFORD AVE,EDNA ST ,100 HARTFORD AVE / EDNA ST ,Jose Deschamps,419,17-Nov-14,Vehicle - Pedestrian,,,,"Two-Way, Divided, Unprotected (painted>4feet) Medium",Wet,Daylight,Rain,1,Other,No,No Controls,5,1,Complains Of Pain
260499,11/17/14,5:34 PM,2014-00115910,CANDACE ST,ORMS ST ,CANDACE ST / ORMS ST ,Joseph Lopes,227,17-Nov-14,Vehicle - Pedestrian,,,,"Two-Way , Not Divided",Wet,Dark - Unknown Lighting,Rain,1,Angle (Front - to - Side) Right Angle (Includes Broadside),No,Traffic Control Signal,2,1,Complains Of Pain
260507,11/17/14,5:48 PM,2014-00115921,122 BATH ST,ORMS ST ,122 BATH ST / ORMS ST ,Vincent Pazzetta,641,17-Nov-14,Vehicle - Pedestrian,,,,"Two-Way , Not Divided",Wet,Dark - Lighted,Rain,1,Not a Collision Between Two Motor Vehicles in Transport,No,No Controls,3,1,Complains Of Pain
260508,11/17/14,4:22 PM,2014-00115890,EXIT (RT 6),ATWELLS AVE ,EXIT (RT 6) / ATWELLS AVE ,Tracie Miller,212,17-Nov-14,Vehicle - Pedestrian,,,,One-Way Trafficway,Wet,Dusk,Rain,2,"Sideswipe, Same Direction","Yes, M/V and Driver Left Scene",No Controls,3,0,No Injury
260548,11/17/14,5:35 PM,2014-00115918,Oxford Street,PRAIRIE AVE ,Oxford Street / PRAIRIE AVE ,Gabriel Morales,273,17-Nov-14,Vehicle - Pedestrian,,,,"Two-Way , Not Divided",Wet,Dark - Lighted,Rain,0,Unknown,,Stop Signs,1,0,No Injury
260619,11/18/14,5:03 PM,2014-00116246,CHALKSTONE AVENUE,CANTON STREET,CHALKSTONE AVENUE / CANTON STREET,Giuseppe Scarcello,485,18-Nov-14,Vehicle - Pedestrian,,,,"Two-Way , Not Divided",Dry,Dark - Lighted,Clear,1,Not a Collision Between Two Motor Vehicles in Transport,"Yes, M/V and Driver Left Scene",No Controls,2,0,Unknown
261257,11/19/14,8:52 PM,2014-00116683,COLLEGE ST,BENEFIT ST ,COLLEGE ST / BENEFIT ST ,Robert Heaton,539,22-Nov-14,Vehicle - Pedestrian,,,,"Two-Way , Not Divided",Dry,Dark - Lighted,Clear,3,Rear End(Front-to-Rear),"Yes, Driver Left Scene",No Controls,5,0,Unknown
261044,11/21/14,12:31 AM,2014-00117088,WASHINGTON ST,EMPIRE ST ,WASHINGTON ST / EMPIRE ST ,Alberto DaCruz,205,21-Nov-14,Vehicle - Pedestrian,X,,,"Two-Way , Not Divided",Dry,Dark - Lighted,Clear,1,Not a Collision Between Two Motor Vehicles in Transport,No,Traffic Control Signal,2,1,Incapacitating
261424,11/22/14,1:07 PM,2014-00117641,871 ELMWOOD AVE,ROGER WILLIAMS CT ,871 ELMWOOD AVE / ROGER WILLIAMS CT ,Jose Deschamps,419,22-Nov-14,Vehicle - Pedestrian,,,,"Two-Way , Not Divided",Dry,Daylight,Clear,1,Other,"Yes, M/V and Driver Left Scene",No Controls,3,1,Complains Of Pain
261597,11/24/14,1:54 PM,2014-00118378,HOPE ST,WICKENDEN ST ,HOPE ST / WICKENDEN ST ,Jose Deschamps,419,24-Nov-14,Vehicle - Pedestrian,,,,"Two-Way , Not Divided",Wet,Daylight,Rain,1,Other,No,No Controls,2,1,Complains Of Pain
261608,11/24/14,12:57 PM,2014-00118358,WATERMAN ST,PROSPECT ST ,WATERMAN ST / PROSPECT ST ,Jose Deschamps,419,24-Nov-14,Vehicle - Pedestrian,X,,,"Two-Way , Not Divided",Wet,Daylight,Rain,1,Angle (Front - to - Side) Right Angle (Includes Broadside),No,Stop Signs,2,0,No Injury
261631,11/24/14,5:08 PM,2014-00118446,WEYBOSSET ST,SNOW ST ,WEYBOSSET ST / SNOW ST ,Ralph Abenante,511,24-Nov-14,Vehicle - Pedestrian,X,,,"Two-Way, Divided, Unprotected (painted>4feet) Medium",Wet,Dark - Lighted,Cloudy,1,Not a Collision Between Two Motor Vehicles in Transport,No,Other,3,0,No Injury
261665,11/24/14,8:04 PM,2014-00118510,Cushing Street,BROOK ST ,Cushing Street / BROOK ST ,Nicole Darling,325,24-Nov-14,Vehicle - Pedestrian,,,,"Two-Way , Not Divided",Wet,Dusk,Rain,0,Not a Collision Between Two Motor Vehicles in Transport,,Stop Signs,1,0,Unknown
261785,11/25/14,3:13 PM,2014-00118781,190 camp st,,190 camp st / ,Robert Foley,242,25-Nov-14,Vehicle - Pedestrian,,,,"Two-Way , Not Divided",Dry,Daylight,Clear,2,"Sideswipe, Same Direction","Yes, M/V and Driver Left Scene",No Controls,2,0,Unknown
262305,11/26/14,1:34 PM,2014-00119094,N MAIN ST,RANDALL ST ,N MAIN ST / RANDALL ST ,William Hutchinson,391,29-Nov-14,Vehicle - Pedestrian,,,,One-Way Trafficway,Slush,Daylight,"Sleet, Hail (Freezing Rain or Drizzle)",2,Rear End(Front-to-Rear),"Yes, M/V and Driver Left Scene",No Controls,5,0,No Injury
262032,11/26/14,4:24 PM,2014-00119153,WAVERLY ST,CRANSTON ST ,WAVERLY ST / CRANSTON ST ,Jose Deschamps,419,26-Nov-14,Vehicle - Pedestrian,,,,"Two-Way , Not Divided",Wet,Dark - Not Lighted,"Sleet, Hail (Freezing Rain or Drizzle)",1,Other,"Yes, M/V and Driver Left Scene",No Controls,1,1,Complains Of Pain
262445,11/26/14,9:39 AM,2014-00119015,PLAINFIELD ST,DIKE ST ,PLAINFIELD ST / DIKE ST ,Anthony Hampton,681,30-Nov-14,Vehicle - Pedestrian,,,,"Two-Way , Not Divided",Dry,Daylight,Clear,1,Other,"Yes, M/V and Driver Left Scene",No Controls,3,1,Complains Of Pain
262259,11/28/14,6:30 PM,2014-00119769,POCASSET AVE,PLAINFIELD ST ,POCASSET AVE / PLAINFIELD ST ,Daryl Pfeiffer,241,28-Nov-14,Vehicle - Pedestrian,,,,"Two-Way , Not Divided",Dry,Dark - Lighted,Clear,1,Other,"Yes, Driver Left Scene",No Controls,2,1,Complains Of Pain
262388,11/29/14,7:34 PM,2014-00120136,HARTFORD AVE,LAUREL HILL AVE ,HARTFORD AVE / LAUREL HILL AVE ,James Lanier,211,29-Nov-14,Vehicle - Pedestrian,,,,"Two-Way, Divided, Unprotected (painted>4feet) Medium",Dry,Dark - Lighted,Clear,2,Other,"Yes, Driver Left Scene",No Controls,2,0,No Injury
262408,11/30/14,2:53 AM,2014-00120288,PINE ST,RICHMOND ST ,PINE ST / RICHMOND ST ,Shaun Marmas,216,30-Nov-14,Vehicle - Pedestrian,,,,One-Way Trafficway,Dry,Dark - Lighted,Clear,1,Unknown,"Yes, M/V and Driver Left Scene",No Controls,6,1,Non-Incapacitating
262587,12/1/14,12:00 PM,2014-00120633,ORMS ST,CHARLES ST ,ORMS ST / CHARLES ST ,David Morgan,474,01-Dec-14,Vehicle - Pedestrian,,,,"Two-Way , Not Divided",Dry,Daylight,Clear,2,Head-On (Front - to - Front),No,Pavement Markings,6,3,Incapacitating
262736,12/1/14,7:15 PM,2014-00120839,17 Winthrop Ave,CHALKSTONE AVE ,17 Winthrop Ave / CHALKSTONE AVE ,Robert Heaton,539,02-Dec-14,Vehicle - Pedestrian,,,,"Two-Way , Not Divided",Dry,Dark - Lighted,Cloudy,2,Unknown,"Yes, M/V and Driver Left Scene",No Controls,3,0,Unknown
263058,12/4/14,1:30 PM,2014-00121712,Washington St,GREENE ST ,Washington St / GREENE ST ,Gary Slater,365,04-Dec-14,Vehicle - Pedestrian,,,,"Two-Way , Not Divided",Dry,Daylight,Clear,1,Other,No,Traffic Control Signal,2,1,Non-Incapacitating
263431,12/5/14,7:53 AM,2014-00122005,ORMS ST,SMITH ST ,ORMS ST / SMITH ST ,Jose Deschamps,419,06-Dec-14,Vehicle - Pedestrian,,,,"Two-Way, Divided, Unprotected (painted>4feet) Medium",Dry,Daylight,Clear,1,Head-On (Front - to - Front),No,Traffic Control Signal,2,2,Complains Of Pain
264368,12/9/14,4:57 PM,2014-00123461,Broadway ,KNIGHT ST ,Broadway  / KNIGHT ST ,Ptlm. Chin,516,09-Dec-14,Vehicle - Pedestrian,,,,"Two-Way , Not Divided",Wet,Dark - Lighted,Rain,1,Not a Collision Between Two Motor Vehicles in Transport,No,No Controls,3,1,Complains Of Pain
264553,12/10/14,8:09 AM,2014-00123622,STATE ST,ORMS ST EXIT 23 ,STATE ST / ORMS ST EXIT 23 ,David Morgan,474,10-Dec-14,Vehicle - Pedestrian,,,,"Two-Way , Not Divided",Wet,Daylight,Cloudy,1,Angle (Front - to - Side) Same Direction,No,Pavement Markings,3,1,Complains Of Pain
264694,12/10/14,5:18 PM,2014-00123792,HOPE ST,ANGELL ST ,HOPE ST / ANGELL ST ,Fausto Garcia,109,10-Dec-14,Vehicle - Pedestrian,,,,"Two-Way , Not Divided",Wet,Dark - Lighted,Rain,1,Not a Collision Between Two Motor Vehicles in Transport,No,Pavement Markings,2,1,Complains Of Pain
264746,12/10/14,3:47 PM,2014-00123755,Hayward St,PEARL ST ,Hayward St / PEARL ST ,Noel Field,260,10-Dec-14,Vehicle - Pedestrian,,,,"Two-Way , Not Divided",Wet,Dusk,Rain,1,Not a Collision Between Two Motor Vehicles in Transport,"Yes, M/V and Driver Left Scene",Stop Signs,2,2,Complains Of Pain
264780,12/10/14,9:21 PM,2014-00123880,WATERMAN ST,HOPE ST ,WATERMAN ST / HOPE ST ,Steffan Rasch,315,10-Dec-14,Vehicle - Pedestrian,,,,"Two-Way , Not Divided",Wet,Dark - Lighted,Rain,1,Not a Collision Between Two Motor Vehicles in Transport,No,Traffic Control Signal,2,1,Complains Of Pain
265143,12/12/14,6:48 PM,2014-00124517,MEMORIAL BOULEVARD,COLLEGE ST ,MEMORIAL BOULEVARD / COLLEGE ST ,Joseph Amoroso,613,12-Dec-14,Vehicle - Pedestrian,,,,"Two-Way , Not Divided",Dry,Dark - Lighted,Clear,1,Not a Collision Between Two Motor Vehicles in Transport,No,Traffic Control Signal,4,1,Complains Of Pain
265254,12/13/14,3:17 PM,2014-00124816,BROADWAY,KNIGHT ST ,BROADWAY / KNIGHT ST ,Harrison Northup,232,13-Dec-14,Vehicle - Pedestrian,X,,,"Two-Way , Not Divided",Dry,Daylight,Clear,1,Not a Collision Between Two Motor Vehicles in Transport,No,Traffic Control Signal,3,0,No Injury
265317,12/14/14,1:33 AM,2014-00124996,ELMWOOD AVE,RESERVOIR AVE ,ELMWOOD AVE / RESERVOIR AVE ,Thomas Connetta,374,14-Dec-14,Vehicle - Pedestrian,,,,"Two-Way, Divided, Positive Median Barrier",Dry,Dark - Lighted,Clear,1,Head-On (Front - to - Front),"Yes, M/V and Driver Left Scene",Traffic Control Signal,3,1,Fatal
265481,12/15/14,7:48 PM,2014-00125541,POINT ST,RICHMOND ST,POINT ST / RICHMOND ST,Ibrahim Yousif,196,15-Dec-14,Vehicle - Pedestrian,,,,"Two-Way, Divided, Unprotected (painted>4feet) Medium",Dry,Dark - Lighted,Clear,1,Not a Collision Between Two Motor Vehicles in Transport,No,Traffic Control Signal,2,1,Complains Of Pain
265560,12/16/14,8:25 AM,2014-00125657,DOUGLAS AVE,DOUGLAS AVE ,DOUGLAS AVE / DOUGLAS AVE ,Jose Deschamps,419,16-Dec-14,Vehicle - Pedestrian,,,,"Two-Way , Not Divided",Dry,Daylight,Clear,1,Not a Collision Between Two Motor Vehicles in Transport,No,No Controls,2,1,Complains Of Pain
265641,12/16/14,8:04 PM,2014-00125912,Francis St,AMERICAN EXPRESS PLZ ,Francis St / AMERICAN EXPRESS PLZ ,David Impagliazzo,223,16-Dec-14,Vehicle - Pedestrian,,,,"Two-Way , Not Divided",Dry,Dark - Lighted,Clear,1,Not a Collision Between Two Motor Vehicles in Transport,No,Traffic Control Signal,7,1,Incapacitating
265755,12/17/14,4:47 PM,2014-00126207,ATWELLS AVE,ACADEMY AVE ,ATWELLS AVE / ACADEMY AVE ,Eduardo Curi,294,17-Dec-14,Vehicle - Pedestrian,,,,"Two-Way , Not Divided",Dry,Dark - Lighted,Clear,1,Not a Collision Between Two Motor Vehicles in Transport,No,Traffic Control Signal,2,1,Complains Of Pain
266280,12/20/14,5:35 PM,2014-00127310,CRANSTON ST,HOLLIS ST ,CRANSTON ST / HOLLIS ST ,Luis Pelaez,336,21-Dec-14,Vehicle - Pedestrian,,,,"Two-Way , Not Divided",Snow,Dark - Lighted,Snow,1,Not a Collision Between Two Motor Vehicles in Transport,No,No Controls,2,1,Complains Of Pain
266142,12/20/14,12:40 PM,2014-00127219,100 FRANCIS STREET,,100 FRANCIS STREET / ,Joseph Madeira,552,20-Dec-14,Vehicle - Pedestrian,,,,"Two-Way , Not Divided",Dry,Daylight,Clear,1,Other,No,No Controls,5,1,Non-Incapacitating
266150,12/20/14,4:28 PM,2014-00127288,Valley St,DELAINE ST ,Valley St / DELAINE ST ,Juan Rodrigues,194,20-Dec-14,Vehicle - Pedestrian,X,,,"Two-Way , Not Divided",Wet,Daylight,Clear,1,Angle (Front - to - Side) Right Angle (Includes Broadside),No,Flashing Traffic Control Signal,3,0,No Injury
266194,12/21/14,1:54 AM,2014-00127449,HARRIS AVE,KINSLEY AVE ,HARRIS AVE / KINSLEY AVE ,James Lanier,211,21-Dec-14,Vehicle - Pedestrian,,,,"Two-Way , Not Divided",Wet,Dark - Not Lighted,Snow,2,Not a Collision Between Two Motor Vehicles in Transport,"Yes, M/V and Driver Left Scene",No Controls,2,1,Incapacitating
266641,12/23/14,3:45 PM,2014-00128251,Francis Street,MEMORIAL BLVD ,Francis Street / MEMORIAL BLVD ,Daryl Pfeiffer,241,23-Dec-14,Vehicle - Pedestrian,,,,"Two-Way , Not Divided",Dry,Daylight,Clear,1,Not a Collision Between Two Motor Vehicles in Transport,"Yes, M/V and Driver Left Scene",No Controls,1,1,Complains Of Pain
266645,12/23/14,5:43 PM,2014-00128278,HOPE ST,LAURISTON ST ,HOPE ST / LAURISTON ST ,John Sigillo,590,23-Dec-14,Vehicle - Pedestrian,,,,"Two-Way , Not Divided",Wet,Dark - Lighted,Rain,1,Head-On (Front - to - Front),No,Stop Signs,5,1,Non-Incapacitating
266950,12/25/14,2:21 PM,2014-00128834,ROCHAMBEAU AVENUE,HOPE STREET,ROCHAMBEAU AVENUE / HOPE STREET,Joseph Madeira,552,26-Dec-14,Vehicle - Pedestrian,,,,"Two-Way , Not Divided",Dry,Daylight,Clear,1,Unknown,"Yes, M/V and Driver Left Scene",Traffic Control Signal,2,0,No Injury
267074,12/26/14,4:24 PM,2014-00129395,Sprague St,HARRISON ST ,Sprague St / HARRISON ST ,Troy Lambert,413,27-Dec-14,Vehicle - Pedestrian,,,,"Two-Way , Not Divided",Dry,Daylight,Clear,1,Not a Collision Between Two Motor Vehicles in Transport,"Yes, M/V and Driver Left Scene",No Controls,1,1,Complains Of Pain
267234,12/29/14,8:06 AM,2014-00129867,HOMER ST,BROAD ST ,HOMER ST / BROAD ST ,Jose Deschamps,419,29-Dec-14,Vehicle - Pedestrian,,,,"Two-Way, Divided, Unprotected (painted>4feet) Medium",Dry,Daylight,Clear,1,Not a Collision Between Two Motor Vehicles in Transport,"Yes, M/V and Driver Left Scene",No Controls,1,1,Complains Of Pain
267258,12/29/14,9:59 AM,2014-00129900,206 Elmwood Avenue,PLENTY STREET,206 Elmwood Avenue / PLENTY STREET,Michele Rudolph,512,29-Dec-14,Vehicle - Pedestrian,,,,"Two-Way , Not Divided",Dry,Daylight,Clear,1,Not a Collision Between Two Motor Vehicles in Transport,No,Traffic Control Signal,4,1,Complains Of Pain
267275,12/29/14,12:27 PM,2014-00129938,CHALKSTONE AVE,LISBON ST ,CHALKSTONE AVE / LISBON ST ,Wayne Mann,563,29-Dec-14,Vehicle - Pedestrian,X,,,"Two-Way , Not Divided",Dry,Daylight,Cloudy,1,Other,No,Pavement Markings,3,0,No Injury
267976,1/3/15,3:16 PM,2015-00000844,325 VALLEY ST,CLIFF ST,325 VALLEY ST / CLIFF ST,Stephen Frechette,362,03-Jan-15,Vehicle - Pedestrian,,,,"Two-Way , Not Divided",Dry,Daylight,Clear,2,Rear End(Front-to-Rear),No,No Controls,4,2,Non-Incapacitating
268063,1/3/15,8:08 PM,2015-00000959,29 Daniel Ave,HARLAM ST ,29 Daniel Ave / HARLAM ST ,Kevin Costa,431,03-Jan-15,Vehicle - Pedestrian,,,,"Two-Way , Not Divided",Snow,Dark - Lighted,"Sleet, Hail (Freezing Rain or Drizzle)",2,"Sideswipe, Same Direction","Yes, M/V and Driver Left Scene",No Controls,2,0,Unknown
268346,1/5/15,11:30 AM,2015-00001349,BROADWAY,ALMY ST ,BROADWAY / ALMY ST ,Michael Caraccia,624,05-Jan-15,Vehicle - Pedestrian,,,,"Two-Way , Not Divided",Dry,Daylight,Clear,1,Other,"Yes, M/V and Driver Left Scene",Traffic Control Signal,2,1,Complains Of Pain
268372,1/5/15,12:17 PM,2015-00001358,244 WAVERLY STREET,,244 WAVERLY STREET / ,Joseph Madeira,552,05-Jan-15,Vehicle - Pedestrian,,,,"Two-Way , Not Divided",Dry,Daylight,Clear,1,Unknown,"Yes, M/V and Driver Left Scene",No Controls,1,0,Unknown
268492,1/6/15,10:43 AM,2015-00001647,ATWELLS AVE,EXIT 21  (RT ),ATWELLS AVE / EXIT 21  (RT ),James Lewis,250,06-Jan-15,Vehicle - Pedestrian,,,,Unknown,Dry,Daylight,Cloudy,2,Angle - Direction Not Specified,No,No Controls,3,0,No Injury
269440,1/13/15,3:17 PM,2015-00003890,VALLEY ST,RILL ST ,VALLEY ST / RILL ST ,Michael Gammino,491,13-Jan-15,Vehicle - Pedestrian,,,,"Two-Way, Divided, Unprotected (painted>4feet) Medium",Dry,Daylight,Clear,1,Not a Collision Between Two Motor Vehicles in Transport,No,No Controls,3,1,Complains Of Pain
269721,1/15/15,5:45 PM,2015-00004570,North Main street,N MAIN ST ,North Main street / N MAIN ST ,Daryl Pfeiffer,241,15-Jan-15,Vehicle - Pedestrian,,,,"Two-Way, Divided, Positive Median Barrier",Wet,Dark - Lighted,Clear,1,Not a Collision Between Two Motor Vehicles in Transport,No,Traffic Control Signal,4,1,Complains Of Pain
269742,1/15/15,11:47 PM,2015-00004674,PELHAM ST,ALEPPO ST ,PELHAM ST / ALEPPO ST ,Tracie Miller,212,16-Jan-15,Vehicle - Pedestrian,,,,"Two-Way , Not Divided",Snow,Dark - Not Lighted,Snow,2,Not a Collision Between Two Motor Vehicles in Transport,"Yes, M/V and Driver Left Scene",No Controls,4,0,No Injury
270710,1/21/15,4:04 PM,2015-00006448,Atwells Avenue,MONGENAIS ST ,Atwells Avenue / MONGENAIS ST ,Donald Castigliego,287,21-Jan-15,Vehicle - Pedestrian,,,,"Two-Way , Not Divided",Dry,Daylight,Clear,1,Not a Collision Between Two Motor Vehicles in Transport,No,Other,3,2,Complains Of Pain
270730,1/21/15,11:45 PM,2015-00006568,MASHAPAUG ST,HUNTINGTON AVE ,MASHAPAUG ST / HUNTINGTON AVE ,Vincent Lopez,219,22-Jan-15,Vehicle - Pedestrian,,,,"Two-Way , Not Divided",Dry,Dark - Lighted,Clear,1,Other,"Yes, M/V and Driver Left Scene",No Controls,2,1,Non-Incapacitating
270880,1/23/15,9:35 AM,2015-00006960,WATERMAN AVENUE,IVES STREET,WATERMAN AVENUE / IVES STREET,Joseph Madeira,552,23-Jan-15,Vehicle - Pedestrian,,,,"Two-Way , Not Divided",Dry,Daylight,Clear,1,Other,No,Stop Signs,4,1,Non-Incapacitating
270933,1/23/15,6:20 PM,2015-00007140,DELAINE ST,APPLETON ST ,DELAINE ST / APPLETON ST ,Peter Tesseris,293,23-Jan-15,Vehicle - Pedestrian,,,,Unknown,Dry,Dark - Lighted,Clear,2,Angle (Front - to - Side) Right Angle (Includes Broadside),"Yes, M/V and Driver Left Scene",No Controls,3,0,Unknown
271002,1/24/15,2:14 AM,2015-00007279,Memorial Blvd,FRANCIS ST ,Memorial Blvd / FRANCIS ST ,Robert Heaton,539,24-Jan-15,Vehicle - Pedestrian,,,,"Two-Way, Divided, Positive Median Barrier",Dry,Dark - Lighted,Cloudy,1,Other,"Yes, M/V and Driver Left Scene",Traffic Control Signal,2,1,Incapacitating