CrashReportId,CrashDate,CrashTime,ReportNumber,StreetOrHighway,NearestIntersection,Location,Officer,Badge,ReportDate,TypeOfCollision,Bicycle,Scooter,Wheel Chair,TypeOfRoadway,RoadSurfaceCondition,LightCondition,WeatherCondition,NumberofVehicles,MannerofImpact,HitAndRun,TrafficControl,PersonCount,InjuryCount,MostSeriousInjury
271010,1/24/15,12:07 AM,2015-00007239,UNION ST,WASHINGTON ST ,UNION ST / WASHINGTON ST ,Robert Savage,238,24-Jan-15,Vehicle - Pedestrian,,,,One-Way Trafficway,Dry,Dark - Lighted,Clear,1,Not a Collision Between Two Motor Vehicles in Transport,"Yes, M/V and Driver Left Scene",No Controls,2,1,Complains Of Pain
271231,1/24/15,11:36 PM,2015-00007536,CHALKSTONE AVE,ROSEBANK AVE ,CHALKSTONE AVE / ROSEBANK AVE ,Riggins Jones,542,25-Jan-15,Vehicle - Pedestrian,,,,"Two-Way , Not Divided",Slush,Dark - Lighted,Cloudy,1,Not a Collision Between Two Motor Vehicles in Transport,No,No Controls,3,1,Incapacitating
271575,1/28/15,10:26 AM,2015-00008373,70 HAROLD ST,ALLSTON ST ,70 HAROLD ST / ALLSTON ST ,Jose Deschamps,419,28-Jan-15,Vehicle - Pedestrian,,,,"Two-Way , Not Divided",Snow,Daylight,Clear,1,Other,No,No Controls,3,0,No Injury
272202,1/30/15,2:51 AM,2015-00009023,71 bridgham street,KENDALL ST ,71 bridgham street / KENDALL ST ,Patrick Hourahan,243,30-Jan-15,Vehicle - Pedestrian,,,,Unknown,Wet,Dark - Lighted,Snow,1,Not a Collision Between Two Motor Vehicles in Transport,"Yes, M/V and Driver Left Scene",No Controls,1,0,No Injury
272461,1/30/15,5:36 PM,2015-00009261,HAWKINS ST,YORKSHIRE ST ,HAWKINS ST / YORKSHIRE ST ,Edwardo Curi,294,30-Jan-15,Vehicle - Pedestrian,,,,"Two-Way , Not Divided",Snow,Daylight,Snow,1,Not a Collision Between Two Motor Vehicles in Transport,"Yes, M/V and Driver Left Scene",No Controls,1,1,Complains Of Pain
272556,1/31/15,12:24 PM,2015-00009558,RESERVOIR AVE,RESERVOIR AVE ,RESERVOIR AVE / RESERVOIR AVE ,Fernando Lopez,156,31-Jan-15,Vehicle - Pedestrian,,,,"Two-Way , Not Divided",Ice/Frost,Daylight,Clear,2,"Sideswipe, Same Direction",No,No Controls,3,0,No Injury
272866,2/2/15,1:10 AM,2015-00010068,EUTAW ST,ATWELLS AVE ,EUTAW ST / ATWELLS AVE ,Robert Heaton,539,02-Feb-15,Vehicle - Pedestrian,,,,One-Way Trafficway,Dry,Dark - Lighted,Cloudy,1,Other,"Yes, M/V and Driver Left Scene",No Controls,3,1,Complains Of Pain
273294,2/4/15,1:03 PM,2015-00010859,PENNSYLVANIA AVE,broad st ,PENNSYLVANIA AVE / broad st ,Albert Deschamps,527,04-Feb-15,Vehicle - Pedestrian,,,,"Two-Way , Not Divided",Snow,Daylight,Clear,1,Not a Collision Between Two Motor Vehicles in Transport,"Yes, M/V and Driver Left Scene",No Controls,2,1,Complains Of Pain
273321,2/4/15,12:53 PM,2015-00010855,N MAIN ST,N MAIN ST ,N MAIN ST / N MAIN ST ,Jose Deschamps,419,04-Feb-15,Vehicle - Pedestrian,,,,"Two-Way, Divided, Positive Median Barrier",Snow,Daylight,Clear,1,Other,No,No Controls,2,1,Complains Of Pain
273369,2/4/15,3:07 PM,2015-00010904,388 Wickenden St,HOPE ST ,388 Wickenden St / HOPE ST ,David Preston,251,04-Feb-15,Vehicle - Pedestrian,,,,"Two-Way , Not Divided",Slush,Dusk,Cloudy,2,Angle (Front - to - Side) Same Direction,No,No Controls,4,0,No Injury
273685,2/6/15,11:33 AM,2015-00011515,OLIVE ST,BROWN ST ,OLIVE ST / BROWN ST ,Fernando Lopez,156,07-Feb-15,Vehicle - Pedestrian,,,,"Two-Way , Not Divided",Snow,Daylight,Clear,2,"Sideswipe, Same Direction",No,No Controls,5,0,No Injury
273698,2/6/15,2:20 PM,2015-00011591,35 Camp St.,TERNAY GARDEN ,35 Camp St. / TERNAY GARDEN ,Frank Moody,328,07-Feb-15,Vehicle - Pedestrian,,,,One-Way Trafficway,Dry,Daylight,Clear,1,Not a Collision Between Two Motor Vehicles in Transport,No,No Controls,4,0,No Injury
274220,2/9/15,4:45 PM,2015-00012707,CROWNINSHIELD ST,IDA ST ,CROWNINSHIELD ST / IDA ST ,Donald Castigliego,287,09-Feb-15,Vehicle - Pedestrian,,,,"Two-Way , Not Divided",Snow,Dusk,Snow,1,Not a Collision Between Two Motor Vehicles in Transport,No,No Controls,3,1,Non-Incapacitating
274499,2/10/15,3:41 PM,2015-00013032,EATON ST,PEMBROKE AVE ,EATON ST / PEMBROKE AVE ,Jessica Leone,258,10-Feb-15,Vehicle - Pedestrian,,,,"Two-Way , Not Divided",Slush,Daylight,Clear,3,"Sideswipe, Same Direction","Yes, M/V and Driver Left Scene",No Controls,3,0,No Injury
274754,2/11/15,5:19 PM,2015-00014393,Dean Street,HARRIS AVE ,Dean Street / HARRIS AVE ,Sean Murnighan,253,11-Feb-15,Vehicle - Pedestrian,,,,"Two-Way , Not Divided",Snow,Daylight,Clear,2,"Sidwswipe, Opposite Direction","Yes, M/V and Driver Left Scene",No Controls,3,0,No Injury
274836,2/11/15,11:06 AM,2015-00013325,DABOLL ST,UPDIKE ST ,DABOLL ST / UPDIKE ST ,Roderick Soares,399,12-Feb-15,Vehicle - Pedestrian,,,,"Two-Way , Not Divided",Snow,Daylight,Snow,2,"Sideswipe, Same Direction","Yes, M/V and Driver Left Scene",No Controls,2,0,No Injury
274882,2/12/15,11:10 AM,2015-00013717,CHALKSTONE AVE,FALLON AVE ,CHALKSTONE AVE / FALLON AVE ,Fernando Lopez,156,12-Feb-15,Vehicle - Pedestrian,,,,"Two-Way , Not Divided",Snow,Daylight,Snow,1,Other,"Yes, M/V and Driver Left Scene",No Controls,3,1,Incapacitating
274901,2/12/15,12:15 PM,2015-00013732,CORINTH ST,SAVINGS ST ,CORINTH ST / SAVINGS ST ,Werchadlo Jr.,679,12-Feb-15,Vehicle - Pedestrian,,,,One-Way Trafficway,Slush,Daylight,Snow,2,"Sideswipe, Same Direction",No,No Controls,4,0,No Injury
275169,2/13/15,10:47 AM,2015-00014082,OCEAN ST,PAVILION AVE ,OCEAN ST / PAVILION AVE ,Fernando Lopez,156,13-Feb-15,Vehicle - Pedestrian,,,,Unknown,Dry,Daylight,Clear,3,Angle (Front - to - Side) Right Angle (Includes Broadside),No,No Controls,4,1,Complains Of Pain
275301,2/13/15,9:17 PM,2015-00014348,250 LLOYD AVE,WEYMOUTH ST ,250 LLOYD AVE / WEYMOUTH ST ,Fausto Garcia,109,13-Feb-15,Vehicle - Pedestrian,,,,"Two-Way , Not Divided",Snow,Unknown,Clear,2,"Sidwswipe, Opposite Direction","Yes, M/V and Driver Left Scene",No Controls,2,0,No Injury
275308,2/13/15,10:53 PM,2015-00014386,ATWELLS AVE,Pequot St,ATWELLS AVE / Pequot St,Robert Heaton,539,14-Feb-15,Vehicle - Pedestrian,,,,"Two-Way , Not Divided",Wet,Dark - Lighted,Clear,2,Angle - Direction Not Specified,"Yes, M/V and Driver Left Scene",No Controls,4,0,Unknown
275381,2/14/15,10:43 AM,2015-00014505,DOYLE AVE,CAMP ST,DOYLE AVE / CAMP ST,David Morgan,474,14-Feb-15,Vehicle - Pedestrian,,,,"Two-Way , Not Divided",Slush,Daylight,Cloudy,2,Rear End(Front-to-Rear),"Yes, M/V and Driver Left Scene",Stop Signs,2,0,No Injury
275999,2/16/15,6:19 PM,2015-00015410,CHAD BROWN ST,JUNE ST ,CHAD BROWN ST / JUNE ST ,Erik Breault,226,16-Feb-15,Vehicle - Pedestrian,,,,"Two-Way , Not Divided",Snow,Dark - Lighted,Clear,2,"Sidwswipe, Opposite Direction",No,No Controls,4,1,Complains Of Pain
276019,2/16/15,7:26 PM,2015-00015427,Fruit Hill Ave,Wescott Ave,Fruit Hill Ave / Wescott Ave,Robert Heaton,539,16-Feb-15,Vehicle - Pedestrian,,,,"Two-Way , Not Divided",Wet,Dark - Lighted,Clear,2,Rear End(Front-to-Rear),No,No Controls,4,2,Complains Of Pain
276090,2/17/15,7:15 AM,2015-00015516,hope street ,OVERHILL RD ,hope street  / OVERHILL RD ,David Schiavulli,651,17-Feb-15,Vehicle - Pedestrian,,,,"Two-Way , Not Divided",Slush,Daylight,Clear,1,Not a Collision Between Two Motor Vehicles in Transport,"Yes, M/V and Driver Left Scene",No Controls,4,1,Complains Of Pain
276353,2/18/15,1:32 AM,2015-00015856,Brown St,Angell St ,Brown St / Angell St ,Robert Heaton,539,18-Feb-15,Vehicle - Pedestrian,,,,"Two-Way , Not Divided",Slush,Dark - Lighted,Cloudy,2,Angle (Front - to - Side) Right Angle (Includes Broadside),No,Stop Signs,8,1,Complains Of Pain
276724,2/19/15,3:22 PM,2015-00016418,CHARLES ST,CHARLES ST ,CHARLES ST / CHARLES ST ,Jessica Leone,258,19-Feb-15,Vehicle - Pedestrian,,,,"Two-Way , Not Divided",Slush,Daylight,Clear,1,Not a Collision Between Two Motor Vehicles in Transport,No,No Controls,2,1,Complains Of Pain
277628,2/19/15,1:03 PM,2015-00016383,28 Vinton St,GESLER ST ,28 Vinton St / GESLER ST ,Margaret Schlageter,472,23-Feb-15,Vehicle - Pedestrian,,,,One-Way Trafficway,Snow,Daylight,Clear,2,"Sideswipe, Same Direction","Yes, M/V and Driver Left Scene",No Controls,2,0,Unknown
276866,2/20/15,4:20 PM,2015-00016808,N Main St,Dexterdale Rd,N Main St / Dexterdale Rd,Noel Field,260,20-Feb-15,Vehicle - Pedestrian,,,,Unknown,Dry,Daylight,Clear,2,Rear - to - Side,No,No Controls,4,0,No Injury
277163,2/21/15,11:51 AM,2015-00017107,WAYLAND AVE,MEDWAY ST ,WAYLAND AVE / MEDWAY ST ,Fernando Lopez,156,21-Feb-15,Vehicle - Pedestrian,,,,"Two-Way , Not Divided",Dry,Daylight,Clear,3,Angle (Front - to - Side) Right Angle (Includes Broadside),No,No Controls,7,0,No Injury
287399,2/21/15,6:05 PM,2015-00017224,WISDOM AVE,ACADEMY AVE ,WISDOM AVE / ACADEMY AVE ,Robert Carlin,309,13-Apr-15,Vehicle - Pedestrian,,,,"Two-Way , Not Divided",Snow,Dusk,Snow,2,Angle (Front - to - Side) Opposite Direction,No,No Controls,4,0,No Injury
278887,2/22/15,8:40 AM,2015-00017426,HANNAH ST,ATWELLS AVE ,HANNAH ST / ATWELLS AVE ,Joseph Iannucci,410,27-Feb-15,Vehicle - Pedestrian,,,,"Two-Way , Not Divided",Snow,Daylight,Snow,1,Unknown,"Yes, Driver Left Scene",Traffic Control Signal,1,0,Unknown
277517,2/22/15,6:52 PM,2015-00017609,637 CHARLES ST,,637 CHARLES ST / ,MICHAEL R. TROIA / TRAFFIC BUREAU,331,22-Feb-15,Vehicle - Pedestrian,,,,"Two-Way , Not Divided",Wet,Dark - Lighted,Clear,2,Not a Collision Between Two Motor Vehicles in Transport,No,No Controls,3,1,Complains Of Pain
277840,2/24/15,2:00 AM,2015-00018079,CORLISS ST,CHARLES ST ,CORLISS ST / CHARLES ST ,James Lanier,211,24-Feb-15,Vehicle - Pedestrian,,,,Unknown,Dry,Dark - Lighted,Clear,2,Not a Collision Between Two Motor Vehicles in Transport,"Yes, M/V and Driver Left Scene",No Controls,2,0,Unknown
277905,2/24/15,9:18 AM,2015-00018141,WOODWARD RD,NEWPORT ST ,WOODWARD RD / NEWPORT ST ,Raymond King,633,24-Feb-15,Vehicle - Pedestrian,,,,"Two-Way , Not Divided",Dry,Daylight,Clear,1,"Sideswipe, Same Direction","Yes, M/V and Driver Left Scene",No Controls,2,0,No Injury
277949,2/24/15,12:56 PM,2015-00018205,RESERVOIR AVE,RESERVOIR AVE EXIT ,RESERVOIR AVE / RESERVOIR AVE EXIT ,Michael Cileli,567,24-Feb-15,Vehicle - Pedestrian,,,,"Two-Way , Not Divided",Wet,Daylight,Clear,1,Not a Collision Between Two Motor Vehicles in Transport,No,No Controls,4,1,Complains Of Pain
278168,2/24/15,10:16 PM,2015-00018390,Union Ave,POCASSET AVE ,Union Ave / POCASSET AVE ,Robert Heaton,539,25-Feb-15,Vehicle - Pedestrian,,,,"Two-Way , Not Divided",Dry,Dark - Lighted,Cloudy,1,Other,No,Traffic Control Signal,3,1,Complains Of Pain
279215,2/27/15,8:18 AM,2015-00019162,CUSTOM HOUSE ST,DYER ST ,CUSTOM HOUSE ST / DYER ST ,Jose Deschamps,419,28-Feb-15,Vehicle - Pedestrian,,,,"Two-Way, Divided, Positive Median Barrier",Ice/Frost,Daylight,Clear,1,Not a Collision Between Two Motor Vehicles in Transport,No,Traffic Control Signal,3,1,Complains Of Pain
279552,2/27/15,10:46 PM,2015-00019485,Pine St,CHESTNUT ST ,Pine St / CHESTNUT ST ,Robert Heaton,539,02-Mar-15,Vehicle - Pedestrian,,,,One-Way Trafficway,Dry,Dark - Lighted,Clear,1,Other,No,Flashing Traffic Control Signal,2,1,Non-Incapacitating
278932,2/27/15,4:02 PM,2015-00019333,834 ADMIRAL ST,TEXAS AVE ,834 ADMIRAL ST / TEXAS AVE ,Robert Carlin,309,27-Feb-15,Vehicle - Pedestrian,,,,"Two-Way , Not Divided",Slush,Daylight,Clear,2,"Sideswipe, Same Direction",No,No Controls,3,0,No Injury
279021,2/27/15,9:43 AM,2015-00019184,HOPE ST,BURLINGTON ST ,HOPE ST / BURLINGTON ST ,Fernando Lopez,156,27-Feb-15,Vehicle - Pedestrian,,,,"Two-Way , Not Divided",Dry,Daylight,Clear,1,Other,No,No Controls,2,1,Complains Of Pain
279029,2/27/15,12:30 PM,2015-00019242,SMITH ST,SMITH ST ,SMITH ST / SMITH ST ,Fernando Lopez,156,27-Feb-15,Vehicle - Pedestrian,X,,,"Two-Way , Not Divided",Dry,Daylight,Clear,1,Not a Collision Between Two Motor Vehicles in Transport,No,No Controls,3,0,No Injury
279033,2/27/15,10:20 PM,2015-00019476,1303 N MAIN ST,N MAIN ST ,1303 N MAIN ST / N MAIN ST ,Matthew Nadeau,271,27-Feb-15,Vehicle - Pedestrian,,,,Unknown,Dry,Dark - Lighted,Clear,2,Rear - to - Side,No,No Controls,4,0,No Injury
278862,2/27/15,7:36 AM,2015-00019151,HARTFORD AVE,LAUREL HILL AVE ,HARTFORD AVE / LAUREL HILL AVE ,Fernando Lopez,156,27-Feb-15,Vehicle - Pedestrian,,,,"Two-Way , Not Divided",Dry,Daylight,Clear,2,Rear End(Front-to-Rear),No,No Controls,5,0,No Injury
284400,2/27/15,9:10 PM,2015-00029047,POWER ST,COPLEY LN ,POWER ST / COPLEY LN ,Scott Sousa,464,27-Mar-15,Vehicle - Pedestrian,,,,"Two-Way , Not Divided",Wet,Dark - Lighted,Clear,2,Rear - to - Side,No,No Controls,2,0,No Injury
280569,2/28/15,9:35 PM,2015-00019809,Chalkstone Ave,Geneva St,Chalkstone Ave / Geneva St,Michael Clary,269,06-Mar-15,Vehicle - Pedestrian,,,,"Two-Way , Not Divided",Dry,Dark - Lighted,Clear,1,Not a Collision Between Two Motor Vehicles in Transport,"Yes, M/V and Driver Left Scene",No Controls,1,1,Complains Of Pain
279113,2/28/15,12:42 PM,2015-00019644,WILLIAMS ST,HOPE ST ,WILLIAMS ST / HOPE ST ,John Almeida,386,28-Feb-15,Vehicle - Pedestrian,,,,"Two-Way , Not Divided",Snow,Dark - Lighted,Clear,2,Rear - to - Side,"Yes, M/V and Driver Left Scene",No Controls,2,0,Unknown
279145,2/28/15,5:08 PM,2015-00019728,Point Street Bridge,POINT ST ,Point Street Bridge / POINT ST ,Donald Castigliego,287,28-Feb-15,Vehicle - Pedestrian,,,,"Two-Way , Not Divided",Ice/Frost,Dusk,Clear,1,Not a Collision Between Two Motor Vehicles in Transport,No,No Controls,3,2,Complains Of Pain
279338,3/1/15,7:46 PM,2015-00020104,SILVER SPRING ST,BISMARK ST ,SILVER SPRING ST / BISMARK ST ,Michael Pattie,316,01-Mar-15,Vehicle - Pedestrian,,,,"Two-Way, Divided, Unprotected (painted>4feet) Medium",Snow,Dark - Lighted,Snow,2,Rear End(Front-to-Rear),No,No Controls,5,0,No Injury
279448,3/2/15,12:14 PM,2015-00020292,DEAN STREET,WASHINGTON STREET,DEAN STREET / WASHINGTON STREET,Joseph Madeira,552,02-Mar-15,Vehicle - Pedestrian,,,,"Two-Way , Not Divided",Wet,Daylight,Clear,1,Other,No,Stop Signs,2,1,Complains Of Pain
280674,3/3/15,8:19 AM,2015-00020603,W CLIFFORD ST,LOCKWOOD ST ,W CLIFFORD ST / LOCKWOOD ST ,Roderick Soares,399,06-Mar-15,Vehicle - Pedestrian,,,,"Two-Way , Not Divided",Ice/Frost,Daylight,Clear,2,"Sideswipe, Same Direction","Yes, M/V and Driver Left Scene",Stop Signs,3,0,No Injury
279989,3/4/15,1:21 PM,2015-00021059,ELMWOOD AVE,DIXON ST ,ELMWOOD AVE / DIXON ST ,Fernando Lopez,156,04-Mar-15,Vehicle - Pedestrian,,,,Unknown,Other,Unknown,Clear,2,Unknown,"Yes, M/V and Driver Left Scene",No Controls,2,0,Unknown
280169,3/5/15,12:11 AM,2015-00021284,SNOW ST,WESTMINSTER ST ,SNOW ST / WESTMINSTER ST ,Michael Duffy,354,05-Mar-15,Vehicle - Pedestrian,,,,"Two-Way , Not Divided",Wet,Dark - Lighted,Rain,2,Rear End(Front-to-Rear),"Yes, M/V and Driver Left Scene",No Controls,2,0,Unknown
280423,3/5/15,11:48 AM,2015-00021461,E MANNING ST,IVES ST ,E MANNING ST / IVES ST ,Fernando Lopez,156,05-Mar-15,Vehicle - Pedestrian,,,,"Two-Way, Not Divided With a Continuous Left Turn Lane",Snow,Daylight,Snow,2,"Sidwswipe, Opposite Direction",No,No Controls,2,0,No Injury
280528,3/5/15,2:34 PM,2015-00021542,Larch St,BELAIR AVE ,Larch St / BELAIR AVE ,Noel Field,260,05-Mar-15,Vehicle - Pedestrian,,,,"Two-Way , Not Divided",Snow,Daylight,Snow,2,"Sideswipe, Same Direction",No,No Controls,6,0,No Injury
281469,3/7/15,4:31 PM,2015-00022309,Mathewson St,,Mathewson St / ,Michael Clary,269,11-Mar-15,Vehicle - Pedestrian,,,,"Two-Way , Not Divided",Wet,Daylight,Clear,2,Not a Collision Between Two Motor Vehicles in Transport,No,No Controls,5,0,No Injury
281069,3/8/15,7:12 PM,2015-00022657,POINT ST,PLAIN ST ,POINT ST / PLAIN ST ,Ptlm. Chin,516,08-Mar-15,Vehicle - Pedestrian,,,,One-Way Trafficway,Wet,Dark - Lighted,Clear,1,Not a Collision Between Two Motor Vehicles in Transport,"Yes, M/V and Driver Left Scene",Stop Signs,1,1,Complains Of Pain
281155,3/9/15,7:35 AM,2015-00022782,25 BATH STREET,,25 BATH STREET / ,Joseph Madeira,552,09-Mar-15,Vehicle - Pedestrian,,,,"Two-Way , Not Divided",Dry,Daylight,Clear,1,Other,"Yes, M/V and Driver Left Scene",No Controls,1,0,No Injury
281554,3/11/15,3:11 PM,2015-00023579,Bellevue Ave,CRANSTON ST ,Bellevue Ave / CRANSTON ST ,Ptlm. Chin,516,11-Mar-15,Vehicle - Pedestrian,,,,"Two-Way , Not Divided",Wet,Daylight,Clear,1,Not a Collision Between Two Motor Vehicles in Transport,No,No Controls,2,1,Complains Of Pain
281907,3/12/15,12:36 PM,2015-00023872,BELLEVUE AVE,CRANSTON ST,BELLEVUE AVE / CRANSTON ST,Margaret Schlageter,472,13-Mar-15,Vehicle - Pedestrian,,,,"Two-Way , Not Divided",Dry,Daylight,Clear,2,Rear End(Front-to-Rear),"Yes, M/V and Driver Left Scene",Stop Signs,3,0,No Injury
282357,3/15/15,12:38 PM,2015-00024955,WESTMINSTER ST,STOKES ST ,WESTMINSTER ST / STOKES ST ,Fernando Lopez,156,15-Mar-15,Vehicle - Pedestrian,,,,"Two-Way , Not Divided",Dry,Daylight,Clear,1,Not a Collision Between Two Motor Vehicles in Transport,No,No Controls,4,1,Complains Of Pain
282514,3/16/15,3:45 PM,2015-00025298,30 Hartford Ave,OLNEYVILLE SQ ,30 Hartford Ave / OLNEYVILLE SQ ,Ptlm. Chin,516,16-Mar-15,Vehicle - Pedestrian,,,,One-Way Trafficway,Dry,Daylight,Clear,1,Not a Collision Between Two Motor Vehicles in Transport,No,No Controls,2,1,Complains Of Pain
282868,3/18/15,1:24 PM,2015-00025934,ANGELL ST,BROOK ST ,ANGELL ST / BROOK ST ,Jose Deschamps,419,18-Mar-15,Vehicle - Pedestrian,X,,,One-Way Trafficway,Dry,Daylight,Clear,1,"Sideswipe, Same Direction","Yes, M/V and Driver Left Scene",No Controls,2,1,Complains Of Pain
282887,3/18/15,4:05 PM,2015-00025999,NEW YORK AVE,TENNESSEE AVE ,NEW YORK AVE / TENNESSEE AVE ,OR PROCTOR,627,18-Mar-15,Vehicle - Pedestrian,,,,"Two-Way, Divided, Unprotected (painted>4feet) Medium",Dry,Daylight,Clear,2,"Sidwswipe, Opposite Direction",No,No Controls,3,0,No Injury
282968,3/19/15,6:59 AM,2015-00026184,BENEFIT STREET,POWER STREET,BENEFIT STREET / POWER STREET,Joseph Madeira,552,19-Mar-15,Vehicle - Pedestrian,,,,"Two-Way , Not Divided",Dry,Daylight,Clear,1,Other,No,Stop Signs,4,1,Non-Incapacitating
283439,3/21/15,4:38 PM,2015-00027033,51 Silver Spring St,COMMODORE ST ,51 Silver Spring St / COMMODORE ST ,Jessica Leone,258,21-Mar-15,Vehicle - Pedestrian,,,,Unknown,Dry,Daylight,Clear,4,Angle (Front - to - Side) Right Angle (Includes Broadside),"Yes, M/V and Driver Left Scene",No Controls,5,0,Unknown
283751,3/23/15,3:20 PM,2015-00027635,Jillson St ,EDDY ST ,Jillson St  / EDDY ST ,OR PROCTOR ,627,23-Mar-15,Vehicle - Pedestrian,,,,"Two-Way, Divided, Unprotected (painted>4feet) Medium",Dry,Daylight,Clear,1,Not a Collision Between Two Motor Vehicles in Transport,"Yes, M/V and Driver Left Scene",Stop Signs,6,1,Complains Of Pain
283806,3/24/15,10:07 AM,2015-00027843,575 WICKENDEN STREET,,575 WICKENDEN STREET / ,Joseph Madeira,552,24-Mar-15,Vehicle - Pedestrian,,,,"Two-Way , Not Divided",Dry,Daylight,Clear,1,Other,"Yes, M/V and Driver Left Scene",No Controls,1,0,No Injury
284120,3/26/15,8:41 AM,2015-00028483,201 SMITH STREET,FRAN CONWAY PLACE,201 SMITH STREET / FRAN CONWAY PLACE,Joseph Madeira,552,26-Mar-15,Vehicle - Pedestrian,,,,"Two-Way , Not Divided",Dry,Daylight,Cloudy,1,Other,No,No Controls,6,2,Fatal
284250,3/26/15,6:14 PM,2015-00028664,51 Silver Spring St,CHATHAM ST ,51 Silver Spring St / CHATHAM ST ,Ptlm. Chin,516,26-Mar-15,Vehicle - Pedestrian,,,,"Two-Way , Not Divided",Wet,Dark - Lighted,Rain,1,Not a Collision Between Two Motor Vehicles in Transport,"Yes, M/V and Driver Left Scene",No Controls,1,1,Complains Of Pain
288241,3/28/15,8:07 PM,2015-00029353,BOWDOIN ST,ATWELLS AVE ,BOWDOIN ST / ATWELLS AVE ,Robert Foley,242,21-Apr-15,Vehicle - Pedestrian,,,,"Two-Way , Not Divided",Dry,Dark - Lighted,Clear,1,Not a Collision Between Two Motor Vehicles in Transport,"Yes, M/V and Driver Left Scene",No Controls,3,1,Complains Of Pain
284565,3/29/15,1:29 AM,2015-00029440,OAKLAND AVE,DICKENS ST ,OAKLAND AVE / DICKENS ST ,Kyle Richards,209,29-Mar-15,Vehicle - Pedestrian,,,,"Two-Way , Not Divided",Wet,Dark - Lighted,Snow,1,Not a Collision Between Two Motor Vehicles in Transport,No,No Controls,2,1,Complains Of Pain
284862,3/30/15,11:51 PM,2015-00030098,Camp St,CYPRESS ST ,Camp St / CYPRESS ST ,Robert Heaton,539,31-Mar-15,Vehicle - Pedestrian,,,,"Two-Way , Not Divided",Dry,Dark - Lighted,Clear,2,Rear End(Front-to-Rear),"Yes, M/V and Driver Left Scene",No Controls,3,0,Unknown
285119,4/1/15,12:10 PM,2015-00030586,1901 WESTMINSTER ST,BOUGH ST ,1901 WESTMINSTER ST / BOUGH ST ,Patrolman D. Hull,598,01-Apr-15,Vehicle - Pedestrian,X,,,"Two-Way, Divided, Unprotected (painted>4feet) Medium",Dry,Daylight,Clear,2,Angle (Front - to - Side) Right Angle (Includes Broadside),No,Pavement Markings,6,1,Complains Of Pain
285661,4/2/15,5:42 PM,2015-00030691,LENOX AVE,EMERSON ST ,LENOX AVE / EMERSON ST ,Thomas Richards,162,05-Apr-15,Vehicle - Pedestrian,,,,"Two-Way , Not Divided",Dry,Daylight,Clear,1,Other,"Yes, M/V and Driver Left Scene",Stop Signs,1,1,Non-Incapacitating
285327,4/2/15,7:11 PM,2015-00031036,DAVE GAVIT WAY,BASSETT ST ,DAVE GAVIT WAY / BASSETT ST ,Matthew Goddard,171,02-Apr-15,Vehicle - Pedestrian,,X,,One-Way Trafficway,Dry,Dark - Lighted,Clear,1,Not a Collision Between Two Motor Vehicles in Transport,No,Stop Signs,2,1,Complains Of Pain
285354,4/2/15,9:30 PM,2015-00031086,60 Chestnut St,Pine St ,60 Chestnut St / Pine St ,Robert Heaton,539,02-Apr-15,Vehicle - Pedestrian,,,,"Two-Way , Not Divided",Dry,Other,Cloudy,2,Unknown,"Yes, M/V and Driver Left Scene",No Controls,3,0,Unknown
285445,4/3/15,6:18 PM,2015-00031395,PITMAN ST,IVES ST ,PITMAN ST / IVES ST ,Steffan Rasch,315,03-Apr-15,Vehicle - Pedestrian,X,,,"Two-Way , Not Divided",Wet,Daylight,Rain,1,Angle (Front - to - Side) Right Angle (Includes Broadside),No,Stop Signs,2,1,Complains Of Pain
285754,4/6/15,11:01 AM,2015-00032208,404 VALLEY STR,EAGLE ST ,404 VALLEY STR / EAGLE ST ,Jose Deschamps,419,06-Apr-15,Vehicle - Pedestrian,X,,,"Two-Way , Not Divided",Dry,Daylight,Clear,1,Not a Collision Between Two Motor Vehicles in Transport,No,No Controls,2,1,Complains Of Pain
285760,4/6/15,7:15 AM,2015-00032163,EXCHANGE ST,Fulton ST ,EXCHANGE ST / Fulton ST ,Gary Slater,365,06-Apr-15,Vehicle - Pedestrian,,,,"Two-Way , Not Divided",Dry,Daylight,Clear,1,Not a Collision Between Two Motor Vehicles in Transport,No,Traffic Control Signal,3,0,No Injury
285761,4/6/15,12:54 PM,2015-00032243,WATERMAN ST,BUTLER AVE ,WATERMAN ST / BUTLER AVE ,John Almeida,386,06-Apr-15,Vehicle - Pedestrian,,,,Unknown,Dry,Daylight,Clear,2,Not a Collision Between Two Motor Vehicles in Transport,No,No Controls,3,0,No Injury
285780,4/6/15,5:30 PM,2015-00032358,Westminster Street,MANTON AVE ,Westminster Street / MANTON AVE ,Robert Foley,242,06-Apr-15,Vehicle - Pedestrian,,,,"Two-Way , Not Divided",Dry,Daylight,Clear,1,Not a Collision Between Two Motor Vehicles in Transport,No,No Controls,3,1,Complains Of Pain
285817,4/6/15,8:44 PM,2015-00032422,BROAD ST,EDDY ST ,BROAD ST / EDDY ST ,Daryl Pfeiffer,241,06-Apr-15,Vehicle - Pedestrian,,,,"Two-Way , Not Divided",Dry,Dark - Lighted,Clear,1,Not a Collision Between Two Motor Vehicles in Transport,No,No Controls,3,1,Complains Of Pain
285992,4/7/15,4:03 PM,2015-00032665,S MAIN ST,COLLEGE ST ,S MAIN ST / COLLEGE ST ,Ptlm R Caraccia,360,07-Apr-15,Vehicle - Pedestrian,,,,One-Way Trafficway,Wet,Daylight,Rain,1,Other,No,Pavement Markings,2,1,Complains Of Pain
286083,4/8/15,7:56 AM,2015-00032851,WASHINGTON STREET,MATHEWSON STREET,WASHINGTON STREET / MATHEWSON STREET,Joseph Madeira,552,08-Apr-15,Vehicle - Pedestrian,,,,"Two-Way , Not Divided",Dry,Daylight,Cloudy,1,Unknown,"Yes, M/V and Driver Left Scene",No Controls,2,0,No Injury