CrashReportId,CrashDate,CrashTime,ReportNumber,StreetOrHighway,NearestIntersection,Location,Officer,Badge,ReportDate,TypeOfCollision,Bicycle,Scooter,Wheel Chair,TypeOfRoadway,RoadSurfaceCondition,LightCondition,WeatherCondition,NumberofVehicles,MannerofImpact,HitAndRun,TrafficControl,PersonCount,InjuryCount,MostSeriousInjury
286428,4/11/15,1:08 PM,2015-00033970,15 CAROLINA AVENUE,,15 CAROLINA AVENUE / ,Joseph Madeira,552,11-Apr-15,Vehicle - Pedestrian,,,,"Two-Way , Not Divided",Dry,Daylight,Clear,1,Unknown,"Yes, M/V and Driver Left Scene",No Controls,1,1,Non-Incapacitating
286575,4/13/15,11:07 AM,2015-00034658,1187 WESTMINSTER ST,,1187 WESTMINSTER ST / ,Fernando Lopez,156,13-Apr-15,Vehicle - Pedestrian,,,,Unknown,Dry,Daylight,Clear,2,Unknown,"Yes, M/V and Driver Left Scene",No Controls,2,0,No Injury
287482,4/14/15,11:55 AM,2015-00035047,55 CEDAR ST,,55 CEDAR ST / ,Fernando Lopez,156,15-Apr-15,Vehicle - Pedestrian,,,,Unknown,Unknown,Unknown,Clear,2,Unknown,No,No Controls,2,0,Unknown
287502,4/15/15,12:35 PM,2015-00035391,ASHBURTON ST,CHARLES ST ,ASHBURTON ST / CHARLES ST ,Jose Deschamps,419,15-Apr-15,Vehicle - Pedestrian,X,,,One-Way Trafficway,Dry,Daylight,Clear,1,Not a Collision Between Two Motor Vehicles in Transport,No,No Controls,2,1,Complains Of Pain
287563,4/15/15,11:35 PM,2015-00035630,WESTMINSTER ST,SERVICE ROAD 7 ,WESTMINSTER ST / SERVICE ROAD 7 ,Michael Maycock,281,16-Apr-15,Vehicle - Pedestrian,,,,"Two-Way , Not Divided",Dry,Dark - Lighted,Clear,2,Angle (Front - to - Side) Right Angle (Includes Broadside),"Yes, Driver Left Scene",Traffic Control Signal,5,2,Incapacitating
287457,4/15/15,7:23 AM,2015-00035311,BROAD ST,THURBERS AVE ,BROAD ST / THURBERS AVE ,Jose Deschamps,419,15-Apr-15,Vehicle - Pedestrian,,,,"Two-Way, Divided, Unprotected (painted>4feet) Medium",Dry,Daylight,Clear,1,Not a Collision Between Two Motor Vehicles in Transport,No,Traffic Control Signal,5,1,Complains Of Pain
287624,4/16/15,4:56 PM,2015-00035897,Delaine Street,MANTON AVE ,Delaine Street / MANTON AVE ,Robert Foley,242,16-Apr-15,Vehicle - Pedestrian,,,,"Two-Way , Not Divided",Dry,Daylight,Clear,1,Not a Collision Between Two Motor Vehicles in Transport,"Yes, M/V and Driver Left Scene",No Controls,2,0,No Injury
287930,4/17/15,10:48 AM,2015-00036147,WHITMARSH ST,ELMWOOD AVE ,WHITMARSH ST / ELMWOOD AVE ,Roderick Soares,399,19-Apr-15,Vehicle - Pedestrian,,,,"Two-Way , Not Divided",Wet,Daylight,Rain,2,Angle (Front - to - Side) Same Direction,"Yes, M/V and Driver Left Scene",No Controls,4,0,No Injury
287722,4/18/15,3:56 AM,2015-00036527,PAGE ST,PINE ST ,PAGE ST / PINE ST ,Robert Savage,238,18-Apr-15,Vehicle - Pedestrian,,,,One-Way Trafficway,Dry,Unknown,Clear,2,Rear End(Front-to-Rear),"Yes, M/V and Driver Left Scene",Stop Signs,3,0,No Injury
287816,4/18/15,4:16 PM,2015-00036711,SUTTON ST,FEDERAL ST ,SUTTON ST / FEDERAL ST ,Richard Mendez,288,18-Apr-15,Vehicle - Pedestrian,,,,"Two-Way , Not Divided",Dry,Daylight,Clear,1,Not a Collision Between Two Motor Vehicles in Transport,"Yes, M/V and Driver Left Scene",No Controls,1,0,Unknown
287878,4/18/15,11:37 PM,2015-00036871,MEETING ST,THAYER ST ,MEETING ST / THAYER ST ,Michael Duffy,354,19-Apr-15,Vehicle - Pedestrian,,,,One-Way Trafficway,Dry,Dark - Lighted,Clear,1,Other,"Yes, Driver Left Scene",No Controls,1,1,Complains Of Pain
287990,4/19/15,7:42 PM,2015-00037202,CUMERFORD ST,STERLING AVE ,CUMERFORD ST / STERLING AVE ,Miguel Castillo,489,19-Apr-15,Vehicle - Pedestrian,,,,"Two-Way , Not Divided",Dry,Daylight,Clear,2,Rear - to - Side,No,No Controls,3,0,No Injury
288299,4/22/15,1:15 PM,2015-00038101,Washington St,MATHEWSON ST ,Washington St / MATHEWSON ST ,John Henderson,148,22-Apr-15,Vehicle - Pedestrian,X,,,One-Way Trafficway,Dry,Daylight,Clear,0,Rear - to - Side,,Traffic Control Signal,2,1,Complains Of Pain
288777,4/26/15,2:43 AM,2015-00039400,MONTGOMERY AVE,DENNIS AVE ,MONTGOMERY AVE / DENNIS AVE ,Joshua Cascione,225,26-Apr-15,Vehicle - Pedestrian,,,,"Two-Way , Not Divided",Dry,Dark - Lighted,Clear,5,Other,"Yes, Driver Left Scene",No Controls,6,0,No Injury
288816,4/26/15,3:17 PM,2015-00039539,555 CHALKSTONE AVE,,555 CHALKSTONE AVE / ,MICHAEL R. TROIA / TRAFFIC BUREAU,331,26-Apr-15,Vehicle - Pedestrian,,,,Unknown,Dry,Daylight,Clear,1,Not a Collision Between Two Motor Vehicles in Transport,"Yes, M/V and Driver Left Scene",No Controls,3,1,Complains Of Pain
288832,4/26/15,6:13 AM,2015-00039439,1 Dorrance Street,Francis Street,1 Dorrance Street / Francis Street,Andrew Groot,188,26-Apr-15,Vehicle - Pedestrian,,,,One-Way Trafficway,Dry,Dark - Lighted,Clear,2,Unknown,"Yes, M/V and Driver Left Scene",No Controls,3,0,Unknown
288925,4/27/15,2:42 PM,2015-00039810,ASHBURTON ST,,ASHBURTON ST / ,MICHAEL R. TROIA / TRAFFIC BUREAU,331,27-Apr-15,Vehicle - Pedestrian,,,,One-Way Trafficway,Dry,Daylight,Clear,1,Not a Collision Between Two Motor Vehicles in Transport,No,No Controls,5,1,Complains Of Pain
289008,4/28/15,8:44 AM,2015-00039997,BROADWAY,KNIGHT ST ,BROADWAY / KNIGHT ST ,Fernando Lopez,156,28-Apr-15,Vehicle - Pedestrian,,,,"Two-Way , Not Divided",Dry,Daylight,Cloudy,1,Not a Collision Between Two Motor Vehicles in Transport,No,Traffic Control Signal,6,1,Complains Of Pain
289077,4/28/15,7:50 PM,2015-00040213,BODELL AVE,ETNA ST ,BODELL AVE / ETNA ST ,Donald Castigliego,287,28-Apr-15,Vehicle - Pedestrian,,,,"Two-Way , Not Divided",Dry,Dusk,Clear,1,Not a Collision Between Two Motor Vehicles in Transport,No,No Controls,3,1,Non-Incapacitating
289153,4/29/15,11:30 AM,2015-00040358,BROAD ST,Somerset St,BROAD ST / Somerset St,Eugene Craven,517,29-Apr-15,Vehicle - Pedestrian,,,,"Two-Way, Divided, Positive Median Barrier",Dry,Daylight,Clear,1,Not a Collision Between Two Motor Vehicles in Transport,No,No Controls,3,1,Complains Of Pain
289163,4/29/15,2:04 PM,2015-00040409,DOUGLAS AVE,GODDARD ST ,DOUGLAS AVE / GODDARD ST ,Jose Deschamps,419,29-Apr-15,Vehicle - Pedestrian,X,,,"Two-Way, Divided, Unprotected (painted>4feet) Medium",Dry,Daylight,Clear,1,Other,No,No Controls,5,1,Complains Of Pain
289384,4/30/15,9:37 PM,2015-00040878,86 CORINTH ST,,86 CORINTH ST / ,MICHAEL R. TROIA / TRAFFIC BUREAU,331,30-Apr-15,Vehicle - Pedestrian,,,,Unknown,Dry,Dark - Lighted,Clear,1,Not a Collision Between Two Motor Vehicles in Transport,No,No Controls,3,1,Complains Of Pain
289467,5/1/15,12:44 PM,2015-00041080,BROADWAY,GREENMAN LN ,BROADWAY / GREENMAN LN ,Fernando Lopez,156,01-May-15,Vehicle - Pedestrian,,,,"Two-Way , Not Divided",Dry,Daylight,Clear,1,Not a Collision Between Two Motor Vehicles in Transport,No,Traffic Control Signal,5,1,Complains Of Pain
289488,5/1/15,4:47 PM,2015-00041167,OAKLAND AVE,EATON ST ,OAKLAND AVE / EATON ST ,MICHAEL R. TROIA / TRAFFIC BUREAU,331,01-May-15,Vehicle - Pedestrian,X,,,"Two-Way , Not Divided",Dry,Daylight,Clear,1,Not a Collision Between Two Motor Vehicles in Transport,"Yes, M/V and Driver Left Scene",No Controls,3,1,Complains Of Pain
289895,5/2/15,10:00 PM,2015-00041630,50 Randall Street,CHARLES ST ,50 Randall Street / CHARLES ST ,Shawn Kennedy,547,03-May-15,Vehicle - Pedestrian,,,,"Two-Way , Not Divided",Dry,Dark - Lighted,Clear,2,"Sidwswipe, Opposite Direction",No,No Controls,4,0,No Injury
289688,5/2/15,1:53 PM,2015-00041526,1075 N MAIN ST,,1075 N MAIN ST / ,Fernando Lopez,156,02-May-15,Vehicle - Pedestrian,,,,Unknown,Dry,Daylight,Clear,1,Not a Collision Between Two Motor Vehicles in Transport,No,No Controls,2,1,Complains Of Pain
289689,5/2/15,2:46 PM,2015-00041535,WASHINGTON ST,SERVICE ROAD 8 ,WASHINGTON ST / SERVICE ROAD 8 ,Fernando Lopez,156,02-May-15,Vehicle - Pedestrian,,,,"Two-Way , Not Divided",Dry,Daylight,Clear,1,Not a Collision Between Two Motor Vehicles in Transport,No,No Controls,2,1,Complains Of Pain
289931,5/3/15,8:17 PM,2015-00041998,Union Ave,Laurel Hill Ave,Union Ave / Laurel Hill Ave,Michael Clary,269,04-May-15,Vehicle - Pedestrian,,,,"Two-Way , Not Divided",Dry,Dark - Lighted,Clear,1,Not a Collision Between Two Motor Vehicles in Transport,"Yes, M/V and Driver Left Scene",Stop Signs,2,1,Complains Of Pain
289877,5/3/15,12:14 PM,2015-00041860,OPPER ST,BRANCH AVE ,OPPER ST / BRANCH AVE ,Fernando Lopez,156,03-May-15,Vehicle - Pedestrian,,,,"Two-Way , Not Divided",Dry,Daylight,Clear,1,Not a Collision Between Two Motor Vehicles in Transport,No,No Controls,3,1,Complains Of Pain
290037,5/4/15,4:39 PM,2015-00042258,ONTARIO ST,NIAGARA ST ,ONTARIO ST / NIAGARA ST ,Jared Stanzione,193,04-May-15,Vehicle - Pedestrian,,,,"Two-Way , Not Divided",Dry,Daylight,Clear,1,Not a Collision Between Two Motor Vehicles in Transport,No,No Controls,3,1,Complains Of Pain
290118,5/5/15,7:40 AM,2015-00042464,279 D CHAD BROWN STREET,,279 D CHAD BROWN STREET / ,Joseph Madeira,552,05-May-15,Vehicle - Pedestrian,,,,"Two-Way , Not Divided",Dry,Daylight,Clear,1,Unknown,"Yes, M/V and Driver Left Scene",No Controls,2,1,Complains Of Pain
290208,5/5/15,2:31 PM,2015-00042591,ATWELLS AVE,DE PASQUALE AVE ,ATWELLS AVE / DE PASQUALE AVE ,Thomas Connetta,374,05-May-15,Vehicle - Pedestrian,,,,"Two-Way , Not Divided",Dry,Daylight,Clear,1,Not a Collision Between Two Motor Vehicles in Transport,No,Traffic Control Signal,6,1,Non-Incapacitating
290285,5/6/15,1:40 PM,2015-00042981,GANO STREET,EAST TRANSIT STREET,GANO STREET / EAST TRANSIT STREET,Joseph Madeira,552,06-May-15,Vehicle - Pedestrian,X,,,"Two-Way , Not Divided",Dry,Daylight,Clear,1,Angle (Front - to - Side) Right Angle (Includes Broadside),No,No Controls,2,1,Non-Incapacitating
290303,5/6/15,2:51 PM,2015-00042990,DOYLE AVE,HOPE ST ,DOYLE AVE / HOPE ST ,Donald Castigliego,287,06-May-15,Vehicle - Pedestrian,,,,"Two-Way , Not Divided",Dry,Daylight,Clear,1,Not a Collision Between Two Motor Vehicles in Transport,No,No Controls,2,1,Complains Of Pain
290325,5/6/15,5:46 PM,2015-00043068,EXCHANGE TER,EXCHANGE ST ,EXCHANGE TER / EXCHANGE ST ,Christopher Benoit,206,06-May-15,Vehicle - Pedestrian,,,,"Two-Way , Not Divided",Dry,Daylight,Clear,1,Not a Collision Between Two Motor Vehicles in Transport,No,Traffic Control Signal,4,1,Complains Of Pain
290411,5/7/15,9:19 AM,2015-00043271,593 EDDY STREET,,593 EDDY STREET / ,Joseph Madeira,552,07-May-15,Vehicle - Pedestrian,,,,One-Way Trafficway,Dry,Daylight,Clear,1,Unknown,No,No Controls,3,1,Complains Of Pain
290479,5/7/15,3:10 PM,2015-00043397,CHALKSTONE AVE,CANTON ST ,CHALKSTONE AVE / CANTON ST ,Graig Sion,254,07-May-15,Vehicle - Pedestrian,,,,Unknown,Dry,Daylight,Clear,2,Rear End(Front-to-Rear),No,No Controls,2,0,No Injury
290520,5/7/15,12:50 PM,2015-00043333,470 Hartford Ave,Alverson Ave,470 Hartford Ave / Alverson Ave,Ryan Moroney,324,08-May-15,Vehicle - Pedestrian,,,,"Two-Way , Not Divided",Dry,Daylight,Clear,2,"Sideswipe, Same Direction",No,No Controls,5,0,No Injury
290526,5/7/15,10:31 PM,2015-00043537,99 ACADEMY AVE,ARMINGTON AVE ,99 ACADEMY AVE / ARMINGTON AVE ,Ryan Moroney,324,08-May-15,Vehicle - Pedestrian,,,,"Two-Way , Not Divided",Dry,Dark - Lighted,Clear,2,"Sideswipe, Same Direction","Yes, M/V and Driver Left Scene",No Controls,3,0,No Injury
290666,5/8/15,4:21 PM,2015-00043815,71 ANDEM ST,CANTON ST ,71 ANDEM ST / CANTON ST ,Trent Hastings,326,08-May-15,Vehicle - Pedestrian,X,,,"Two-Way , Not Divided",Dry,Daylight,Clear,1,Not a Collision Between Two Motor Vehicles in Transport,No,No Controls,2,1,Complains Of Pain
290739,5/9/15,12:14 PM,2015-00044097,Carpenter St,BATTEY ST ,Carpenter St / BATTEY ST ,Erik Breault,226,09-May-15,Vehicle - Pedestrian,,,,"Two-Way , Not Divided",Dry,Daylight,Clear,2,"Sideswipe, Same Direction","Yes, M/V and Driver Left Scene",No Controls,2,0,Unknown
290746,5/9/15,12:02 PM,2015-00044096,297 ELMWOOD AVE,,297 ELMWOOD AVE / ,Fernando Lopez,156,09-May-15,Vehicle - Pedestrian,,,,Unknown,Dry,Daylight,Clear,2,Rear - to - Rear,No,No Controls,5,0,No Injury
290929,5/10/15,2:32 AM,2015-44432,PINE ST,CHESTNUT ST ,PINE ST / CHESTNUT ST ,Robert Savage,238,10-May-15,Vehicle - Pedestrian,,,,One-Way Trafficway,Dry,Dark - Lighted,Clear,3,Not a Collision Between Two Motor Vehicles in Transport,"Yes, M/V and Driver Left Scene",Traffic Control Signal,6,3,Non-Incapacitating
290986,5/10/15,11:12 AM,2015-00044524,MANTON AVE,ORTOLEVA DR ,MANTON AVE / ORTOLEVA DR ,Fernando Lopez,156,10-May-15,Vehicle - Pedestrian,,,,"Two-Way , Not Divided",Dry,Daylight,Clear,2,"Sidwswipe, Opposite Direction",No,No Controls,4,0,No Injury
290987,5/10/15,11:45 AM,2015-00044537,36 HENRIETTA ST,MOY ST ,36 HENRIETTA ST / MOY ST ,Fernando Lopez,156,10-May-15,Vehicle - Pedestrian,,,,"Two-Way , Not Divided",Dry,Daylight,Clear,2,Rear - to - Side,"Yes, M/V and Driver Left Scene",No Controls,2,0,Unknown
291463,5/12/15,1:20 PM,2015-00045360,PELHAM ST,CURTIS ST ,PELHAM ST / CURTIS ST ,Mark Dececco,407,12-May-15,Vehicle - Pedestrian,,,,"Two-Way , Not Divided",Dry,Daylight,Clear,1,Not a Collision Between Two Motor Vehicles in Transport,"Yes, M/V and Driver Left Scene",No Controls,2,1,Incapacitating
291652,5/13/15,2:47 PM,2015-00045763,WESTMINSTER ST,DORRANCE ST ,WESTMINSTER ST / DORRANCE ST ,Matthew Goddard,171,13-May-15,Vehicle - Pedestrian,X,,,One-Way Trafficway,Dry,Daylight,Clear,0,Not a Collision Between Two Motor Vehicles in Transport,,Traffic Control Signal,1,1,Complains Of Pain
291700,5/13/15,4:02 PM,2015-00045808,ACADEMY AVE,WABUN AVE ,ACADEMY AVE / WABUN AVE ,Brian Murphy,231,13-May-15,Vehicle - Pedestrian,,,,"Two-Way , Not Divided",Dry,Daylight,Clear,1,Not a Collision Between Two Motor Vehicles in Transport,"Yes, M/V and Driver Left Scene",No Controls,1,1,Complains Of Pain
291766,5/14/15,10:27 AM,2015-00046037,70 KENNEDY PLZ,ARCADE ST ,70 KENNEDY PLZ / ARCADE ST ,Fernando Lopez,156,14-May-15,Vehicle - Pedestrian,,,,One-Way Trafficway,Dry,Daylight,Clear,1,Not a Collision Between Two Motor Vehicles in Transport,No,No Controls,4,1,Complains Of Pain
291793,5/14/15,2:17 PM,2015-00046106,Dorrance St,WEYBOSSET ST ,Dorrance St / WEYBOSSET ST ,John Henderson,148,14-May-15,Vehicle - Pedestrian,X,,,"Two-Way , Not Divided",Dry,Daylight,Clear,1,Other,No,Traffic Control Signal,3,1,Complains Of Pain
291820,5/14/15,4:46 PM,2015-00046204,BRANCH AVE,EXIT 24 ,BRANCH AVE / EXIT 24 ,MICHAEL R. TROIA / TRAFFIC BUREAU,331,14-May-15,Vehicle - Pedestrian,,,,"Two-Way , Not Divided",Dry,Daylight,Clear,1,Not a Collision Between Two Motor Vehicles in Transport,"Yes, M/V and Driver Left Scene",Stop Signs,1,1,Complains Of Pain
292208,5/16/15,8:56 PM,2015-00047017,WATERMAN ST,BROWN ST ,WATERMAN ST / BROWN ST ,Donald Castigliego,287,17-May-15,Vehicle - Pedestrian,,,,"Two-Way , Not Divided",Dry,Daylight,Clear,1,Not a Collision Between Two Motor Vehicles in Transport,No,Stop Signs,2,1,Complains Of Pain
292264,5/16/15,6:06 AM,2015-00046790,Ayrault Street,CHALKSTONE AVE ,Ayrault Street / CHALKSTONE AVE ,Paul Principale,322,18-May-15,Vehicle - Pedestrian,,,,"Two-Way , Not Divided",Dry,Dark - Not Lighted,Clear,2,"Sidwswipe, Opposite Direction","Yes, Driver Left Scene",No Controls,2,0,Unknown
292159,5/17/15,12:11 AM,2015-00047101,UNION AVE,ALTHEA ST ,UNION AVE / ALTHEA ST ,Isaiah Nerney,15636,17-May-15,Vehicle - Pedestrian,,,,"Two-Way , Not Divided",Dry,Dark - Lighted,Clear,1,Not a Collision Between Two Motor Vehicles in Transport,No,No Controls,2,1,Non-Incapacitating
292340,5/18/15,3:39 PM,2015-00047785,WICKENDEN ST,BROOK ST ,WICKENDEN ST / BROOK ST ,Donald Castigliego,287,18-May-15,Vehicle - Pedestrian,X,,,"Two-Way , Not Divided",Dry,Daylight,Clear,1,Not a Collision Between Two Motor Vehicles in Transport,No,Traffic Control Signal,3,1,Incapacitating
292615,5/19/15,4:30 PM,2015-00048294,PLAINFIELD ST,MERINO ST,PLAINFIELD ST / MERINO ST,MICHAEL R. TROIA / TRAFFIC BUREAU,331,19-May-15,Vehicle - Pedestrian,,,,"Two-Way , Not Divided",Dry,Daylight,Clear,1,Not a Collision Between Two Motor Vehicles in Transport,"Yes, M/V and Driver Left Scene",No Controls,2,1,Complains Of Pain
292707,5/20/15,2:40 PM,2015-00048519,112 DORA ST,WEBSTER AVE ,112 DORA ST / WEBSTER AVE ,D. Hull 598 CAR-151,598,20-May-15,Vehicle - Pedestrian,,,,"Two-Way, Divided, Unprotected (painted>4feet) Medium",Dry,Daylight,Clear,1,Not a Collision Between Two Motor Vehicles in Transport,"Yes, M/V and Driver Left Scene",No Controls,1,1,Complains Of Pain
292730,5/20/15,4:26 PM,2015-00048562,343 BROAD ST,,343 BROAD ST / ,Joseph Amoroso,613,20-May-15,Vehicle - Pedestrian,,,,"Two-Way, Divided, Positive Median Barrier",Dry,Daylight,Clear,1,Not a Collision Between Two Motor Vehicles in Transport,No,No Controls,7,1,Incapacitating
293337,5/20/15,2:30 PM,2015-00048513,POINT ST,S WATER ST ,POINT ST / S WATER ST ,Gary Slater,365,24-May-15,Vehicle - Pedestrian,X,,,One-Way Trafficway,Dry,Daylight,Clear,1,Not a Collision Between Two Motor Vehicles in Transport,No,Stop Signs,2,1,Non-Incapacitating
292816,5/21/15,10:35 AM,2015-00048804,DORRANCE ST,EXCHANGE TER ,DORRANCE ST / EXCHANGE TER ,Fernando Lopez,156,21-May-15,Vehicle - Pedestrian,,,,One-Way Trafficway,Dry,Daylight,Clear,1,Not a Collision Between Two Motor Vehicles in Transport,"Yes, M/V and Driver Left Scene",No Controls,2,1,Complains Of Pain
292818,5/21/15,11:54 AM,2015-00048827,BROAD ST,BROAD ST ,BROAD ST / BROAD ST ,Fernando Lopez,156,21-May-15,Vehicle - Pedestrian,,,,"Two-Way , Not Divided",Dry,Daylight,Clear,2,Rear End(Front-to-Rear),No,No Controls,4,0,No Injury
292839,5/21/15,1:26 PM,2015-00048851,168 WEST RIVER ST,,168 WEST RIVER ST / ,Fernando Lopez,156,21-May-15,Vehicle - Pedestrian,,,,"Two-Way , Not Divided",Dry,Daylight,Clear,2,Rear End(Front-to-Rear),No,No Controls,3,0,No Injury
292845,5/21/15,9:08 AM,2015-00048784,325 WASHINGTON ST,DEAN ST ,325 WASHINGTON ST / DEAN ST ,Jose Deschamps,419,21-May-15,Vehicle - Pedestrian,X,,,"Two-Way, Divided, Unprotected (painted>4feet) Medium",Dry,Daylight,Clear,1,Not a Collision Between Two Motor Vehicles in Transport,No,No Controls,3,0,No Injury
293130,5/22/15,6:00 PM,2015-00049324,Detroit Avenue,Broad Street,Detroit Avenue / Broad Street,Donald Castigliego,287,22-May-15,Vehicle - Pedestrian,,,,"Two-Way , Not Divided",Dry,Daylight,Clear,1,Not a Collision Between Two Motor Vehicles in Transport,No,No Controls,2,1,Non-Incapacitating
293136,5/22/15,12:51 AM,2015-00049069,Atwells Ave,,Atwells Ave / ,Michael Clary,269,22-May-15,Vehicle - Pedestrian,X,,,"Two-Way , Not Divided",Dry,Dark - Lighted,Clear,1,Not a Collision Between Two Motor Vehicles in Transport,"Yes, M/V and Driver Left Scene",No Controls,1,1,Complains Of Pain
293229,5/23/15,11:28 AM,2015-00049606,HARTFORD AVE,ALVERSON AVE,HARTFORD AVE / ALVERSON AVE,Jose Deschamps,419,23-May-15,Vehicle - Pedestrian,X,,,"Two-Way , Not Divided",Dry,Daylight,Clear,1,Not a Collision Between Two Motor Vehicles in Transport,No,No Controls,3,1,Complains Of Pain
293269,5/23/15,4:53 PM,2015-00049720,ALLENS AVE,Bay Street,ALLENS AVE / Bay Street,Donald Castigliego,287,23-May-15,Vehicle - Pedestrian,X,,,"Two-Way , Not Divided",Dry,Daylight,Clear,1,Not a Collision Between Two Motor Vehicles in Transport,"Yes, M/V and Driver Left Scene",No Controls,1,1,Non-Incapacitating
293383,5/24/15,8:26 PM,2015-00050180,PEMBROKE AVE,CHAD BROWN ST ,PEMBROKE AVE / CHAD BROWN ST ,Adam Chin,289,24-May-15,Vehicle - Pedestrian,,,,"Two-Way , Not Divided",Dry,Dark - Lighted,Clear,1,Other,No,No Controls,2,1,Complains Of Pain
293386,5/24/15,7:34 PM,2015-00050159,680 Admiral Street,,680 Admiral Street / ,Donald Castigliego,287,24-May-15,Vehicle - Pedestrian,,,,Unknown,Dry,Dark - Lighted,Clear,1,Not a Collision Between Two Motor Vehicles in Transport,No,No Controls,3,1,Incapacitating
293544,5/25/15,2:57 PM,2015-00050428,WAVERLY ST,CRANSTON ST ,WAVERLY ST / CRANSTON ST ,Luis Pelaez,336,25-May-15,Vehicle - Pedestrian,,,,"Two-Way , Not Divided",Dry,Daylight,Clear,2,Not a Collision Between Two Motor Vehicles in Transport,"Yes, M/V and Driver Left Scene",No Controls,2,0,Unknown
293763,5/27/15,8:54 AM,2015-00051100,6 GALLUP ST,BURNSIDE ST ,6 GALLUP ST / BURNSIDE ST ,Jose Deschamps,419,27-May-15,Vehicle - Pedestrian,,,,"Two-Way , Not Divided",Dry,Daylight,Clear,1,Not a Collision Between Two Motor Vehicles in Transport,"Yes, M/V and Driver Left Scene",No Controls,2,1,Complains Of Pain
293789,5/27/15,2:12 PM,2015-00051216,601 N. MAIN ST,N MAIN ST ,601 N. MAIN ST / N MAIN ST ,Jose Deschamps,419,27-May-15,Vehicle - Pedestrian,,,,"Two-Way, Divided, Positive Median Barrier",Dry,Daylight,Clear,1,Not a Collision Between Two Motor Vehicles in Transport,"Yes, M/V and Driver Left Scene",No Controls,1,1,Complains Of Pain
293911,5/28/15,7:35 PM,2015-00051683,Eddy Street,ERNEST ST ,Eddy Street / ERNEST ST ,Daryl Pfeiffer,241,28-May-15,Vehicle - Pedestrian,,,,"Two-Way , Not Divided",Dry,Daylight,Clear,1,Not a Collision Between Two Motor Vehicles in Transport,"Yes, M/V and Driver Left Scene",Traffic Control Signal,1,1,Complains Of Pain
294183,5/30/15,4:40 PM,2015-00052446,DOUGLAS AVE,GODDARD ST ,DOUGLAS AVE / GODDARD ST ,Donald Castigliego,287,30-May-15,Vehicle - Pedestrian,X,,,"Two-Way , Not Divided",Dry,Daylight,Clear,1,Not a Collision Between Two Motor Vehicles in Transport,"Yes, M/V and Driver Left Scene",No Controls,2,1,Complains Of Pain
294653,6/2/15,11:23 AM,2015-00053435,BROAD ST,BROAD ST ,BROAD ST / BROAD ST ,Michael Cileli,567,02-Jun-15,Vehicle - Pedestrian,,,,"Two-Way , Not Divided",Wet,Daylight,Rain,1,Not a Collision Between Two Motor Vehicles in Transport,No,No Controls,3,1,Complains Of Pain
294828,6/3/15,4:40 PM,2015-00053921,WAVERLY ST,DEXTER ST ,WAVERLY ST / DEXTER ST ,Vincent Lopez,219,04-Jun-15,Vehicle - Pedestrian,X,,,"Two-Way , Not Divided",Dry,Daylight,Clear,0,Angle (Front - to - Side) Opposite Direction,,Stop Signs,1,1,Complains Of Pain
294848,6/4/15,7:48 AM,2015-00054018,PRAIRIE AVE,THURBERS AVE ,PRAIRIE AVE / THURBERS AVE ,Jose Deschamps,419,04-Jun-15,Vehicle - Pedestrian,,,,"Two-Way, Divided, Unprotected (painted>4feet) Medium",Dry,Daylight,Clear,1,Not a Collision Between Two Motor Vehicles in Transport,No,No Controls,6,1,Incapacitating
294881,6/4/15,12:28 PM,2015-00054095,WESTMINSTER ST,COLLEGE ST ,WESTMINSTER ST / COLLEGE ST ,Jose Deschamps,419,04-Jun-15,Vehicle - Pedestrian,,,,"Two-Way, Divided, Unprotected (painted>4feet) Medium",Dry,Daylight,Clear,1,Not a Collision Between Two Motor Vehicles in Transport,No,No Controls,4,1,Incapacitating
294895,6/4/15,3:35 PM,2015-00054142,VERMONT AVE,VIRGINIA AVE ,VERMONT AVE / VIRGINIA AVE ,Daryl Pfeiffer,241,04-Jun-15,Vehicle - Pedestrian,,,,"Two-Way , Not Divided",Dry,Daylight,Clear,1,Not a Collision Between Two Motor Vehicles in Transport,"Yes, M/V and Driver Left Scene",No Controls,1,1,Complains Of Pain
295894,6/6/15,9:23 PM,2015-00054996,Florence St,MANTON AVE ,Florence St / MANTON AVE ,Juan Rodrigues,194,10-Jun-15,Vehicle - Pedestrian,,,,One-Way Trafficway,Dry,Dark - Lighted,Clear,1,Not a Collision Between Two Motor Vehicles in Transport,"Yes, M/V and Driver Left Scene",No Controls,1,1,Non-Incapacitating
295497,6/8/15,8:28 AM,2015-00055588,POWER ST,IVES ST ,POWER ST / IVES ST ,Fernando Lopez,156,08-Jun-15,Vehicle - Pedestrian,,,,"Two-Way , Not Divided",Dry,Daylight,Clear,2,Angle (Front - to - Side) Right Angle (Includes Broadside),"Yes, M/V and Driver Left Scene",No Controls,2,0,Unknown