CrashReportId,CrashDate,CrashTime,ReportNumber,StreetOrHighway,NearestIntersection,Location,Officer,Badge,ReportDate,TypeOfCollision,Bicycle,Scooter,Wheel Chair,TypeOfRoadway,RoadSurfaceCondition,LightCondition,WeatherCondition,NumberofVehicles,MannerofImpact,HitAndRun,TrafficControl,PersonCount,InjuryCount,MostSeriousInjury
295519,6/8/15,12:48 PM,2015-00055668,N MAIN ST,5TH ST ,N MAIN ST / 5TH ST ,Fernando Lopez,156,08-Jun-15,Vehicle - Pedestrian,,,,"Two-Way , Not Divided",Dry,Daylight,Cloudy,3,"Sideswipe, Same Direction",No,No Controls,4,0,No Injury
295540,6/8/15,3:02 PM,2015-00055703,MEDWAY ST,GANO ST ,MEDWAY ST / GANO ST ,Donald Castigliego,287,08-Jun-15,Vehicle - Pedestrian,X,,,"Two-Way , Not Divided",Dry,Daylight,Cloudy,1,Not a Collision Between Two Motor Vehicles in Transport,No,Stop Signs,3,1,Non-Incapacitating
296626,6/9/15,7:09 PM,2015-00056126,86 Transit St,,86 Transit St / ,Michael Clary,269,16-Jun-15,Vehicle - Pedestrian,,,,"Two-Way , Not Divided",Dry,Dusk,Clear,2,Not a Collision Between Two Motor Vehicles in Transport,"Yes, M/V and Driver Left Scene",No Controls,4,0,Unknown
295641,6/9/15,8:46 AM,2015-00055913,25 BRAMAN ST,MORRIS AVE ,25 BRAMAN ST / MORRIS AVE ,Jose Deschamps,419,09-Jun-15,Vehicle - Pedestrian,,,,"Two-Way , Not Divided",Dry,Daylight,Clear,1,Not a Collision Between Two Motor Vehicles in Transport,No,No Controls,2,1,Complains Of Pain
295741,6/10/15,5:49 AM,2015-00056248,GASPEE ST,FRANCIS ST ,GASPEE ST / FRANCIS ST ,Robert Savage,238,10-Jun-15,Vehicle - Pedestrian,X,,,"Two-Way, Divided, Unprotected (painted>4feet) Medium",Dry,Dawn,Clear,1,Not a Collision Between Two Motor Vehicles in Transport,"Yes, M/V and Driver Left Scene",Traffic Control Signal,2,1,Complains Of Pain
295789,6/10/15,9:18 AM,2015-00056285,530 NORTH MAIN STREET,,530 NORTH MAIN STREET / ,Joseph Madeira,552,10-Jun-15,Vehicle - Pedestrian,,,,"Two-Way, Divided, Positive Median Barrier",Dry,Daylight,Clear,1,Other,No,No Controls,2,1,Complains Of Pain
296032,6/11/15,3:20 PM,2015-00056804,PINE ST,RICHMOND ST ,PINE ST / RICHMOND ST ,Donald Brien,630,11-Jun-15,Vehicle - Pedestrian,,,,"Two-Way , Not Divided",Dry,Daylight,Clear,2,Not a Collision Between Two Motor Vehicles in Transport,No,No Controls,2,0,No Injury
296220,6/12/15,8:38 PM,2015-00057293,Appleton St,DELAINE ST ,Appleton St / DELAINE ST ,Robert Heaton,539,13-Jun-15,Vehicle - Pedestrian,X,,,"Two-Way , Not Divided",Dry,Dark - Lighted,Clear,1,Other,"Yes, M/V and Driver Left Scene",No Controls,2,1,Non-Incapacitating
296247,6/13/15,7:29 AM,2015-00057488,WESTMINISTER STREET,DEAN STREET,WESTMINISTER STREET / DEAN STREET,Joseph Madeira,552,13-Jun-15,Vehicle - Pedestrian,X,,,"Two-Way , Not Divided",Dry,Daylight,Clear,1,Other,No,Traffic Control Signal,3,1,Non-Incapacitating
296598,6/15/15,7:20 PM,2015-00058529,EDDY ST,RHODES ST ,EDDY ST / RHODES ST ,Donald Castigliego,287,15-Jun-15,Vehicle - Pedestrian,,,,"Two-Way , Not Divided",Wet,Daylight,Rain,1,Not a Collision Between Two Motor Vehicles in Transport,"Yes, M/V and Driver Left Scene",Pavement Markings,1,0,No Injury
296702,6/16/15,4:19 PM,2015-00058770,499 PLAINFIELD ST,,499 PLAINFIELD ST / ,MICHAEL R. TROIA / TRAFFIC BUREAU,331,16-Jun-15,Vehicle - Pedestrian,,,,"Two-Way , Not Divided",Dry,Daylight,Cloudy,1,Not a Collision Between Two Motor Vehicles in Transport,No,No Controls,2,1,Complains Of Pain
296732,6/16/15,2:48 PM,2015-00058739,North Main St,N MAIN ST ,North Main St / N MAIN ST ,Noel Field,260,16-Jun-15,Vehicle - Pedestrian,X,,,"Two-Way, Divided, Positive Median Barrier",Dry,Daylight,Cloudy,1,Not a Collision Between Two Motor Vehicles in Transport,No,No Controls,4,0,No Injury
296896,6/17/15,2:59 PM,2015-00059147,JILLSON ST,EDDY ST ,JILLSON ST / EDDY ST ,MICHAEL R. TROIA / TRAFFIC BUREAU,331,17-Jun-15,Vehicle - Pedestrian,,,,"Two-Way , Not Divided",Dry,Daylight,Clear,1,Not a Collision Between Two Motor Vehicles in Transport,No,Stop Signs,2,1,Complains Of Pain
296963,6/17/15,10:18 PM,2015-00059302,167 Cleveland St,,167 Cleveland St / ,Michael Clary,269,18-Jun-15,Vehicle - Pedestrian,,,,"Two-Way , Not Divided",Dry,Dark - Lighted,Clear,3,Not a Collision Between Two Motor Vehicles in Transport,No,No Controls,7,2,Non-Incapacitating
297045,6/18/15,5:59 PM,2015-00059579,HAWKINS ST,BRANCH AVE ,HAWKINS ST / BRANCH AVE ,Vincent Pazzetta,641,18-Jun-15,Vehicle - Pedestrian,,,,"Two-Way , Not Divided",Dry,Daylight,Clear,1,Not a Collision Between Two Motor Vehicles in Transport,"Yes, M/V and Driver Left Scene",No Controls,1,1,Incapacitating
297270,6/19/15,9:13 PM,2015-00060044,79 Elmwood Ave,ELMWOOD AVE ,79 Elmwood Ave / ELMWOOD AVE ,Ptlm. Chin,516,19-Jun-15,Vehicle - Pedestrian,X,,,"Two-Way , Not Divided",Dry,Dark - Lighted,Clear,1,Not a Collision Between Two Motor Vehicles in Transport,"Yes, M/V and Driver Left Scene",Traffic Control Signal,3,1,Complains Of Pain
297365,6/20/15,1:24 PM,2015-00060378,ACADEMY AVE,CHALKSTONE AVE ,ACADEMY AVE / CHALKSTONE AVE ,Erik Breault,226,20-Jun-15,Vehicle - Pedestrian,,,,"Two-Way, Divided, Unprotected (painted>4feet) Medium",Dry,Daylight,Clear,1,Not a Collision Between Two Motor Vehicles in Transport,No,Traffic Control Signal,2,1,Incapacitating
297614,6/22/15,11:06 AM,2015-00061083,EDDY STREET,APPLEGATE LANE,EDDY STREET / APPLEGATE LANE,Joseph Madeira,552,22-Jun-15,Vehicle - Pedestrian,,,,"Two-Way , Not Divided",Dry,Daylight,Clear,1,Other,No,No Controls,5,1,Complains Of Pain
298016,6/24/15,7:14 PM,2015-00062003,165 Pitman St,BUTLER AVE ,165 Pitman St / BUTLER AVE ,Robert Heaton,539,24-Jun-15,Vehicle - Pedestrian,,,,"Two-Way , Not Divided",Dry,Daylight,Clear,2,Angle - Direction Not Specified,No,No Controls,3,0,No Injury
298108,6/25/15,11:23 AM,2015-00062225,WESTMINISTER STREET,,WESTMINISTER STREET / ,Joseph Madeira,552,25-Jun-15,Vehicle - Pedestrian,,,,"Two-Way , Not Divided",Dry,Daylight,Clear,1,Other,"Yes, M/V and Driver Left Scene",No Controls,1,0,No Injury
298150,6/25/15,5:15 PM,2015-00062358,69 Capron St,JULIAN ST ,69 Capron St / JULIAN ST ,Ptlm. Chin,516,25-Jun-15,Vehicle - Pedestrian,,,,"Two-Way , Not Divided",Dry,Daylight,Clear,1,Not a Collision Between Two Motor Vehicles in Transport,No,No Controls,4,1,Complains Of Pain
298335,6/25/15,9:34 PM,2015-00062462,VALLEY ST,ATWELLS AVE ,VALLEY ST / ATWELLS AVE ,Graig Sion,254,26-Jun-15,Vehicle - Pedestrian,,,,"Two-Way, Divided, Unprotected (painted>4feet) Medium",Dry,Dark - Lighted,Clear,2,Head-On (Front - to - Front),"Yes, M/V and Driver Left Scene",No Controls,2,0,No Injury
298518,6/28/15,2:26 AM,2015-00063366,115 Harris Ave,HARRIS AVE EXIT 22C ,115 Harris Ave / HARRIS AVE EXIT 22C ,Kyle Richards,209,28-Jun-15,Vehicle - Pedestrian,,,,"Two-Way, Divided, Unprotected (painted>4feet) Medium",Wet,Dark - Lighted,Rain,1,Not a Collision Between Two Motor Vehicles in Transport,"Yes, M/V and Driver Left Scene",No Controls,1,1,Non-Incapacitating
298666,6/29/15,1:16 AM,2015-00063677,Willow Street,MESSER ST ,Willow Street / MESSER ST ,Mitchell Guerra,217,29-Jun-15,Vehicle - Pedestrian,,,,"Two-Way , Not Divided",Dry,Dark - Lighted,Clear,2,"Sideswipe, Same Direction","Yes, Driver Left Scene",No Controls,3,0,No Injury
298773,6/29/15,10:16 AM,2015-00063743,BROAD STREET,ALDRICH AVENUE,BROAD STREET / ALDRICH AVENUE,Joseph Madeira,552,29-Jun-15,Vehicle - Pedestrian,,,,"Two-Way , Not Divided",Dry,Daylight,Clear,1,Other,No,Stop Signs,2,1,Complains Of Pain
298838,6/29/15,5:50 PM,2015-00063903,Union Ave,WEBSTER AVE ,Union Ave / WEBSTER AVE ,Robert Foley,242,29-Jun-15,Vehicle - Pedestrian,X,,,"Two-Way , Not Divided",Dry,Daylight,Clear,1,Not a Collision Between Two Motor Vehicles in Transport,No,No Controls,3,1,Complains Of Pain
298900,6/30/15,8:35 AM,2015-00064079,POINT STREET,SOUTH MAIN STREET,POINT STREET / SOUTH MAIN STREET,Joseph Madeira,552,30-Jun-15,Vehicle - Pedestrian,,,,"Two-Way , Not Divided",Dry,Daylight,Clear,1,Angle (Front - to - Side) Right Angle (Includes Broadside),No,Traffic Control Signal,2,1,Complains Of Pain
298996,6/30/15,2:24 PM,2015-00064188,344 Washington St,DEAN ST ,344 Washington St / DEAN ST ,Ptlm. Chin,516,30-Jun-15,Vehicle - Pedestrian,,,,"Two-Way , Not Divided",Dry,Daylight,Clear,1,Not a Collision Between Two Motor Vehicles in Transport,No,No Controls,2,1,Complains Of Pain
299120,7/1/15,10:57 AM,2015-00064497,ATWELLS AVE,EAGLE ST ,ATWELLS AVE / EAGLE ST ,John Sigillo,590,01-Jul-15,Vehicle - Pedestrian,X,,,"Two-Way, Divided, Positive Median Barrier",Dry,Daylight,Cloudy,1,Angle (Front - to - Side) Right Angle (Includes Broadside),No,Traffic Control Signal,6,1,Non-Incapacitating
299395,7/2/15,5:19 PM,2015-00064985,DEXTER ST,POTTERS AVE ,DEXTER ST / POTTERS AVE ,Luis Pelaez,336,02-Jul-15,Vehicle - Pedestrian,,,,"Two-Way , Not Divided",Dry,Daylight,Clear,2,Not a Collision Between Two Motor Vehicles in Transport,No,Stop Signs,4,0,No Injury
299497,7/3/15,11:10 AM,2015-00065279,INDIA ST.,GANO ST.,INDIA ST. / GANO ST.,John Sigillo,590,03-Jul-15,Vehicle - Pedestrian,X,,,"Two-Way , Not Divided",Dry,Daylight,Clear,1,Angle (Front - to - Side) Right Angle (Includes Broadside),No,Stop Signs,6,1,Incapacitating
299499,7/3/15,4:15 PM,2015-00065374,MANTON AVE,FRUIT HILL AVE ,MANTON AVE / FRUIT HILL AVE ,Donald Castigliego,287,03-Jul-15,Vehicle - Pedestrian,,,,"Two-Way , Not Divided",Dry,Daylight,Clear,1,Not a Collision Between Two Motor Vehicles in Transport,No,Traffic Control Signal,2,0,No Injury
299525,7/3/15,6:02 PM,2015-00065413,MESSER ST,CRANSTON ST ,MESSER ST / CRANSTON ST ,Luis Pelaez,336,03-Jul-15,Vehicle - Pedestrian,X,,,"Two-Way , Not Divided",Dry,Daylight,Clear,1,Not a Collision Between Two Motor Vehicles in Transport,"Yes, M/V and Driver Left Scene",Stop Signs,2,1,Complains Of Pain
304343,7/4/15,9:38 PM,2015-00065891,DOUGLAS AVE,ADMIRAL ST ,DOUGLAS AVE / ADMIRAL ST ,Donald Castigliego,287,01-Aug-15,Vehicle - Pedestrian,,,,"Two-Way , Not Divided",Dry,Dark - Lighted,Clear,1,Not a Collision Between Two Motor Vehicles in Transport,"Yes, M/V and Driver Left Scene",No Controls,1,1,Non-Incapacitating
299644,7/5/15,9:50 PM,2015-00065898,PUBLIC ST,OCEAN ST ,PUBLIC ST / OCEAN ST ,Donald Castigliego,287,05-Jul-15,Vehicle - Pedestrian,,,,"Two-Way , Not Divided",Dry,Dark - Lighted,Clear,1,Not a Collision Between Two Motor Vehicles in Transport,"Yes, M/V and Driver Left Scene",No Controls,5,1,Incapacitating
299972,7/6/15,5:17 PM,2015-00066644,RIVER AVE,MOORLAND AVE ,RIVER AVE / MOORLAND AVE ,Scott Petrocchi,146,06-Jul-15,Vehicle - Pedestrian,X,,,"Two-Way , Not Divided",Dry,Daylight,Clear,1,Angle (Front - to - Side) Right Angle (Includes Broadside),No,Stop Signs,3,1,Non-Incapacitating
300118,7/7/15,11:56 AM,2015-00066897,39 ELMER STREET,DOUGLAS AVE ,39 ELMER STREET / DOUGLAS AVE ,Joseph Madeira,552,07-Jul-15,Vehicle - Pedestrian,,,,One-Way Trafficway,Wet,Daylight,Clear,1,Other,No,No Controls,2,1,Complains Of Pain
300169,7/7/15,6:18 PM,2015-00067050,RANDALL SQ,RANDALL SQ ,RANDALL SQ / RANDALL SQ ,Ptlm. Chin,516,07-Jul-15,Vehicle - Pedestrian,X,,,One-Way Trafficway,Dry,Daylight,Clear,1,Not a Collision Between Two Motor Vehicles in Transport,"Yes, M/V and Driver Left Scene",Stop Signs,2,1,Complains Of Pain
406041,7/8/15,11:00 AM,2015-00067289,service rd 7,westminster st,service rd 7 / westminster st,Paul Renzi,43,08-Jul-15,Vehicle - Pedestrian,,,,One-Way Trafficway,Dry,Daylight,Clear,1,"Sidwswipe, Opposite Direction","Yes, M/V and Driver Left Scene",Other,1,0,Unknown
300440,7/9/15,11:47 AM,2015-00067650,WASHINGTON ST,EXCHANGE ST ,WASHINGTON ST / EXCHANGE ST ,Jose Deschamps,419,09-Jul-15,Vehicle - Pedestrian,X,,,"Two-Way, Divided, Positive Median Barrier",Dry,Daylight,Clear,1,Other,No,No Controls,6,1,Complains Of Pain
300452,7/9/15,2:14 PM,2015-00067696,MEETING ST,62 PROSPECT ST ,MEETING ST / 62 PROSPECT ST ,Jose Deschamps,419,09-Jul-15,Vehicle - Pedestrian,,,,"Two-Way , Not Divided",Dry,Daylight,Clear,2,Other,No,No Controls,4,1,Complains Of Pain
300781,7/11/15,2:39 AM,2015-00068350,WASHINGTON ST,DORRANCE ST ,WASHINGTON ST / DORRANCE ST ,Michael Duffy,354,11-Jul-15,Vehicle - Pedestrian,,,,One-Way Trafficway,Dry,Dark - Lighted,Clear,1,"Sideswipe, Same Direction","Yes, M/V and Driver Left Scene",Traffic Control Signal,1,1,Complains Of Pain
300895,7/12/15,3:55 AM,2015-00068832,WESTMINSTER ST,SERVICE ROAD 7 ,WESTMINSTER ST / SERVICE ROAD 7 ,David Girard,690,12-Jul-15,Vehicle - Pedestrian,,,,One-Way Trafficway,Dry,Dark - Lighted,Clear,1,Unknown,"Yes, Driver Left Scene",Traffic Control Signal,4,2,Incapacitating
301113,7/13/15,8:58 PM,2015-00069460,POCASSET AVE,MAGNOLIA ST ,POCASSET AVE / MAGNOLIA ST ,MICHAEL R. TROIA / TRAFFIC BUREAU,331,13-Jul-15,Vehicle - Pedestrian,X,,,"Two-Way , Not Divided",Dry,Dark - Lighted,Clear,1,Not a Collision Between Two Motor Vehicles in Transport,"Yes, M/V and Driver Left Scene",Traffic Control Signal,1,1,Complains Of Pain
301745,7/16/15,1:55 PM,2015-00070327,193 ELMWOOD AVENUE,,193 ELMWOOD AVENUE / ,Joseph Madeira,552,17-Jul-15,Vehicle - Pedestrian,,,,"Two-Way , Not Divided",Dry,Daylight,Clear,1,Other,No,Traffic Control Signal,3,1,Complains Of Pain
301876,7/16/15,8:33 PM,2015-00070487,22 Calder St,,22 Calder St / ,Michael Clary,269,17-Jul-15,Vehicle - Pedestrian,,,,"Two-Way , Not Divided",Dry,Dusk,Clear,2,"Sideswipe, Same Direction","Yes, M/V and Driver Left Scene",No Controls,2,0,Unknown
302001,7/18/15,9:20 AM,2015-00071100,17 ERASTUS ST,AMHERST ST ,17 ERASTUS ST / AMHERST ST ,Ryan Moroney,324,18-Jul-15,Vehicle - Pedestrian,,,,"Two-Way , Not Divided",Dry,Daylight,Cloudy,2,Unknown,"Yes, M/V and Driver Left Scene",No Controls,2,0,No Injury
302806,7/19/15,12:48 PM,2015-00071604,HARTFORD AVE,EDNA ST ,HARTFORD AVE / EDNA ST ,Darren Hull,598,23-Jul-15,Vehicle - Pedestrian,,,,One-Way Trafficway,Dry,Daylight,Clear,2,"Sideswipe, Same Direction","Yes, M/V and Driver Left Scene",Traffic Control Signal,8,1,Complains Of Pain
302130,7/19/15,2:30 AM,2015-00071475,WILLARD AVE,TAYLOR ST ,WILLARD AVE / TAYLOR ST ,Kyle Endres,220,19-Jul-15,Vehicle - Pedestrian,,,,"Two-Way , Not Divided",Dry,Dark - Lighted,Clear,2,Rear End(Front-to-Rear),No,No Controls,4,0,No Injury
302206,7/19/15,2:50 PM,2015-00071632,177 WEBSTER AVENUE,,177 WEBSTER AVENUE / ,Joseph Madeira,552,19-Jul-15,Vehicle - Pedestrian,,,,Unknown,Dry,Daylight,Clear,1,Other,"Yes, M/V and Driver Left Scene",No Controls,1,1,Non-Incapacitating
302358,7/20/15,1:24 PM,2015-00071984,SALMON ST,SALMON ST ,SALMON ST / SALMON ST ,James Lanier,211,20-Jul-15,Vehicle - Pedestrian,,,,"Two-Way , Not Divided",Dry,Daylight,Clear,2,Angle (Front - to - Side) Opposite Direction,"Yes, M/V and Driver Left Scene",No Controls,2,0,No Injury
302555,7/21/15,8:54 PM,2015-00072485,Westminster St,Barton St,Westminster St / Barton St,Michael Clary,269,21-Jul-15,Vehicle - Pedestrian,,,,"Two-Way , Not Divided",Wet,Dark - Lighted,Rain,1,Not a Collision Between Two Motor Vehicles in Transport,No,Traffic Control Signal,2,1,Complains Of Pain
303135,7/22/15,9:21 PM,2015-00072867,HARVARD AVE,TAYLOR ST ,HARVARD AVE / TAYLOR ST ,Robert Heaton,539,24-Jul-15,Vehicle - Pedestrian,,,,"Two-Way , Not Divided",Dry,Dark - Lighted,Clear,2,Unknown,"Yes, M/V and Driver Left Scene",No Controls,3,0,Unknown
302606,7/22/15,8:20 AM,2015-00072607,Traverse St,Rosary Access Rd,Traverse St / Rosary Access Rd,Richard Mills,424,22-Jul-15,Vehicle - Pedestrian,,,,"Two-Way , Not Divided",Dry,Daylight,Clear,1,Angle (Front - to - Side) Opposite Direction,No,Stop Signs,2,1,Complains Of Pain
302634,7/22/15,10:12 AM,2015-00072647,ROCHAMBEAU AVENUE,COLE ROAD,ROCHAMBEAU AVENUE / COLE ROAD,Joseph Madeira,552,22-Jul-15,Vehicle - Pedestrian,,,,"Two-Way , Not Divided",Dry,Daylight,Clear,1,Other,No,Stop Signs,5,0,No Injury
303383,7/24/15,1:30 PM,2015-00073468,220 India St,,220 India St / ,Frank Moody,328,26-Jul-15,Vehicle - Pedestrian,,,,Unknown,Dry,Daylight,Clear,2,Angle (Front - to - Side) Right Angle (Includes Broadside),No,No Controls,2,0,No Injury
303318,7/25/15,6:32 PM,2015-00073966,BRANCH AVE,OPPER ST ,BRANCH AVE / OPPER ST ,Jessica Leone,258,25-Jul-15,Vehicle - Pedestrian,,,,"Two-Way , Not Divided",Dry,Daylight,Clear,1,Not a Collision Between Two Motor Vehicles in Transport,No,Traffic Control Signal,2,1,Complains Of Pain
303420,7/26/15,4:02 PM,2015-00074385,775 Potters Ave,HOMESTEAD AVE ,775 Potters Ave / HOMESTEAD AVE ,Ptlm. Chin,516,26-Jul-15,Vehicle - Pedestrian,,,,"Two-Way , Not Divided",Dry,Daylight,Cloudy,1,Not a Collision Between Two Motor Vehicles in Transport,No,No Controls,7,1,Complains Of Pain
303562,7/27/15,11:02 AM,2015-00074608,SIMS AVE,KINSLEY AVE ,SIMS AVE / KINSLEY AVE ,Joseph Iannucci,410,27-Jul-15,Vehicle - Pedestrian,,,,"Two-Way , Not Divided",Dry,Daylight,Clear,2,Rear - to - Side,"Yes, M/V and Driver Left Scene",Stop Signs,3,0,Unknown
303687,7/28/15,9:57 PM,2015-00075184,EMPIRE ST,WASHINGTON ST ,EMPIRE ST / WASHINGTON ST ,Robert Heaton,539,28-Jul-15,Vehicle - Pedestrian,X,,,"Two-Way , Not Divided",Dry,Dark - Lighted,Clear,2,Other,No,Traffic Control Signal,3,1,Incapacitating
303946,7/30/15,1:52 PM,2015-00075771,LYNN ST,SACKETT ST ,LYNN ST / SACKETT ST ,Ryan Moroney,324,30-Jul-15,Vehicle - Pedestrian,,,,"Two-Way , Not Divided",Dry,Daylight,Clear,1,Not a Collision Between Two Motor Vehicles in Transport,"Yes, M/V and Driver Left Scene",No Controls,2,1,Complains Of Pain
303976,7/30/15,4:47 PM,2015-00075825,BLACKSTONE BLVD,LLOYD AVE,BLACKSTONE BLVD / LLOYD AVE,Fausto Garcia,109,30-Jul-15,Vehicle - Pedestrian,X,,,One-Way Trafficway,Dry,Daylight,Cloudy,1,Not a Collision Between Two Motor Vehicles in Transport,No,Stop Signs,4,1,Complains Of Pain
304042,7/30/15,8:07 PM,2015-00075893,SMITH ST,DANFORTH ST ,SMITH ST / DANFORTH ST ,Robert Heaton,539,30-Jul-15,Vehicle - Pedestrian,,,,"Two-Way , Not Divided",Wet,Dark - Lighted,Rain,1,Other,No,No Controls,7,2,Incapacitating
304549,7/31/15,1:28 PM,2015-00076091,RESERVOIR AVE,ELMWOOD AVE ,RESERVOIR AVE / ELMWOOD AVE ,James Annis,454,02-Aug-15,Vehicle - Pedestrian,,,,Unknown,Dry,Daylight,Clear,1,Other,No,No Controls,2,1,Complains Of Pain
304260,7/31/15,6:50 PM,2015-00076205,21 FELIX ST,CHALKSTONE AVE ,21 FELIX ST / CHALKSTONE AVE ,Shawn Murnighan,253,31-Jul-15,Vehicle - Pedestrian,X,,,"Two-Way , Not Divided",Dry,Daylight,Clear,1,Not a Collision Between Two Motor Vehicles in Transport,"Yes, M/V and Driver Left Scene",No Controls,1,0,No Injury
304271,7/31/15,11:17 PM,2015-00076311,MEMORIAL BLVD,FRANCIS ST ,MEMORIAL BLVD / FRANCIS ST ,Jason Cotugno,173,01-Aug-15,Vehicle - Pedestrian,,,,"Two-Way, Divided, Positive Median Barrier",Dry,Dark - Lighted,Clear,1,Not a Collision Between Two Motor Vehicles in Transport,No,Traffic Control Signal,5,1,Non-Incapacitating
304397,8/1/15,7:07 PM,2015-00076654,Smith St,HOLDEN ST ,Smith St / HOLDEN ST ,Ptlm. Chin,516,01-Aug-15,Vehicle - Pedestrian,,,,"Two-Way , Not Divided",Dry,Dusk,Clear,1,Not a Collision Between Two Motor Vehicles in Transport,No,No Controls,4,1,Complains Of Pain
304577,8/2/15,4:40 PM,2015-00077034,Kenwood St,MESSER ST ,Kenwood St / MESSER ST ,Ptlm. Chin,516,02-Aug-15,Vehicle - Pedestrian,X,,,"Two-Way , Not Divided",Dry,Daylight,Clear,1,Not a Collision Between Two Motor Vehicles in Transport,"Yes, M/V and Driver Left Scene",No Controls,1,0,No Injury
304799,8/3/15,6:33 PM,2015-00077425,16 BARRY ROAD,BARRY RD ,16 BARRY ROAD / BARRY RD ,Donald Castigliego,287,03-Aug-15,Vehicle - Pedestrian,,,,"Two-Way , Not Divided",Dry,Daylight,Clear,1,Not a Collision Between Two Motor Vehicles in Transport,No,No Controls,3,1,Non-Incapacitating
305529,8/3/15,7:07 PM,2015-00077439,EXIT 23,I 95 S ,EXIT 23 / I 95 S ,Erik Breault,226,03-Aug-15,Vehicle - Pedestrian,,,,"Two-Way, Divided, Positive Median Barrier",Dry,Daylight,Clear,3,"Sideswipe, Same Direction",No,No Controls,5,0,No Injury
306183,8/3/15,12:56 PM,2015-00077299,ELMWOOD AVE,ELMWOOD AVE ,ELMWOOD AVE / ELMWOOD AVE ,Eugene Craven,517,11-Aug-15,Vehicle - Pedestrian,,,,"Two-Way, Divided, Unprotected (painted>4feet) Medium",Dry,Daylight,Clear,1,Angle (Front - to - Side) Same Direction,No,No Controls,2,1,Complains Of Pain
305187,8/5/15,4:22 PM,2015-00078157,261 WATERMAN ST,BUTLER AVE ,261 WATERMAN ST / BUTLER AVE ,Miguel Castillo,489,05-Aug-15,Vehicle - Pedestrian,,,,Unknown,Dry,Daylight,Clear,2,Rear - to - Side,No,No Controls,4,0,No Injury
305204,8/5/15,4:03 PM,2015-00078147,North Main St,FROST ST ,North Main St / FROST ST ,Ptlm. Chin,516,05-Aug-15,Vehicle - Pedestrian,,,,"Two-Way, Divided, Positive Median Barrier",Dry,Daylight,Clear,1,Not a Collision Between Two Motor Vehicles in Transport,No,No Controls,2,1,Complains Of Pain
305294,8/5/15,3:30 PM,2015-00078138,MOORE ST,UPDIKE ST ,MOORE ST / UPDIKE ST ,Shawn Murnighan,253,05-Aug-15,Vehicle - Pedestrian,,,,Unknown,Dry,Daylight,Clear,1,Not a Collision Between Two Motor Vehicles in Transport,No,No Controls,3,1,Complains Of Pain
305473,8/6/15,8:19 PM,2015-00078626,Grand St,POTTERS AVE ,Grand St / POTTERS AVE ,Ptlm. Chin,516,06-Aug-15,Vehicle - Pedestrian,,,,"Two-Way , Not Divided",Dry,Unknown,Clear,1,Not a Collision Between Two Motor Vehicles in Transport,"Yes, M/V and Driver Left Scene",No Controls,1,1,Complains Of Pain
305787,8/6/15,11:10 PM,2015-00078663,73 Richmond St,,73 Richmond St / ,Michael Clary,269,08-Aug-15,Vehicle - Pedestrian,,,,One-Way Trafficway,Dry,Dark - Lighted,Clear,2,"Sideswipe, Same Direction",No,No Controls,4,0,No Injury
305839,8/8/15,9:31 PM,2015-00079437,MANTON AVE,RUSHMORE AVE ,MANTON AVE / RUSHMORE AVE ,Donald Castigliego,287,08-Aug-15,Vehicle - Pedestrian,X,,,"Two-Way , Not Divided",Dry,Dark - Lighted,Clear,1,Not a Collision Between Two Motor Vehicles in Transport,No,No Controls,2,1,Incapacitating
306722,8/9/15,9:14 AM,2015-00079659,120 MANTON AVE,CYRIL CT ,120 MANTON AVE / CYRIL CT ,Jose Deschamps,419,14-Aug-15,Vehicle - Pedestrian,,,,"Two-Way , Not Divided",Dry,Daylight,Clear,0,Other,,No Controls,1,0,Unknown
306079,8/10/15,1:18 PM,2015-00080149,THAYER ST,POWER ST ,THAYER ST / POWER ST ,Jose Deschamps,419,10-Aug-15,Vehicle - Pedestrian,,,,"Two-Way, Divided, Unprotected (painted>4feet) Medium",Dry,Daylight,Clear,1,Not a Collision Between Two Motor Vehicles in Transport,No,No Controls,3,1,Non-Incapacitating
306111,8/10/15,5:00 PM,2015-00079795,Nye St,ALVERSON AVE ,Nye St / ALVERSON AVE ,Juan Rodrigues,194,10-Aug-15,Vehicle - Pedestrian,,,,"Two-Way , Not Divided",Dry,Daylight,Clear,1,Not a Collision Between Two Motor Vehicles in Transport,"Yes, M/V and Driver Left Scene",No Controls,2,1,Non-Incapacitating
306128,8/10/15,7:36 PM,2015-00080281,500 Cranston St,,500 Cranston St / ,Michael Clary,269,10-Aug-15,Vehicle - Pedestrian,X,,,"Two-Way , Not Divided",Dry,Dusk,Clear,1,Not a Collision Between Two Motor Vehicles in Transport,No,No Controls,2,0,No Injury
306246,8/11/15,4:48 PM,2015-00080585,ELM ST,HOSPITAL ST ,ELM ST / HOSPITAL ST ,KEN MATSUMOTO,348,11-Aug-15,Vehicle - Pedestrian,,,,"Two-Way , Not Divided",Wet,Daylight,Rain,1,Not a Collision Between Two Motor Vehicles in Transport,No,Stop Signs,3,1,Complains Of Pain
306378,8/12/15,9:00 AM,2015-00080835,N MAIN ST,HILLSIDE,N MAIN ST / HILLSIDE,Darren Hull,598,12-Aug-15,Vehicle - Pedestrian,,,,"Two-Way , Not Divided",Dry,Daylight,Clear,2,"Sideswipe, Same Direction","Yes, M/V and Driver Left Scene",Unknown,3,0,No Injury