CrashReportId,CrashDate,CrashTime,ReportNumber,StreetOrHighway,NearestIntersection,Location,Officer,Badge,ReportDate,TypeOfCollision,Bicycle,Scooter,Wheel Chair,TypeOfRoadway,RoadSurfaceCondition,LightCondition,WeatherCondition,NumberofVehicles,MannerofImpact,HitAndRun,TrafficControl,PersonCount,InjuryCount,MostSeriousInjury
306407,8/12/15,12:55 PM,2015-00080884,DORRANCE STREET,WESTMINISTER STREET,DORRANCE STREET / WESTMINISTER STREET,Joseph Madeira,552,12-Aug-15,Vehicle - Pedestrian,,,,"Two-Way , Not Divided",Dry,Daylight,Clear,1,Other,No,Traffic Control Signal,3,0,No Injury
306427,8/12/15,6:01 PM,2015-00080997,W EXCHANGE ST,EXCHANGE TER ,W EXCHANGE ST / EXCHANGE TER ,Ralph Abenante,511,12-Aug-15,Vehicle - Pedestrian,,,X,One-Way Trafficway,Dry,Daylight,Clear,1,Angle (Front - to - Side) Same Direction,No,No Controls,2,0,No Injury
306552,8/13/15,4:49 PM,2015-00081350,WENDELL ST,SUPERIOR ST ,WENDELL ST / SUPERIOR ST ,Donald Castigliego,287,13-Aug-15,Vehicle - Pedestrian,X,,,One-Way Trafficway,Dry,Daylight,Clear,1,Not a Collision Between Two Motor Vehicles in Transport,"Yes, M/V and Driver Left Scene",No Controls,1,1,Complains Of Pain
306569,8/13/15,5:06 PM,2015-00081359,CLIFFORD ST,DORRANCE ST ,CLIFFORD ST / DORRANCE ST ,Donald Castigliego,287,13-Aug-15,Vehicle - Pedestrian,X,,,One-Way Trafficway,Dry,Daylight,Clear,1,Not a Collision Between Two Motor Vehicles in Transport,No,Traffic Control Signal,4,1,Non-Incapacitating
306647,8/13/15,10:30 PM,2015-00081483,1314 BROAD STREET,BROAD ST ,1314 BROAD STREET / BROAD ST ,Jimmy Gutierrez,246,13-Aug-15,Vehicle - Pedestrian,X,,,"Two-Way, Divided, Unprotected (painted>4feet) Medium",Dry,Dark - Lighted,Clear,2,Not a Collision Between Two Motor Vehicles in Transport,No,No Controls,3,1,Complains Of Pain
306789,8/14/15,4:28 AM,2015-00081548,Althea St,CRANSTON ST ,Althea St / CRANSTON ST ,Isaiah Nerney,15636,15-Aug-15,Vehicle - Pedestrian,,,,"Two-Way , Not Divided",Dry,Dark - Lighted,Clear,2,Angle (Front - to - Side) Same Direction,"Yes, M/V and Driver Left Scene",No Controls,2,0,Unknown
306806,8/14/15,9:28 AM,2015-00081595,MANTON AVE,PELHAM ST ,MANTON AVE / PELHAM ST ,Jose Deschamps,419,14-Aug-15,Vehicle - Pedestrian,,,,"Two-Way, Divided, Unprotected (painted>4feet) Medium",Dry,Daylight,Clear,1,Not a Collision Between Two Motor Vehicles in Transport,No,No Controls,5,1,Complains Of Pain
306887,8/16/15,5:21 PM,2015-00082526,CRANSTON ST,DEXTER ST ,CRANSTON ST / DEXTER ST ,Donald Castigliego,287,16-Aug-15,Vehicle - Pedestrian,X,,,"Two-Way , Not Divided",Dry,Daylight,Clear,1,Not a Collision Between Two Motor Vehicles in Transport,No,Traffic Control Signal,2,1,Complains Of Pain
306962,8/16/15,11:48 AM,2015-00082429,BROAD ST,FRANCIS GREEN MEMORIAL BLVD,BROAD ST / FRANCIS GREEN MEMORIAL BLVD,Jose Deschamps,419,17-Aug-15,Vehicle - Pedestrian,,,,"Two-Way , Not Divided",Dry,Daylight,Clear,1,Other,No,No Controls,3,2,Complains Of Pain
307359,8/19/15,12:35 PM,2015-00083474,ATLANTIC AVE,NIAGARA ST ,ATLANTIC AVE / NIAGARA ST ,Jose Deschamps,419,19-Aug-15,Vehicle - Pedestrian,,,,"Two-Way , Not Divided",Dry,Daylight,Clear,2,Angle (Front - to - Side) Right Angle (Includes Broadside),"Yes, M/V and Driver Left Scene",No Controls,6,3,Incapacitating
307519,8/20/15,5:14 PM,2015-00083896,CHARLES ST,ORMS ST ,CHARLES ST / ORMS ST ,Donald Castigliego,287,20-Aug-15,Vehicle - Pedestrian,,,,"Two-Way , Not Divided",Dry,Daylight,Clear,1,Not a Collision Between Two Motor Vehicles in Transport,No,No Controls,2,1,Complains Of Pain
307645,8/21/15,3:26 PM,2015-00084225,UNION AVE,MESSER ST ,UNION AVE / MESSER ST ,Brian Murphy,231,21-Aug-15,Vehicle - Pedestrian,,,,"Two-Way , Not Divided",Dry,Daylight,Clear,1,Not a Collision Between Two Motor Vehicles in Transport,"Yes, M/V and Driver Left Scene",No Controls,1,1,Complains Of Pain
307882,8/23/15,6:45 PM,2015-00085138,CROWNINSHIELD ST,MERINO ST ,CROWNINSHIELD ST / MERINO ST ,Graig Sion,254,23-Aug-15,Vehicle - Pedestrian,,,,"Two-Way, Divided, Unprotected (painted>4feet) Medium",Dry,Daylight,Clear,1,Not a Collision Between Two Motor Vehicles in Transport,No,No Controls,5,1,Complains Of Pain
308601,8/27/15,6:03 PM,2015-00086718,Broad Street,ALDRICH ST ,Broad Street / ALDRICH ST ,Nicholas Froncillo,163,27-Aug-15,Vehicle - Pedestrian,,,,"Two-Way , Not Divided",Dry,Daylight,Clear,1,Angle (Front - to - Side) Same Direction,"Yes, M/V and Driver Left Scene",No Controls,1,1,Complains Of Pain
308903,8/29/15,12:18 PM,2015-00087447,1215 N. MAIN STREET,7TH ST ,1215 N. MAIN STREET / 7TH ST ,Darren Hull,598,29-Aug-15,Vehicle - Pedestrian,,,,"Two-Way, Divided, Positive Median Barrier",Dry,Daylight,Clear,1,Not a Collision Between Two Motor Vehicles in Transport,No,Traffic Control Signal,5,1,Complains Of Pain
308978,8/29/15,8:39 PM,2015-00087639,Cranston St,DODGE ST ,Cranston St / DODGE ST ,Ptlm. Chin,516,29-Aug-15,Vehicle - Pedestrian,X,,,"Two-Way , Not Divided",Unknown,Dark - Lighted,Clear,1,Unknown,"Yes, M/V and Driver Left Scene",Unknown,1,1,Complains Of Pain
309691,9/2/15,2:41 PM,2015-00089112,VALLEY ST,EAGLE ST ,VALLEY ST / EAGLE ST ,Jose Deschamps,419,02-Sep-15,Vehicle - Pedestrian,,,,"Two-Way, Divided, Unprotected (painted>4feet) Medium",Dry,Daylight,Clear,1,Not a Collision Between Two Motor Vehicles in Transport,No,Traffic Control Signal,4,2,Complains Of Pain
309725,9/2/15,8:22 PM,2015-00089236,Francis St,Memorial Blvd,Francis St / Memorial Blvd,Michael Clary,269,03-Sep-15,Vehicle - Pedestrian,,,,"Two-Way , Not Divided",Dry,Dark - Lighted,Clear,1,Not a Collision Between Two Motor Vehicles in Transport,No,Traffic Control Signal,4,2,Complains Of Pain
310057,9/4/15,1:40 PM,2015-00089869,462 MANTON AVE,SISSON ST ,462 MANTON AVE / SISSON ST ,Jin O,147,04-Sep-15,Vehicle - Pedestrian,,,,"Two-Way , Not Divided",Dry,Daylight,Clear,1,Not a Collision Between Two Motor Vehicles in Transport,No,No Controls,2,1,Complains Of Pain
310098,9/4/15,2:04 PM,2015-00089879,DOYLE AVE,CAMP ST ,DOYLE AVE / CAMP ST ,Darren Hull,598,04-Sep-15,Vehicle - Pedestrian,,,,"Two-Way, Divided, Unprotected (painted>4feet) Medium",Dry,Daylight,Clear,1,Rear End(Front-to-Rear),No,No Controls,3,0,No Injury
310144,9/4/15,5:20 PM,2015-00089961,100 Broad St,FENNER ST ,100 Broad St / FENNER ST ,Ptlm. Chin,516,04-Sep-15,Vehicle - Pedestrian,,,,"Two-Way , Not Divided",Dry,Daylight,Clear,1,Not a Collision Between Two Motor Vehicles in Transport,No,No Controls,4,1,Complains Of Pain
310158,9/4/15,7:01 PM,2015-00090014,WESTMINSTER ST,ABORN ST ,WESTMINSTER ST / ABORN ST ,KEN MATSUMOTO,348,04-Sep-15,Vehicle - Pedestrian,X,,,One-Way Trafficway,Dry,Daylight,Clear,1,Not a Collision Between Two Motor Vehicles in Transport,No,No Controls,3,1,Complains Of Pain
314312,9/4/15,12:18 PM,2015-00089842,CHARLES ST,ORMS ST ,CHARLES ST / ORMS ST ,Anthony Hampton,681,21-Sep-15,Vehicle - Pedestrian,,,,"Two-Way, Divided, Positive Median Barrier",Dry,Daylight,Clear,1,Not a Collision Between Two Motor Vehicles in Transport,No,Traffic Control Signal,2,1,Complains Of Pain
310918,9/6/15,12:15 PM,2015-00090774,BORDEN ST, Eddy St,BORDEN ST /  Eddy St,Frank Newton,594,08-Sep-15,Vehicle - Pedestrian,,,,One-Way Trafficway,Dry,Daylight,Clear,1,Other,No,No Controls,2,1,Complains Of Pain
310769,9/7/15,4:23 PM,2015-00091272,100 Francis Street,GASPEE ST ,100 Francis Street / GASPEE ST ,Anthony Doucette,475,07-Sep-15,Vehicle - Pedestrian,,,,"Two-Way , Not Divided",Dry,Daylight,Clear,1,Head-On (Front - to - Front),"Yes, M/V and Driver Left Scene",No Controls,3,1,Complains Of Pain
310982,9/8/15,4:30 PM,2015-00091635,386 Broad Street,BROAD ST ,386 Broad Street / BROAD ST ,Edwardo Curi,294,08-Sep-15,Vehicle - Pedestrian,,,,"Two-Way, Divided, Positive Median Barrier",Dry,Daylight,Clear,1,Not a Collision Between Two Motor Vehicles in Transport,No,No Controls,2,1,Complains Of Pain
311076,9/8/15,8:46 PM,2015-00091744,ELMWOOD AVE,RUTLAND ST ,ELMWOOD AVE / RUTLAND ST ,Robert Heaton,539,09-Sep-15,Vehicle - Pedestrian,,,,"Two-Way, Divided, Unprotected (painted>4feet) Medium",Dry,Dark - Lighted,Clear,1,Other,No,No Controls,2,1,Complains Of Pain
311172,9/8/15,6:45 PM,2015-00091909,675 Hartford Ave,MIDDLETON ST ,675 Hartford Ave / MIDDLETON ST ,Michele Rudolph,512,09-Sep-15,Vehicle - Pedestrian,,,,Unknown,Dry,Dusk,Clear,1,Not a Collision Between Two Motor Vehicles in Transport,"Yes, M/V and Driver Left Scene",No Controls,1,0,Unknown
311291,9/9/15,6:09 PM,2015-00092077,342 orms st,ESTEN ST ,342 orms st / ESTEN ST ,Louy Marroquin,218,09-Sep-15,Vehicle - Pedestrian,,,,"Two-Way , Not Divided",Dry,Daylight,Clear,1,Other,No,No Controls,8,1,Complains Of Pain
311396,9/10/15,1:29 PM,2015-00091944,SILVER SPRING STREET,,SILVER SPRING STREET / ,Joseph Madeira,552,10-Sep-15,Vehicle - Pedestrian,,,,"Two-Way , Not Divided",Dry,Daylight,Clear,1,Other,No,Stop Signs,2,1,Non-Incapacitating
311526,9/10/15,8:23 PM,2015-00092475,252 Thayer St,Olive St,252 Thayer St / Olive St,Ptlm. Chin,516,10-Sep-15,Vehicle - Pedestrian,,,,One-Way Trafficway,Wet,Daylight,Clear,2,Not a Collision Between Two Motor Vehicles in Transport,No,Pavement Markings,3,1,Complains Of Pain
313461,9/10/15,12:41 PM,2015-00092328,WESTMINSTER ST,DEXTER ST ,WESTMINSTER ST / DEXTER ST ,Jesse Ferrell,428,17-Sep-15,Vehicle - Pedestrian,,,,"Two-Way , Not Divided",Dry,Dawn,Clear,1,Other,No,No Controls,3,1,Complains Of Pain
311688,9/11/15,1:31 PM,2015-00092679,WESTMINSTER ST,BATTEY ST ,WESTMINSTER ST / BATTEY ST ,Baez Jr,687,11-Sep-15,Vehicle - Pedestrian,X,,,"Two-Way, Divided, Unprotected (painted>4feet) Medium",Dry,Daylight,Clear,1,Angle (Front - to - Side) Same Direction,No,Stop Signs,2,1,Complains Of Pain
311838,9/11/15,7:52 PM,2015-00092806,460 ALLENS AVE,,460 ALLENS AVE / ,MICHAEL R. TROIA / TRAFFIC BUREAU,331,11-Sep-15,Vehicle - Pedestrian,,,,"Two-Way , Not Divided",Dry,Dark - Not Lighted,Clear,1,Not a Collision Between Two Motor Vehicles in Transport,No,No Controls,7,1,Incapacitating
311904,9/12/15,12:41 PM,2015-00093103,Manton Avenue,ATWELLS AVE ,Manton Avenue / ATWELLS AVE ,Joseph Kane,544,12-Sep-15,Vehicle - Pedestrian,,,,"Two-Way, Divided, Unprotected (painted>4feet) Medium",Dry,Daylight,Clear,1,Head-On (Front - to - Front),No,Traffic Control Signal,3,1,Incapacitating
312047,9/13/15,12:28 AM,2015-00093387,BRANCH AVE,CHARLES ST ,BRANCH AVE / CHARLES ST ,MICHAEL R. TROIA / TRAFFIC BUREAU,331,13-Sep-15,Vehicle - Pedestrian,,,,"Two-Way , Not Divided",Wet,Dark - Lighted,Rain,1,Not a Collision Between Two Motor Vehicles in Transport,"Yes, M/V and Driver Left Scene",No Controls,1,1,Complains Of Pain
312651,9/14/15,10:02 AM,2015-00093774,Thayer St,WATERMAN ST ,Thayer St / WATERMAN ST ,Ptlm. Chin,516,14-Sep-15,Vehicle - Pedestrian,,,,One-Way Trafficway,Dry,Daylight,Clear,1,Not a Collision Between Two Motor Vehicles in Transport,No,Traffic Control Signal,2,0,No Injury
312764,9/14/15,4:36 PM,2015-00093899,EDITH ST,LELAND ST ,EDITH ST / LELAND ST ,Jessica Leone,258,14-Sep-15,Vehicle - Pedestrian,,,,Unknown,Dry,Daylight,Clear,2,Unknown,"Yes, M/V and Driver Left Scene",No Controls,2,0,Unknown
312833,9/15/15,12:32 AM,2015-00094034,TELL ST,KNIGHT ST ,TELL ST / KNIGHT ST ,Robert Heaton,539,15-Sep-15,Vehicle - Pedestrian,X,,,"Two-Way , Not Divided",Dry,Dark - Lighted,Clear,1,Other,No,Stop Signs,3,1,Complains Of Pain
312873,9/15/15,8:15 AM,2015-00094094,BUCKLIN STREET,CARTER STREET,BUCKLIN STREET / CARTER STREET,Joseph Madeira,552,15-Sep-15,Vehicle - Pedestrian,,,,"Two-Way , Not Divided",Dry,Daylight,Clear,1,Other,No,Stop Signs,2,1,Complains Of Pain
313267,9/16/15,5:29 PM,2015-00094653,Broadway,COURTLAND ST ,Broadway / COURTLAND ST ,Ptlm. Chin,516,16-Sep-15,Vehicle - Pedestrian,,,,"Two-Way , Not Divided",Dry,Daylight,Clear,1,Not a Collision Between Two Motor Vehicles in Transport,No,Pavement Markings,4,1,Complains Of Pain
313497,9/17/15,3:40 PM,2015-00094973,POWER ST,GOVERNOR ST ,POWER ST / GOVERNOR ST ,Ptlm. Chin,516,17-Sep-15,Vehicle - Pedestrian,,,,"Two-Way , Not Divided",Dry,Daylight,Clear,1,Not a Collision Between Two Motor Vehicles in Transport,No,Stop Signs,3,1,Complains Of Pain
314256,9/18/15,11:58 AM,2015-00095291,GANO ST,MEDWAY ST ,GANO ST / MEDWAY ST ,Kyle Endres,220,21-Sep-15,Vehicle - Pedestrian,,,,"Two-Way, Divided, Positive Median Barrier",Dry,Daylight,Clear,2,"Sideswipe, Same Direction",No,Pavement Markings,4,0,No Injury
313849,9/18/15,3:30 PM,2015-00095356,Charles St,CHRISTOPHER ST ,Charles St / CHRISTOPHER ST ,Ptlm. Chin,516,18-Sep-15,Vehicle - Pedestrian,X,,,"Two-Way , Not Divided",Dry,Daylight,Clear,3,Not a Collision Between Two Motor Vehicles in Transport,No,Stop Signs,5,2,Complains Of Pain
313852,9/18/15,5:36 PM,2015-00095410,99 Kennedy Plaza,ARCADE ST ,99 Kennedy Plaza / ARCADE ST ,Ptlm. Chin,516,18-Sep-15,Vehicle - Pedestrian,,,,"Two-Way , Not Divided",Dry,Daylight,Clear,1,Not a Collision Between Two Motor Vehicles in Transport,No,No Controls,3,1,Complains Of Pain
314627,9/19/15,5:10 PM,2015-00096911,PLYMOUTH ST,POTTERS AVE ,PLYMOUTH ST / POTTERS AVE ,Thiago Gomes,532,22-Sep-15,Vehicle - Pedestrian,,,,"Two-Way , Not Divided",Dry,Daylight,Clear,1,Angle (Front - to - Side) Opposite Direction,"Yes, M/V and Driver Left Scene",No Controls,1,1,Complains Of Pain
313963,9/19/15,2:04 AM,2015-00095624,255 Allens Ave,OCONNELL ST ,255 Allens Ave / OCONNELL ST ,Matthew Sheridan,229,19-Sep-15,Vehicle - Pedestrian,,,,"Two-Way , Not Divided",Dry,Dark - Lighted,Clear,2,Not a Collision Between Two Motor Vehicles in Transport,No,No Controls,3,0,No Injury
314072,9/19/15,11:43 AM,2015-00095731,EVERGREEN ST,YORK ST ,EVERGREEN ST / YORK ST ,Andrew Frolich,673,19-Sep-15,Vehicle - Pedestrian,,,,Unknown,Dry,Daylight,Clear,2,"Sideswipe, Same Direction","Yes, M/V and Driver Left Scene",No Controls,3,0,Unknown
314132,9/19/15,6:17 PM,2015-00095876,WESTMINSTER ST,DEXTER ST ,WESTMINSTER ST / DEXTER ST ,Ptlm. Chin,516,19-Sep-15,Vehicle - Pedestrian,,,,"Two-Way , Not Divided",Dry,Daylight,Clear,1,Not a Collision Between Two Motor Vehicles in Transport,No,No Controls,2,1,Complains Of Pain
314522,9/21/15,6:25 PM,2015-00096732,PINEHURST AVE,CHAD BROWN ST ,PINEHURST AVE / CHAD BROWN ST ,Jessica Leone,258,21-Sep-15,Vehicle - Pedestrian,,,,"Two-Way , Not Divided",Dry,Dusk,Clear,2,"Sideswipe, Same Direction",No,No Controls,4,0,No Injury
319683,9/22/15,12:05 PM,2015-00096954,CRANSTON ST,DEXTER ST ,CRANSTON ST / DEXTER ST ,Jesse Ferrell,428,11-Oct-15,Vehicle - Pedestrian,X,,,"Two-Way , Not Divided",Dry,Daylight,Clear,1,Not a Collision Between Two Motor Vehicles in Transport,"Yes, M/V and Driver Left Scene",No Controls,1,0,No Injury
315548,9/24/15,7:04 PM,2015-00097840,SPRAGUE ST,DEXTER ST ,SPRAGUE ST / DEXTER ST ,Donald Castigliego,287,24-Sep-15,Vehicle - Pedestrian,,,,"Two-Way , Not Divided",Dry,Dark - Lighted,Clear,1,Not a Collision Between Two Motor Vehicles in Transport,No,Stop Signs,2,1,Complains Of Pain
315598,9/25/15,7:59 AM,2015-00097999,DEXTER ST,POTTERS AVE ,DEXTER ST / POTTERS AVE ,Jose Deschamps,419,25-Sep-15,Vehicle - Pedestrian,X,,,"Two-Way, Divided, Unprotected (painted>4feet) Medium",Dry,Daylight,Clear,1,Other,No,No Controls,2,1,Incapacitating
315705,9/25/15,3:42 PM,2015-00098148,S WATER ST,BRIDGE ST ,S WATER ST / BRIDGE ST ,Ptlm. Chin,516,25-Sep-15,Vehicle - Pedestrian,,,,"Two-Way , Not Divided",Dry,Daylight,Clear,1,Not a Collision Between Two Motor Vehicles in Transport,"Yes, M/V and Driver Left Scene",No Controls,7,1,Complains Of Pain
315774,9/25/15,7:10 PM,2015-00098240,CORINTH ST,SAVINGS ST ,CORINTH ST / SAVINGS ST ,Richard Mendez,288,25-Sep-15,Vehicle - Pedestrian,,,,"Two-Way , Not Divided",Dry,Dark - Lighted,Clear,1,Not a Collision Between Two Motor Vehicles in Transport,No,No Controls,2,1,Complains Of Pain
316285,9/26/15,10:33 PM,2015-00098727,Broad St,Parkview Ave,Broad St / Parkview Ave,Michael Clary,269,27-Sep-15,Vehicle - Pedestrian,,,,"Two-Way , Not Divided",Dry,Dark - Lighted,Clear,1,Not a Collision Between Two Motor Vehicles in Transport,No,No Controls,2,1,Complains Of Pain
316165,9/27/15,6:37 PM,2015-00099019,FARRAGUT AVE,,FARRAGUT AVE / ,Nicholas Froncillo,163,27-Sep-15,Vehicle - Pedestrian,,,,"Two-Way , Not Divided",Dry,Dusk,Clear,2,Rear End(Front-to-Rear),No,No Controls,3,0,No Injury
316770,9/29/15,12:33 PM,2015-00099613,69 EMPIRE STREET,WESTMINISTER STREET,69 EMPIRE STREET / WESTMINISTER STREET,Joseph Madeira,552,29-Sep-15,Vehicle - Pedestrian,,,,"Two-Way , Not Divided",Dry,Daylight,Clear,1,Other,No,No Controls,2,1,Complains Of Pain
316908,9/29/15,5:53 PM,2015-00099736,CHARLES ST,ORMS ST ,CHARLES ST / ORMS ST ,Brian Murphy,231,29-Sep-15,Vehicle - Pedestrian,,,,"Two-Way , Not Divided",Dry,Daylight,Clear,1,Not a Collision Between Two Motor Vehicles in Transport,No,No Controls,2,0,No Injury
317024,9/30/15,7:57 AM,2015-00099910,KEENE ST,HOPE ST ,KEENE ST / HOPE ST ,Derrek Edmonds,550,30-Sep-15,Vehicle - Pedestrian,,,,"Two-Way , Not Divided",Wet,Daylight,Rain,1,Angle (Front - to - Side) Right Angle (Includes Broadside),No,No Controls,2,1,Complains Of Pain
317656,10/2/15,7:59 AM,2015-00100586,CHALKSTONE AVE,ACADEMY AVE ,CHALKSTONE AVE / ACADEMY AVE ,Jose Deschamps,419,02-Oct-15,Vehicle - Pedestrian,X,,,"Two-Way, Divided, Unprotected (painted>4feet) Medium",Wet,Daylight,"Sleet, Hail (Freezing Rain or Drizzle)",1,Head-On (Front - to - Front),No,Traffic Control Signal,5,1,Non-Incapacitating
318291,10/4/15,2:00 AM,2015-00101336,Atwells ave,EUTAW ST ,Atwells ave / EUTAW ST ,Mitchell Guerra,217,04-Oct-15,Vehicle - Pedestrian,,,,"Two-Way , Not Divided",Dry,Dark - Lighted,Clear,1,Not a Collision Between Two Motor Vehicles in Transport,"Yes, M/V and Driver Left Scene",No Controls,5,1,Non-Incapacitating
318450,10/5/15,12:43 AM,2015-00101658,58 Prudence Ave,SILVER LAKE AVE ,58 Prudence Ave / SILVER LAKE AVE ,Ptlm Silva,252,05-Oct-15,Vehicle - Pedestrian,,,,"Two-Way , Not Divided",Dry,Dark - Lighted,Clear,1,Not a Collision Between Two Motor Vehicles in Transport,No,No Controls,3,1,Complains Of Pain
319153,10/7/15,8:39 PM,2015-00102625,WINDMILL ST,LEDGE ST ,WINDMILL ST / LEDGE ST ,Vincent Lopez,219,08-Oct-15,Vehicle - Pedestrian,,,,Unknown,Dry,Dark - Lighted,Clear,2,Rear End(Front-to-Rear),No,No Controls,5,0,No Injury
319378,10/9/15,6:53 PM,2015-00103333,HARTFORD AVE,HARTFORD AVE ,HARTFORD AVE / HARTFORD AVE ,Brittany Boudreau,236,09-Oct-15,Vehicle - Pedestrian,,,,"Two-Way, Divided, Unprotected (painted>4feet) Medium",Wet,Dark - Lighted,Rain,1,Not a Collision Between Two Motor Vehicles in Transport,No,No Controls,3,1,Complains Of Pain
319423,10/9/15,9:08 PM,2015-00103369,WARRINGTON ST,BROAD STREET,WARRINGTON ST / BROAD STREET,Donald Castigliego,287,09-Oct-15,Vehicle - Pedestrian,,,,"Two-Way , Not Divided",Wet,Dark - Lighted,Cloudy,1,Not a Collision Between Two Motor Vehicles in Transport,No,No Controls,3,1,Complains Of Pain
319501,10/10/15,4:21 PM,2015-00103637,WEBSTER AVE,PROGRESS AVE ,WEBSTER AVE / PROGRESS AVE ,Graig Sion,254,10-Oct-15,Vehicle - Pedestrian,,,,"Two-Way, Divided, Unprotected (painted>4feet) Medium",Dry,Daylight,Clear,2,Head-On (Front - to - Front),"Yes, M/V and Driver Left Scene",No Controls,2,0,No Injury
319518,10/10/15,6:36 PM,2015-00103692,PRUDENCE AVE,EVELYN ST ,PRUDENCE AVE / EVELYN ST ,Graig Sion,254,10-Oct-15,Vehicle - Pedestrian,,,,"Two-Way, Divided, Unprotected (painted>4feet) Medium",Dry,Dark - Lighted,Clear,2,Angle (Front - to - Side) Same Direction,"Yes, M/V and Driver Left Scene",No Controls,3,0,No Injury
368053,10/10/15,9:20 PM,2015-00103755,ADELAIDE AVE,BROAD ST ,ADELAIDE AVE / BROAD ST ,Jared Stanzione,193,11-Oct-15,Vehicle - Pedestrian,,,,Unknown,Dry,Dark - Lighted,Clear,1,Not a Collision Between Two Motor Vehicles in Transport,"Yes, M/V and Driver Left Scene",No Controls,1,1,Complains Of Pain
320339,10/12/15,12:15 PM,2015-00104282,SPRUCE ST,CROUT ST ,SPRUCE ST / CROUT ST ,Michael Caraccia,624,13-Oct-15,Vehicle - Pedestrian,,,,One-Way Trafficway,Dry,Daylight,Clear,2,"Sidwswipe, Opposite Direction","Yes, M/V and Driver Left Scene",No Controls,2,0,No Injury
320485,10/13/15,4:07 PM,2015-00104699,STATE ST,EXIT 23 ,STATE ST / EXIT 23 ,Ptlm. Chin,516,13-Oct-15,Vehicle - Pedestrian,X,,,"Two-Way , Not Divided",Dry,Daylight,Clear,1,Not a Collision Between Two Motor Vehicles in Transport,No,Traffic Control Signal,3,1,Complains Of Pain
368056,10/15/15,4:37 PM,2015-00105441,Bridgham St,,Bridgham St / ,Michael Clary,269,18-Oct-15,Vehicle - Pedestrian,,,,"Two-Way , Not Divided",Dry,Daylight,Clear,1,Not a Collision Between Two Motor Vehicles in Transport,"Yes, M/V and Driver Left Scene",No Controls,1,1,Complains Of Pain
321222,10/16/15,11:14 AM,2015-00105704,GEORGE ST,THAYER ST ,GEORGE ST / THAYER ST ,John Almeida,386,16-Oct-15,Vehicle - Pedestrian,X,,,"Two-Way , Not Divided",Dry,Daylight,Clear,1,Not a Collision Between Two Motor Vehicles in Transport,No,No Controls,3,0,No Injury
321461,10/17/15,12:04 PM,2015-00106095,CAMP ST,DOYLE AVE ,CAMP ST / DOYLE AVE ,Anthony Hampton,681,17-Oct-15,Vehicle - Pedestrian,,,,"Two-Way , Not Divided",Dry,Daylight,Clear,1,Not a Collision Between Two Motor Vehicles in Transport,No,Stop Signs,2,0,No Injury
321536,10/17/15,5:21 PM,2015-00106202,Washington St,WINTER ST ,Washington St / WINTER ST ,Ptlm. Chin,516,17-Oct-15,Vehicle - Pedestrian,X,,,"Two-Way , Not Divided",Dry,Daylight,Clear,1,Not a Collision Between Two Motor Vehicles in Transport,No,Stop Signs,4,1,Complains Of Pain
321623,10/17/15,9:20 PM,2015-00106249,UNION AVE,CUMERFORD ST ,UNION AVE / CUMERFORD ST ,Graig Sion,254,17-Oct-15,Vehicle - Pedestrian,,,,"Two-Way, Divided, Unprotected (painted>4feet) Medium",Dry,Daylight,Clear,2,Head-On (Front - to - Front),"Yes, M/V and Driver Left Scene",No Controls,4,0,No Injury
321637,10/17/15,10:12 PM,2015-00106268,W FRIENDSHIP ST,BROAD ST ,W FRIENDSHIP ST / BROAD ST ,Michael Sullivan,347,18-Oct-15,Vehicle - Pedestrian,,,,Unknown,Dry,Dark - Lighted,Clear,2,Rear - to - Side,"Yes, M/V and Driver Left Scene",No Controls,3,0,No Injury
321994,10/18/15,7:50 PM,2015-00106572,14 shafter st,DORA ST ,14 shafter st / DORA ST ,Kaitlin Coogan,234,19-Oct-15,Vehicle - Pedestrian,,,,"Two-Way , Not Divided",Dry,Dark - Lighted,Clear,2,Rear End(Front-to-Rear),"Yes, M/V and Driver Left Scene",No Controls,2,0,Unknown
322977,10/19/15,9:33 AM,2015-00106695,DEAN ST,KINSLEY AVE ,DEAN ST / KINSLEY AVE ,Raymond King,633,19-Oct-15,Vehicle - Pedestrian,,,,"Two-Way, Divided, Positive Median Barrier",Dry,Daylight,Clear,1,Not a Collision Between Two Motor Vehicles in Transport,No,No Controls,3,1,Complains Of Pain
324195,10/19/15,6:55 PM,2015-00106882,WESTMINSTER ST,MATHEWSON ST ,WESTMINSTER ST / MATHEWSON ST ,Graig Sion,254,19-Oct-15,Vehicle - Pedestrian,,,,One-Way Trafficway,Dry,Dark - Lighted,Clear,1,Other,No,No Controls,3,1,Complains Of Pain
322653,10/20/15,9:15 AM,2015-00107039,SILVER SPRING ST,BRANCH AVE ,SILVER SPRING ST / BRANCH AVE ,Juan Robles,643,20-Oct-15,Vehicle - Pedestrian,,,,"Two-Way , Not Divided",Dry,Daylight,Clear,1,Not a Collision Between Two Motor Vehicles in Transport,No,Traffic Control Signal,2,0,No Injury
322836,10/20/15,7:07 PM,2015-00107240,CAROLINA AVE,ALLENS AVE ,CAROLINA AVE / ALLENS AVE ,Robert Heaton,539,20-Oct-15,Vehicle - Pedestrian,,,,"Two-Way , Not Divided",Dry,Other,Clear,1,Other,No,No Controls,2,1,Non-Incapacitating