CrashReportId,CrashDate,CrashTime,ReportNumber,StreetOrHighway,NearestIntersection,Location,Officer,Badge,ReportDate,TypeOfCollision,Bicycle,Scooter,Wheel Chair,TypeOfRoadway,RoadSurfaceCondition,LightCondition,WeatherCondition,NumberofVehicles,MannerofImpact,HitAndRun,TrafficControl,PersonCount,InjuryCount,MostSeriousInjury
323390,10/21/15,7:57 PM,2015-00107555,LIBRARY COURT,WESTMINSTER ST,LIBRARY COURT / WESTMINSTER ST,Robert Heaton,539,21-Oct-15,Vehicle - Pedestrian,X,,,"Two-Way , Not Divided",Dry,Dark - Lighted,Clear,1,Angle - Direction Not Specified,No,Traffic Control Signal,3,1,Complains Of Pain
323454,10/21/15,10:13 PM,2015-00107597,MEMORIAL BLVD,WASHINGTON ST ,MEMORIAL BLVD / WASHINGTON ST ,Robert Heaton,539,22-Oct-15,Vehicle - Pedestrian,,,,"Two-Way, Divided, Positive Median Barrier",Dry,Dark - Lighted,Cloudy,1,Other,No,Traffic Control Signal,6,1,Non-Incapacitating
323677,10/22/15,4:23 PM,2015-00107840,125 PROSPECT ST,BARNES ST ,125 PROSPECT ST / BARNES ST ,Miguel Castillo,489,22-Oct-15,Vehicle - Pedestrian,,,,"Two-Way , Not Divided",Dry,Daylight,Clear,2,Unknown,No,No Controls,4,0,No Injury
325752,10/26/15,7:10 PM,2015-00109405,38 LANCASHIRE ST,GLASGOW ST ,38 LANCASHIRE ST / GLASGOW ST ,Erik Breault,226,26-Oct-15,Vehicle - Pedestrian,,,,"Two-Way , Not Divided",Dry,Dark - Lighted,Clear,1,Unknown,"Yes, M/V and Driver Left Scene",No Controls,1,1,Complains Of Pain
326190,10/27/15,9:48 PM,2015-00109790,ATWELLS AVE,ACORN ST ,ATWELLS AVE / ACORN ST ,Robert Heaton,539,27-Oct-15,Vehicle - Pedestrian,,,,"Two-Way , Not Divided",Dry,Dark - Lighted,Clear,2,Angle - Direction Not Specified,"Yes, M/V and Driver Left Scene",No Controls,3,0,Unknown
326227,10/28/15,12:51 AM,2015-00109821,STATE HWY 146,I 95 ,STATE HWY 146 / I 95 ,Brian Muldoon,182,28-Oct-15,Vehicle - Pedestrian,,,,"Two-Way, Divided, Positive Median Barrier",Dry,Dark - Lighted,Clear,1,Not a Collision Between Two Motor Vehicles in Transport,"Yes, M/V and Driver Left Scene",No Controls,4,1,Complains Of Pain
326320,10/28/15,11:38 AM,2015-00109909,Chalkstone Ave,ACADEMY Ave,Chalkstone Ave / ACADEMY Ave,"Ptlm., Chin",516,28-Oct-15,Vehicle - Pedestrian,,,,"Two-Way , Not Divided",Dry,Daylight,Clear,1,Not a Collision Between Two Motor Vehicles in Transport,"Yes, M/V and Driver Left Scene",Traffic Control Signal,1,1,Complains Of Pain
326495,10/28/15,5:16 PM,2015-00110005,CHARLES ST,NAHANT ST ,CHARLES ST / NAHANT ST ,Jessica Leone,258,28-Oct-15,Vehicle - Pedestrian,,,,"Two-Way , Not Divided",Wet,Dusk,Rain,2,Rear End(Front-to-Rear),No,No Controls,3,0,No Injury
326550,10/28/15,9:03 PM,2015-00110081,ADMIRAL ST,DOUGLAS AVE ,ADMIRAL ST / DOUGLAS AVE ,KEN MATSUMOTO,348,28-Oct-15,Vehicle - Pedestrian,,,,"Two-Way , Not Divided",Wet,Dark - Lighted,Rain,1,Not a Collision Between Two Motor Vehicles in Transport,No,Traffic Control Signal,3,1,Complains Of Pain
326623,10/29/15,11:42 PM,2015-00110122,HARRISON ST,POWHATTAN ST ,HARRISON ST / POWHATTAN ST ,Michael Maycock,281,29-Oct-15,Vehicle - Pedestrian,,,,"Two-Way , Not Divided",Wet,Dark - Lighted,Rain,2,Unknown,"Yes, M/V and Driver Left Scene",No Controls,2,0,Unknown
326998,10/29/15,6:09 PM,2015-00110399,N MAIN ST,N MAIN ST ,N MAIN ST / N MAIN ST ,David Preston,251,29-Oct-15,Vehicle - Pedestrian,,,,"Two-Way , Not Divided",Dry,Dark - Lighted,Clear,1,Not a Collision Between Two Motor Vehicles in Transport,"Yes, M/V and Driver Left Scene",No Controls,1,1,Non-Incapacitating
327090,10/30/15,8:39 AM,2015-00110606,CRANSTON ST,BRIDGHAM ST ,CRANSTON ST / BRIDGHAM ST ,Jose Deschamps,419,30-Oct-15,Vehicle - Pedestrian,,,,"Two-Way, Divided, Unprotected (painted>4feet) Medium",Dry,Daylight,Clear,1,Not a Collision Between Two Motor Vehicles in Transport,No,Traffic Control Signal,5,2,Complains Of Pain
327156,10/30/15,1:34 PM,2015-00110707,Broadway,KNIGHT ST ,Broadway / KNIGHT ST ,Ptlm. Chin,516,30-Oct-15,Vehicle - Pedestrian,,,,"Two-Way , Not Divided",Dry,Daylight,Clear,1,Not a Collision Between Two Motor Vehicles in Transport,"Yes, M/V and Driver Left Scene",Traffic Control Signal,2,1,Complains Of Pain
327416,10/31/15,2:08 PM,2015-00110721,10 LEAH ST,ATWELLS AVE ,10 LEAH ST / ATWELLS AVE ,Jin O,147,31-Oct-15,Vehicle - Pedestrian,,,,"Two-Way , Not Divided",Dry,Daylight,Clear,1,Not a Collision Between Two Motor Vehicles in Transport,No,No Controls,3,1,Complains Of Pain
327547,10/31/15,10:01 PM,2015-00111310,GORDON AVE,OXFORD ST ,GORDON AVE / OXFORD ST ,Donald Castigliego,287,31-Oct-15,Vehicle - Pedestrian,,,,"Two-Way , Not Divided",Dry,Dark - Lighted,Clear,1,Not a Collision Between Two Motor Vehicles in Transport,"Yes, M/V and Driver Left Scene",No Controls,1,1,Non-Incapacitating
328278,11/2/15,9:32 PM,2015-00112133,295 ACADEMY AVE,CHALKSTONE AVE ,295 ACADEMY AVE / CHALKSTONE AVE ,Robert Heaton,539,02-Nov-15,Vehicle - Pedestrian,,,,"Two-Way , Not Divided",Dry,Dark - Lighted,Clear,1,Other,No,No Controls,3,0,No Injury
328323,11/3/15,2:33 AM,2015-00112199,34 THURSTON STREET,ELMWOOD AVE ,34 THURSTON STREET / ELMWOOD AVE ,Kirsten Doldoorian,221,03-Nov-15,Vehicle - Pedestrian,,,,"Two-Way , Not Divided",Dry,Dark - Lighted,Clear,2,Rear End(Front-to-Rear),"Yes, M/V and Driver Left Scene",No Controls,2,0,No Injury
328418,11/3/15,8:19 AM,2015-00112235,1481 BROAD ST,FRICKER ST ,1481 BROAD ST / FRICKER ST ,Roland Reed,505,03-Nov-15,Vehicle - Pedestrian,,,,One-Way Trafficway,Dry,Daylight,Clear,1,Head-On (Front - to - Front),No,No Controls,2,1,Complains Of Pain
328542,11/3/15,6:15 PM,2015-00112464,RESERVOIR AVE,ELMWOOD AVE ,RESERVOIR AVE / ELMWOOD AVE ,Nicholas Froncillo,163,03-Nov-15,Vehicle - Pedestrian,X,,,Unknown,Dry,Dark - Lighted,Clear,1,Angle (Front - to - Side) Right Angle (Includes Broadside),No,Traffic Control Signal,3,0,No Injury
329258,11/4/15,8:00 PM,2015-00113032,200 UNION AVENUE,CUMERFORD ST ,200 UNION AVENUE / CUMERFORD ST ,Louis Salinaro,592,05-Nov-15,Vehicle - Pedestrian,,,,"Two-Way , Not Divided",Dry,Dark - Lighted,Clear,1,Angle (Front - to - Side) Same Direction,No,No Controls,2,1,Complains Of Pain
329485,11/5/15,6:42 PM,2015-00113223,POTTERS AVE,BROAD ST ,POTTERS AVE / BROAD ST ,Donald Castigliego,287,05-Nov-15,Vehicle - Pedestrian,,,,"Two-Way , Not Divided",Dry,Dark - Lighted,Cloudy,1,Not a Collision Between Two Motor Vehicles in Transport,No,No Controls,2,1,Complains Of Pain
329218,11/5/15,8:15 AM,2015-00113006,EXCHANGE TER,FRANCIS ST ,EXCHANGE TER / FRANCIS ST ,Jose Deschamps,419,05-Nov-15,Vehicle - Pedestrian,,,,One-Way Trafficway,Dry,Daylight,Clear,1,Not a Collision Between Two Motor Vehicles in Transport,No,No Controls,2,1,Complains Of Pain
329255,11/5/15,7:08 AM,2015-00112996,COMMON STREET,SMITH ST ,COMMON STREET / SMITH ST ,Raymond King,633,05-Nov-15,Vehicle - Pedestrian,,,,One-Way Trafficway,Dry,Daylight,Clear,1,Not a Collision Between Two Motor Vehicles in Transport,No,Stop Signs,2,1,Complains Of Pain
329571,11/6/15,12:23 AM,2015-00113317,STILLMAN ST,MOSHASSUCK CT ,STILLMAN ST / MOSHASSUCK CT ,Jason Cotugno,173,06-Nov-15,Vehicle - Pedestrian,,,,"Two-Way , Not Divided",Wet,Dark - Lighted,Cloudy,1,Not a Collision Between Two Motor Vehicles in Transport,No,No Controls,3,0,No Injury
329620,11/6/15,9:48 AM,2015-00113400,FRANCIS ST,MEMORIAL BLVD ,FRANCIS ST / MEMORIAL BLVD ,Jose Deschamps,419,06-Nov-15,Vehicle - Pedestrian,,,,"Two-Way, Divided, Unprotected (painted>4feet) Medium",Wet,Daylight,Clear,1,Not a Collision Between Two Motor Vehicles in Transport,No,No Controls,1,1,Complains Of Pain
329633,11/6/15,2:49 PM,2015-00113477,BRANCH AVE,W RIVER ST ,BRANCH AVE / W RIVER ST ,KEN MATSUMOTO,348,06-Nov-15,Vehicle - Pedestrian,,,,Unknown,Dry,Daylight,Clear,1,Not a Collision Between Two Motor Vehicles in Transport,No,No Controls,3,1,Complains Of Pain
329642,11/6/15,4:28 PM,2015-00013522,LLOYD AVE,HOPE ST ,LLOYD AVE / HOPE ST ,Donald Castigliego,287,06-Nov-15,Vehicle - Pedestrian,,,,"Two-Way , Not Divided",Dry,Dusk,Clear,2,Unknown,"Yes, M/V and Driver Left Scene",No Controls,2,0,Unknown
329688,11/6/15,6:01 PM,2015-00113567,CANTON ST,CHALKSTONE AVE ,CANTON ST / CHALKSTONE AVE ,KEN MATSUMOTO,348,06-Nov-15,Vehicle - Pedestrian,,,,"Two-Way , Not Divided",Dry,Dark - Lighted,Clear,1,Not a Collision Between Two Motor Vehicles in Transport,No,No Controls,2,1,Incapacitating
339971,11/6/15,12:50 PM,2015-00113446,BROAD ST,HASKINS ST,BROAD ST / HASKINS ST,Jose Deschamps,419,17-Dec-15,Vehicle - Pedestrian,,,,"Two-Way , Not Divided",Dry,Daylight,Clear,1,Not a Collision Between Two Motor Vehicles in Transport,No,Stop Signs,3,0,No Injury
330284,11/9/15,5:53 PM,2015-00114680,BROAD ST,CENTRAL ST ,BROAD ST / CENTRAL ST ,Thomas Richards,162,09-Nov-15,Vehicle - Pedestrian,,,,"Two-Way , Not Divided",Dry,Dusk,Clear,1,Not a Collision Between Two Motor Vehicles in Transport,No,No Controls,3,0,No Injury
330355,11/10/15,11:04 AM,2015-00114854,DEXTER ST,POTTERS AVE ,DEXTER ST / POTTERS AVE ,David Schiavulli,027,10-Nov-15,Vehicle - Pedestrian,,,,"Two-Way , Not Divided",Dry,Daylight,Clear,2,Angle (Front - to - Side) Right Angle (Includes Broadside),"Yes, M/V and Driver Left Scene",Stop Signs,2,0,No Injury
330374,11/10/15,3:18 PM,2015-00114921,GEORGE ST,BROOK ST ,GEORGE ST / BROOK ST ,Donald Castigliego,287,10-Nov-15,Vehicle - Pedestrian,,,,"Two-Way , Not Divided",Wet,Daylight,Rain,1,Not a Collision Between Two Motor Vehicles in Transport,"Yes, M/V and Driver Left Scene",Stop Signs,1,0,No Injury
330544,11/11/15,3:40 PM,2015-00115259,DOUGLAS AVE,LANCASHIRE ST ,DOUGLAS AVE / LANCASHIRE ST ,KEN MATSUMOTO,348,11-Nov-15,Vehicle - Pedestrian,X,,,"Two-Way, Divided, Unprotected (painted>4feet) Medium",Wet,Daylight,Rain,1,Not a Collision Between Two Motor Vehicles in Transport,No,No Controls,2,0,No Injury
330625,11/12/15,8:16 AM,2015-00115423,59 ALEPPO ST,PELHAM ST ,59 ALEPPO ST / PELHAM ST ,Ryan Moroney,324,12-Nov-15,Vehicle - Pedestrian,,,,"Two-Way , Not Divided",Dry,Daylight,Clear,2,Rear - to - Side,No,No Controls,3,0,No Injury
330650,11/12/15,9:45 AM,2015-00115443,WATERMAN ST,HOPE ST ,WATERMAN ST / HOPE ST ,Jose Deschamps,419,12-Nov-15,Vehicle - Pedestrian,X,,,"Two-Way, Divided, Unprotected (painted>4feet) Medium",Dry,Daylight,Clear,1,Rear End(Front-to-Rear),No,No Controls,3,1,Complains Of Pain
330759,11/12/15,4:17 PM,2015-00115547,ANGELL ST,ARLINGTON AVE ,ANGELL ST / ARLINGTON AVE ,Fausto Garcia,109,12-Nov-15,Vehicle - Pedestrian,,,,One-Way Trafficway,Wet,Dusk,Rain,1,Not a Collision Between Two Motor Vehicles in Transport,"Yes, M/V and Driver Left Scene",Stop Signs,7,4,Non-Incapacitating
330967,11/13/15,5:35 PM,2015-00115929,BROAD ST,EARLY ST ,BROAD ST / EARLY ST ,Richard Mendez,288,13-Nov-15,Vehicle - Pedestrian,,,,"Two-Way , Not Divided",Dry,Dark - Lighted,Cloudy,1,Not a Collision Between Two Motor Vehicles in Transport,No,No Controls,4,1,Complains Of Pain
332449,11/13/15,1:33 PM,2015-00115845,Hartford Ave,Plainfield St,Hartford Ave / Plainfield St,Francisco Furtado,635,18-Nov-15,Vehicle - Pedestrian,,,,Unknown,Dry,Daylight,Clear,1,Other,No,No Controls,2,1,Complains Of Pain
375280,11/13/15,8:16 AM,2015-00115754,BRANCH AVE,CHARLES ST ,BRANCH AVE / CHARLES ST ,Juan Robles,643,04-Apr-16,Vehicle - Pedestrian,,,,"Two-Way, Divided, Unprotected (painted>4feet) Medium",Dry,Daylight,Clear,1,Other,"Yes, M/V and Driver Left Scene",Traffic Control Signal,1,1,Complains Of Pain
331272,11/14/15,8:36 PM,2015-00116345,ORMS ST,VIOLET ST ,ORMS ST / VIOLET ST ,Jessica Leone,258,14-Nov-15,Vehicle - Pedestrian,,,,"Two-Way , Not Divided",Dry,Dark - Lighted,Clear,2,Not a Collision Between Two Motor Vehicles in Transport,"Yes, M/V and Driver Left Scene",No Controls,3,0,Unknown
331337,11/15/15,4:34 PM,2015-00116620,593 EDDY ST,,593 EDDY ST / ,Donald Castigliego,287,15-Nov-15,Vehicle - Pedestrian,,,,"Two-Way , Not Divided",Dry,Dark - Lighted,Clear,1,Not a Collision Between Two Motor Vehicles in Transport,No,No Controls,4,1,Complains Of Pain
331477,11/16/15,9:38 AM,2015-00116790,ROCHAMBEAU AVE,HOPE ST ,ROCHAMBEAU AVE / HOPE ST ,John Almeida,386,16-Nov-15,Vehicle - Pedestrian,X,,,"Two-Way , Not Divided",Dry,Daylight,Clear,1,Not a Collision Between Two Motor Vehicles in Transport,No,Traffic Control Signal,4,1,Complains Of Pain
332082,11/16/15,8:29 PM,2015-00117034,WESTMINSTER ST,BRIDGHAM ST ,WESTMINSTER ST / BRIDGHAM ST ,MICHAEL R. TROIA / TRAFFIC BUREAU,331,16-Nov-15,Vehicle - Pedestrian,,,,"Two-Way , Not Divided",Dry,Dark - Lighted,Clear,1,Not a Collision Between Two Motor Vehicles in Transport,No,Traffic Control Signal,6,1,Complains Of Pain
332085,11/16/15,6:14 PM,2015-00116978,ALLENS AVE,CHAPMAN ST ,ALLENS AVE / CHAPMAN ST ,Alexa Levesque,248,16-Nov-15,Vehicle - Pedestrian,,,,"Two-Way , Not Divided",Dry,Dark - Lighted,Clear,1,Other,No,No Controls,2,1,Complains Of Pain
332315,11/17/15,3:00 PM,2015-00117262,ADMIRAL ST,ADMIRAL ST ,ADMIRAL ST / ADMIRAL ST ,KEN MATSUMOTO,348,17-Nov-15,Vehicle - Pedestrian,,,,One-Way Trafficway,Dry,Daylight,Clear,1,Not a Collision Between Two Motor Vehicles in Transport,No,No Controls,3,0,No Injury
332602,11/19/15,9:30 AM,2015-00117778,WESTMINSTER ST,CAHIR ST ,WESTMINSTER ST / CAHIR ST ,David Schiavulli,027,19-Nov-15,Vehicle - Pedestrian,,,,"Two-Way , Not Divided",Dry,Daylight,Clear,1,Not a Collision Between Two Motor Vehicles in Transport,No,Traffic Control Signal,2,0,No Injury
332626,11/19/15,1:43 PM,2015-00117862,SMITH ST ,PINEHURST AVE ,SMITH ST  / PINEHURST AVE ,Jose Deschamps,419,19-Nov-15,Vehicle - Pedestrian,,,,"Two-Way, Divided, Unprotected (painted>4feet) Medium",Dry,Daylight,Clear,1,Not a Collision Between Two Motor Vehicles in Transport,"Yes, M/V and Driver Left Scene",No Controls,1,1,Complains Of Pain
332632,11/19/15,2:40 PM,2015-00117883,VALLEY ST,DELAINE ST ,VALLEY ST / DELAINE ST ,Jose Deschamps,419,19-Nov-15,Vehicle - Pedestrian,X,,,"Two-Way, Divided, Unprotected (painted>4feet) Medium",Wet,Daylight,"Sleet, Hail (Freezing Rain or Drizzle)",1,Not a Collision Between Two Motor Vehicles in Transport,No,No Controls,3,1,Complains Of Pain
332647,11/19/15,6:00 PM,2015-00117969,RUGGLES ST,DICKENS ST ,RUGGLES ST / DICKENS ST ,Jessica Leone,258,19-Nov-15,Vehicle - Pedestrian,,,,"Two-Way , Not Divided",Dry,Dark - Lighted,Clear,2,Not a Collision Between Two Motor Vehicles in Transport,"Yes, M/V and Driver Left Scene",No Controls,2,0,Unknown
333017,11/20/15,6:28 PM,2015-00118377,649 ADMIRAL ST,GLOUCESTER ST ,649 ADMIRAL ST / GLOUCESTER ST ,Erik Breault,226,20-Nov-15,Vehicle - Pedestrian,,,,"Two-Way, Divided, Unprotected (painted>4feet) Medium",Dry,Dark - Lighted,Clear,1,Not a Collision Between Two Motor Vehicles in Transport,No,No Controls,4,2,Incapacitating
333473,11/21/15,12:43 AM,2015-00118490,THAYER ST,MEETING ST ,THAYER ST / MEETING ST ,Robert Heaton,539,23-Nov-15,Vehicle - Pedestrian,,,,One-Way Trafficway,Dry,Dark - Lighted,Clear,2,Angle - Direction Not Specified,"Yes, M/V and Driver Left Scene",No Controls,4,0,Unknown
333400,11/21/15,2:36 PM,2015-00118657,SERVICE ROAD 7,BROADWAY ,SERVICE ROAD 7 / BROADWAY ,Jesse Ferrell,428,22-Nov-15,Vehicle - Pedestrian,,,,One-Way Trafficway,Dry,Daylight,Clear,1,Other,No,Traffic Control Signal,7,2,Complains Of Pain
333434,11/22/15,7:02 PM,2015-00119060,71 Putnam St,KOSSUTH ST ,71 Putnam St / KOSSUTH ST ,Juan Rodrigues,194,22-Nov-15,Vehicle - Pedestrian,,,,"Two-Way, Divided, Unprotected (painted>4feet) Medium",Wet,Dark - Lighted,Clear,1,Not a Collision Between Two Motor Vehicles in Transport,"Yes, M/V and Driver Left Scene",No Controls,2,1,Non-Incapacitating
333876,11/23/15,1:50 PM,2015-00119260,333 West River ,BRANCH AVE ,333 West River  / BRANCH AVE ,Raymond King,633,24-Nov-15,Vehicle - Pedestrian,,,,Unknown,Dry,Daylight,Clear,2,"Sideswipe, Same Direction","Yes, M/V and Driver Left Scene",No Controls,4,0,Unknown
333533,11/23/15,10:13 AM,2015-00119195,14 Pleasant Valley Pkwy,Kinsley St,14 Pleasant Valley Pkwy / Kinsley St,Ryan Moroney,324,23-Nov-15,Vehicle - Pedestrian,,,,Unknown,Dry,Daylight,Clear,1,Not a Collision Between Two Motor Vehicles in Transport,No,No Controls,3,1,Complains Of Pain
333629,11/23/15,2:55 PM,2015-00119273,MESSER ST,CRANSTON ST ,MESSER ST / CRANSTON ST ,KEN MATSUMOTO,348,23-Nov-15,Vehicle - Pedestrian,X,,,"Two-Way, Divided, Unprotected (painted>4feet) Medium",Dry,Daylight,Clear,1,Not a Collision Between Two Motor Vehicles in Transport,"Yes, M/V and Driver Left Scene",Stop Signs,1,0,No Injury
333710,11/23/15,2:17 PM,2015-00119267,117 BYFIELD ST,OCEAN ST ,117 BYFIELD ST / OCEAN ST ,Jose Deschamps,419,23-Nov-15,Vehicle - Pedestrian,,,,"Two-Way , Not Divided",Dry,Daylight,Clear,1,Not a Collision Between Two Motor Vehicles in Transport,"Yes, M/V and Driver Left Scene",No Controls,1,1,Complains Of Pain
334042,11/23/15,4:52 PM,2015-00119323,1196 ELMWOOD AVE,SAWYER ST ,1196 ELMWOOD AVE / SAWYER ST ,Adrian Francis,239,24-Nov-15,Vehicle - Pedestrian,,,,"Two-Way , Not Divided",Dry,Dusk,Clear,1,Not a Collision Between Two Motor Vehicles in Transport,No,No Controls,3,1,Complains Of Pain
333996,11/24/15,11:33 AM,2015-00119518,BROAD ST,HASKINS ST ,BROAD ST / HASKINS ST ,Jose Deschamps,419,24-Nov-15,Vehicle - Pedestrian,,,,"Two-Way , Not Divided",Dry,Daylight,Clear,1,Not a Collision Between Two Motor Vehicles in Transport,No,Stop Signs,2,1,Complains Of Pain
333998,11/24/15,12:06 PM,2015-00119529,MATHEWSON ST,WASHINGTON ST ,MATHEWSON ST / WASHINGTON ST ,Jose Deschamps,419,24-Nov-15,Vehicle - Pedestrian,,,,One-Way Trafficway,Dry,Daylight,Clear,1,Not a Collision Between Two Motor Vehicles in Transport,No,No Controls,3,1,Complains Of Pain
333861,11/24/15,7:34 AM,2015-00119464,LINWOOD AVE,CRANSTON ST ,LINWOOD AVE / CRANSTON ST ,James Washburn,369,24-Nov-15,Vehicle - Pedestrian,,,,"Two-Way , Not Divided",Dry,Daylight,Clear,2,Rear End(Front-to-Rear),"Yes, Driver Left Scene",No Controls,2,0,Unknown
334335,11/25/15,1:48 PM,2015-00119890,SILVER SPRING ST,TOURO ST ,SILVER SPRING ST / TOURO ST ,Jose Deschamps,419,25-Nov-15,Vehicle - Pedestrian,,,,"Two-Way , Not Divided",Dry,Daylight,Clear,1,Not a Collision Between Two Motor Vehicles in Transport,No,No Controls,3,1,Complains Of Pain
334471,11/25/15,3:55 PM,2015-00119938,262 CHARLES ST,CHARLES ST EXIT 23 ,262 CHARLES ST / CHARLES ST EXIT 23 ,Michael Clary,269,26-Nov-15,Vehicle - Pedestrian,,,,One-Way Trafficway,Dry,Daylight,Clear,1,Not a Collision Between Two Motor Vehicles in Transport,No,Stop Signs,3,1,Complains Of Pain
334622,11/27/15,8:42 PM,2015-00120588,BRANCH AVE,SILVER SPRING ST ,BRANCH AVE / SILVER SPRING ST ,MICHAEL R. TROIA / TRAFFIC BUREAU,331,27-Nov-15,Vehicle - Pedestrian,,,,"Two-Way, Not Divided With a Continuous Left Turn Lane",Dry,Dark - Lighted,Clear,1,Not a Collision Between Two Motor Vehicles in Transport,No,Traffic Control Signal,5,1,Complains Of Pain
334836,11/27/15,10:07 PM,2015-00120919,FOUNTAIN ST,EMPIRE ST ,FOUNTAIN ST / EMPIRE ST ,Stephen Sage,353,29-Nov-15,Vehicle - Pedestrian,,,,"Two-Way, Divided, Unprotected (painted>4feet) Medium",Dry,Dark - Lighted,Clear,1,Other,No,Traffic Control Signal,4,1,Non-Incapacitating
334960,11/29/15,5:05 PM,2015-00121178,BROADWAY,MARSHALL ST ,BROADWAY / MARSHALL ST ,Joseph Amoroso,613,29-Nov-15,Vehicle - Pedestrian,,,,"Two-Way , Not Divided",Dry,Dark - Lighted,Clear,1,Not a Collision Between Two Motor Vehicles in Transport,"Yes, M/V and Driver Left Scene",No Controls,6,2,Fatal
334971,11/29/15,8:03 PM,2015-00121220,RIVER AVE,ADMIRAL ST ,RIVER AVE / ADMIRAL ST ,Jimmy Gutierrez,246,29-Nov-15,Vehicle - Pedestrian,,,,"Two-Way, Divided, Unprotected (painted>4feet) Medium",Dry,Dark - Lighted,Clear,1,Not a Collision Between Two Motor Vehicles in Transport,No,Pavement Markings,2,1,Complains Of Pain
335175,11/30/15,12:04 PM,2015-00121359,SMITHFIELD AVE,COLLYER ST ,SMITHFIELD AVE / COLLYER ST ,Jose Deschamps,419,30-Nov-15,Vehicle - Pedestrian,,,,"Two-Way , Not Divided",Dry,Daylight,Clear,1,Not a Collision Between Two Motor Vehicles in Transport,No,No Controls,2,1,Complains Of Pain
335641,12/1/15,7:41 PM,2015-00121850,ELMGROVE AVE,HUMBOLDT AVE ,ELMGROVE AVE / HUMBOLDT AVE ,Robert Heaton,539,02-Dec-15,Vehicle - Pedestrian,,,,"Two-Way , Not Divided",Wet,Dark - Lighted,Rain,1,Other,"Yes, M/V and Driver Left Scene",No Controls,3,1,Complains Of Pain
336074,12/3/15,6:22 AM,2015-00122267,BRANCH AVE,MOY ST ,BRANCH AVE / MOY ST ,Jason Bibeault,344,03-Dec-15,Vehicle - Pedestrian,,,,"Two-Way , Not Divided",Wet,Dawn,Clear,1,Not a Collision Between Two Motor Vehicles in Transport,"Yes, M/V and Driver Left Scene",No Controls,2,1,Non-Incapacitating
336139,12/3/15,10:12 AM,2015-00122314,RHODE ISLAND COLL,RHODE ISLAND COLL ,RHODE ISLAND COLL / RHODE ISLAND COLL ,Merrick Cook,280,03-Dec-15,Vehicle - Pedestrian,,,,"Two-Way , Not Divided",Dry,Daylight,Clear,1,Other,No,No Controls,3,1,Non-Incapacitating
336360,12/4/15,2:43 AM,2015-00122608,CHAPIN AVE,SYCAMORE ST ,CHAPIN AVE / SYCAMORE ST ,Isaiah Nerney,15636,04-Dec-15,Vehicle - Pedestrian,,,,"Two-Way , Not Divided",Dry,Dark - Lighted,Clear,3,Unknown,"Yes, M/V and Driver Left Scene",No Controls,3,0,Unknown
336415,12/4/15,10:08 AM,2015-00122660,EATON STREET,HUXLEY AVENUE,EATON STREET / HUXLEY AVENUE,Joseph Madeira,552,04-Dec-15,Vehicle - Pedestrian,,,,"Two-Way , Not Divided",Dry,Daylight,Clear,1,Other,No,Traffic Control Signal,3,1,Complains Of Pain
336479,12/4/15,1:03 PM,2015-00122725,VEAZIE ST,SHILOH ST ,VEAZIE ST / SHILOH ST ,Raymond King,633,04-Dec-15,Vehicle - Pedestrian,,,,"Two-Way , Not Divided",Dry,Daylight,Clear,2,Angle (Front - to - Side) Same Direction,"Yes, M/V and Driver Left Scene",No Controls,3,0,No Injury
336607,12/4/15,8:34 PM,2015-00122883,KENNEDY PLZ,,KENNEDY PLZ / ,Donald Castigliego,287,04-Dec-15,Vehicle - Pedestrian,,,,One-Way Trafficway,Dry,Dark - Lighted,Clear,1,Not a Collision Between Two Motor Vehicles in Transport,No,No Controls,5,1,Non-Incapacitating
336719,12/5/15,8:14 AM,2015-00123033,ELMWOOD AVE,LENOX AVE ,ELMWOOD AVE / LENOX AVE ,Albert Deschamps,527,05-Dec-15,Vehicle - Pedestrian,,,,"Two-Way, Divided, Positive Median Barrier",Dry,Daylight,Clear,1,Other,No,No Controls,3,1,Non-Incapacitating
337095,12/6/15,11:52 PM,2015-00123605,HARRIS AVE,US HWY 6 ,HARRIS AVE / US HWY 6 ,Joseph Nezier,233,07-Dec-15,Vehicle - Pedestrian,,,,One-Way Trafficway,Wet,Dark - Lighted,Clear,1,Not a Collision Between Two Motor Vehicles in Transport,"Yes, M/V and Driver Left Scene",No Controls,1,1,Complains Of Pain
337341,12/6/15,12:06 AM,2015-00123281,318 CHALKSTONE AVE,,318 CHALKSTONE AVE / ,Michael Clary,269,07-Dec-15,Vehicle - Pedestrian,,,,"Two-Way , Not Divided",Dry,Dark - Lighted,Clear,2,Not a Collision Between Two Motor Vehicles in Transport,"Yes, M/V and Driver Left Scene",No Controls,4,0,No Injury
337774,12/9/15,1:30 PM,2015-00124123,SILVER SPRING ST,LEDGE ST ,SILVER SPRING ST / LEDGE ST ,Juan Robles,643,09-Dec-15,Vehicle - Pedestrian,X,,,"Two-Way , Not Divided",Dry,Daylight,Clear,1,Other,No,No Controls,3,0,No Injury
337902,12/9/15,5:08 PM,2015-00124490,MOUNT PLEASANT AVE,CATHEDRAL AVE ,MOUNT PLEASANT AVE / CATHEDRAL AVE ,Donald Castigliego,287,09-Dec-15,Vehicle - Pedestrian,,,,"Two-Way , Not Divided",Dry,Dark - Lighted,Cloudy,1,Not a Collision Between Two Motor Vehicles in Transport,No,School Zone Signs,5,1,Incapacitating