CrashReportId,CrashDate,CrashTime,ReportNumber,StreetOrHighway,NearestIntersection,Location,Officer,Badge,ReportDate,TypeOfCollision,Bicycle,Scooter,Wheel Chair,TypeOfRoadway,RoadSurfaceCondition,LightCondition,WeatherCondition,NumberofVehicles,MannerofImpact,HitAndRun,TrafficControl,PersonCount,InjuryCount,MostSeriousInjury
338355,12/10/15,7:58 PM,2015-00124850,521 ADMIRAL ST,LOVEDAY ST ,521 ADMIRAL ST / LOVEDAY ST ,Robert Heaton,539,11-Dec-15,Vehicle - Pedestrian,,,,"Two-Way , Not Divided",Dry,Dark - Lighted,Cloudy,2,Unknown,"Yes, M/V and Driver Left Scene",No Controls,3,0,Unknown
338546,12/11/15,2:12 PM,2015-00125053,WAVERLY ST,DEXTER ST ,WAVERLY ST / DEXTER ST ,Luis Fernandez,531,11-Dec-15,Vehicle - Pedestrian,,,,"Two-Way , Not Divided",Dry,Daylight,Clear,1,Not a Collision Between Two Motor Vehicles in Transport,No,Stop Signs,3,1,Complains Of Pain
338663,12/11/15,11:05 PM,2015-00125224,SMITH ST,Richter Street,SMITH ST / Richter Street,Daniel Hernandez,255,12-Dec-15,Vehicle - Pedestrian,,,,"Two-Way , Not Divided",Dry,Dark - Lighted,Clear,1,Head-On (Front - to - Front),"Yes, M/V and Driver Left Scene",No Controls,1,1,Complains Of Pain
338957,12/12/15,7:14 PM,2015-00125479,WEYBOSSET ST,MATHEWSON ST ,WEYBOSSET ST / MATHEWSON ST ,KEN MATSUMOTO,348,12-Dec-15,Vehicle - Pedestrian,,,,One-Way Trafficway,Dry,Dark - Lighted,Clear,1,Not a Collision Between Two Motor Vehicles in Transport,No,No Controls,3,1,Complains Of Pain
339269,12/14/15,2:57 PM,2015-00126077,Carpenter St,KNIGHT ST ,Carpenter St / KNIGHT ST ,Robert Foley,242,14-Dec-15,Vehicle - Pedestrian,X,,,"Two-Way , Not Divided",Dry,Daylight,Clear,1,Not a Collision Between Two Motor Vehicles in Transport,No,Stop Signs,2,1,Complains Of Pain
339450,12/15/15,8:26 AM,2015-00126296,MANTON AVE,RIDGEWAY AVE ,MANTON AVE / RIDGEWAY AVE ,Jin O,147,15-Dec-15,Vehicle - Pedestrian,,,,"Two-Way , Not Divided",Dry,Daylight,Clear,1,Not a Collision Between Two Motor Vehicles in Transport,No,No Controls,4,1,Non-Incapacitating
339896,12/16/15,10:55 AM,2015-00126656,FRIENDSHIP,PLAIN ST ,FRIENDSHIP / PLAIN ST ,Fausto Garcia,109,16-Dec-15,Vehicle - Pedestrian,,,,One-Way Trafficway,Dry,Daylight,Clear,1,Not a Collision Between Two Motor Vehicles in Transport,No,Traffic Control Signal,3,1,Complains Of Pain
340273,12/17/15,8:28 PM,2015-00127162,ELMWOOD AVE,CARTER ST ,ELMWOOD AVE / CARTER ST ,KEN MATSUMOTO,348,17-Dec-15,Vehicle - Pedestrian,,,,"Two-Way, Divided, Unprotected (painted>4feet) Medium",Wet,Dark - Lighted,Rain,1,Not a Collision Between Two Motor Vehicles in Transport,"Yes, M/V and Driver Left Scene",No Controls,3,1,Complains Of Pain
340687,12/18/15,6:00 PM,2015-00127469,PRATT ST,JENCKES ST ,PRATT ST / JENCKES ST ,Fausto Garcia,109,18-Dec-15,Vehicle - Pedestrian,,,,"Two-Way , Not Divided",Wet,Dawn,Cloudy,1,Not a Collision Between Two Motor Vehicles in Transport,No,Stop Signs,3,0,No Injury
340770,12/19/15,2:53 PM,2015-00127740,Atwells Ave,DE PASQUALE AVE ,Atwells Ave / DE PASQUALE AVE ,Robert Foley,242,19-Dec-15,Vehicle - Pedestrian,,,,"Two-Way , Not Divided",Dry,Daylight,Clear,1,Not a Collision Between Two Motor Vehicles in Transport,No,Traffic Control Signal,2,1,Complains Of Pain
340941,12/20/15,2:25 AM,2015-00127931,EDDY ST,ELM ST ,EDDY ST / ELM ST ,KEN MATSUMOTO,348,20-Dec-15,Vehicle - Pedestrian,,,,"Two-Way, Divided, Unprotected (painted>4feet) Medium",Dry,Dark - Lighted,Clear,1,Not a Collision Between Two Motor Vehicles in Transport,No,No Controls,4,0,No Injury
341087,12/21/15,1:08 AM,2015-00128220,HARRIS AVE,SIMS AVE ,HARRIS AVE / SIMS AVE ,James Lanier,211,21-Dec-15,Vehicle - Pedestrian,,,,"Two-Way , Not Divided",Dry,Dark - Lighted,Clear,2,Not a Collision Between Two Motor Vehicles in Transport,"Yes, M/V and Driver Left Scene",No Controls,2,0,No Injury
341489,12/22/15,1:30 PM,2015-00128628,ORMS ST,DOUGLAS AVE ,ORMS ST / DOUGLAS AVE ,Patrolman D. Hull Car-183,598,22-Dec-15,Vehicle - Pedestrian,,,,"Two-Way, Divided, Unprotected (painted>4feet) Medium",Wet,Daylight,Rain,1,Angle (Front - to - Side) Right Angle (Includes Broadside),No,No Controls,4,1,Complains Of Pain
341967,12/23/15,7:30 PM,2015-00129082,CHALKSTONE AVE,ACADEMY AVE ,CHALKSTONE AVE / ACADEMY AVE ,KEN MATSUMOTO,348,24-Dec-15,Vehicle - Pedestrian,,,,"Two-Way, Divided, Unprotected (painted>4feet) Medium",Wet,Dark - Lighted,Rain,1,Not a Collision Between Two Motor Vehicles in Transport,No,Traffic Control Signal,3,1,Complains Of Pain
341673,12/23/15,1:00 PM,2015-00128951,40 Point Street,EDDY ST ,40 Point Street / EDDY ST ,Michele Rudolph,512,23-Dec-15,Vehicle - Pedestrian,,,,"Two-Way, Divided, Positive Median Barrier",Dry,Daylight,Cloudy,1,Not a Collision Between Two Motor Vehicles in Transport,No,No Controls,3,1,Complains Of Pain
341718,12/23/15,5:15 PM,2015-00129031,ELMWOOD AVE,SPRAGUE ST ,ELMWOOD AVE / SPRAGUE ST ,Donald Castigliego,287,23-Dec-15,Vehicle - Pedestrian,,,,"Two-Way , Not Divided",Wet,Dark - Lighted,Rain,1,Not a Collision Between Two Motor Vehicles in Transport,No,No Controls,2,0,No Injury
341841,12/24/15,12:03 AM,2015-00129162,WASHINGTON ST,SERVICE ROAD 7,WASHINGTON ST / SERVICE ROAD 7,Donald Castigliego,287,24-Dec-15,Vehicle - Pedestrian,,,,"Two-Way , Not Divided",Wet,Dark - Lighted,Rain,1,Not a Collision Between Two Motor Vehicles in Transport,No,Traffic Control Signal,2,1,Complains Of Pain
341940,12/24/15,5:09 PM,2015-00129029,387 Charles St,SILVER SPRING ST ,387 Charles St / SILVER SPRING ST ,Erik Breault,226,24-Dec-15,Vehicle - Pedestrian,,,,Unknown,Wet,Dark - Lighted,Rain,1,Not a Collision Between Two Motor Vehicles in Transport,No,No Controls,2,1,Complains Of Pain
341951,12/24/15,6:46 PM,2015-00129403,PROMENADE ST,PARK ST ,PROMENADE ST / PARK ST ,Alexa Levesque,248,24-Dec-15,Vehicle - Pedestrian,,,,"Two-Way , Not Divided",Wet,Dark - Lighted,Clear,1,Not a Collision Between Two Motor Vehicles in Transport,"Yes, M/V and Driver Left Scene",Traffic Control Signal,2,1,Complains Of Pain
342038,12/25/15,12:17 AM,2015-00129489,ATWELLS AVE,SEARS AVE ,ATWELLS AVE / SEARS AVE ,Kyle Shea,215,25-Dec-15,Vehicle - Pedestrian,,,,"Two-Way , Not Divided",Wet,Dark - Lighted,"Fog, Smog, Smoke",2,Angle (Front - to - Side) Same Direction,No,No Controls,7,0,No Injury
342379,12/26/15,10:14 PM,2015-00130040,WASHINGTON ST,SNOW ST ,WASHINGTON ST / SNOW ST ,KEN MATSUMOTO,348,26-Dec-15,Vehicle - Pedestrian,,,,"Two-Way, Divided, Unprotected (painted>4feet) Medium",Dry,Dark - Lighted,Clear,1,Not a Collision Between Two Motor Vehicles in Transport,No,No Controls,2,1,Complains Of Pain
342727,12/28/15,5:17 PM,2015-00130557,Manton Ave,Sheridan Street,Manton Ave / Sheridan Street,Joseph Kane,544,28-Dec-15,Vehicle - Pedestrian,,,,"Two-Way, Divided, Unprotected (painted>4feet) Medium",Dry,Dark - Lighted,Cloudy,1,Other,No,No Controls,2,1,Complains Of Pain
343199,12/30/15,4:20 PM,2015-00131066,Waterman St,Butler Ave,Waterman St / Butler Ave,Noel Field,260,30-Dec-15,Vehicle - Pedestrian,,,,One-Way Trafficway,Dry,Dusk,Cloudy,1,Not a Collision Between Two Motor Vehicles in Transport,No,Traffic Control Signal,8,1,Incapacitating
343293,12/30/15,3:46 PM,2015-00131055,1 FRANCIS ST,AMERICAN EXPRESS PLZ ,1 FRANCIS ST / AMERICAN EXPRESS PLZ ,Jose Deschamps,419,30-Dec-15,Vehicle - Pedestrian,,,,"Two-Way , Not Divided",Dry,Dark - Lighted,Clear,1,Not a Collision Between Two Motor Vehicles in Transport,No,No Controls,3,1,Non-Incapacitating
343476,1/1/16,4:15 AM,2016-00000115,104 Knight Street ,PENN ST ,104 Knight Street  / PENN ST ,Mitchell Guerra,217,01-Jan-16,Vehicle - Pedestrian,,,,One-Way Trafficway,Dry,Dark - Lighted,Clear,1,Not a Collision Between Two Motor Vehicles in Transport,"Yes, M/V and Driver Left Scene",Stop Signs,2,1,Complains Of Pain
343651,1/2/16,12:31 PM,2016-00000437,BUTLER AVE,MEDWAY ST ,BUTLER AVE / MEDWAY ST ,John Almeida,386,02-Jan-16,Vehicle - Pedestrian,,,,"Two-Way , Not Divided",Dry,Daylight,Clear,1,Not a Collision Between Two Motor Vehicles in Transport,No,Stop Signs,4,2,Complains Of Pain
343774,1/3/16,11:16 AM,2016-00000689,473 CHARLES ST,LORETO ST ,473 CHARLES ST / LORETO ST ,Donald Castigliego,287,03-Jan-16,Vehicle - Pedestrian,,,,"Two-Way , Not Divided",Dry,Daylight,Clear,1,Not a Collision Between Two Motor Vehicles in Transport,No,No Controls,4,1,Complains Of Pain
343801,1/3/16,1:00 AM,2016-00000731,STIMSON AVE,DIMAN PL ,STIMSON AVE / DIMAN PL ,John Almeida,386,03-Jan-16,Vehicle - Pedestrian,,,,Unknown,Dry,Dark - Not Lighted,Clear,2,Rear - to - Side,No,No Controls,4,0,No Injury
515066,1/6/16,7:31 PM,2017-00001867,Exchange St,Memorial Blvd,Exchange St / Memorial Blvd,Michael Clary,269,07-Jan-17,Vehicle - Pedestrian,,,,"Two-Way , Not Divided",Dry,Dark - Not Lighted,Clear,1,Not a Collision Between Two Motor Vehicles in Transport,No,Pavement Markings,2,1,Complains Of Pain
344923,1/7/16,3:30 PM,2016-00001958,WAYLAND AVE,S ANGELL ST ,WAYLAND AVE / S ANGELL ST ,KEN MATSUMOTO,348,07-Jan-16,Vehicle - Pedestrian,,,,"Two-Way, Divided, Unprotected (painted>4feet) Medium",Dry,Daylight,Clear,1,Not a Collision Between Two Motor Vehicles in Transport,No,Other,3,1,Complains Of Pain
345161,1/8/16,4:23 PM,2016-00002305,PARK ROW WEST,EXCHANGE ST ,PARK ROW WEST / EXCHANGE ST ,Donald Castigliego,287,08-Jan-16,Vehicle - Pedestrian,X,,,"Two-Way , Not Divided",Dry,Dark - Lighted,Clear,1,Not a Collision Between Two Motor Vehicles in Transport,No,Stop Signs,5,0,No Injury
345710,1/11/16,8:47 AM,2016-00003158,MOUNT PLEASANT AVE,CHALKSTONE AVE ,MOUNT PLEASANT AVE / CHALKSTONE AVE ,Jose Deschamps,419,11-Jan-16,Vehicle - Pedestrian,,,,"Two-Way, Divided, Unprotected (painted>4feet) Medium",Dry,Daylight,Clear,1,Not a Collision Between Two Motor Vehicles in Transport,No,Traffic Control Signal,3,1,Non-Incapacitating
345868,1/11/16,3:40 PM,2016-00003258,CRANSTON ST,DEXTER ST ,CRANSTON ST / DEXTER ST ,KEN MATSUMOTO,348,11-Jan-16,Vehicle - Pedestrian,,,,"Two-Way, Divided, Unprotected (painted>4feet) Medium",Dry,Daylight,Clear,1,Not a Collision Between Two Motor Vehicles in Transport,No,Traffic Control Signal,3,1,Non-Incapacitating
346156,1/12/16,5:47 PM,2016-00003621,Elmwood Avenue,PRINCETON AVE ,Elmwood Avenue / PRINCETON AVE ,Daryl Pfeiffer,241,12-Jan-16,Vehicle - Pedestrian,,,,"Two-Way , Not Divided",Wet,Dark - Lighted,Rain,1,Not a Collision Between Two Motor Vehicles in Transport,No,No Controls,4,1,Complains Of Pain
346298,1/12/16,6:00 PM,2016-00003627,Kennedy Plz.,Dorrance St.,Kennedy Plz. / Dorrance St.,Harrison Northup,232,12-Jan-16,Vehicle - Pedestrian,,,X,"Two-Way , Not Divided",Wet,Dark - Lighted,Rain,1,Not a Collision Between Two Motor Vehicles in Transport,"Yes, M/V and Driver Left Scene",No Controls,3,1,Non-Incapacitating
346855,1/14/16,5:11 PM,2016-00004297,BROADWAY,HARRIS AVE ,BROADWAY / HARRIS AVE ,Donald Castigliego,287,14-Jan-16,Vehicle - Pedestrian,,,,"Two-Way , Not Divided",Dry,Daylight,Clear,1,Not a Collision Between Two Motor Vehicles in Transport,No,No Controls,3,2,Complains Of Pain
348171,1/18/16,12:27 PM,2016-00005456,805 N MAIN ST,805 N Main ST,805 N MAIN ST / 805 N Main ST,David Morgan,474,19-Jan-16,Vehicle - Pedestrian,,,,"Two-Way , Not Divided",Snow,Daylight,Clear,2,Rear End(Front-to-Rear),"Yes, M/V and Driver Left Scene",No Controls,2,0,Unknown
348154,1/19/16,7:56 AM,2016-00005718,DOUGLAS AVE,FILMORE ST,DOUGLAS AVE / FILMORE ST,Jose Deschamps,419,19-Jan-16,Vehicle - Pedestrian,,,,"Two-Way, Divided, Unprotected (painted>4feet) Medium",Dry,Daylight,Clear,1,Not a Collision Between Two Motor Vehicles in Transport,No,Person,4,2,Complains Of Pain
348938,1/20/16,12:58 PM,2016-00006101,Chad Brown St,CAMDEN AVE ,Chad Brown St / CAMDEN AVE ,Ptlm. Chin,516,20-Jan-16,Vehicle - Pedestrian,X,,,"Two-Way , Not Divided",Dry,Daylight,Clear,1,Not a Collision Between Two Motor Vehicles in Transport,No,Pavement Markings,6,1,Complains Of Pain
348976,1/20/16,3:03 PM,2016-00006134,LINDEN AVE,ELMWOOD AVE ,LINDEN AVE / ELMWOOD AVE ,Nicholas Froncillo,163,20-Jan-16,Vehicle - Pedestrian,,,,Unknown,Dry,Daylight,Clear,1,Other,No,No Controls,3,1,Incapacitating
349066,1/20/16,3:45 PM,2016-00006176,Admiral St,EXIT ,Admiral St / EXIT ,Adrian Francis,239,20-Jan-16,Vehicle - Pedestrian,,,,One-Way Trafficway,Dry,Daylight,Clear,1,Not a Collision Between Two Motor Vehicles in Transport,"Yes, M/V and Driver Left Scene",Traffic Control Signal,2,2,Complains Of Pain
349943,1/25/16,3:07 PM,2016-00007689,197 Clarence St,WEBSTER AVE ,197 Clarence St / WEBSTER AVE ,Kyle Melfi,208,25-Jan-16,Vehicle - Pedestrian,,,,"Two-Way , Not Divided",Wet,Daylight,Clear,2,"Sideswipe, Same Direction","Yes, M/V and Driver Left Scene",No Controls,2,0,No Injury
349949,1/25/16,9:53 AM,2016-00007583,N DAVIS ST,CHALKSTONE AVE ,N DAVIS ST / CHALKSTONE AVE ,Jose Deschamps,419,25-Jan-16,Vehicle - Pedestrian,X,,,"Two-Way , Not Divided",Wet,Daylight,Clear,1,Not a Collision Between Two Motor Vehicles in Transport,No,No Controls,2,1,Complains Of Pain
349955,1/25/16,11:51 AM,2016-00007620,RIVER AVE,VALLEY ST ,RIVER AVE / VALLEY ST ,Jose Deschamps,419,25-Jan-16,Vehicle - Pedestrian,,,,"Two-Way, Divided, Unprotected (painted>4feet) Medium",Wet,Daylight,Clear,1,Not a Collision Between Two Motor Vehicles in Transport,No,Traffic Control Signal,4,2,Complains Of Pain
350197,1/26/16,4:13 PM,2016-00008026,MEDWAY ST,WAYLAND AVE ,MEDWAY ST / WAYLAND AVE ,Donald Castigliego,287,26-Jan-16,Vehicle - Pedestrian,,,,"Two-Way , Not Divided",Wet,Daylight,Clear,1,Not a Collision Between Two Motor Vehicles in Transport,No,Pavement Markings,4,1,Complains Of Pain
350265,1/26/16,5:52 PM,2016-00008066,RIVER AVE,DOUGLAS AVE ,RIVER AVE / DOUGLAS AVE ,Donald Castigliego,287,26-Jan-16,Vehicle - Pedestrian,,,,"Two-Way , Not Divided",Wet,Dark - Lighted,Clear,1,Not a Collision Between Two Motor Vehicles in Transport,"Yes, M/V and Driver Left Scene",No Controls,1,0,No Injury
350476,1/27/16,3:36 PM,2016-00008348,79 ELMWOOD AVE,,79 ELMWOOD AVE / ,MICHAEL R. TROIA / TRAFFIC BUREAU,331,27-Jan-16,Vehicle - Pedestrian,,,,"Two-Way , Not Divided",Dry,Daylight,Clear,2,Rear - to - Rear,No,No Controls,3,1,Complains Of Pain
350774,1/28/16,9:04 AM,2016-00008576,BROAD ST,FENNER ST ,BROAD ST / FENNER ST ,Jose Deschamps,419,28-Jan-16,Vehicle - Pedestrian,,,,"Two-Way, Divided, Unprotected (painted>4feet) Medium",Dry,Daylight,Clear,1,Not a Collision Between Two Motor Vehicles in Transport,"Yes, M/V and Driver Left Scene",Traffic Control Signal,4,1,Complains Of Pain
351132,1/29/16,4:21 PM,2016-00009036,CRIMEA ST,DOUGLAS AVE ,CRIMEA ST / DOUGLAS AVE ,Jeremy Doucette,482,29-Jan-16,Vehicle - Pedestrian,,,,"Two-Way , Not Divided",Dry,Daylight,Clear,1,Not a Collision Between Two Motor Vehicles in Transport,No,Stop Signs,3,1,Complains Of Pain
351677,1/31/16,2:46 PM,2016-00009677,37 EXCHANGE TERR,,37 EXCHANGE TERR / ,MICHAEL R. TROIA / TRAFFIC BUREAU,331,31-Jan-16,Vehicle - Pedestrian,,,,"Two-Way , Not Divided",Dry,Daylight,Clear,1,Not a Collision Between Two Motor Vehicles in Transport,No,No Controls,2,1,Complains Of Pain
351862,2/1/16,1:10 PM,2016-00009974,CHARLES ST,SILVER SPRING ST ,CHARLES ST / SILVER SPRING ST ,Ptlm. Chin,516,01-Feb-16,Vehicle - Pedestrian,,,,"Two-Way , Not Divided",Dry,Daylight,Clear,1,Not a Collision Between Two Motor Vehicles in Transport,No,No Controls,2,1,Complains Of Pain
352003,2/2/16,1:22 PM,2016-00010351,ATWELLS AVE,TUXEDO AVE ,ATWELLS AVE / TUXEDO AVE ,Kenneth Pike,130,02-Feb-16,Vehicle - Pedestrian,,,,Unknown,Dry,Daylight,Clear,2,"Sidwswipe, Opposite Direction",No,No Controls,4,0,No Injury
352004,2/2/16,1:19 PM,2016-00010349,WEEDEN ST,ATWELLS AVE ,WEEDEN ST / ATWELLS AVE ,Ptlm. Chin,516,02-Feb-16,Vehicle - Pedestrian,,,,"Two-Way , Not Divided",Dry,Daylight,Clear,1,Not a Collision Between Two Motor Vehicles in Transport,No,No Controls,6,1,Complains Of Pain
352373,2/3/16,4:30 PM,2016-00010737,WEYBOSSET ST,SNOW ST ,WEYBOSSET ST / SNOW ST ,Donald Castigliego,287,03-Feb-16,Vehicle - Pedestrian,,,,"Two-Way , Not Divided",Wet,Dark - Lighted,Rain,1,Not a Collision Between Two Motor Vehicles in Transport,No,No Controls,3,1,Incapacitating
352487,2/3/16,5:53 PM,2016-00010769,41 Fricker st,CRANSTON ST ,41 Fricker st / CRANSTON ST ,Brian Murphy,239,03-Feb-16,Vehicle - Pedestrian,,,,"Two-Way , Not Divided",Wet,Dark - Not Lighted,Rain,1,Not a Collision Between Two Motor Vehicles in Transport,No,No Controls,5,1,Complains Of Pain
352529,2/3/16,8:05 PM,2016-00010800,96 Waterman St,,96 Waterman St / ,Michael Clary,269,03-Feb-16,Vehicle - Pedestrian,,,,One-Way Trafficway,Wet,Dark - Lighted,Rain,1,Not a Collision Between Two Motor Vehicles in Transport,No,Traffic Control Signal,2,1,Complains Of Pain
353132,2/4/16,5:42 PM,2016-00011071,Hope St,George St,Hope St / George St,Michael Clary,269,05-Feb-16,Vehicle - Pedestrian,,,,"Two-Way , Not Divided",Dry,Dark - Lighted,Clear,1,Not a Collision Between Two Motor Vehicles in Transport,No,Stop Signs,3,0,No Injury
352949,2/5/16,8:47 AM,2016-00011250,ATWELLS AVE,ACADEMY AVE ,ATWELLS AVE / ACADEMY AVE ,Jose Deschamps,419,05-Feb-16,Vehicle - Pedestrian,,,,"Two-Way, Divided, Unprotected (painted>4feet) Medium",Snow,Daylight,Snow,1,Not a Collision Between Two Motor Vehicles in Transport,"Yes, M/V and Driver Left Scene",Traffic Control Signal,1,1,Complains Of Pain
353719,2/7/16,1:04 PM,2016-00011988,GODDARD ST,DOUGLAS AVE,GODDARD ST / DOUGLAS AVE,Raymond King,633,08-Feb-16,Vehicle - Pedestrian,,,,"Two-Way , Not Divided",Wet,Daylight,Clear,2,Rear - to - Side,No,No Controls,3,0,No Injury
365259,2/7/16,8:41 PM,2016-00012080,CHARLES ST,BRANCH AVE ,CHARLES ST / BRANCH AVE ,Andrew Mignanelli,361,12-Mar-16,Vehicle - Pedestrian,,,,"Two-Way , Not Divided",Dry,Daylight,Clear,1,Not a Collision Between Two Motor Vehicles in Transport,No,No Controls,2,1,Complains Of Pain
354023,2/9/16,12:04 PM,2016-00012512, WASHINGTON ST,EMPIRE ST, WASHINGTON ST / EMPIRE ST,Brian Corcoran,562,09-Feb-16,Vehicle - Pedestrian,,,,"Two-Way , Not Divided",Wet,Daylight,Cloudy,1,Other,No,Traffic Control Signal,4,1,Complains Of Pain
354151,2/9/16,5:45 PM,2016-00012611,Summer Street,,Summer Street / ,Edwardo Curi,294,09-Feb-16,Vehicle - Pedestrian,,,,"Two-Way , Not Divided",Slush,Dark - Lighted,Clear,1,Not a Collision Between Two Motor Vehicles in Transport,No,Stop Signs,3,1,Complains Of Pain
354444,2/10/16,5:34 PM,2016-00012928,BROADWAY,DE PASQUALE AVE ,BROADWAY / DE PASQUALE AVE ,Donald Castigliego,287,10-Feb-16,Vehicle - Pedestrian,,,,"Two-Way , Not Divided",Wet,Dark - Lighted,Clear,1,Not a Collision Between Two Motor Vehicles in Transport,"Yes, M/V and Driver Left Scene",Traffic Control Signal,1,0,No Injury
354730,2/11/16,7:44 PM,2016-00013251,BROAD ST,DAVE GAVITT WAY,BROAD ST / DAVE GAVITT WAY,MICHAEL R. TROIA / TRAFFIC BUREAU,331,11-Feb-16,Vehicle - Pedestrian,,,,"Two-Way , Not Divided",Dry,Dark - Lighted,Clear,1,Not a Collision Between Two Motor Vehicles in Transport,No,Traffic Control Signal,4,2,Complains Of Pain
355963,2/15/16,11:24 PM,2016-00014624,CROMWELL ST,BUCKLIN ST ,CROMWELL ST / BUCKLIN ST ,Isaiah Nerney,15636,16-Feb-16,Vehicle - Pedestrian,,,,"Two-Way , Not Divided",Ice/Frost,Dark - Lighted,Snow,2,Rear End(Front-to-Rear),"Yes, M/V and Driver Left Scene",No Controls,2,0,Unknown
356290,2/16/16,3:45 PM,2016-00014863,ELMWOOD AVE,ADELAIDE AVE ,ELMWOOD AVE / ADELAIDE AVE ,Richard Mendez,288,16-Feb-16,Vehicle - Pedestrian,,,,"Two-Way, Divided, Positive Median Barrier",Wet,Daylight,Rain,1,Not a Collision Between Two Motor Vehicles in Transport,"Yes, M/V and Driver Left Scene",Traffic Control Signal,1,1,Complains Of Pain
356322,2/16/16,5:22 PM,2016-00014895,WEYBOSSET ST,CUSTOM HOUSE ST ,WEYBOSSET ST / CUSTOM HOUSE ST ,Michael Clary,269,16-Feb-16,Vehicle - Pedestrian,,,,"Two-Way , Not Divided",Wet,Dark - Lighted,Rain,1,Not a Collision Between Two Motor Vehicles in Transport,No,No Controls,2,1,Complains Of Pain
356336,2/16/16,6:43 PM,2016-00014930,WESTMINSTER ST,EMPIRE ST ,WESTMINSTER ST / EMPIRE ST ,William O'Donnell,150,16-Feb-16,Vehicle - Pedestrian,,,,"Two-Way , Not Divided",Wet,Dark - Lighted,Rain,1,Angle - Direction Not Specified,"Yes, M/V and Driver Left Scene",Traffic Control Signal,3,1,Complains Of Pain
356423,2/17/16,1:15 AM,2016-00015005,UNION AVE,ETHAN ST ,UNION AVE / ETHAN ST ,Vincent Lopez,219,17-Feb-16,Vehicle - Pedestrian,,,,"Two-Way , Not Divided",Wet,Dark - Lighted,Rain,1,Head-On (Front - to - Front),"Yes, Driver Left Scene",No Controls,2,0,No Injury
357337,2/19/16,8:25 AM,2016-00015783,Battey St,WASHINGTON ST ,Battey St / WASHINGTON ST ,Ptlm. Chin,516,19-Feb-16,Vehicle - Pedestrian,,,,"Two-Way , Not Divided",Dry,Daylight,Clear,1,Not a Collision Between Two Motor Vehicles in Transport,No,Stop Signs,2,1,Complains Of Pain
357756,2/20/16,6:24 PM,2016-00016293,BRANCH AVE,DRYDEN LN ,BRANCH AVE / DRYDEN LN ,Alexa Levesque,248,20-Feb-16,Vehicle - Pedestrian,,,,"Two-Way , Not Divided",Dry,Dark - Lighted,Clear,1,Not a Collision Between Two Motor Vehicles in Transport,No,No Controls,2,1,Complains Of Pain
357948,2/21/16,1:45 AM,2016-00016413,DORRANCE ST,WESTMINSTER ST,DORRANCE ST / WESTMINSTER ST,Robert Heaton,539,21-Feb-16,Vehicle - Pedestrian,,,,"Two-Way , Not Divided",Dry,Dark - Lighted,Clear,1,Other,No,No Controls,3,0,No Injury
358053,2/21/16,1:41 PM,2016-00016537,177 Oakland ave,CHAD BROWN ST ,177 Oakland ave / CHAD BROWN ST ,Cynthia Rodriguez,693,21-Feb-16,Vehicle - Pedestrian,,,,"Two-Way , Not Divided",Dry,Daylight,Clear,2,"Sideswipe, Same Direction","Yes, M/V and Driver Left Scene",No Controls,2,0,No Injury
358246,2/21/16,4:04 PM,2016-00016571,740 BRANCH AVE,VANDEWATER ST ,740 BRANCH AVE / VANDEWATER ST ,Jeremy Doucette,482,21-Feb-16,Vehicle - Pedestrian,,,,"Two-Way , Not Divided",Dry,Daylight,Clear,1,Not a Collision Between Two Motor Vehicles in Transport,"Yes, M/V and Driver Left Scene",No Controls,1,1,Complains Of Pain
358949,2/23/16,1:00 PM,2016-00017120,Douglas Ave,WHIPPLE ST ,Douglas Ave / WHIPPLE ST ,Ptlm. Chin,516,23-Feb-16,Vehicle - Pedestrian,,,X,"Two-Way , Not Divided",Dry,Daylight,Clear,1,Not a Collision Between Two Motor Vehicles in Transport,No,Stop Signs,3,0,No Injury
359734,2/24/16,8:28 AM,2016-00017351,MONGENAIS ST,ATWELLS AVE ,MONGENAIS ST / ATWELLS AVE ,Kenneth Pike,130,26-Feb-16,Vehicle - Pedestrian,,,,"Two-Way , Not Divided",Dry,Daylight,Clear,2,Rear - to - Side,No,No Controls,4,0,No Injury
359505,2/25/16,8:06 AM,2016-00017699,MOUNT PLEASANT AVE,CHALKSTONE AVE ,MOUNT PLEASANT AVE / CHALKSTONE AVE ,Jin O,147,25-Feb-16,Vehicle - Pedestrian,,,,"Two-Way , Not Divided",Wet,Daylight,Cloudy,1,Not a Collision Between Two Motor Vehicles in Transport,"Yes, M/V and Driver Left Scene",No Controls,1,1,Complains Of Pain
359617,2/25/16,6:11 PM,2016-00017910,MOUNT PLEASANT AVE,CHALKSTONE AVE ,MOUNT PLEASANT AVE / CHALKSTONE AVE ,MICHAEL R. TROIA / TRAFFIC BUREAU,331,25-Feb-16,Vehicle - Pedestrian,,,,"Two-Way , Not Divided",Dry,Dark - Lighted,Clear,1,Not a Collision Between Two Motor Vehicles in Transport,"Yes, M/V and Driver Left Scene",No Controls,1,1,Complains Of Pain
360271,2/27/16,8:59 AM,2016-00018438,N MAIN ST,PLEASANT ST,N MAIN ST / PLEASANT ST,Jose Deschamps,419,27-Feb-16,Vehicle - Pedestrian,,,X,"Two-Way, Divided, Positive Median Barrier",Dry,Daylight,Clear,1,Not a Collision Between Two Motor Vehicles in Transport,No,Other,3,1,Complains Of Pain