CrashReportId,CrashDate,CrashTime,ReportNumber,StreetOrHighway,NearestIntersection,Location,Officer,Badge,ReportDate,TypeOfCollision,Bicycle,Scooter,Wheel Chair,TypeOfRoadway,RoadSurfaceCondition,LightCondition,WeatherCondition,NumberofVehicles,MannerofImpact,HitAndRun,TrafficControl,PersonCount,InjuryCount,MostSeriousInjury
430461,7/24/16,6:34 AM,2016-00071803,160 NARRAGANSETT AVE,SANTIAGO ST ,160 NARRAGANSETT AVE / SANTIAGO ST ,Fernando Lopez,156,24-Jul-16,Vehicle - Pedestrian,,,,Unknown,Dry,Daylight,Clear,2,"Sidwswipe, Opposite Direction","Yes, M/V and Driver Left Scene",No Controls,2,0,Unknown
433497,7/27/16,5:03 PM,2016-00073058,EASTON ST,VEAZIE ST ,EASTON ST / VEAZIE ST ,Francisco Furtado,635,28-Jul-16,Vehicle - Pedestrian,,,,"Two-Way , Not Divided",Dry,Daylight,Clear,1,Other,No,No Controls,5,1,Complains Of Pain
433523,7/28/16,9:50 AM,2016-00073281,WESTMINSTER ST EXIT,WESTMINSTER ST ,WESTMINSTER ST EXIT / WESTMINSTER ST ,Jose Deschamps,419,28-Jul-16,Vehicle - Pedestrian,X,,,One-Way Trafficway,Dry,Daylight,Clear,1,Not a Collision Between Two Motor Vehicles in Transport,No,Traffic Control Signal,2,1,Complains Of Pain
434140,7/28/16,10:30 PM,2016-00073535,WHIPPLE ST,GEOFFREYS CT ,WHIPPLE ST / GEOFFREYS CT ,Andrew Mignanelli,361,29-Jul-16,Vehicle - Pedestrian,,,,"Two-Way , Not Divided",Dry,Dark - Lighted,Clear,1,Unknown,"Yes, M/V and Driver Left Scene",No Controls,1,1,Incapacitating
434233,7/29/16,10:16 PM,2016-00073917,903 Chalkstone Ave,,903 Chalkstone Ave / ,Michael Clary,269,30-Jul-16,Vehicle - Pedestrian,,,,"Two-Way , Not Divided",Dry,Dark - Lighted,Clear,2,Not a Collision Between Two Motor Vehicles in Transport,No,No Controls,4,0,No Injury
434240,7/29/16,9:32 PM,2016-00073899,River Ave,Pleasant Valley Prkwy,River Ave / Pleasant Valley Prkwy,Michael Clary,269,30-Jul-16,Vehicle - Pedestrian,X,,,"Two-Way , Not Divided",Dry,Dark - Lighted,Clear,1,Not a Collision Between Two Motor Vehicles in Transport,No,Stop Signs,3,1,Complains Of Pain
434313,7/30/16,11:26 AM,2016-00074120,CRANSTON ST,ALTHEA ST ,CRANSTON ST / ALTHEA ST ,Thiago Gomes,532,30-Jul-16,Vehicle - Pedestrian,,,,"Two-Way , Not Divided",Dry,Daylight,Clear,1,"Sidwswipe, Opposite Direction",No,Traffic Control Signal,4,1,Complains Of Pain
435030,7/31/16,2:30 AM,2016-00074470,257 Allens Ave ,ALLENS AVE ,257 Allens Ave  / ALLENS AVE ,Sean Corley,213,01-Aug-16,Vehicle - Pedestrian,,,,"Two-Way, Divided, Unprotected (painted>4feet) Medium",Dry,Dark - Lighted,Clear,2,Head-On (Front - to - Front),"Yes, M/V and Driver Left Scene",No Controls,2,0,No Injury
435237,8/1/16,8:23 AM,2016-00074863,CHALKSTONE AVE,FALLON AVE ,CHALKSTONE AVE / FALLON AVE ,Fernando Lopez,156,01-Aug-16,Vehicle - Pedestrian,,,,"Two-Way , Not Divided",Dry,Daylight,Clear,1,Not a Collision Between Two Motor Vehicles in Transport,No,No Controls,7,1,Non-Incapacitating
435503,8/1/16,1:55 PM,2016-00074946,104 TELL ST,ALMY ST ,104 TELL ST / ALMY ST ,Fernando Lopez,156,01-Aug-16,Vehicle - Pedestrian,,,,"Two-Way , Not Divided",Dry,Daylight,Clear,2,Angle (Front - to - Side) Right Angle (Includes Broadside),"Yes, M/V and Driver Left Scene",No Controls,2,0,Unknown
435633,8/1/16,9:25 PM,2016-00075094,ROUT 10 EXIT,ELMWOOD AVE ,ROUT 10 EXIT / ELMWOOD AVE ,Donald Castigliego,287,01-Aug-16,Vehicle - Pedestrian,,,,One-Way Trafficway,Dry,Dark - Lighted,Clear,2,Rear End(Front-to-Rear),No,Traffic Control Signal,5,0,No Injury
436672,8/3/16,2:23 PM,2016-00075654,BROAD ST,EARLY ST ,BROAD ST / EARLY ST ,Jose Deschamps,419,03-Aug-16,Vehicle - Pedestrian,X,,,"Two-Way, Divided, Unprotected (painted>4feet) Medium",Dry,Daylight,Clear,1,Other,"Yes, M/V and Driver Left Scene",No Controls,1,1,Complains Of Pain
437042,8/3/16,11:12 PM,2016-00075848,DE PASQUALE AVE,ATWELLS AVE ,DE PASQUALE AVE / ATWELLS AVE ,Michael Clary,269,04-Aug-16,Vehicle - Pedestrian,,,,"Two-Way , Not Divided",Dry,Dark - Lighted,Clear,2,Not a Collision Between Two Motor Vehicles in Transport,No,No Controls,3,0,No Injury
442363,8/3/16,2:09 PM,2016-00075682,N MAIN ST,DOYLE AVE ,N MAIN ST / DOYLE AVE ,David Morgan,474,09-Aug-16,Vehicle - Pedestrian,,,,"Two-Way, Divided, Positive Median Barrier",Dry,Daylight,Clear,1,Not a Collision Between Two Motor Vehicles in Transport,"Yes, Driver Left Scene",Pavement Markings,2,0,No Injury
437609,8/5/16,5:08 PM,2016-00076499,WHITMARSH ST,BUCKLIN ST ,WHITMARSH ST / BUCKLIN ST ,Stephen Sage,353,05-Aug-16,Vehicle - Pedestrian,X,,,"Two-Way , Not Divided",Dry,Daylight,Clear,1,Other,No,No Controls,5,1,Complains Of Pain
437950,8/6/16,5:14 PM,2016-00076938,POCASSET AVE,BANCROFT ST ,POCASSET AVE / BANCROFT ST ,David Preston,251,06-Aug-16,Vehicle - Pedestrian,X,,,"Two-Way , Not Divided",Dry,Daylight,Clear,1,"Sidwswipe, Opposite Direction",No,Unknown,2,0,No Injury
438262,8/7/16,1:07 PM,2016-00077286,F C GREENE MEMORIAL BLVD,F C GREENE MEMORIAL BLVD ,F C GREENE MEMORIAL BLVD / F C GREENE MEMORIAL BLVD ,Fernando Lopez,156,07-Aug-16,Vehicle - Pedestrian,,,,"Two-Way , Not Divided",Dry,Daylight,Clear,2,Unknown,"Yes, M/V and Driver Left Scene",No Controls,2,0,Unknown
438639,8/7/16,8:23 PM,2016-00077437,gallup street,PRAIRIE AVE ,gallup street / PRAIRIE AVE ,Richard Mendez,288,07-Aug-16,Vehicle - Pedestrian,,,,"Two-Way , Not Divided",Dry,Dark - Lighted,Clear,2,"Sidwswipe, Opposite Direction","Yes, M/V and Driver Left Scene",No Controls,6,6,Incapacitating
438786,8/8/16,12:19 PM,2016-00077650,CRANSTON ST,ALTHEA ST ,CRANSTON ST / ALTHEA ST ,Fernando Lopez,156,08-Aug-16,Vehicle - Pedestrian,X,,,"Two-Way , Not Divided",Dry,Daylight,Clear,1,Not a Collision Between Two Motor Vehicles in Transport,No,No Controls,2,1,Complains Of Pain
439317,8/8/16,6:45 PM,2016-00077804,850 MANTON AVE,850 MANTON AVE,850 MANTON AVE / 850 MANTON AVE,Erik Breault,226,08-Aug-16,Vehicle - Pedestrian,,,,Unknown,Dry,Daylight,Clear,2,Unknown,"Yes, M/V and Driver Left Scene",No Controls,2,0,Unknown
440728,8/11/16,1:23 AM,2016-00078668,575 South Water St,,575 South Water St / ,Michael Clary,269,11-Aug-16,Vehicle - Pedestrian,,,,One-Way Trafficway,Dry,Dark - Lighted,Clear,2,Not a Collision Between Two Motor Vehicles in Transport,"Yes, M/V and Driver Left Scene",No Controls,2,0,Unknown
441292,8/11/16,6:09 PM,2016-00078918,BROAD ST,VERNDALE AVE ,BROAD ST / VERNDALE AVE ,Donald Castigliego,287,11-Aug-16,Vehicle - Pedestrian,,,,"Two-Way , Not Divided",Dry,Daylight,Clear,1,Not a Collision Between Two Motor Vehicles in Transport,No,Pavement Markings,4,1,Complains Of Pain
441496,8/12/16,1:53 AM,2016-00079057,Bellevue Ave,DEXTER ST ,Bellevue Ave / DEXTER ST ,Mitchell Guerra,217,12-Aug-16,Vehicle - Pedestrian,,,,"Two-Way , Not Divided",Dry,Dark - Lighted,Clear,2,Rear End(Front-to-Rear),No,No Controls,6,0,No Injury
442044,8/12/16,2:18 AM,2016-00079490,115 Harris Ave,HARRIS AVE EXIT 22C ,115 Harris Ave / HARRIS AVE EXIT 22C ,Erik Breault,226,13-Aug-16,Vehicle - Pedestrian,,,,"Two-Way, Divided, Unprotected (painted>4feet) Medium",Dry,Dark - Lighted,Clear,1,Not a Collision Between Two Motor Vehicles in Transport,"Yes, M/V and Driver Left Scene",No Controls,2,2,Complains Of Pain
442208,8/13/16,5:21 PM,2016-00079720,850 MANTON AVE,CHALKSTONE AVE ,850 MANTON AVE / CHALKSTONE AVE ,Trent Hastings,326,13-Aug-16,Vehicle - Pedestrian,,,,"Two-Way , Not Divided",Dry,Daylight,Clear,1,Not a Collision Between Two Motor Vehicles in Transport,No,No Controls,6,1,Incapacitating
442221,8/13/16,4:54 PM,2016-00079714,North Main St.,Olney St.,North Main St. / Olney St.,Harrison Northup,232,13-Aug-16,Vehicle - Pedestrian,,,,One-Way Trafficway,Dry,Daylight,Clear,1,Not a Collision Between Two Motor Vehicles in Transport,No,No Controls,3,1,Complains Of Pain
442516,8/14/16,11:54 PM,2016-00080285,218 Dexter St,,218 Dexter St / ,Michael Clary,269,15-Aug-16,Vehicle - Pedestrian,X,,,"Two-Way , Not Divided",Dry,Dark - Lighted,Clear,1,Not a Collision Between Two Motor Vehicles in Transport,No,Pavement Markings,2,1,Complains Of Pain
442589,8/14/16,7:33 PM,2016-00080202,732 Plainfield St,,732 Plainfield St / ,Michael Clary,269,15-Aug-16,Vehicle - Pedestrian,,,,"Two-Way , Not Divided",Dry,Daylight,Clear,1,Not a Collision Between Two Motor Vehicles in Transport,No,No Controls,3,1,Complains Of Pain
442992,8/15/16,7:18 PM,2016-00080621,BROADWAY,GREENMAN LN ,BROADWAY / GREENMAN LN ,Robert Heaton,539,16-Aug-16,Vehicle - Pedestrian,,,,"Two-Way , Not Divided",Dry,Daylight,Clear,1,Other,"Yes, M/V and Driver Left Scene",Traffic Control Signal,3,1,Non-Incapacitating
443208,8/16/16,2:27 PM,2016-00080899,WASHINGTON ST,EMPIRE ST ,WASHINGTON ST / EMPIRE ST ,Jose Deschamps,419,16-Aug-16,Vehicle - Pedestrian,,,,"Two-Way, Divided, Unprotected (painted>4feet) Medium",Wet,Daylight,"Sleet, Hail (Freezing Rain or Drizzle)",1,Not a Collision Between Two Motor Vehicles in Transport,No,Traffic Control Signal,2,1,Complains Of Pain
443932,8/17/16,1:55 PM,2016-00081253,elmwood ave ,ELMWOOD AVE ,elmwood ave  / ELMWOOD AVE ,David Schiavulli,027,17-Aug-16,Vehicle - Pedestrian,,,,"Two-Way , Not Divided",Dry,Daylight,Clear,1,Not a Collision Between Two Motor Vehicles in Transport,No,No Controls,3,0,No Injury
444408,8/18/16,1:04 PM,2016-00081621,EXCHANGE ST,EXCHANGE TER ,EXCHANGE ST / EXCHANGE TER ,Fernando Lopez,156,18-Aug-16,Vehicle - Pedestrian,,,,"Two-Way , Not Divided",Dry,Daylight,Clear,1,Not a Collision Between Two Motor Vehicles in Transport,No,Stop Signs,4,1,Complains Of Pain
446247,8/22/16,5:44 PM,2016-00083338,WEYBOSSET ST,DORRANCE ST ,WEYBOSSET ST / DORRANCE ST ,MICHAEL R. TROIA / TRAFFIC BUREAU,331,22-Aug-16,Vehicle - Pedestrian,,,,"Two-Way , Not Divided",Dry,Daylight,Clear,1,Not a Collision Between Two Motor Vehicles in Transport,No,Traffic Control Signal,3,1,Complains Of Pain
446764,8/23/16,12:36 PM,2016-00083582,Chalkstone Ave,ACADEMY AVE ,Chalkstone Ave / ACADEMY AVE ,Ptlm. Chin,516,23-Aug-16,Vehicle - Pedestrian,,,,"Two-Way , Not Divided",Dry,Daylight,Clear,1,Not a Collision Between Two Motor Vehicles in Transport,No,No Controls,5,1,Complains Of Pain
447187,8/24/16,1:28 PM,2016-00084003,BOWDOIN ST,KOSSUTH ST ,BOWDOIN ST / KOSSUTH ST ,Fernando Lopez,156,24-Aug-16,Vehicle - Pedestrian,,,,"Two-Way , Not Divided",Dry,Daylight,Clear,1,Not a Collision Between Two Motor Vehicles in Transport,No,No Controls,3,1,Complains Of Pain
447369,8/24/16,8:14 AM,2016-00083911,WASHINGTON ST,EAST APPROACH,WASHINGTON ST / EAST APPROACH,J. Amoroso/F. Furtado,613,24-Aug-16,Vehicle - Pedestrian,,,,One-Way Trafficway,Dry,Daylight,Clear,1,Not a Collision Between Two Motor Vehicles in Transport,No,No Controls,5,1,Fatal
447774,8/25/16,5:30 PM,2016-00084435,CHAD BROWN ST,DOUGLAS AVE ,CHAD BROWN ST / DOUGLAS AVE ,Juan Robles,643,25-Aug-16,Vehicle - Pedestrian,,,,"Two-Way, Divided, Unprotected (painted>4feet) Medium",Dry,Daylight,Clear,2,Rear End(Front-to-Rear),"Yes, M/V and Driver Left Scene",Traffic Control Signal,4,1,Complains Of Pain
447978,8/26/16,12:57 PM,2016-00084744,CANAL ST,SMITH ST ,CANAL ST / SMITH ST ,Scott Keenan,546,26-Aug-16,Vehicle - Pedestrian,X,,,One-Way Trafficway,Dry,Daylight,Clear,1,Angle (Front - to - Side) Right Angle (Includes Broadside),No,Traffic Control Signal,2,0,No Injury
449133,8/27/16,4:33 PM,2016-00085282,OXFORD ST,LOUISA ST ,OXFORD ST / LOUISA ST ,Robert Heaton,539,27-Aug-16,Vehicle - Pedestrian,X,,,"Two-Way , Not Divided",Dry,Daylight,Clear,1,Head-On (Front - to - Front),No,No Controls,3,0,No Injury
449368,8/28/16,6:04 PM,2016-00085768,Public St,GORDON AVE ,Public St / GORDON AVE ,Peter Salmons,207,28-Aug-16,Vehicle - Pedestrian,,,,"Two-Way , Not Divided",Dry,Daylight,Clear,1,Not a Collision Between Two Motor Vehicles in Transport,"Yes, M/V and Driver Left Scene",No Controls,2,1,Incapacitating
449460,8/28/16,3:21 AM,2016-00085567,SUNBURY ST,DAMON ST ,SUNBURY ST / DAMON ST ,David Impagliazzo,223,29-Aug-16,Vehicle - Pedestrian,,,,"Two-Way , Not Divided",Dry,Dark - Lighted,Clear,2,Angle (Front - to - Side) Right Angle (Includes Broadside),"Yes, M/V and Driver Left Scene",Stop Signs,2,1,Complains Of Pain
449765,8/30/16,8:45 AM,2016-00086331,STEEPLE ST,CANAL ST ,STEEPLE ST / CANAL ST ,Ptlm. Chin,516,30-Aug-16,Vehicle - Pedestrian,,,,One-Way Trafficway,Dry,Daylight,Clear,1,Not a Collision Between Two Motor Vehicles in Transport,No,Traffic Control Signal,2,1,Complains Of Pain
449809,8/30/16,3:27 PM,2016-00086445,WAITE ST,GENERAL ST ,WAITE ST / GENERAL ST ,David Harrington,276,30-Aug-16,Vehicle - Pedestrian,X,,,"Two-Way , Not Divided",Dry,Daylight,Clear,1,Not a Collision Between Two Motor Vehicles in Transport,No,Stop Signs,3,0,No Injury
450145,8/30/16,11:09 PM,2016-00086608,SOUTH WATER ST,WILLIAMS ST ,SOUTH WATER ST / WILLIAMS ST ,Robert Heaton,539,31-Aug-16,Vehicle - Pedestrian,,,,"Two-Way , Not Divided",Dry,Dark - Lighted,Clear,1,Other,"Yes, M/V and Driver Left Scene",No Controls,5,1,Incapacitating
450264,8/31/16,10:43 AM,2016-00086730,WASHINGTON ST,EMPIRE ST ,WASHINGTON ST / EMPIRE ST ,Jose Deschamps,419,31-Aug-16,Vehicle - Pedestrian,,,,"Two-Way, Divided, Unprotected (painted>4feet) Medium",Dry,Daylight,Clear,1,Not a Collision Between Two Motor Vehicles in Transport,No,No Controls,3,1,Complains Of Pain
450273,8/31/16,1:00 PM,2016-00086776,ABRAM ST,BRANCH AVE ,ABRAM ST / BRANCH AVE ,Fernando Lopez,156,31-Aug-16,Vehicle - Pedestrian,,,,"Two-Way , Not Divided",Dry,Daylight,Clear,1,Not a Collision Between Two Motor Vehicles in Transport,No,Other,2,1,Complains Of Pain
450504,8/31/16,3:33 PM,2016-00086817,broad st,FOSTER ST ,broad st / FOSTER ST ,Alexa Levesque,248,31-Aug-16,Vehicle - Pedestrian,,,,"Two-Way , Not Divided",Dry,Daylight,Clear,1,Not a Collision Between Two Motor Vehicles in Transport,No,No Controls,3,1,Complains Of Pain
450509,8/31/16,4:07 PM,2016-00086833,157 WATERMAN STREET,,157 WATERMAN STREET / ,Donald Castigliego,287,31-Aug-16,Vehicle - Pedestrian,X,,,One-Way Trafficway,Dry,Daylight,Clear,1,Not a Collision Between Two Motor Vehicles in Transport,No,No Controls,2,1,Complains Of Pain
450523,8/31/16,4:49 PM,2016-00086856,S WATER ST,POWER STREET,S WATER ST / POWER STREET,Donald Castigliego,287,31-Aug-16,Vehicle - Pedestrian,,,,One-Way Trafficway,Dry,Daylight,Clear,1,Not a Collision Between Two Motor Vehicles in Transport,No,Other,5,1,Non-Incapacitating
450852,9/1/16,8:28 PM,2016-00087274,CHALKSTONE AVE,CANTON ST ,CHALKSTONE AVE / CANTON ST ,KEN MATSUMOTO,348,01-Sep-16,Vehicle - Pedestrian,X,,,"Two-Way , Not Divided",Dry,Dark - Lighted,Clear,1,Not a Collision Between Two Motor Vehicles in Transport,No,Stop Signs,3,1,Complains Of Pain
450909,9/1/16,8:33 AM,2016-00087056,ALEPPO ST,MANTON AVE ,ALEPPO ST / MANTON AVE ,Joseph Kane,544,02-Sep-16,Vehicle - Pedestrian,X,,,"Two-Way, Divided, Unprotected (painted>4feet) Medium",Wet,Daylight,Rain,1,Angle (Front - to - Side) Right Angle (Includes Broadside),No,No Controls,3,1,Non-Incapacitating
451666,9/3/16,2:00 PM,2016-00087999,I 95 S,CHARLES ST ,I 95 S / CHARLES ST ,Juan Robles,643,03-Sep-16,Vehicle - Pedestrian,,,,"Two-Way, Divided, Unprotected (painted>4feet) Medium",Dry,Daylight,Clear,2,"Sideswipe, Same Direction","Yes, M/V and Driver Left Scene",Traffic Control Signal,5,0,No Injury
451810,9/3/16,4:06 PM,2016-00088053,ELMWOOD AVE,EXIT 17 ,ELMWOOD AVE / EXIT 17 ,Richard Mendez,288,03-Sep-16,Vehicle - Pedestrian,,,,One-Way Trafficway,Dry,Daylight,Clear,1,Not a Collision Between Two Motor Vehicles in Transport,"Yes, M/V and Driver Left Scene",Traffic Control Signal,2,1,Complains Of Pain
452082,9/4/16,1:08 AM,2016-00088261,ROUNDS AVE,ALEXANDER ST ,ROUNDS AVE / ALEXANDER ST ,Joshua Cascione,225,04-Sep-16,Vehicle - Pedestrian,,,,"Two-Way , Not Divided",Dry,Dark - Lighted,Clear,1,Not a Collision Between Two Motor Vehicles in Transport,"Yes, M/V and Driver Left Scene",No Controls,2,1,Incapacitating
452267,9/4/16,4:02 PM,2016-00088483,HARTFORD AV,IDA ST,HARTFORD AV / IDA ST,Joseph Gallucci,503,04-Sep-16,Vehicle - Pedestrian,,,X,"Two-Way , Not Divided",Dry,Daylight,Clear,1,Other,"Yes, M/V and Driver Left Scene",No Controls,3,1,Complains Of Pain
452357,9/4/16,10:23 PM,2016-00088627,MEMORIAL BLVD,FRANCIS ST,MEMORIAL BLVD / FRANCIS ST,Robert Heaton,539,05-Sep-16,Vehicle - Pedestrian,,,,"Two-Way, Divided, Positive Median Barrier",Dry,Dark - Lighted,Clear,1,Other,"Yes, M/V and Driver Left Scene",Pavement Markings,5,1,Incapacitating
452365,9/5/16,12:32 AM,2016-00088677,GARFIELD AVE,CHALKSTONE AVE ,GARFIELD AVE / CHALKSTONE AVE ,James Lanier,211,05-Sep-16,Vehicle - Pedestrian,,,,"Two-Way , Not Divided",Dry,Dark - Lighted,Clear,2,Not a Collision Between Two Motor Vehicles in Transport,"Yes, M/V and Driver Left Scene",No Controls,2,0,Unknown
453227,9/6/16,7:03 PM,2016-00089285,Dorrance st,PINE ST ,Dorrance st / PINE ST ,Alexa Levesque,248,06-Sep-16,Vehicle - Pedestrian,,,,"Two-Way , Not Divided",Wet,Daylight,Cloudy,1,Not a Collision Between Two Motor Vehicles in Transport,No,No Controls,3,1,Complains Of Pain
454138,9/8/16,4:16 PM,2016-00089920,Hope St.,Cypress St.,Hope St. / Cypress St.,Harrison Northup,232,08-Sep-16,Vehicle - Pedestrian,,,,"Two-Way , Not Divided",Dry,Daylight,Clear,1,Not a Collision Between Two Motor Vehicles in Transport,"Yes, M/V and Driver Left Scene",Traffic Control Signal,3,1,Non-Incapacitating
455398,9/10/16,4:38 PM,2016-00090766,DORCHESTER AVE,DANIEL AVE ,DORCHESTER AVE / DANIEL AVE ,Ptlm. Dalton,257,11-Sep-16,Vehicle - Pedestrian,,,,"Two-Way , Not Divided",Dry,Daylight,Clear,2,Head-On (Front - to - Front),No,No Controls,4,0,No Injury
455626,9/12/16,7:37 AM,2016-00091428,Hartford Ave,Bowlet Street,Hartford Ave / Bowlet Street,Joseph Kane,544,12-Sep-16,Vehicle - Pedestrian,,,,"Two-Way, Divided, Unprotected (painted>4feet) Medium",Dry,Daylight,Clear,1,Other,No,No Controls,4,1,Complains Of Pain
455693,9/12/16,4:06 PM,2016-00091602,POTTERS AVE,NINIGRET AVE ,POTTERS AVE / NINIGRET AVE ,Donald Castigliego,287,12-Sep-16,Vehicle - Pedestrian,X,,,"Two-Way , Not Divided",Dry,Daylight,Clear,1,Not a Collision Between Two Motor Vehicles in Transport,No,No Controls,3,1,Complains Of Pain
455701,9/12/16,5:30 PM,2016-00091634,Hartford Ave,HARTFORD AVE ,Hartford Ave / HARTFORD AVE ,Louy Marroquin,218,12-Sep-16,Vehicle - Pedestrian,X,,,"Two-Way , Not Divided",Dry,Daylight,Clear,1,Other,No,No Controls,4,1,Complains Of Pain
455890,9/13/16,8:53 AM,2016-00091829,FOUNTAIN ST,FRANCIS ST ,FOUNTAIN ST / FRANCIS ST ,Fernando Lopez,156,13-Sep-16,Vehicle - Pedestrian,X,,,One-Way Trafficway,Dry,Daylight,Clear,1,Not a Collision Between Two Motor Vehicles in Transport,No,Traffic Control Signal,5,1,Complains Of Pain
456214,9/13/16,4:54 PM,2016-00092012,ANGELL ST,WAYLAND AVE ,ANGELL ST / WAYLAND AVE ,Erik Breault,226,13-Sep-16,Vehicle - Pedestrian,,,,"Two-Way, Divided, Unprotected (painted>4feet) Medium",Dry,Daylight,Clear,1,Not a Collision Between Two Motor Vehicles in Transport,No,Traffic Control Signal,3,1,Incapacitating
456274,9/13/16,11:00 PM,2016-00092170,webster ave,STERLING AVE ,webster ave / STERLING AVE ,Kristen Barth,247,14-Sep-16,Vehicle - Pedestrian,X,,,"Two-Way , Not Divided",Dry,Dark - Lighted,Clear,1,Not a Collision Between Two Motor Vehicles in Transport,"Yes, M/V and Driver Left Scene",Stop Signs,1,1,Complains Of Pain
456353,9/14/16,8:54 AM,2016-00092222,BROAD ST,JOHN PARTINGTON WAY,BROAD ST / JOHN PARTINGTON WAY,Alberto DaCruz,205,14-Sep-16,Vehicle - Pedestrian,,,,"Two-Way , Not Divided",Dry,Daylight,Clear,1,Not a Collision Between Two Motor Vehicles in Transport,No,Traffic Control Signal,2,0,No Injury
456508,9/14/16,2:59 PM,2016-00092334,FRANCIS STREET,AMERICAN EXPRESS PLZ ,FRANCIS STREET / AMERICAN EXPRESS PLZ ,Leonel Pichs,615,14-Sep-16,Vehicle - Pedestrian,,,,"Two-Way, Divided, Unprotected (painted>4feet) Medium",Dry,Daylight,Clear,1,Angle (Front - to - Side) Right Angle (Includes Broadside),"Yes, M/V and Driver Left Scene",Traffic Control Signal,3,1,Complains Of Pain
456617,9/14/16,6:19 PM,2016-00092426,N MAIN ST,N MAIN ST ,N MAIN ST / N MAIN ST ,Glen Morgan,558,14-Sep-16,Vehicle - Pedestrian,,,,"Two-Way , Not Divided",Dry,Dusk,Clear,1,Angle - Direction Not Specified,No,No Controls,3,1,Complains Of Pain
456887,9/14/16,9:05 PM,2016-00092487,MEMORIAL BLVD,COLLEGE ST ,MEMORIAL BLVD / COLLEGE ST ,Robert Heaton,539,14-Sep-16,Vehicle - Pedestrian,,,,"Two-Way, Divided, Unprotected (painted>4feet) Medium",Dry,Dark - Lighted,Clear,1,Other,No,Pavement Markings,4,1,Incapacitating
457187,9/15/16,6:42 PM,2016-00092843,STEUBEN ST,ANDERSON ST ,STEUBEN ST / ANDERSON ST ,Juan Rodrigues,194,15-Sep-16,Vehicle - Pedestrian,,,,"Two-Way, Divided, Unprotected (painted>4feet) Medium",Dry,Daylight,Clear,1,"Sidwswipe, Opposite Direction","Yes, M/V and Driver Left Scene",No Controls,1,1,Non-Incapacitating
457394,9/15/16,6:25 PM,2016-00092836,ORMS ST,STATE ST ,ORMS ST / STATE ST ,KEN MATSUMOTO,348,15-Sep-16,Vehicle - Pedestrian,,,,"Two-Way, Divided, Positive Median Barrier",Dry,Daylight,Clear,1,Not a Collision Between Two Motor Vehicles in Transport,No,No Controls,4,1,Fatal
457812,9/16/16,5:07 PM,2016-00093199,RIVER AVE,ADMIRAL ST ,RIVER AVE / ADMIRAL ST ,David Harrington,276,16-Sep-16,Vehicle - Pedestrian,,,,"Two-Way , Not Divided",Dry,Daylight,Clear,1,Not a Collision Between Two Motor Vehicles in Transport,"Yes, M/V and Driver Left Scene",No Controls,1,1,Complains Of Pain
457940,9/16/16,9:14 PM,2016-00093293,Douglas Ave,Clym St,Douglas Ave / Clym St,Michael Clary,269,16-Sep-16,Vehicle - Pedestrian,X,,,"Two-Way , Not Divided",Dry,Dark - Lighted,Clear,1,Not a Collision Between Two Motor Vehicles in Transport,"Yes, M/V and Driver Left Scene",No Controls,1,1,Complains Of Pain
458434,9/17/16,4:41 PM,2016-00093623,53-55 CONGRESS AVE,CONGRESS AVE,53-55 CONGRESS AVE / CONGRESS AVE,Robert Heaton,539,17-Sep-16,Vehicle - Pedestrian,,,,"Two-Way , Not Divided",Dry,Daylight,Clear,1,Other,No,No Controls,5,1,Non-Incapacitating
458757,9/18/16,2:03 PM,2016-00094101,ALLENS AVE,ALLENS AVE ,ALLENS AVE / ALLENS AVE ,Amoroso/Castigliego,613,18-Sep-16,Vehicle - Pedestrian,,,,"Two-Way , Not Divided",Wet,Daylight,Cloudy,1,Not a Collision Between Two Motor Vehicles in Transport,No,No Controls,4,2,Fatal
459736,9/19/16,3:38 PM,2016-00094466,smith st,DANFORTH ST ,smith st / DANFORTH ST ,Michael Moonan,286,19-Sep-16,Vehicle - Pedestrian,,,,"Two-Way , Not Divided",Wet,Daylight,Rain,1,Not a Collision Between Two Motor Vehicles in Transport,No,No Controls,3,1,Non-Incapacitating
460164,9/21/16,12:43 PM,2016-00095111,930 Broad St,BROAD ST ,930 Broad St / BROAD ST ,Ptlm. Chin,516,21-Sep-16,Vehicle - Pedestrian,,,,"Two-Way , Not Divided",Dry,Daylight,Clear,1,Not a Collision Between Two Motor Vehicles in Transport,"Yes, M/V and Driver Left Scene",No Controls,1,1,Complains Of Pain
460379,9/21/16,7:37 PM,2016-00095284,WHITMARSH ST,ELMWOOD AVE,WHITMARSH ST / ELMWOOD AVE,KEN MATSUMOTO,348,21-Sep-16,Vehicle - Pedestrian,X,,,"Two-Way, Not Divided With a Continuous Left Turn Lane",Dry,Dark - Lighted,Clear,1,Not a Collision Between Two Motor Vehicles in Transport,No,Stop Signs,2,1,Complains Of Pain
461203,9/23/16,3:36 PM,2016-00095943,935 Manton Ave ,,935 Manton Ave  / ,Michael Clary,269,23-Sep-16,Vehicle - Pedestrian,,,,"Two-Way , Not Divided",Dry,Daylight,Clear,2,Rear - to - Rear,No,No Controls,4,0,No Injury