CrashReportId,CrashDate,CrashTime,ReportNumber,StreetOrHighway,NearestIntersection,Location,Officer,Badge,ReportDate,TypeOfCollision,Bicycle,Scooter,Wheel Chair,TypeOfRoadway,RoadSurfaceCondition,LightCondition,WeatherCondition,NumberofVehicles,MannerofImpact,HitAndRun,TrafficControl,PersonCount,InjuryCount,MostSeriousInjury
461798,9/25/16,7:00 AM,2016-00096754,SERVICE ROAD 7,PINE ST ,SERVICE ROAD 7 / PINE ST ,Fernando Lopez,156,25-Sep-16,Vehicle - Pedestrian,,,,"Two-Way , Not Divided",Dry,Daylight,Clear,1,Not a Collision Between Two Motor Vehicles in Transport,"Yes, M/V and Driver Left Scene",Traffic Control Signal,1,1,Complains Of Pain
461865,9/25/16,1:16 PM,2016-00096848,562 HARTFORD AVE,,562 HARTFORD AVE / ,Fernando Lopez,156,25-Sep-16,Vehicle - Pedestrian,,,,Unknown,Dry,Daylight,Clear,2,Rear - to - Side,No,No Controls,4,0,Unknown
462114,9/25/16,9:07 AM,2016-00096779,130 DOYLE AVE,130 DOYLE AVE,130 DOYLE AVE / 130 DOYLE AVE,David Morgan,474,26-Sep-16,Vehicle - Pedestrian,,,,"Two-Way , Not Divided",Dry,Daylight,Clear,2,Angle (Front - to - Side) Right Angle (Includes Broadside),"Yes, M/V and Driver Left Scene",No Controls,2,0,Unknown
463806,9/28/16,3:23 PM,2016-00097993,HOPE ST,ANGELL ST ,HOPE ST / ANGELL ST ,Scott Sousa,464,28-Sep-16,Vehicle - Pedestrian,,,,"Two-Way , Not Divided",Dry,Daylight,Cloudy,1,Head-On (Front - to - Front),No,No Controls,2,1,Complains Of Pain
463872,9/28/16,7:14 PM,2016-00098074,HAWKINS ST,BRANCH AVE ,HAWKINS ST / BRANCH AVE ,Donald Castigliego,287,28-Sep-16,Vehicle - Pedestrian,,,,"Two-Way , Not Divided",Wet,Dark - Lighted,Rain,1,Not a Collision Between Two Motor Vehicles in Transport,No,Traffic Control Signal,5,1,Complains Of Pain
464027,9/29/16,7:52 AM,2016-00098185,DEXTER ST,POTTERS AVE ,DEXTER ST / POTTERS AVE ,Ptlm. Chin,516,29-Sep-16,Vehicle - Pedestrian,,,,"Two-Way , Not Divided",Dry,Daylight,Cloudy,1,Not a Collision Between Two Motor Vehicles in Transport,No,No Controls,7,2,Incapacitating
464122,9/29/16,11:07 AM,2016-00098228,HAYES ST,PARK ST ,HAYES ST / PARK ST ,John Henderson,148,29-Sep-16,Vehicle - Pedestrian,,,,"Two-Way , Not Divided",Dry,Daylight,Cloudy,1,Other,No,No Controls,4,1,Non-Incapacitating
465041,10/1/16,1:25 PM,2016-00098949,29 FORD ST,DEXTER ST ,29 FORD ST / DEXTER ST ,Jose Deschamps,419,01-Oct-16,Vehicle - Pedestrian,,,,"Two-Way , Not Divided",Wet,Daylight,"Sleet, Hail (Freezing Rain or Drizzle)",1,Not a Collision Between Two Motor Vehicles in Transport,"Yes, M/V and Driver Left Scene",No Controls,2,1,Complains Of Pain
465447,10/2/16,2:34 AM,2016-00099191,VALLEY ST,DEAN ST ,VALLEY ST / DEAN ST ,Jimmy Gutierrez,246,02-Oct-16,Vehicle - Pedestrian,,,,"Two-Way , Not Divided",Dry,Dark - Lighted,Clear,0,Not a Collision Between Two Motor Vehicles in Transport,,No Controls,1,1,Complains Of Pain
466786,10/5/16,9:29 AM,2016-00100263,7 POINT ST,,7 POINT ST / ,Fernando Lopez,156,05-Oct-16,Vehicle - Pedestrian,,,,Unknown,Dry,Daylight,Clear,4,Angle - Direction Not Specified,No,No Controls,7,0,No Injury
466867,10/5/16,11:05 AM,2016-00100282,Knight St,GRANT ST ,Knight St / GRANT ST ,John Bento,329,05-Oct-16,Vehicle - Pedestrian,,,,"Two-Way , Not Divided",Dry,Daylight,Clear,1,Other,No,No Controls,3,0,No Injury
466936,10/5/16,12:23 PM,2016-00100305,RICHTER ST,CHALKSTONE AVE ,RICHTER ST / CHALKSTONE AVE ,Fernando Lopez,156,05-Oct-16,Vehicle - Pedestrian,,,,"Two-Way, Not Divided With a Continuous Left Turn Lane",Dry,Daylight,Clear,1,Not a Collision Between Two Motor Vehicles in Transport,No,No Controls,2,0,Unknown
467237,10/5/16,10:40 AM,2016-00100601,219 MELROSE ST,,219 MELROSE ST / ,Fernando Lopez,156,06-Oct-16,Vehicle - Pedestrian,,,,Unknown,Dry,Daylight,Clear,2,"Sideswipe, Same Direction",No,No Controls,4,0,No Injury
467482,10/6/16,7:04 PM,2016-00010076,1080 ELMWOOD AVE,,1080 ELMWOOD AVE / ,Michael Clary,269,06-Oct-16,Vehicle - Pedestrian,,,,"Two-Way , Not Divided",Dry,Dark - Lighted,Clear,2,Not a Collision Between Two Motor Vehicles in Transport,No,Pavement Markings,4,1,Complains Of Pain
467881,10/8/16,12:50 PM,2016-00101391,POTTERS AVE,BAXTER ST ,POTTERS AVE / BAXTER ST ,Fernando Lopez,156,08-Oct-16,Vehicle - Pedestrian,X,,,"Two-Way , Not Divided",Dry,Daylight,Clear,1,Not a Collision Between Two Motor Vehicles in Transport,No,No Controls,4,1,Complains Of Pain
468132,10/8/16,9:59 PM,2016-00101571,Empire St,Washington St,Empire St / Washington St,Michael Clary,269,09-Oct-16,Vehicle - Pedestrian,,,,"Two-Way , Not Divided",Wet,Dark - Lighted,Rain,1,Not a Collision Between Two Motor Vehicles in Transport,"Yes, M/V and Driver Left Scene",Traffic Control Signal,5,2,Complains Of Pain
468214,10/9/16,2:13 AM,2016-00101671,DEXTER ST,POTTERS AVE ,DEXTER ST / POTTERS AVE ,John Martin,186,09-Oct-16,Vehicle - Pedestrian,,,,"Two-Way , Not Divided",Wet,Dark - Lighted,Rain,1,Not a Collision Between Two Motor Vehicles in Transport,No,No Controls,3,1,Complains Of Pain
469430,10/11/16,1:47 PM,2016-00102422,250 Benefit St,HOPKINS ST ,250 Benefit St / HOPKINS ST ,Ptlm. Chin,516,11-Oct-16,Vehicle - Pedestrian,,,,"Two-Way , Not Divided",Dry,Daylight,Clear,1,Not a Collision Between Two Motor Vehicles in Transport,No,No Controls,3,1,Complains Of Pain
469464,10/11/16,6:00 PM,2016-00102521,GOVERNOR ST,PRESTON ST ,GOVERNOR ST / PRESTON ST ,Miguel Castillo,489,11-Oct-16,Vehicle - Pedestrian,,,,"Two-Way , Not Divided",Dry,Daylight,Clear,2,"Sideswipe, Same Direction","Yes, M/V and Driver Left Scene",No Controls,3,0,Unknown
469831,10/12/16,12:36 PM,2016-00102730,BROAD STREET,BROAD ST ,BROAD STREET / BROAD ST ,Jared Stanzione,193,12-Oct-16,Vehicle - Pedestrian,,,,"Two-Way , Not Divided",Dry,Daylight,Clear,1,Not a Collision Between Two Motor Vehicles in Transport,No,Stop Signs,6,1,Complains Of Pain
470241,10/12/16,4:34 PM,2016-00102844,GREENWICH ST,BUCKLIN ST ,GREENWICH ST / BUCKLIN ST ,Adrian Francis,239,12-Oct-16,Vehicle - Pedestrian,X,,,"Two-Way, Divided, Unprotected (painted>4feet) Medium",Dry,Daylight,Clear,1,Not a Collision Between Two Motor Vehicles in Transport,"Yes, M/V and Driver Left Scene",Stop Signs,1,1,Non-Incapacitating
470408,10/12/16,10:15 PM,2016-00102968,70 Kennedy Plz,,70 Kennedy Plz / ,Michael Clary,269,13-Oct-16,Vehicle - Pedestrian,,,,"Two-Way , Not Divided",Dry,Dark - Lighted,Clear,1,Not a Collision Between Two Motor Vehicles in Transport,"Yes, M/V and Driver Left Scene",No Controls,1,1,Complains Of Pain
474241,10/12/16,4:40 PM,2016-00102848,HARTFORD AVE,HEATH ST,HARTFORD AVE / HEATH ST,KEN MATSUMOTO,348,18-Oct-16,Vehicle - Pedestrian,,,,"Two-Way , Not Divided",Dry,Daylight,Clear,1,Not a Collision Between Two Motor Vehicles in Transport,"Yes, M/V and Driver Left Scene",Pavement Markings,4,2,Complains Of Pain
470849,10/13/16,6:02 PM,2016-00103238,638 Charles st,CHARLES ST ,638 Charles st / CHARLES ST ,Michael Moonan,286,13-Oct-16,Vehicle - Pedestrian,,,,"Two-Way , Not Divided",Dry,Daylight,Clear,1,Not a Collision Between Two Motor Vehicles in Transport,"Yes, M/V and Driver Left Scene",No Controls,1,1,Complains Of Pain
471210,10/14/16,1:36 PM,2016-00103487,825 Chalkstone Ave ,ROSEBANK AVE ,825 Chalkstone Ave  / ROSEBANK AVE ,Ptlm. Chin,516,14-Oct-16,Vehicle - Pedestrian,X,,,"Two-Way , Not Divided",Dry,Daylight,Clear,1,Not a Collision Between Two Motor Vehicles in Transport,"Yes, M/V and Driver Left Scene",No Controls,1,1,Complains Of Pain
471466,10/15/16,2:23 AM,2016-00103755,BROAD ST,LENOX AVE ,BROAD ST / LENOX AVE ,Robert Heaton,539,15-Oct-16,Vehicle - Pedestrian,,,,"Two-Way, Not Divided With a Continuous Left Turn Lane",Dry,Dark - Lighted,Clear,2,Head-On (Front - to - Front),No,Traffic Control Signal,10,6,Incapacitating
472173,10/15/16,3:13 PM,2016-00103903,HARTFORD AVE,HARTFORD AVE ,HARTFORD AVE / HARTFORD AVE ,KEN MATSUMOTO,348,15-Oct-16,Vehicle - Pedestrian,,,,"Two-Way , Not Divided",Dry,Daylight,Clear,1,Not a Collision Between Two Motor Vehicles in Transport,No,No Controls,2,1,Complains Of Pain
472808,10/16/16,2:08 PM,2016-00104264,265 HARTFORD AVE,,265 HARTFORD AVE / ,Fernando Lopez,156,16-Oct-16,Vehicle - Pedestrian,,,,Unknown,Dry,Daylight,Clear,1,Not a Collision Between Two Motor Vehicles in Transport,No,No Controls,3,1,Complains Of Pain
473206,10/17/16,9:14 AM,2016-00104508,CHALKSTONE AVE,ALDINE ST ,CHALKSTONE AVE / ALDINE ST ,Jin O,147,17-Oct-16,Vehicle - Pedestrian,,,,"Two-Way , Not Divided",Dry,Daylight,Clear,1,Not a Collision Between Two Motor Vehicles in Transport,No,No Controls,3,1,Complains Of Pain
473388,10/17/16,8:55 AM,2016-00104502,WHITMARSH ST,BUCKLIN ST ,WHITMARSH ST / BUCKLIN ST ,Eugene Craven,517,17-Oct-16,Vehicle - Pedestrian,,,,"Two-Way , Not Divided",Dry,Daylight,Clear,1,Head-On (Front - to - Front),No,No Controls,3,1,Complains Of Pain
475524,10/21/16,8:01 AM,2016-00105946,HAWKINS ST,BRANCH AVE ,HAWKINS ST / BRANCH AVE ,Ptlm. Chin,516,21-Oct-16,Vehicle - Pedestrian,,,,"Two-Way , Not Divided",Wet,Daylight,Cloudy,1,Not a Collision Between Two Motor Vehicles in Transport,No,Traffic Control Signal,3,1,Complains Of Pain
475632,10/21/16,11:05 AM,2016-00106001,396 BRANCH AVE,396 BRANCH AVE,396 BRANCH AVE / 396 BRANCH AVE,Erik Breault,226,21-Oct-16,Vehicle - Pedestrian,,,,"Two-Way, Divided, Unprotected (painted>4feet) Medium",Dry,Daylight,Clear,2,"Sideswipe, Same Direction",No,No Controls,3,0,No Injury
476100,10/21/16,8:59 PM,2016-00106215,BOUGH ST,WESTMINSTER ST ,BOUGH ST / WESTMINSTER ST ,KEN MATSUMOTO,348,21-Oct-16,Vehicle - Pedestrian,,,,"Two-Way , Not Divided",Wet,Dark - Lighted,Rain,1,Not a Collision Between Two Motor Vehicles in Transport,"Yes, M/V and Driver Left Scene",Pavement Markings,3,1,Complains Of Pain
476116,10/21/16,9:46 PM,2016-00106228,MEMORIAL BLVD,STEEPLE ST ,MEMORIAL BLVD / STEEPLE ST ,KEN MATSUMOTO,348,21-Oct-16,Vehicle - Pedestrian,,,,"Two-Way , Not Divided",Wet,Dark - Lighted,Rain,1,Not a Collision Between Two Motor Vehicles in Transport,"Yes, M/V and Driver Left Scene",Traffic Control Signal,2,1,Complains Of Pain
476955,10/23/16,1:40 AM,2016-00106697,DOUGLAS AVE,DOUGLAS AVE ,DOUGLAS AVE / DOUGLAS AVE ,Joseph Pineau,256,24-Oct-16,Vehicle - Pedestrian,,,,"Two-Way , Not Divided",Wet,Dark - Lighted,Rain,2,Rear End(Front-to-Rear),No,No Controls,6,0,No Injury
477000,10/24/16,9:44 AM,2016-00107088,344 WASHINGTON ST,,344 WASHINGTON ST / ,Fernando Lopez,156,24-Oct-16,Vehicle - Pedestrian,,,,Unknown,Dry,Daylight,Clear,2,"Sideswipe, Same Direction",No,No Controls,3,0,No Injury
477047,10/24/16,2:16 PM,2016-00107164,201 BRANCH AVE,,201 BRANCH AVE / ,Fernando Lopez,156,24-Oct-16,Vehicle - Pedestrian,,,,Unknown,Dry,Daylight,Clear,2,"Sidwswipe, Opposite Direction","Yes, M/V and Driver Left Scene",No Controls,2,0,Unknown
477339,10/25/16,12:06 PM,2016-00107451,674 PRAIRIE AVE,PRAIRIE AVE,674 PRAIRIE AVE / PRAIRIE AVE,Jose Deschamps,419,25-Oct-16,Vehicle - Pedestrian,X,,,"Two-Way, Divided, Unprotected (painted>4feet) Medium",Dry,Daylight,Clear,1,Not a Collision Between Two Motor Vehicles in Transport,No,No Controls,3,2,Complains Of Pain
477623,10/26/16,7:57 AM,2016-00107714,933 SMITH ST,SMITH ST ,933 SMITH ST / SMITH ST ,Jose Deschamps,419,26-Oct-16,Vehicle - Pedestrian,X,,,"Two-Way, Divided, Unprotected (painted>4feet) Medium",Dry,Daylight,Clear,1,Not a Collision Between Two Motor Vehicles in Transport,No,No Controls,2,2,Complains Of Pain
478266,10/27/16,6:47 PM,2016-00108239,ALTHEA ST,UNION AVE ,ALTHEA ST / UNION AVE ,Daryl Pfeiffer,241,27-Oct-16,Vehicle - Pedestrian,,,,"Two-Way , Not Divided",Wet,Dark - Lighted,Rain,1,Not a Collision Between Two Motor Vehicles in Transport,No,No Controls,2,0,No Injury
478687,10/28/16,1:45 AM,2016-00108346,210 EATON ST,RIVER AVE ,210 EATON ST / RIVER AVE ,Joseph Pineau,256,28-Oct-16,Vehicle - Pedestrian,,,,"Two-Way , Not Divided",Wet,Dark - Lighted,Rain,1,Not a Collision Between Two Motor Vehicles in Transport,"Yes, M/V and Driver Left Scene",No Controls,2,1,Complains Of Pain
478880,10/28/16,9:25 AM,2016-00108404,POWER ST,HOPE ST ,POWER ST / HOPE ST ,Fernando Lopez,156,28-Oct-16,Vehicle - Pedestrian,,,,"Two-Way , Not Divided",Dry,Daylight,Clear,2,"Sideswipe, Same Direction","Yes, M/V and Driver Left Scene",No Controls,2,0,Unknown
478881,10/28/16,10:16 AM,2016-00108421,KNIGHT ST,GROVE ST ,KNIGHT ST / GROVE ST ,Fernando Lopez,156,28-Oct-16,Vehicle - Pedestrian,,,,One-Way Trafficway,Dry,Daylight,Clear,2,"Sideswipe, Same Direction","Yes, M/V and Driver Left Scene",No Controls,2,0,Unknown
479355,10/29/16,12:04 PM,2016-00108842,NORTHUP AVE,SILVER SPRING ST ,NORTHUP AVE / SILVER SPRING ST ,Fernando Lopez,156,29-Oct-16,Vehicle - Pedestrian,,,,"Two-Way , Not Divided",Dry,Daylight,Clear,1,Not a Collision Between Two Motor Vehicles in Transport,No,Traffic Control Signal,3,1,Complains Of Pain
479955,10/30/16,4:23 PM,2016-00109353,WESTMINSTER ST,BARTON ST ,WESTMINSTER ST / BARTON ST ,Adrian Francis,239,30-Oct-16,Vehicle - Pedestrian,X,,,"Two-Way, Divided, Unprotected (painted>4feet) Medium",Wet,Daylight,Rain,1,Not a Collision Between Two Motor Vehicles in Transport,"Yes, M/V and Driver Left Scene",Traffic Control Signal,3,1,Non-Incapacitating
480076,10/31/16,7:47 AM,2016-00109521,593 EDDY ST, EDDY ST,593 EDDY ST /  EDDY ST,Jose Deschamps,419,31-Oct-16,Vehicle - Pedestrian,,,,"Two-Way, Divided, Unprotected (painted>4feet) Medium",Dry,Daylight,Clear,1,Not a Collision Between Two Motor Vehicles in Transport,No,No Controls,3,1,Complains Of Pain
480094,10/31/16,9:53 AM,2016-00109547,GEORGE ST,HOPE ST ,GEORGE ST / HOPE ST ,Fernando Lopez,156,31-Oct-16,Vehicle - Pedestrian,,,,"Two-Way , Not Divided",Dry,Daylight,Clear,1,Not a Collision Between Two Motor Vehicles in Transport,"Yes, M/V and Driver Left Scene",Stop Signs,2,1,Complains Of Pain
480106,10/31/16,12:01 PM,2016-00109573,1200 ELMWOOD AVE,,1200 ELMWOOD AVE / ,Fernando Lopez,156,31-Oct-16,Vehicle - Pedestrian,,,,Unknown,Dry,Daylight,Clear,2,Angle (Front - to - Side) Opposite Direction,No,No Controls,3,0,No Injury
480190,10/31/16,4:53 PM,2016-00109688,ELMWOOD AVE,EXIT ,ELMWOOD AVE / EXIT ,Matthew Goddard,171,31-Oct-16,Vehicle - Pedestrian,,,,"Two-Way , Not Divided",Dry,Daylight,Clear,1,Not a Collision Between Two Motor Vehicles in Transport,No,No Controls,3,1,Complains Of Pain
480332,10/31/16,9:26 PM,2016-00109776,40 CYPRESS ST,,40 CYPRESS ST / ,MICHAEL R. TROIA / TRAFFIC BUREAU,331,31-Oct-16,Vehicle - Pedestrian,X,,,"Two-Way , Not Divided",Dry,Dark - Lighted,Clear,1,Not a Collision Between Two Motor Vehicles in Transport,No,No Controls,2,1,Complains Of Pain
480993,11/1/16,12:29 PM,2016-00109968,COLFAX ST,GORDON AVE ,COLFAX ST / GORDON AVE ,Jose Deschamps,419,01-Nov-16,Vehicle - Pedestrian,,,,"Two-Way , Not Divided",Dry,Daylight,Clear,1,Not a Collision Between Two Motor Vehicles in Transport,No,No Controls,2,1,Complains Of Pain
481277,11/2/16,6:27 PM,2016-00110440,LESTER ST,BRIDGHAM ST ,LESTER ST / BRIDGHAM ST ,Brittany Boudreau,236,02-Nov-16,Vehicle - Pedestrian,,,,"Two-Way, Divided, Unprotected (painted>4feet) Medium",Dry,Dark - Lighted,Clear,1,Other,"Yes, M/V and Driver Left Scene",No Controls,3,1,Complains Of Pain
481498,11/2/16,11:20 AM,2016-00110288,SERVICE ROAD 7,BROAD ST ,SERVICE ROAD 7 / BROAD ST ,Jose Deschamps,419,03-Nov-16,Vehicle - Pedestrian,,,,One-Way Trafficway,Dry,Daylight,Clear,1,Rear End(Front-to-Rear),No,No Controls,3,2,Complains Of Pain
481501,11/2/16,11:46 AM,2016-00110296,BROAD ST,SERVICE ROAD 7 ,BROAD ST / SERVICE ROAD 7 ,Jose Deschamps,419,03-Nov-16,Vehicle - Pedestrian,X,,,One-Way Trafficway,Dry,Daylight,Clear,1,Not a Collision Between Two Motor Vehicles in Transport,No,Traffic Control Signal,5,1,Complains Of Pain
482205,11/4/16,12:46 PM,2016-00111011,PORTLAND ST,HAYWARD ST ,PORTLAND ST / HAYWARD ST ,Edwin Kemble,364,04-Nov-16,Vehicle - Pedestrian,,,,"Two-Way , Not Divided",Dry,Daylight,Clear,2,Rear - to - Side,"Yes, M/V and Driver Left Scene",No Controls,2,0,Unknown
482216,11/4/16,4:58 PM,2016-00111093,SUTTON ST,ATWELLS AVE ,SUTTON ST / ATWELLS AVE ,MICHAEL R. TROIA / TRAFFIC BUREAU,331,04-Nov-16,Vehicle - Pedestrian,,,,One-Way Trafficway,Dry,Daylight,Clear,1,Not a Collision Between Two Motor Vehicles in Transport,"Yes, M/V and Driver Left Scene",Pavement Markings,1,1,Complains Of Pain
483033,11/4/16,10:00 PM,2016-00111689,FRANCIS STREET,GASPEE ST ,FRANCIS STREET / GASPEE ST ,Patrolman Darren Hull,598,06-Nov-16,Vehicle - Pedestrian,,,,Unknown,Dry,Daylight,Clear,2,Unknown,No,No Controls,2,0,No Injury
487555,11/4/16,1:39 PM,2016-00111026,HAROLD ST,CHALKSTONE AVE ,HAROLD ST / CHALKSTONE AVE ,Robert Carlin,309,15-Nov-16,Vehicle - Pedestrian,,,,"Two-Way , Not Divided",Dry,Daylight,Clear,1,Angle (Front - to - Side) Same Direction,No,No Controls,3,1,Complains Of Pain
482320,11/5/16,2:12 AM,2016-00111273,ALLENS AVE,CHAPMAN ST ,ALLENS AVE / CHAPMAN ST ,Robert Heaton,539,05-Nov-16,Vehicle - Pedestrian,,,,"Two-Way , Not Divided",Dry,Dark - Lighted,Clear,1,Other,No,No Controls,6,1,Non-Incapacitating
482346,11/5/16,7:12 AM,2016-00111315,PAVILION AVE,MILLARD ST ,PAVILION AVE / MILLARD ST ,Fernando Lopez,156,05-Nov-16,Vehicle - Pedestrian,,,,"Two-Way , Not Divided",Dry,Daylight,Clear,2,Rear End(Front-to-Rear),"Yes, Driver Left Scene",No Controls,5,0,Unknown
483011,11/6/16,3:24 AM,2016-00111674,CRANSTON ST,HUNTINGTON AVE ,CRANSTON ST / HUNTINGTON AVE ,Vincent Lopez,219,06-Nov-16,Vehicle - Pedestrian,,,,"Two-Way , Not Divided",Dry,Dark - Lighted,Cloudy,1,Other,"Yes, M/V and Driver Left Scene",No Controls,3,1,Complains Of Pain
483117,11/6/16,12:44 PM,2016-00111752,GEORGE ST,BENEFIT ST ,GEORGE ST / BENEFIT ST ,Raymond King,633,06-Nov-16,Vehicle - Pedestrian,,,,"Two-Way , Not Divided",Dry,Daylight,Cloudy,2,"Sideswipe, Same Direction","Yes, M/V and Driver Left Scene",No Controls,3,0,No Injury
483619,11/7/16,2:30 PM,2016-00112066,Charles St,HAWKINS ST ,Charles St / HAWKINS ST ,Ptlm. Chin,516,07-Nov-16,Vehicle - Pedestrian,,,,"Two-Way , Not Divided",Dry,Daylight,Clear,1,Not a Collision Between Two Motor Vehicles in Transport,No,No Controls,5,1,Complains Of Pain
483844,11/7/16,10:33 PM,2016-00112212,LLOYD AVE,THAYER ST ,LLOYD AVE / THAYER ST ,Robert Heaton,539,07-Nov-16,Vehicle - Pedestrian,X,,,"Two-Way , Not Divided",Dry,Dark - Lighted,Clear,1,Angle - Direction Not Specified,No,Stop Signs,2,1,Non-Incapacitating
484011,11/7/16,8:00 AM,2016-00112308,GRAHAM ST,JENKINS ST ,GRAHAM ST / JENKINS ST ,Joseph Amoroso,613,08-Nov-16,Vehicle - Pedestrian,,,,"Two-Way , Not Divided",Dry,Other,Clear,2,Unknown,"Yes, M/V and Driver Left Scene",No Controls,2,0,Unknown
484072,11/8/16,1:55 PM,2016-00112383,493 MT. PLEASANT AVE,MT. PLEASANT AVE,493 MT. PLEASANT AVE / MT. PLEASANT AVE,Jose Deschamps,419,08-Nov-16,Vehicle - Pedestrian,,,,"Two-Way , Not Divided",Dry,Daylight,Clear,1,Not a Collision Between Two Motor Vehicles in Transport,No,No Controls,3,1,Complains Of Pain
484284,11/8/16,9:56 PM,2016-00112528,NORTH MAIN ST,7TH ST ,NORTH MAIN ST / 7TH ST ,Robert Heaton,539,08-Nov-16,Vehicle - Pedestrian,X,,,"Two-Way, Divided, Positive Median Barrier",Dry,Dark - Lighted,Clear,1,Angle (Front - to - Side) Right Angle (Includes Broadside),No,Traffic Control Signal,2,1,Complains Of Pain
485107,11/10/16,2:13 PM,2016-00113003,593 EDDY ST,,593 EDDY ST / ,Fernando Lopez,156,10-Nov-16,Vehicle - Pedestrian,,,,Unknown,Dry,Daylight,Clear,2,"Sideswipe, Same Direction","Yes, M/V and Driver Left Scene",No Controls,3,0,Unknown
485266,11/10/16,7:18 PM,2016-00113103,Atwells Ave,Erastus St,Atwells Ave / Erastus St,Michael Clary,269,11-Nov-16,Vehicle - Pedestrian,,,,"Two-Way , Not Divided",Dry,Dark - Lighted,Clear,1,Not a Collision Between Two Motor Vehicles in Transport,No,No Controls,3,1,Complains Of Pain
485385,11/11/16,12:08 PM,2016-00113309,EXIT 21 (RT ),ATWELLS AVE ,EXIT 21 (RT ) / ATWELLS AVE ,Fernando Lopez,156,11-Nov-16,Vehicle - Pedestrian,,,,One-Way Trafficway,Dry,Daylight,Clear,1,Not a Collision Between Two Motor Vehicles in Transport,No,Traffic Control Signal,3,1,Incapacitating
485479,11/11/16,7:02 PM,2016-00113423,SABIN STREET,SABIN ST ,SABIN STREET / SABIN ST ,Donald Castigliego,287,11-Nov-16,Vehicle - Pedestrian,,,,One-Way Trafficway,Dry,Dark - Lighted,Clear,1,Not a Collision Between Two Motor Vehicles in Transport,"Yes, M/V and Driver Left Scene",No Controls,5,1,Non-Incapacitating
486283,11/13/16,6:28 PM,2016-00114111,20 Swiss St,KNIGHT ST ,20 Swiss St / KNIGHT ST ,Brittany Boudreau,236,13-Nov-16,Vehicle - Pedestrian,,,,"Two-Way , Not Divided",Dry,Dark - Lighted,Clear,1,Not a Collision Between Two Motor Vehicles in Transport,No,No Controls,3,1,Complains Of Pain
487949,11/16/16,3:41 PM,2016-00115033,WALLACE ST,WEBSTER AVE ,WALLACE ST / WEBSTER AVE ,KEN MATSUMOTO,348,16-Nov-16,Vehicle - Pedestrian,,,,"Two-Way , Not Divided",Dry,Daylight,Clear,1,Not a Collision Between Two Motor Vehicles in Transport,"Yes, Driver Left Scene",Stop Signs,3,1,Complains Of Pain
488723,11/16/16,10:42 PM,2016-00115162,BROADWAY,VINTON ST ,BROADWAY / VINTON ST ,Robert Heaton,539,17-Nov-16,Vehicle - Pedestrian,,,,"Two-Way , Not Divided",Dry,Dark - Lighted,Clear,1,Other,No,Pavement Markings,2,1,Non-Incapacitating
488912,11/17/16,2:26 PM,2016-00115340,HAYWARD ST,PORTLAND ST ,HAYWARD ST / PORTLAND ST ,Fernando Lopez,156,17-Nov-16,Vehicle - Pedestrian,,,,"Two-Way , Not Divided",Dry,Daylight,Clear,1,Not a Collision Between Two Motor Vehicles in Transport,No,Stop Signs,2,1,Complains Of Pain
489178,11/17/16,6:34 PM,2016-00115434,CHALKSTONE AVENUE,CANTON STREET,CHALKSTONE AVENUE / CANTON STREET,Giuseppe Scarcello,485,17-Nov-16,Vehicle - Pedestrian,,,,"Two-Way , Not Divided",Dry,Dark - Lighted,Clear,1,Not a Collision Between Two Motor Vehicles in Transport,"Yes, M/V and Driver Left Scene",No Controls,3,1,Complains Of Pain
489947,11/19/16,12:06 AM,2016-00115890,BERGEN ST,CHALKSTONE AVE ,BERGEN ST / CHALKSTONE AVE ,Riggins Jones,542,19-Nov-16,Vehicle - Pedestrian,,,,"Two-Way , Not Divided",Dry,Dark - Lighted,Clear,1,Angle (Front - to - Side) Same Direction,"Yes, M/V and Driver Left Scene",Stop Signs,2,1,Complains Of Pain
490409,11/19/16,10:32 PM,2016-00116228,PARK ST,BROWNELL ST ,PARK ST / BROWNELL ST ,Stephen Sage,353,19-Nov-16,Vehicle - Pedestrian,X,,,"Two-Way , Not Divided",Wet,Dark - Lighted,Rain,1,Angle (Front - to - Side) Right Angle (Includes Broadside),No,No Controls,3,1,Complains Of Pain
491141,11/21/16,3:07 PM,2016-00116754,CAHIR ST,BROAD ST ,CAHIR ST / BROAD ST ,MICHAEL R. TROIA / TRAFFIC BUREAU,331,21-Nov-16,Vehicle - Pedestrian,X,,,"Two-Way , Not Divided",Dry,Daylight,Clear,1,Not a Collision Between Two Motor Vehicles in Transport,No,Traffic Control Signal,2,1,Complains Of Pain
491511,11/22/16,1:54 PM,2016-00117041,601 N MAIN ST,,601 N MAIN ST / ,Fernando Lopez,156,22-Nov-16,Vehicle - Pedestrian,,,,Unknown,Dry,Daylight,Clear,2,"Sideswipe, Same Direction",No,No Controls,3,0,No Injury
491736,11/22/16,5:03 PM,2016-00117101,COLLEGE ST,PROSPECT ST ,COLLEGE ST / PROSPECT ST ,MICHAEL R. TROIA / TRAFFIC BUREAU,331,22-Nov-16,Vehicle - Pedestrian,,,,"Two-Way , Not Divided",Dry,Dark - Lighted,Clear,1,Not a Collision Between Two Motor Vehicles in Transport,No,Stop Signs,3,1,Complains Of Pain