CrashReportId,CrashDate,CrashTime,ReportNumber,StreetOrHighway,NearestIntersection,Location,Officer,Badge,ReportDate,TypeOfCollision,Bicycle,Scooter,Wheel Chair,TypeOfRoadway,RoadSurfaceCondition,LightCondition,WeatherCondition,NumberofVehicles,MannerofImpact,HitAndRun,TrafficControl,PersonCount,InjuryCount,MostSeriousInjury
491967,11/22/16,6:33 PM,2016-00117132,WHIPPLE ST,GEOFFREYS CT ,WHIPPLE ST / GEOFFREYS CT ,Adam Chin,289,22-Nov-16,Vehicle - Pedestrian,,,,"Two-Way , Not Divided",Dry,Dark - Lighted,Clear,1,Rear - to - Side,No,No Controls,3,1,Complains Of Pain
494533,11/26/16,11:13 PM,2016-00118367,NELSON ST,SALTER ST ,NELSON ST / SALTER ST ,James Lanier,211,27-Nov-16,Vehicle - Pedestrian,,,,"Two-Way , Not Divided",Dry,Dark - Lighted,Clear,2,Angle (Front - to - Side) Same Direction,"Yes, M/V and Driver Left Scene",No Controls,2,0,No Injury
494542,11/27/16,12:56 AM,2016-00118409,RATHBONE ST,PROMENADE ST ,RATHBONE ST / PROMENADE ST ,James Lanier,211,27-Nov-16,Vehicle - Pedestrian,,,,"Two-Way , Not Divided",Dry,Dark - Lighted,Clear,2,Angle (Front - to - Side) Opposite Direction,"Yes, M/V and Driver Left Scene",No Controls,2,0,No Injury
494755,11/27/16,12:24 PM,2016-00118528,MUTUAL ST,POE ST ,MUTUAL ST / POE ST ,Fernando Lopez,156,27-Nov-16,Vehicle - Pedestrian,,,,"Two-Way , Not Divided",Dry,Daylight,Clear,2,"Sideswipe, Same Direction","Yes, M/V and Driver Left Scene",No Controls,2,0,Unknown
495266,11/28/16,11:00 AM,2016-00118774,299 HARBORSIDE BLVD,,299 HARBORSIDE BLVD / ,Fernando Lopez,156,28-Nov-16,Vehicle - Pedestrian,,,,Unknown,Dry,Daylight,Clear,2,"Sideswipe, Same Direction",No,No Controls,3,0,No Injury
495322,11/28/16,12:44 PM,2016-00118798,BENEFIT ST,COLLEGE ST ,BENEFIT ST / COLLEGE ST ,Fernando Lopez,156,28-Nov-16,Vehicle - Pedestrian,X,,,"Two-Way , Not Divided",Dry,Daylight,Clear,1,Not a Collision Between Two Motor Vehicles in Transport,"Yes, M/V and Driver Left Scene",Stop Signs,2,0,No Injury
495363,11/28/16,2:06 PM,2016-00118835,CHALKSTONE AVE,LOPEZ ST ,CHALKSTONE AVE / LOPEZ ST ,Fernando Lopez,156,28-Nov-16,Vehicle - Pedestrian,,,,"Two-Way , Not Divided",Dry,Daylight,Clear,2,Rear - to - Side,No,No Controls,3,0,No Injury
495842,11/29/16,2:03 PM,2016-00119147,S MAIN ST,COLLEGE ST ,S MAIN ST / COLLEGE ST ,Raymond King,633,29-Nov-16,Vehicle - Pedestrian,,,,One-Way Trafficway,Wet,Daylight,Rain,2,"Sideswipe, Same Direction","Yes, M/V and Driver Left Scene",No Controls,3,0,Unknown
496143,11/29/16,6:05 PM,2016-00119229,RHODE ISLAND COLL,RI COL NEEDS NAME 4 ,RHODE ISLAND COLL / RI COL NEEDS NAME 4 ,Trent Hastings,326,29-Nov-16,Vehicle - Pedestrian,,,,"Two-Way , Not Divided",Wet,Dark - Lighted,Rain,1,Not a Collision Between Two Motor Vehicles in Transport,No,No Controls,2,1,Complains Of Pain
496826,11/30/16,4:00 PM,2016-00119517,SACKETT ST,MELROSE ST ,SACKETT ST / MELROSE ST ,Michael Barrera,249,30-Nov-16,Vehicle - Pedestrian,,,,"Two-Way , Not Divided",Wet,Daylight,Clear,1,Other,"Yes, M/V and Driver Left Scene",Person,1,1,Complains Of Pain
497008,11/30/16,6:29 PM,2016-00119561,STEEPLE ST,N MAIN ST ,STEEPLE ST / N MAIN ST ,Donald Castigliego,287,30-Nov-16,Vehicle - Pedestrian,,,,One-Way Trafficway,Wet,Dark - Lighted,Rain,1,Not a Collision Between Two Motor Vehicles in Transport,No,Traffic Control Signal,2,1,Complains Of Pain
497554,12/1/16,7:55 AM,2016-00119703,14 BODELL AVE,SYRACUSE ST ,14 BODELL AVE / SYRACUSE ST ,Patrolman Darren Hull Car-152,598,01-Dec-16,Vehicle - Pedestrian,,,,Unknown,Wet,Daylight,Clear,1,Not a Collision Between Two Motor Vehicles in Transport,"Yes, M/V and Driver Left Scene",No Controls,1,1,Complains Of Pain
498742,12/2/16,2:40 PM,2016-00120185,ANGELL ST,ARLINGTON AVE ,ANGELL ST / ARLINGTON AVE ,Jose Deschamps,419,02-Dec-16,Vehicle - Pedestrian,X,,,One-Way Trafficway,Dry,Daylight,Clear,1,Not a Collision Between Two Motor Vehicles in Transport,No,No Controls,3,1,Complains Of Pain
498913,12/3/16,3:43 PM,2016-00120569,ELMWOOD AVE,WILSON ST,ELMWOOD AVE / WILSON ST,Luis Pelaez,336,03-Dec-16,Vehicle - Pedestrian,,,,"Two-Way , Not Divided",Dry,Daylight,Clear,1,Not a Collision Between Two Motor Vehicles in Transport,"Yes, M/V and Driver Left Scene",No Controls,1,1,Complains Of Pain
499128,12/4/16,12:14 PM,2016-00120850,CHALKSTONE AVE,CANTON ST ,CHALKSTONE AVE / CANTON ST ,Fernando Lopez,156,04-Dec-16,Vehicle - Pedestrian,,,,"Two-Way , Not Divided",Dry,Daylight,Clear,2,Rear - to - Side,"Yes, M/V and Driver Left Scene",No Controls,6,0,No Injury
499427,12/5/16,3:32 AM,2016-00121067,BROADWAY,VINTON ST ,BROADWAY / VINTON ST ,Michael Maycock,281,05-Dec-16,Vehicle - Pedestrian,,,,"Two-Way , Not Divided",Dry,Dark - Lighted,Clear,2,Rear End(Front-to-Rear),"Yes, M/V and Driver Left Scene",No Controls,4,2,Complains Of Pain
500189,12/6/16,7:31 AM,2016-00121395,PUBLIC ST,BROAD ST ,PUBLIC ST / BROAD ST ,Jose Deschamps,419,06-Dec-16,Vehicle - Pedestrian,,,,"Two-Way, Divided, Unprotected (painted>4feet) Medium",Dry,Daylight,Clear,1,Not a Collision Between Two Motor Vehicles in Transport,No,Traffic Control Signal,2,1,Complains Of Pain
502348,12/9/16,8:22 AM,2016-00122334,BROADWAY,KNIGHT ST ,BROADWAY / KNIGHT ST ,David Schiavulli,027,09-Dec-16,Vehicle - Pedestrian,,,,"Two-Way , Not Divided",Dry,Daylight,Clear,1,Not a Collision Between Two Motor Vehicles in Transport,No,No Controls,2,1,Complains Of Pain
502377,12/9/16,8:20 AM,2016-00122333,BARSTOW ST,VALLEY ST ,BARSTOW ST / VALLEY ST ,James Washburn,369,09-Dec-16,Vehicle - Pedestrian,,,,"Two-Way , Not Divided",Dry,Daylight,Clear,2,Unknown,"Yes, M/V and Driver Left Scene",Stop Signs,3,1,Complains Of Pain
502439,12/9/16,11:11 AM,2016-00122371,4TH ST,HOPE ST ,4TH ST / HOPE ST ,Nicole Darling,325,09-Dec-16,Vehicle - Pedestrian,,,,Unknown,Dry,Daylight,Clear,2,"Sideswipe, Same Direction",No,No Controls,3,0,No Injury
503019,12/10/16,11:57 PM,2016-00122928,Althea St,DEXTER ST ,Althea St / DEXTER ST ,John Martin,186,11-Dec-16,Vehicle - Pedestrian,,,,"Two-Way , Not Divided",Dry,Dark - Lighted,Clear,2,Rear End(Front-to-Rear),No,No Controls,7,0,No Injury
503684,12/11/16,11:28 PM,2016-00123220,ANGELL ST,BENEFIT ST ,ANGELL ST / BENEFIT ST ,Daniel Gonzalez,469,12-Dec-16,Vehicle - Pedestrian,,,,One-Way Trafficway,Snow,Dark - Not Lighted,Snow,2,Rear End(Front-to-Rear),No,Traffic Control Signal,6,1,Complains Of Pain
504801,12/13/16,6:00 PM,2016-00123790,Butler Avenue,E ORCHARD AVE ,Butler Avenue / E ORCHARD AVE ,Nicole Darling,325,13-Dec-16,Vehicle - Pedestrian,,,,"Two-Way , Not Divided",Dry,Dark - Not Lighted,Clear,1,Not a Collision Between Two Motor Vehicles in Transport,No,No Controls,2,0,No Injury
505250,12/14/16,8:01 PM,2016-00124145,Hope St,George St,Hope St / George St,Michael Clary,269,14-Dec-16,Vehicle - Pedestrian,,,,"Two-Way , Not Divided",Dry,Dark - Lighted,Clear,1,Not a Collision Between Two Motor Vehicles in Transport,No,Stop Signs,3,1,Complains Of Pain
505764,12/16/16,12:01 AM,2016-00124543,FEDERAL ST,DEAN ST ,FEDERAL ST / DEAN ST ,Mitchell Guerra,217,16-Dec-16,Vehicle - Pedestrian,,,,"Two-Way , Not Divided",Wet,Dark - Lighted,Severe Crosswinds,1,Not a Collision Between Two Motor Vehicles in Transport,"Yes, M/V and Driver Left Scene",Stop Signs,1,1,Complains Of Pain
509211,12/19/16,5:00 PM,2016-00126524,700 N MAIN ST,,700 N MAIN ST / ,Joseph Amoroso,613,22-Dec-16,Vehicle - Pedestrian,,,,Unknown,Unknown,Unknown,Clear,1,Unknown,No,Unknown,2,0,Unknown
507491,12/19/16,2:21 PM,2016-00125688,ANGELL STREET,S ANGELL ST ,ANGELL STREET / S ANGELL ST ,George Pereira,421,19-Dec-16,Vehicle - Pedestrian,,,,One-Way Trafficway,Dry,Daylight,Cloudy,1,Other,No,Traffic Control Signal,5,1,Non-Incapacitating
508303,12/20/16,3:39 PM,2016-00126029,Federal St,VINTON ST ,Federal St / VINTON ST ,Brittany Boudreau,236,20-Dec-16,Vehicle - Pedestrian,X,,,"Two-Way , Not Divided",Dry,Daylight,Clear,1,Not a Collision Between Two Motor Vehicles in Transport,No,Stop Signs,3,0,No Injury
509235,12/22/16,11:03 AM,2016-00126562,460 CHARLES ST,,460 CHARLES ST / ,Fernando Lopez,156,22-Dec-16,Vehicle - Pedestrian,,,,Unknown,Dry,Daylight,Cloudy,2,Rear - to - Side,No,No Controls,5,1,Complains Of Pain
509242,12/22/16,1:08 PM,2016-00126596,SILVER SPRING ST,NORTHUP AVE ,SILVER SPRING ST / NORTHUP AVE ,Fernando Lopez,156,22-Dec-16,Vehicle - Pedestrian,,,,"Two-Way , Not Divided",Dry,Daylight,Clear,3,"Sideswipe, Same Direction","Yes, M/V and Driver Left Scene",No Controls,3,0,Unknown
509456,12/22/16,8:15 PM,2016-00126719,CHARLES ST,ADMIRAL ST ,CHARLES ST / ADMIRAL ST ,Jessica Leone,258,22-Dec-16,Vehicle - Pedestrian,,,,"Two-Way, Divided, Positive Median Barrier",Dry,Dark - Lighted,Clear,2,Head-On (Front - to - Front),"Yes, Driver Left Scene",Traffic Control Signal,7,4,Complains Of Pain
510824,12/26/16,10:03 AM,2016-00127770,KOSSUTH ST,FLORENCE ST ,KOSSUTH ST / FLORENCE ST ,Ryan Moroney,324,26-Dec-16,Vehicle - Pedestrian,,,,One-Way Trafficway,Dry,Dark - Lighted,Clear,2,"Sideswipe, Same Direction","Yes, M/V and Driver Left Scene",Stop Signs,2,0,Unknown
512064,12/29/16,10:30 AM,2016-00128662,195 COLLYER ST,,195 COLLYER ST / ,Fernando Lopez,156,29-Dec-16,Vehicle - Pedestrian,,,,Unknown,Dry,Daylight,Clear,2,Rear - to - Side,"Yes, M/V and Driver Left Scene",No Controls,2,0,Unknown
512244,12/30/16,9:35 AM,2016-00128966,HAYWARD ST,PORTLAND ST ,HAYWARD ST / PORTLAND ST ,Isaiah Nerney,15636,30-Dec-16,Vehicle - Pedestrian,,,,"Two-Way , Not Divided",Dry,Daylight,Clear,1,Unknown,"Yes, M/V and Driver Left Scene",No Controls,1,1,Complains Of Pain
512458,12/30/16,6:43 PM,2016-00129117,ROYAL LITTLE DR,BRANCH AVE ,ROYAL LITTLE DR / BRANCH AVE ,Donald Castigliego,287,30-Dec-16,Vehicle - Pedestrian,,,,"Two-Way , Not Divided",Dry,Dark - Lighted,Clear,1,Not a Collision Between Two Motor Vehicles in Transport,No,No Controls,2,1,Non-Incapacitating
512799,1/1/17,12:30 PM,2017-00000014,PINE ST,CHESTNUT ST ,PINE ST / CHESTNUT ST ,Christopher Beach,230,01-Jan-17,Vehicle - Pedestrian,,,,One-Way Trafficway,Wet,Dark - Unknown Lighting,Rain,1,Not a Collision Between Two Motor Vehicles in Transport,"Yes, M/V and Driver Left Scene",Traffic Control Signal,1,1,Non-Incapacitating
513653,1/3/17,5:16 PM,2017-00000870,CRANSTON ST,WESTMINSTER ST ,CRANSTON ST / WESTMINSTER ST ,Donald Castigliego,287,03-Jan-17,Vehicle - Pedestrian,,,,"Two-Way , Not Divided",Wet,Dark - Lighted,Rain,1,Not a Collision Between Two Motor Vehicles in Transport,No,Traffic Control Signal,5,1,Non-Incapacitating
513775,1/3/17,9:17 PM,2017-00000949,HARRIS AVE,ATWELLS AVE ,HARRIS AVE / ATWELLS AVE ,MICHAEL R. TROIA / TRAFFIC BUREAU,331,03-Jan-17,Vehicle - Pedestrian,X,,,"Two-Way , Not Divided",Wet,Dark - Lighted,Rain,1,Not a Collision Between Two Motor Vehicles in Transport,No,No Controls,3,1,Complains Of Pain
513792,1/3/17,6:07 PM,2017-00000893,WICKENDEN ST,IVES ST ,WICKENDEN ST / IVES ST ,Scott Sousa,464,03-Jan-17,Vehicle - Pedestrian,,,,"Two-Way , Not Divided",Wet,Dark - Lighted,Rain,2,"Sidwswipe, Opposite Direction","Yes, M/V and Driver Left Scene",Stop Signs,2,0,Unknown
514569,1/5/17,4:48 PM,2017-00001507,PLAINFIELD ST,POCASSET AVE ,PLAINFIELD ST / POCASSET AVE ,KEN MATSUMOTO,348,05-Jan-17,Vehicle - Pedestrian,,,,"Two-Way , Not Divided",Dry,Dark - Lighted,Clear,1,Not a Collision Between Two Motor Vehicles in Transport,No,No Controls,3,1,Fatal
514661,1/5/17,4:20 PM,2017-00001500,NELLIE ST,SELKIRK ST ,NELLIE ST / SELKIRK ST ,Michael Moonan,286,05-Jan-17,Vehicle - Pedestrian,,,,"Two-Way , Not Divided",Dry,Daylight,Clear,2,Angle (Front - to - Side) Right Angle (Includes Broadside),No,No Controls,6,2,Complains Of Pain
514695,1/5/17,10:30 PM,2017-00001605,ATWELLS AVE,DEAN ST ,ATWELLS AVE / DEAN ST ,Tracie Miller,212,05-Jan-17,Vehicle - Pedestrian,,,,"Two-Way, Divided, Unprotected (painted>4feet) Medium",Dry,Dark - Lighted,Clear,1,Not a Collision Between Two Motor Vehicles in Transport,No,Traffic Control Signal,5,1,Complains Of Pain
516153,1/8/17,1:00 PM,2017-00002338,OAKLAND AVE,SWEETBRIAR ST ,OAKLAND AVE / SWEETBRIAR ST ,Fernando Lopez,156,08-Jan-17,Vehicle - Pedestrian,,,,"Two-Way , Not Divided",Wet,Daylight,Clear,2,"Sideswipe, Same Direction",No,No Controls,5,0,No Injury
516225,1/8/17,5:11 PM,2017-00002401,W EXCHANGE ST,W EXCHANGE ST ,W EXCHANGE ST / W EXCHANGE ST ,Leonel Pichs,615,08-Jan-17,Vehicle - Pedestrian,,,,One-Way Trafficway,Dry,Dark - Lighted,Clear,1,Not a Collision Between Two Motor Vehicles in Transport,No,No Controls,3,0,No Injury
517284,1/9/17,5:10 PM,2017-00002683,Broad Street,BROAD ST ,Broad Street / BROAD ST ,Raymond Majeau,275,11-Jan-17,Vehicle - Pedestrian,,,,"Two-Way , Not Divided",Slush,Dark - Lighted,Clear,1,Not a Collision Between Two Motor Vehicles in Transport,"Yes, M/V and Driver Left Scene",No Controls,1,0,No Injury
517086,1/10/17,10:26 PM,2017-00003083,MEMORIAL BLVD,STEEPLE ST ,MEMORIAL BLVD / STEEPLE ST ,Michael Clary,269,10-Jan-17,Vehicle - Pedestrian,,,,"Two-Way , Not Divided",Wet,Dark - Lighted,Rain,1,Not a Collision Between Two Motor Vehicles in Transport,No,Pavement Markings,3,1,Complains Of Pain
517770,1/12/17,6:27 AM,2017-00003490,CHALKSTONE AVE,Fredrick St,CHALKSTONE AVE / Fredrick St,Juan Robles,643,12-Jan-17,Vehicle - Pedestrian,,,,"Two-Way, Divided, Unprotected (painted>4feet) Medium",Wet,Dusk,Rain,3,Rear End(Front-to-Rear),"Yes, M/V and Driver Left Scene",No Controls,4,0,No Injury
518123,1/12/17,5:05 PM,2017-00003650,ATWELLS AVE,EAGLE ST ,ATWELLS AVE / EAGLE ST ,KEN MATSUMOTO,348,12-Jan-17,Vehicle - Pedestrian,X,,,"Two-Way, Not Divided With a Continuous Left Turn Lane",Dry,Dark - Lighted,Clear,1,Not a Collision Between Two Motor Vehicles in Transport,No,Traffic Control Signal,2,0,No Injury
518744,1/13/17,6:45 PM,2017-00004021,FRANCIS ST,MEMORIAL BLVD ,FRANCIS ST / MEMORIAL BLVD ,KEN MATSUMOTO,348,13-Jan-17,Vehicle - Pedestrian,,,,"Two-Way, Not Divided With a Continuous Left Turn Lane",Dry,Dark - Lighted,Clear,1,Not a Collision Between Two Motor Vehicles in Transport,No,Traffic Control Signal,3,1,Complains Of Pain
520281,1/17/17,5:11 PM,2017-00005292,FRIENDSHIP ST,DORRANCE ST ,FRIENDSHIP ST / DORRANCE ST ,Donald Brien,630,17-Jan-17,Vehicle - Pedestrian,,,,One-Way Trafficway,Wet,Dark - Lighted,Rain,1,Not a Collision Between Two Motor Vehicles in Transport,No,Traffic Control Signal,2,1,Complains Of Pain
520447,1/17/17,9:35 PM,2017-00005362,Raymond St,Chalkstone Ave,Raymond St / Chalkstone Ave,Michael Clary,269,18-Jan-17,Vehicle - Pedestrian,,,,"Two-Way , Not Divided",Wet,Dark - Lighted,Rain,1,Not a Collision Between Two Motor Vehicles in Transport,No,Traffic Control Signal,5,1,Incapacitating
521272,1/19/17,6:00 PM,2017-00005988,ALLENS AVE,TORONTO AVE ,ALLENS AVE / TORONTO AVE ,Michael Barrera,249,19-Jan-17,Vehicle - Pedestrian,,,,"Two-Way , Not Divided",Dry,Dark - Lighted,Clear,2,Rear End(Front-to-Rear),No,No Controls,5,0,No Injury
522425,1/21/17,3:41 PM,2017-00006542,LLOYD AVE,ARLINGTON AVE ,LLOYD AVE / ARLINGTON AVE ,Donald Castigliego,287,21-Jan-17,Vehicle - Pedestrian,,,,"Two-Way , Not Divided",Dry,Daylight,Clear,1,Not a Collision Between Two Motor Vehicles in Transport,No,Stop Signs,4,1,Complains Of Pain
522570,1/22/17,10:48 AM,2017-00006815,WASHINGTON ST,SERVICE ROAD #7,WASHINGTON ST / SERVICE ROAD #7,Fernando Lopez,156,22-Jan-17,Vehicle - Pedestrian,,,,"Two-Way, Not Divided With a Continuous Left Turn Lane",Dry,Daylight,Clear,2,Angle (Front - to - Side) Right Angle (Includes Broadside),"Yes, M/V and Driver Left Scene",Traffic Control Signal,4,0,No Injury
523489,1/24/17,12:15 PM,2017-00007410,601 North Main St,N MAIN ST ,601 North Main St / N MAIN ST ,Ptlm. Chin,516,24-Jan-17,Vehicle - Pedestrian,,,,"Two-Way , Not Divided",Wet,Daylight,Rain,1,Not a Collision Between Two Motor Vehicles in Transport,No,No Controls,3,0,No Injury
523713,1/24/17,8:47 PM,2017-00007564,DAVE GAVITT WAY,ATWELLS AVE ,DAVE GAVITT WAY / ATWELLS AVE ,MICHAEL R. TROIA / TRAFFIC BUREAU,331,24-Jan-17,Vehicle - Pedestrian,,,,One-Way Trafficway,Wet,Dark - Lighted,Clear,1,Not a Collision Between Two Motor Vehicles in Transport,"Yes, M/V and Driver Left Scene",Traffic Control Signal,4,2,Complains Of Pain
524755,1/26/17,2:51 PM,2017-00008121,PRAIRIE AVE,THURBERS AVE ,PRAIRIE AVE / THURBERS AVE ,Donald Castigliego,287,26-Jan-17,Vehicle - Pedestrian,,,,"Two-Way , Not Divided",Wet,Daylight,Clear,1,Not a Collision Between Two Motor Vehicles in Transport,No,No Controls,4,1,Complains Of Pain
524921,1/26/17,7:46 PM,2017-00008225,353 SMITH ST,ORMS ST ,353 SMITH ST / ORMS ST ,Adam Chin,289,26-Jan-17,Vehicle - Pedestrian,,,,"Two-Way , Not Divided",Wet,Dark - Lighted,Clear,1,Other,No,No Controls,2,1,Complains Of Pain
525287,1/27/17,9:56 PM,2017-00008589,VERNDALE AVE,FISK ST ,VERNDALE AVE / FISK ST ,Matthew Goddard,171,27-Jan-17,Vehicle - Pedestrian,,,,"Two-Way , Not Divided",Dry,Dark - Lighted,Clear,2,Rear End(Front-to-Rear),"Yes, M/V and Driver Left Scene",No Controls,2,0,Unknown
525334,1/28/17,1:22 AM,2017-00008658,ATWELLS AVE,HANNAH ST ,ATWELLS AVE / HANNAH ST ,Brian Muldoon,182,28-Jan-17,Vehicle - Pedestrian,X,,,"Two-Way , Not Divided",Dry,Dark - Lighted,Clear,1,Not a Collision Between Two Motor Vehicles in Transport,"Yes, M/V and Driver Left Scene",Traffic Control Signal,1,1,Complains Of Pain
527074,1/31/17,3:39 PM,2017-00009724,THURBERS AVE,PRAIRIE AVE ,THURBERS AVE / PRAIRIE AVE ,Joseph Amoroso,613,31-Jan-17,Vehicle - Pedestrian,,,,"Two-Way , Not Divided",Snow,Daylight,Snow,1,Other,No,Traffic Control Signal,2,1,Incapacitating
527670,2/2/17,3:51 PM,2017-00010340,SERVICE ROAD 7,BROADWAY ,SERVICE ROAD 7 / BROADWAY ,Brian Murphy,231,02-Feb-17,Vehicle - Pedestrian,,,,One-Way Trafficway,Dry,Daylight,Clear,1,Not a Collision Between Two Motor Vehicles in Transport,No,Traffic Control Signal,2,0,No Injury
529337,2/4/17,12:00 PM,2017-00010942,BROAD ST,CAHIR ST ,BROAD ST / CAHIR ST ,Luis Fernandez,531,04-Feb-17,Vehicle - Pedestrian,,,,"Two-Way, Not Divided With a Continuous Left Turn Lane",Dry,Daylight,Clear,1,Not a Collision Between Two Motor Vehicles in Transport,No,Traffic Control Signal,2,1,Complains Of Pain
529500,2/5/17,12:58 AM,2017-00011151,241 huxley ave,VENTURA ST ,241 huxley ave / VENTURA ST ,Kyle Richards,209,05-Feb-17,Vehicle - Pedestrian,,,,"Two-Way, Divided, Unprotected (painted>4feet) Medium",Dry,Daylight,Clear,1,Not a Collision Between Two Motor Vehicles in Transport,"Yes, M/V and Driver Left Scene",No Controls,1,0,No Injury
530715,2/8/17,10:53 AM,2017-00012114,100 FRANCIS ST,,100 FRANCIS ST / ,Fernando Lopez,156,08-Feb-17,Vehicle - Pedestrian,,,,Unknown,Dry,Dark - Lighted,Clear,2,"Sidwswipe, Opposite Direction","Yes, M/V and Driver Left Scene",No Controls,2,0,Unknown
530740,2/8/17,12:53 PM,2017-00012156,BROAD ST,CAHIR ST ,BROAD ST / CAHIR ST ,Luis Fernandez,531,08-Feb-17,Vehicle - Pedestrian,,,,"Two-Way, Divided, Unprotected (painted>4feet) Medium",Dry,Daylight,Clear,1,Other,No,Traffic Control Signal,3,0,No Injury
531678,2/8/17,12:48 PM,2017-00012155,PRAIRIE AVE,PAVILION AVE ,PRAIRIE AVE / PAVILION AVE ,James Annis,454,10-Feb-17,Vehicle - Pedestrian,,,,"Two-Way , Not Divided",Dry,Daylight,Clear,1,Not a Collision Between Two Motor Vehicles in Transport,"Yes, M/V and Driver Left Scene",No Controls,2,1,Complains Of Pain
532208,2/11/17,4:07 PM,2017-00013186,231 Wickenden St,BROOK ST ,231 Wickenden St / BROOK ST ,Noel Field,260,11-Feb-17,Vehicle - Pedestrian,,,,"Two-Way , Not Divided",Snow,Daylight,Cloudy,2,Not a Collision Between Two Motor Vehicles in Transport,"Yes, M/V and Driver Left Scene",No Controls,2,0,Unknown
532510,2/12/17,10:39 AM,2017-00013401,850 MANTON AVE,,850 MANTON AVE / ,KEN MATSUMOTO,348,12-Feb-17,Vehicle - Pedestrian,,,,Unknown,Slush,Daylight,Cloudy,1,Not a Collision Between Two Motor Vehicles in Transport,No,No Controls,5,1,Non-Incapacitating
533194,2/13/17,4:44 PM,2017-00013778,Williams St,THAYER ST ,Williams St / THAYER ST ,Miguel Castillo,489,13-Feb-17,Vehicle - Pedestrian,,,,"Two-Way , Not Divided",Snow,Daylight,Clear,2,"Sideswipe, Same Direction","Yes, M/V and Driver Left Scene",Stop Signs,2,0,Unknown
533589,2/14/17,8:04 AM,2017-00013928,HOPE ST,STIMSON AVE ,HOPE ST / STIMSON AVE ,Raymond King,633,14-Feb-17,Vehicle - Pedestrian,,,,"Two-Way , Not Divided",Wet,Daylight,Clear,2,"Sideswipe, Same Direction",No,No Controls,5,0,No Injury
533947,2/14/17,4:25 PM,2017-00014114,Dean st,ATWELLS AVE ,Dean st / ATWELLS AVE ,Alexa Levesque,248,14-Feb-17,Vehicle - Pedestrian,,,,"Two-Way , Not Divided",Dry,Daylight,Clear,1,Other,No,No Controls,3,1,Non-Incapacitating
533969,2/14/17,4:28 PM,2017-00014101,WESTMINSTER ST,TOBEY ST ,WESTMINSTER ST / TOBEY ST ,Donald Castigliego,287,14-Feb-17,Vehicle - Pedestrian,,,,"Two-Way , Not Divided",Dry,Daylight,Clear,1,Not a Collision Between Two Motor Vehicles in Transport,No,No Controls,3,1,Non-Incapacitating
533979,2/14/17,6:28 PM,2017-00014150,SUPERIOR ST,CRANSTON ST ,SUPERIOR ST / CRANSTON ST ,Troy Lambert,413,14-Feb-17,Vehicle - Pedestrian,,,,"Two-Way , Not Divided",Slush,Dark - Lighted,Clear,1,Not a Collision Between Two Motor Vehicles in Transport,"Yes, M/V and Driver Left Scene",No Controls,2,1,Complains Of Pain
534617,2/15/17,5:43 PM,2017-00014438,SILVER SPRING ST,BISMARK ST ,SILVER SPRING ST / BISMARK ST ,Donald Castigliego,287,15-Feb-17,Vehicle - Pedestrian,,,,"Two-Way , Not Divided",Wet,Dark - Lighted,Cloudy,1,Not a Collision Between Two Motor Vehicles in Transport,No,No Controls,5,1,Incapacitating
534715,2/16/17,10:39 AM,2017-00014609,CHALKSTONE AVE,FALLON AVE ,CHALKSTONE AVE / FALLON AVE ,Fernando Lopez,156,16-Feb-17,Vehicle - Pedestrian,,,,"Two-Way , Not Divided",Dry,Daylight,Clear,2,"Sideswipe, Same Direction",No,No Controls,5,0,No Injury
535255,2/17/17,7:58 AM,2017-00014903,BARTON ST,WESTMINSTER ST ,BARTON ST / WESTMINSTER ST ,KEN MATSUMOTO,348,17-Feb-17,Vehicle - Pedestrian,,,,"Two-Way , Not Divided",Dry,Daylight,Clear,1,Not a Collision Between Two Motor Vehicles in Transport,No,No Controls,4,1,Complains Of Pain
535408,2/17/17,1:26 PM,2017-00014993,14 LAUREL HILL AVE,HARTFORD AVE ,14 LAUREL HILL AVE / HARTFORD AVE ,Ryan Moroney,324,17-Feb-17,Vehicle - Pedestrian,,,,"Two-Way , Not Divided",Dry,Daylight,Clear,2,"Sideswipe, Same Direction","Yes, M/V and Driver Left Scene",No Controls,2,0,Unknown
536371,2/17/17,8:23 AM,2017-00014915,CHARLES ST,SILVER SPRING ST ,CHARLES ST / SILVER SPRING ST ,Cynthia Rodriguez,693,18-Feb-17,Vehicle - Pedestrian,,,,"Two-Way , Not Divided",Dry,Daylight,Clear,2,Unknown,"Yes, M/V and Driver Left Scene",No Controls,2,0,Unknown
537110,2/20/17,7:48 AM,2017-00015898,48 OLIVE ST,,48 OLIVE ST / ,Fernando Lopez,156,20-Feb-17,Vehicle - Pedestrian,,,,Unknown,Dry,Daylight,Clear,1,Not a Collision Between Two Motor Vehicles in Transport,No,No Controls,3,1,Complains Of Pain
537384,2/20/17,10:11 PM,2017-00016108,CANAL ST,SMITH ST ,CANAL ST / SMITH ST ,Donald Castigliego,287,21-Feb-17,Vehicle - Pedestrian,,,,One-Way Trafficway,Dry,Dark - Lighted,Clear,1,Not a Collision Between Two Motor Vehicles in Transport,"Yes, M/V and Driver Left Scene",Traffic Control Signal,3,1,Complains Of Pain
537457,2/21/17,8:01 AM,2017-00016168,LINDY AVE,GLOVER ST ,LINDY AVE / GLOVER ST ,Fernando Lopez,156,21-Feb-17,Vehicle - Pedestrian,,,,"Two-Way , Not Divided",Dry,Daylight,Clear,2,"Sideswipe, Same Direction","Yes, M/V and Driver Left Scene",No Controls,2,0,Unknown