CrashReportId,CrashDate,CrashTime,ReportNumber,StreetOrHighway,NearestIntersection,Location,Officer,Badge,ReportDate,TypeOfCollision,Bicycle,Scooter,Wheel Chair,TypeOfRoadway,RoadSurfaceCondition,LightCondition,WeatherCondition,NumberofVehicles,MannerofImpact,HitAndRun,TrafficControl,PersonCount,InjuryCount,MostSeriousInjury
537482,2/21/17,10:33 AM,2017-00016195,421 HARTFORD AVE,,421 HARTFORD AVE / ,Fernando Lopez,156,21-Feb-17,Vehicle - Pedestrian,,,,Unknown,Dry,Daylight,Clear,2,"Sidwswipe, Opposite Direction",No,No Controls,3,0,No Injury
538024,2/22/17,3:13 PM,2017-00016586,BROADWAY,DE PASQUALE AVE ,BROADWAY / DE PASQUALE AVE ,Brittany Boudreau,236,22-Feb-17,Vehicle - Pedestrian,,,,"Two-Way, Divided, Unprotected (painted>4feet) Medium",Dry,Daylight,Clear,1,Not a Collision Between Two Motor Vehicles in Transport,No,No Controls,2,1,Complains Of Pain
538035,2/22/17,4:09 PM,2017-00016611,BROAD ST,ROGER WILLIAMS PARK,BROAD ST / ROGER WILLIAMS PARK,Jose Deschamps,419,22-Feb-17,Vehicle - Pedestrian,,,,"Two-Way, Divided, Unprotected (painted>4feet) Medium",Dry,Daylight,Clear,1,Not a Collision Between Two Motor Vehicles in Transport,"Yes, M/V and Driver Left Scene",Traffic Control Signal,3,1,Complains Of Pain
538398,2/23/17,9:23 AM,2017-00016827,BRANCH AVE,N MAIN ST ,BRANCH AVE / N MAIN ST ,Richard Mills,424,23-Feb-17,Vehicle - Pedestrian,X,,,"Two-Way , Not Divided",Dry,Daylight,Clear,1,Not a Collision Between Two Motor Vehicles in Transport,No,Traffic Control Signal,2,0,No Injury
538515,2/23/17,3:05 PM,2017-00016935,859 North Main St.,,859 North Main St. / ,Harrison Northup,232,23-Feb-17,Vehicle - Pedestrian,,,,"Two-Way, Divided, Positive Median Barrier",Dry,Daylight,Clear,1,Not a Collision Between Two Motor Vehicles in Transport,"Yes, M/V and Driver Left Scene",No Controls,3,1,Complains Of Pain
538783,2/24/17,2:48 PM,2017-00017302,ELMWOOD AVE,BROAD ST ,ELMWOOD AVE / BROAD ST ,Trent Hastings,326,24-Feb-17,Vehicle - Pedestrian,,,,"Two-Way , Not Divided",Dry,Daylight,Clear,1,Not a Collision Between Two Motor Vehicles in Transport,No,Traffic Control Signal,3,1,Complains Of Pain
539242,2/25/17,9:40 AM,2017-00017619,SMITHFIELD AVE,95 NORTH ON RAMP,SMITHFIELD AVE / 95 NORTH ON RAMP,Fernando Lopez,156,25-Feb-17,Vehicle - Pedestrian,,,,"Two-Way , Not Divided",Dry,Daylight,Clear,2,"Sideswipe, Same Direction",No,No Controls,5,1,Complains Of Pain
539713,2/27/17,8:08 AM,2017-00018245,BROADWAY,KNIGHT ST ,BROADWAY / KNIGHT ST ,Fernando Lopez,156,27-Feb-17,Vehicle - Pedestrian,,,,"Two-Way , Not Divided",Dry,Daylight,Clear,1,Not a Collision Between Two Motor Vehicles in Transport,No,Traffic Control Signal,7,1,Complains Of Pain
540167,2/28/17,11:16 AM,2017-00018603,POTTERS AVE,NIAGARA ST ,POTTERS AVE / NIAGARA ST ,Fernando Lopez,156,28-Feb-17,Vehicle - Pedestrian,,,,"Two-Way , Not Divided",Dry,Daylight,Clear,2,"Sideswipe, Same Direction","Yes, M/V and Driver Left Scene",No Controls,2,0,Unknown
540168,2/28/17,8:00 AM,2017-00018561,SMITHFIELD AVE,NELLIE ST ,SMITHFIELD AVE / NELLIE ST ,Fernando Lopez,156,28-Feb-17,Vehicle - Pedestrian,,,,"Two-Way , Not Divided",Dry,Daylight,Clear,1,Not a Collision Between Two Motor Vehicles in Transport,No,No Controls,2,1,Complains Of Pain
540331,2/28/17,6:04 PM,2017-00018701,ADMIRAL ST,DURHAM ST ,ADMIRAL ST / DURHAM ST ,Trent Hastings,326,28-Feb-17,Vehicle - Pedestrian,,,,"Two-Way , Not Divided",Dry,Dark - Lighted,Cloudy,1,Not a Collision Between Two Motor Vehicles in Transport,No,No Controls,2,1,Complains Of Pain
540508,2/28/17,11:26 PM,2017-00018785,7 Job Street,LEDGE ST ,7 Job Street / LEDGE ST ,Michael Luke,245,01-Mar-17,Vehicle - Pedestrian,,,,"Two-Way , Not Divided",Wet,Dark - Lighted,Rain,2,Rear End(Front-to-Rear),"Yes, M/V and Driver Left Scene",No Controls,2,0,Unknown
541207,3/3/17,6:49 AM,2017-00019481,WILSON ST,FULLER ST ,WILSON ST / FULLER ST ,Fernando Lopez,156,03-Mar-17,Vehicle - Pedestrian,,,,"Two-Way , Not Divided",Dry,Daylight,Clear,2,Rear End(Front-to-Rear),"Yes, M/V and Driver Left Scene",No Controls,2,0,Unknown
541589,3/3/17,9:25 PM,2017-00019721,2 SACKETT ST,,2 SACKETT ST / ,MICHAEL R. TROIA / TRAFFIC BUREAU,331,03-Mar-17,Vehicle - Pedestrian,,,,"Two-Way , Not Divided",Dry,Dark - Lighted,Clear,1,Not a Collision Between Two Motor Vehicles in Transport,No,No Controls,2,1,Complains Of Pain
541776,3/4/17,7:53 PM,2017-00019999,847 BROAD ST,,847 BROAD ST / ,Donald Castigliego,287,04-Mar-17,Vehicle - Pedestrian,,,,"Two-Way , Not Divided",Dry,Dark - Lighted,Clear,1,Not a Collision Between Two Motor Vehicles in Transport,"Yes, M/V and Driver Left Scene",No Controls,1,1,Complains Of Pain
542110,3/4/17,2:33 AM,2017-00019793,LONGFELLOW TER,CADILLAC DR ,LONGFELLOW TER / CADILLAC DR ,Kyle Shea,215,05-Mar-17,Vehicle - Pedestrian,,,,"Two-Way , Not Divided",Dry,Dark - Lighted,Clear,1,Head-On (Front - to - Front),"Yes, M/V and Driver Left Scene",No Controls,1,0,Unknown
542258,3/5/17,11:53 AM,2017-00020170,1013 SMITH ST ,,1013 SMITH ST  / ,Fernando Lopez,156,05-Mar-17,Vehicle - Pedestrian,,,,Unknown,Dry,Daylight,Clear,2,Rear End(Front-to-Rear),No,No Controls,4,0,No Injury
542260,3/5/17,1:31 PM,2017-00020186,North Main Street,N MAIN ST ,North Main Street / N MAIN ST ,Raymond King,633,05-Mar-17,Vehicle - Pedestrian,,,,One-Way Trafficway,Dry,Daylight,Clear,2,Rear End(Front-to-Rear),"Yes, M/V and Driver Left Scene",No Controls,2,0,Unknown
542623,3/5/17,2:11 PM,2017-00020196,49 ADA ST,BRUSH HILL RD ,49 ADA ST / BRUSH HILL RD ,Jin O,147,06-Mar-17,Vehicle - Pedestrian,,,,"Two-Way , Not Divided",Dry,Daylight,Clear,2,Rear - to - Side,No,No Controls,4,1,Non-Incapacitating
543757,3/9/17,7:24 AM,2017-00021314,MEETING ST,HOPE ST ,MEETING ST / HOPE ST ,KEN MATSUMOTO,348,09-Mar-17,Vehicle - Pedestrian,,,,"Two-Way , Not Divided",Dry,Daylight,Clear,1,Not a Collision Between Two Motor Vehicles in Transport,"Yes, M/V and Driver Left Scene",Person,2,0,No Injury
544271,3/9/17,7:45 PM,2017-00021558,HAWKINS ST,ADMIRAL ST ,HAWKINS ST / ADMIRAL ST ,MICHAEL R. TROIA / TRAFFIC BUREAU,331,09-Mar-17,Vehicle - Pedestrian,,,,"Two-Way , Not Divided",Dry,Dark - Lighted,Clear,1,Not a Collision Between Two Motor Vehicles in Transport,No,Stop Signs,2,1,Complains Of Pain
545344,3/12/17,11:05 PM,2017-00022532,SPRUCE ST,DE PASQUALE AVE ,SPRUCE ST / DE PASQUALE AVE ,Michael Maycock,281,12-Mar-17,Vehicle - Pedestrian,,,,One-Way Trafficway,Dry,Dark - Lighted,Clear,2,Unknown,"Yes, M/V and Driver Left Scene",No Controls,2,0,Unknown
545647,3/13/17,2:56 PM,2017-00022682,BROAD ST,SUMTER ST,BROAD ST / SUMTER ST,MICHAEL R. TROIA / TRAFFIC BUREAU,331,13-Mar-17,Vehicle - Pedestrian,,,,"Two-Way , Not Divided",Dry,Daylight,Clear,1,Not a Collision Between Two Motor Vehicles in Transport,No,No Controls,2,1,Complains Of Pain
547416,3/17/17,8:33 PM,2017-00024175,Francis St,,Francis St / ,Michael Clary,269,17-Mar-17,Vehicle - Pedestrian,,,,"Two-Way , Not Divided",Dry,Dark - Lighted,Clear,1,Not a Collision Between Two Motor Vehicles in Transport,"Yes, M/V and Driver Left Scene",No Controls,2,1,Complains Of Pain
547480,3/18/17,1:06 AM,2017-00024262,ELMWOOD AVE,HEMPSTEAD ST ,ELMWOOD AVE / HEMPSTEAD ST ,Daniel Hernandez,255,18-Mar-17,Vehicle - Pedestrian,,,,"Two-Way, Divided, Unprotected (painted>4feet) Medium",Dry,Dark - Lighted,Clear,1,Angle (Front - to - Side) Opposite Direction,"Yes, M/V and Driver Left Scene",No Controls,1,1,Complains Of Pain
548223,3/18/17,8:20 PM,2017-00002480,Charles St.,Randall St.,Charles St. / Randall St.,Harrison Northup,232,19-Mar-17,Vehicle - Pedestrian,,,,One-Way Trafficway,Dry,Dark - Lighted,Clear,1,Not a Collision Between Two Motor Vehicles in Transport,"Yes, M/V and Driver Left Scene",No Controls,1,1,Complains Of Pain
549708,3/22/17,8:57 AM,2017-00025750,PLAIN ST,PUBLIC ST ,PLAIN ST / PUBLIC ST ,Edwin Kemble,364,22-Mar-17,Vehicle - Pedestrian,,,,"Two-Way , Not Divided",Dry,Daylight,Clear,1,Not a Collision Between Two Motor Vehicles in Transport,"Yes, M/V and Driver Left Scene",Stop Signs,3,1,Complains Of Pain
550280,3/23/17,10:19 AM,2017-00026112,30 EXCHANGE TER,FRANCIS ST ,30 EXCHANGE TER / FRANCIS ST ,Fernando Lopez,156,23-Mar-17,Vehicle - Pedestrian,,,,"Two-Way , Not Divided",Dry,Daylight,Clear,2,"Sideswipe, Same Direction",No,No Controls,4,0,No Injury
550293,3/23/17,11:04 AM,2017-00026122,BLACKSTONE ST,PLAIN ST ,BLACKSTONE ST / PLAIN ST ,Fernando Lopez,156,23-Mar-17,Vehicle - Pedestrian,,,,"Two-Way , Not Divided",Dry,Daylight,Clear,2,"Sideswipe, Same Direction",No,No Controls,3,0,No Injury
550352,3/23/17,12:05 PM,2017-00026135,BROAD ST,HARVARD AVE,BROAD ST / HARVARD AVE,Jose Deschamps,419,23-Mar-17,Vehicle - Pedestrian,,,,"Two-Way , Not Divided",Dry,Daylight,Clear,1,Not a Collision Between Two Motor Vehicles in Transport,No,No Controls,3,1,Complains Of Pain
550717,3/24/17,1:35 PM,2017-00026520,FLOWER ST,WHELAN ST,FLOWER ST / WHELAN ST,Jose Deschamps,419,24-Mar-17,Vehicle - Pedestrian,,,,"Two-Way , Not Divided",Wet,Daylight,"Sleet, Hail (Freezing Rain or Drizzle)",1,Not a Collision Between Two Motor Vehicles in Transport,No,No Controls,2,1,Complains Of Pain
551047,3/25/17,8:29 PM,2017-00026968,ETHAN ST,MOOREFIELD ST ,ETHAN ST / MOOREFIELD ST ,David Preston,251,25-Mar-17,Vehicle - Pedestrian,,,,"Two-Way , Not Divided",Dry,Dark - Lighted,Cloudy,1,Not a Collision Between Two Motor Vehicles in Transport,No,No Controls,3,0,No Injury
551314,3/26/17,9:02 PM,2017-00027318,ADMIRAL ST,GRAPE ST ,ADMIRAL ST / GRAPE ST ,Trent Hastings,326,26-Mar-17,Vehicle - Pedestrian,,,,"Two-Way , Not Divided",Wet,Dark - Lighted,Cloudy,1,Not a Collision Between Two Motor Vehicles in Transport,No,No Controls,3,1,Complains Of Pain
552934,3/30/17,8:03 AM,2017-00028382,ACADEMY AVE,WHITFORD AVE ,ACADEMY AVE / WHITFORD AVE ,Fernando Lopez,156,30-Mar-17,Vehicle - Pedestrian,X,,,"Two-Way , Not Divided",Dry,Daylight,Clear,1,Not a Collision Between Two Motor Vehicles in Transport,No,Stop Signs,3,1,Complains Of Pain
552939,3/30/17,9:13 AM,2017-00028401,40 LAUREL HILL AVE,,40 LAUREL HILL AVE / ,Fernando Lopez,156,30-Mar-17,Vehicle - Pedestrian,,,,Unknown,Dry,Daylight,Clear,2,Rear - to - Side,No,No Controls,3,0,No Injury
553543,3/31/17,3:10 PM,2017-00028891,PUBLIC ST,OCEAN ST ,PUBLIC ST / OCEAN ST ,Jose Deschamps,419,31-Mar-17,Vehicle - Pedestrian,,,,"Two-Way, Divided, Unprotected (painted>4feet) Medium",Wet,Daylight,Rain,1,Not a Collision Between Two Motor Vehicles in Transport,No,No Controls,4,1,Complains Of Pain
553643,3/31/17,10:34 PM,2017-00029008, Elmwood Ave,Princeton Ave, Elmwood Ave / Princeton Ave,Michael Clary,269,01-Apr-17,Vehicle - Pedestrian,,,,"Two-Way , Not Divided",Wet,Dark - Lighted,Rain,1,Not a Collision Between Two Motor Vehicles in Transport,"Yes, M/V and Driver Left Scene",Pavement Markings,1,1,Complains Of Pain
553760,4/1/17,3:11 AM,2017-00029098,TERRACE AVE,PROGRESS AVE ,TERRACE AVE / PROGRESS AVE ,Peter Colt,178,01-Apr-17,Vehicle - Pedestrian,,,,"Two-Way , Not Divided",Wet,Dark - Lighted,Rain,1,Other,"Yes, Driver Left Scene",No Controls,1,0,Unknown
553984,4/1/17,12:25 PM,2017-00029162,CHALKSTONE AVE,ACADEMY AVE ,CHALKSTONE AVE / ACADEMY AVE ,Richard Ramirez,338,01-Apr-17,Vehicle - Pedestrian,,,,"Two-Way, Divided, Unprotected (painted>4feet) Medium",Wet,Daylight,"Sleet, Hail (Freezing Rain or Drizzle)",1,Not a Collision Between Two Motor Vehicles in Transport,"Yes, M/V and Driver Left Scene",Traffic Control Signal,4,1,Complains Of Pain
554144,4/1/17,8:55 PM,2017-00029285,MEMORIAL BLVD,EXCHANGE ST ,MEMORIAL BLVD / EXCHANGE ST ,Kenneth Demarco,176,01-Apr-17,Vehicle - Pedestrian,,,,"Two-Way , Not Divided",Dry,Dark - Lighted,Cloudy,1,Not a Collision Between Two Motor Vehicles in Transport,No,Traffic Control Signal,4,1,Incapacitating
554694,4/3/17,9:01 AM,2017-00029781,440 SMITHFIELD AVE,,440 SMITHFIELD AVE / ,Fernando Lopez,156,03-Apr-17,Vehicle - Pedestrian,,,,Unknown,Dry,Daylight,Clear,2,Rear - to - Side,No,No Controls,3,0,No Injury
554764,4/3/17,3:54 PM,2017-00029897,BRIDGHAM ST,ELMWOOD AVE ,BRIDGHAM ST / ELMWOOD AVE ,Donald Castigliego,287,03-Apr-17,Vehicle - Pedestrian,,,,"Two-Way , Not Divided",Dry,Daylight,Clear,1,Not a Collision Between Two Motor Vehicles in Transport,"Yes, M/V and Driver Left Scene",Traffic Control Signal,2,2,Complains Of Pain
554767,4/3/17,4:11 PM,2017-00029902,PRAIRIE AVE,POTTERS AVE ,PRAIRIE AVE / POTTERS AVE ,John Benros,481,03-Apr-17,Vehicle - Pedestrian,,,,"Two-Way , Not Divided",Dry,Daylight,Clear,1,Not a Collision Between Two Motor Vehicles in Transport,No,No Controls,3,1,Complains Of Pain
557202,4/5/17,4:50 PM,2017-00030559,MANTON AVE,GREENWOOD ST ,MANTON AVE / GREENWOOD ST ,Donald Castigliego,287,09-Apr-17,Vehicle - Pedestrian,,,,"Two-Way , Not Divided",Dry,Daylight,Clear,2,"Sideswipe, Same Direction",No,No Controls,3,1,Complains Of Pain
556565,4/7/17,2:45 PM,2017-00031145,WASHINGTON ST,EMPIRE ST ,WASHINGTON ST / EMPIRE ST ,KEN MATSUMOTO,348,07-Apr-17,Vehicle - Pedestrian,,,,"Two-Way , Not Divided",Dry,Daylight,Clear,0,Not a Collision Between Two Motor Vehicles in Transport,,Traffic Control Signal,1,1,Complains Of Pain
556651,4/7/17,8:09 PM,2017-00031275,100 LAURA ST,HAMILTON ST ,100 LAURA ST / HAMILTON ST ,Trent Hastings,326,07-Apr-17,Vehicle - Pedestrian,,,,"Two-Way , Not Divided",Dry,Dark - Lighted,Clear,1,Not a Collision Between Two Motor Vehicles in Transport,No,No Controls,2,1,Complains Of Pain
556707,4/8/17,2:09 AM,2017-00031398,CRANSTON ST,PARADE ST ,CRANSTON ST / PARADE ST ,Isaiah Nerney,15636,08-Apr-17,Vehicle - Pedestrian,,,,"Two-Way , Not Divided",Dry,Dark - Lighted,Clear,1,Not a Collision Between Two Motor Vehicles in Transport,"Yes, M/V and Driver Left Scene",Unknown,1,1,Complains Of Pain
556790,4/8/17,5:50 PM,2017-00031646,SABIN ST,W EXCHANGE ST,SABIN ST / W EXCHANGE ST,MICHAEL R. TROIA / TRAFFIC BUREAU,331,08-Apr-17,Vehicle - Pedestrian,,,,One-Way Trafficway,Dry,Daylight,Clear,1,Not a Collision Between Two Motor Vehicles in Transport,No,No Controls,3,1,Complains Of Pain
557105,4/9/17,3:23 PM,2017-00032023,BATTEY ST,WASHINGTON ST ,BATTEY ST / WASHINGTON ST ,Donald Castigliego,287,09-Apr-17,Vehicle - Pedestrian,X,,,"Two-Way , Not Divided",Dry,Daylight,Clear,1,Not a Collision Between Two Motor Vehicles in Transport,No,Stop Signs,3,1,Complains Of Pain
557829,4/11/17,2:31 PM,2017-00032785,Pitman St,E GEORGE ST ,Pitman St / E GEORGE ST ,Noel Field,260,11-Apr-17,Vehicle - Pedestrian,,,,One-Way Trafficway,Dry,Daylight,Clear,1,Not a Collision Between Two Motor Vehicles in Transport,No,No Controls,5,1,Complains Of Pain
558143,4/12/17,11:17 AM,2017-00033138,THOMAS ST,ANGELL ST ,THOMAS ST / ANGELL ST ,KEN MATSUMOTO,348,12-Apr-17,Vehicle - Pedestrian,,,,One-Way Trafficway,Dry,Daylight,Clear,1,Not a Collision Between Two Motor Vehicles in Transport,No,Traffic Control Signal,2,1,Complains Of Pain
558315,4/12/17,2:58 PM,2017-00033213,FELIX ST,CHALKSTONE AVE ,FELIX ST / CHALKSTONE AVE ,Trent Hastings,326,12-Apr-17,Vehicle - Pedestrian,,,,"Two-Way , Not Divided",Dry,Daylight,Clear,1,Not a Collision Between Two Motor Vehicles in Transport,No,Stop Signs,3,1,Complains Of Pain
558422,4/12/17,8:30 PM,2017-00033372,ELMWOOD AVE,PARKIS AVE ,ELMWOOD AVE / PARKIS AVE ,Robert Heaton,539,12-Apr-17,Vehicle - Pedestrian,,,,"Two-Way , Not Divided",Dry,Dark - Lighted,Clear,1,Other,"Yes, M/V and Driver Left Scene",Unknown,2,1,Complains Of Pain
558481,4/13/17,6:30 AM,2017-00033458,661 chalkstone ave,FREDERICK ST ,661 chalkstone ave / FREDERICK ST ,David Impagliazzo,223,13-Apr-17,Vehicle - Pedestrian,,,,"Two-Way , Not Divided",Dry,Daylight,Clear,2,Rear End(Front-to-Rear),"Yes, Driver Left Scene",No Controls,2,0,Unknown
558762,4/14/17,12:09 AM,2017-00033823,MEMORIAL BLVD,WASHINGTON ST ,MEMORIAL BLVD / WASHINGTON ST ,Robert Heaton,539,14-Apr-17,Vehicle - Pedestrian,,,,"Two-Way, Divided, Positive Median Barrier",Dry,Dark - Lighted,Clear,1,Other,No,Traffic Control Signal,2,1,Non-Incapacitating
559084,4/14/17,5:57 PM,2017-00034079,311 Plainfield St,PLAINFIELD ST ,311 Plainfield St / PLAINFIELD ST ,Daniel Sirignano,261,14-Apr-17,Vehicle - Pedestrian,,,,"Two-Way , Not Divided",Dry,Daylight,Clear,2,Rear End(Front-to-Rear),"Yes, M/V and Driver Left Scene",No Controls,3,0,Unknown
559294,4/15/17,12:47 PM,2017-00034386,E GEORGE ST,IVES ST ,E GEORGE ST / IVES ST ,William Hutchinson,391,15-Apr-17,Vehicle - Pedestrian,,,,"Two-Way , Not Divided",Dry,Daylight,Clear,1,Other,No,Stop Signs,3,1,Complains Of Pain
559491,4/15/17,3:15 PM,2017-00034441,Valley St,BARSTOW ST ,Valley St / BARSTOW ST ,Juan Rodrigues,194,15-Apr-17,Vehicle - Pedestrian,,,,"Two-Way, Divided, Unprotected (painted>4feet) Medium",Dry,Daylight,Clear,1,Not a Collision Between Two Motor Vehicles in Transport,No,No Controls,2,0,No Injury
559728,4/16/17,12:55 PM,2017-00034792,HILLCREST AVE,CHALKSTONE AVE ,HILLCREST AVE / CHALKSTONE AVE ,Jose Deschamps,419,16-Apr-17,Vehicle - Pedestrian,X,,,"Two-Way, Divided, Unprotected (painted>4feet) Medium",Dry,Daylight,Clear,1,Not a Collision Between Two Motor Vehicles in Transport,No,Stop Signs,2,1,Complains Of Pain
559787,4/16/17,5:07 PM,2017-00034855,EARLY ST,BROAD ST ,EARLY ST / BROAD ST ,Donald Castigliego,287,16-Apr-17,Vehicle - Pedestrian,,,,"Two-Way , Not Divided",Dry,Daylight,Clear,1,Not a Collision Between Two Motor Vehicles in Transport,"Yes, M/V and Driver Left Scene",No Controls,1,1,Complains Of Pain
560145,4/17/17,6:47 PM,2017-00035314,Branch Avenue,RT 146 South Exit Ramp,Branch Avenue / RT 146 South Exit Ramp,Matthew Nadeau,271,17-Apr-17,Vehicle - Pedestrian,,X,,"Two-Way, Divided, Unprotected (painted>4feet) Medium",Dry,Dusk,Clear,1,Not a Collision Between Two Motor Vehicles in Transport,No,Traffic Control Signal,3,0,No Injury
560537,4/18/17,7:57 PM,2017-00035722,COLLEGE ST,COLLEGE ST ,COLLEGE ST / COLLEGE ST ,Trent Hastings,326,18-Apr-17,Vehicle - Pedestrian,,,,"Two-Way , Not Divided",Dry,Dark - Lighted,Clear,1,Not a Collision Between Two Motor Vehicles in Transport,No,Traffic Control Signal,2,1,Complains Of Pain
560555,4/18/17,9:34 PM,2017-00035757,HAYES ST,FRANCIS ST ,HAYES ST / FRANCIS ST ,Michele Rudolph,512,18-Apr-17,Vehicle - Pedestrian,,,,Unknown,Dry,Dark - Lighted,Cloudy,2,Unknown,"Yes, M/V and Driver Left Scene",No Controls,2,0,Unknown
560650,4/19/17,2:13 PM,2017-00035958,PENNSYLVANIA AVE,PRAIRIE AVE ,PENNSYLVANIA AVE / PRAIRIE AVE ,KEN MATSUMOTO,348,19-Apr-17,Vehicle - Pedestrian,X,,,"Two-Way , Not Divided",Dry,Daylight,Clear,1,Not a Collision Between Two Motor Vehicles in Transport,"Yes, M/V and Driver Left Scene",Stop Signs,2,1,Non-Incapacitating
561444,4/22/17,12:59 AM,2017-00037641,PINE ST,EDDY ST ,PINE ST / EDDY ST ,Jason Cotugno,173,22-Apr-17,Vehicle - Pedestrian,,,,One-Way Trafficway,Wet,Dark - Lighted,Rain,2,Unknown,"Yes, M/V and Driver Left Scene",No Controls,3,0,No Injury
561704,4/23/17,1:02 AM,2017-00037079,ATWELLS AVE,SUTTON ST ,ATWELLS AVE / SUTTON ST ,Michael Luke,245,23-Apr-17,Vehicle - Pedestrian,,,,"Two-Way , Not Divided",Dry,Dark - Lighted,Clear,2,Rear End(Front-to-Rear),"Yes, M/V and Driver Left Scene",No Controls,6,3,Complains Of Pain
561942,4/23/17,1:01 PM,2017-00037215,SMITH ST,HUXLEY AVE ,SMITH ST / HUXLEY AVE ,Fernando Lopez,156,23-Apr-17,Vehicle - Pedestrian,,,,"Two-Way , Not Divided",Dry,Daylight,Clear,1,Not a Collision Between Two Motor Vehicles in Transport,No,No Controls,3,1,Complains Of Pain
562076,4/23/17,3:57 PM,2017-00037237,75 Christopher St,SEDAN ST ,75 Christopher St / SEDAN ST ,Michael Moonan,286,23-Apr-17,Vehicle - Pedestrian,,,,"Two-Way , Not Divided",Dry,Daylight,Clear,2,Rear End(Front-to-Rear),No,No Controls,4,0,No Injury
563003,4/25/17,6:35 PM,2017-00037957,ACADEMY AVE,CHALKSTONE AVE ,ACADEMY AVE / CHALKSTONE AVE ,Trent Hastings,326,25-Apr-17,Vehicle - Pedestrian,,,,"Two-Way , Not Divided",Wet,Daylight,Rain,1,Not a Collision Between Two Motor Vehicles in Transport,No,Traffic Control Signal,3,1,Complains Of Pain
563569,4/28/17,12:51 AM,2017-00038664,STONELAW AVE,SHARON ST ,STONELAW AVE / SHARON ST ,Robert Heaton,539,28-Apr-17,Vehicle - Pedestrian,,,,"Two-Way , Not Divided",Dry,Dark - Lighted,Cloudy,1,Other,No,No Controls,3,0,No Injury
563645,4/28/17,2:40 PM,2017-00038854,MANTON AVE,FRUIT HILL AVE ,MANTON AVE / FRUIT HILL AVE ,KEN MATSUMOTO,348,28-Apr-17,Vehicle - Pedestrian,,X,,"Two-Way , Not Divided",Dry,Daylight,Clear,1,Not a Collision Between Two Motor Vehicles in Transport,No,Traffic Control Signal,3,0,No Injury
564089,4/29/17,4:22 PM,2017-00039369,895 ELMWOOD AVENUE,,895 ELMWOOD AVENUE / ,Donald Castigliego,287,29-Apr-17,Vehicle - Pedestrian,,,,"Two-Way , Not Divided",Dry,Daylight,Clear,1,Not a Collision Between Two Motor Vehicles in Transport,No,No Controls,4,1,Non-Incapacitating
564319,4/30/17,11:53 AM,2017-00039723,CRANSTON ST,HARRISON ST ,CRANSTON ST / HARRISON ST ,KEN MATSUMOTO,348,30-Apr-17,Vehicle - Pedestrian,,,,"Two-Way , Not Divided",Dry,Daylight,Clear,1,Not a Collision Between Two Motor Vehicles in Transport,No,Stop Signs,3,1,Complains Of Pain
564705,5/1/17,12:07 PM,2017-00040060,GROVE ST,VINTON ST ,GROVE ST / VINTON ST ,KEN MATSUMOTO,348,01-May-17,Vehicle - Pedestrian,X,,,One-Way Trafficway,Dry,Daylight,Clear,1,Not a Collision Between Two Motor Vehicles in Transport,"Yes, M/V and Driver Left Scene",No Controls,3,1,Complains Of Pain
565165,5/2/17,11:45 AM,2017-00040402,CRANSTON ST,MESSER ST ,CRANSTON ST / MESSER ST ,Fernando Lopez,156,02-May-17,Vehicle - Pedestrian,,,,"Two-Way , Not Divided",Dry,Daylight,Cloudy,2,"Sideswipe, Same Direction",No,No Controls,4,0,No Injury
565172,5/2/17,11:41 AM,2017-00040393,SOUTH WATER  ST,POINT STREET,SOUTH WATER  ST / POINT STREET,Raymond King,633,02-May-17,Vehicle - Pedestrian,,,,One-Way Trafficway,Dry,Daylight,Cloudy,2,"Sideswipe, Same Direction",No,No Controls,4,0,No Injury
565279,5/2/17,4:42 PM,2017-00040492,MANTON AVE,Unit St,MANTON AVE / Unit St,Juan Rodrigues,194,02-May-17,Vehicle - Pedestrian,X,,,"Two-Way, Divided, Unprotected (painted>4feet) Medium",Dry,Daylight,Clear,1,Angle (Front - to - Side) Right Angle (Includes Broadside),No,No Controls,2,1,Complains Of Pain
565280,5/2/17,4:30 PM,2017-00040484,74 Brush Hill Rd,MAYNARD ST ,74 Brush Hill Rd / MAYNARD ST ,Daniel Sirignano,261,02-May-17,Vehicle - Pedestrian,,,,"Two-Way , Not Divided",Dry,Daylight,Clear,2,"Sideswipe, Same Direction",No,No Controls,3,0,No Injury
565562,5/3/17,7:23 AM,2017-00040687,26 BREWSTER STREET,4TH ST ,26 BREWSTER STREET / 4TH ST ,Patrolman Darren Hull C-183,598,03-May-17,Vehicle - Pedestrian,,,,"Two-Way, Divided, Unprotected (painted>4feet) Medium",Dry,Daylight,Clear,2,"Sideswipe, Same Direction","Yes, M/V and Driver Left Scene",No Controls,3,0,No Injury
566153,5/4/17,5:37 PM,2017-00041212,MANTON AVE,PALFREY PL ,MANTON AVE / PALFREY PL ,Robert Carlin,309,04-May-17,Vehicle - Pedestrian,,,,"Two-Way , Not Divided",Dry,Daylight,Clear,1,Other,"Yes, M/V and Driver Left Scene",Traffic Control Signal,2,1,Complains Of Pain
566337,5/5/17,12:08 AM,2017-00041315,CRANSTON ST,POTTERS AVE ,CRANSTON ST / POTTERS AVE ,Ryan Fedo,210,05-May-17,Vehicle - Pedestrian,X,,,"Two-Way, Divided, Unprotected (painted>4feet) Medium",Dry,Dark - Lighted,Clear,1,Not a Collision Between Two Motor Vehicles in Transport,No,No Controls,3,1,Non-Incapacitating