CrashReportId,CrashDate,CrashTime,ReportNumber,StreetOrHighway,NearestIntersection,Location,Officer,Badge,ReportDate,TypeOfCollision,Bicycle,Scooter,Wheel Chair,TypeOfRoadway,RoadSurfaceCondition,LightCondition,WeatherCondition,NumberofVehicles,MannerofImpact,HitAndRun,TrafficControl,PersonCount,InjuryCount,MostSeriousInjury
566566,5/5/17,2:59 PM,2017-00041486,DOUGLAS AVE,EATON ST ,DOUGLAS AVE / EATON ST ,Donald Castigliego,287,05-May-17,Vehicle - Pedestrian,,,,"Two-Way , Not Divided",Wet,Daylight,Rain,1,Not a Collision Between Two Motor Vehicles in Transport,"Yes, M/V and Driver Left Scene",No Controls,1,1,Complains Of Pain
567037,5/6/17,5:15 PM,2017-00041932,202 HARRISON ST,WILSON ST ,202 HARRISON ST / WILSON ST ,Jose Deschamps,419,06-May-17,Vehicle - Pedestrian,,,,"Two-Way , Not Divided",Dry,Daylight,Clear,2,Not a Collision Between Two Motor Vehicles in Transport,No,No Controls,3,1,Incapacitating
567253,5/7/17,6:42 PM,2017-00422375,15 CLEMATIS ST,CHALKSTONE AVE ,15 CLEMATIS ST / CHALKSTONE AVE ,Trent Hastings,326,07-May-17,Vehicle - Pedestrian,,,,"Two-Way , Not Divided",Dry,Daylight,Clear,1,Not a Collision Between Two Motor Vehicles in Transport,No,No Controls,3,1,Complains Of Pain
567341,5/7/17,12:01 AM,2017-00042111,BROADWAY,COURTLAND ST ,BROADWAY / COURTLAND ST ,Robert Heaton,539,07-May-17,Vehicle - Pedestrian,X,,,"Two-Way , Not Divided",Wet,Dark - Lighted,Cloudy,1,Other,"Yes, M/V and Driver Left Scene",No Controls,2,1,Complains Of Pain
567547,5/8/17,4:32 PM,2017-00042721,4TH ST,HOPE ST ,4TH ST / HOPE ST ,Jessica Leone,258,08-May-17,Vehicle - Pedestrian,,,,"Two-Way , Not Divided",Dry,Daylight,Clear,2,Not a Collision Between Two Motor Vehicles in Transport,No,No Controls,4,0,No Injury
567818,5/9/17,3:12 PM,2017-00043134,SALMON ST,SALMON ST ,SALMON ST / SALMON ST ,Alex Gonzalez,473,09-May-17,Vehicle - Pedestrian,,,,"Two-Way , Not Divided",Dry,Daylight,Clear,3,Other,"Yes, Driver Left Scene",No Controls,5,1,Complains Of Pain
567889,5/10/17,8:59 AM,2017-00043195,PUBLIC ST,PRAIRIE AVE ,PUBLIC ST / PRAIRIE AVE ,Jose Deschamps,419,10-May-17,Vehicle - Pedestrian,,,,"Two-Way, Divided, Unprotected (painted>4feet) Medium",Dry,Daylight,Clear,1,Not a Collision Between Two Motor Vehicles in Transport,"Yes, M/V and Driver Left Scene",Traffic Control Signal,5,1,Incapacitating
567996,5/10/17,2:16 PM,2017-00043282,DEAN ST,W FOUNTAIN ST ,DEAN ST / W FOUNTAIN ST ,KEN MATSUMOTO,348,10-May-17,Vehicle - Pedestrian,,,,"Two-Way , Not Divided",Dry,Daylight,Cloudy,1,Not a Collision Between Two Motor Vehicles in Transport,No,Pavement Markings,2,1,Complains Of Pain
568174,5/10/17,8:54 PM,2017-00043436,Broadway,VINTON ST ,Broadway / VINTON ST ,Brittany Boudreau,236,10-May-17,Vehicle - Pedestrian,,,,"Two-Way, Divided, Unprotected (painted>4feet) Medium",Dry,Daylight,Clear,1,Not a Collision Between Two Motor Vehicles in Transport,"Yes, M/V and Driver Left Scene",No Controls,2,1,Complains Of Pain
568407,5/10/17,11:06 PM,2017-00043465,VALLEY ST,DEAN ST ,VALLEY ST / DEAN ST ,Kyle Richards,209,11-May-17,Vehicle - Pedestrian,,,,"Two-Way, Divided, Unprotected (painted>4feet) Medium",Dry,Dark - Lighted,Clear,1,Not a Collision Between Two Motor Vehicles in Transport,No,Traffic Control Signal,2,1,Non-Incapacitating
569842,5/12/17,9:27 PM,2017-00044141,375 Plainfield St,,375 Plainfield St / ,Michael Clary,269,12-May-17,Vehicle - Pedestrian,,,,"Two-Way , Not Divided",Dry,Dark - Lighted,Clear,1,Not a Collision Between Two Motor Vehicles in Transport,No,No Controls,2,1,Complains Of Pain
568923,5/12/17,11:02 AM,2017-00043923,ELMWOOD AVE,ELMWOOD AVE ,ELMWOOD AVE / ELMWOOD AVE ,Edwin Kemble,364,12-May-17,Vehicle - Pedestrian,,,,"Two-Way , Not Divided",Dry,Daylight,Cloudy,2,Other,"Yes, M/V and Driver Left Scene",No Controls,3,0,No Injury
570185,5/13/17,1:06 PM,2017-00044393,cranston st,wendell st,cranston st / wendell st,Albert Deschamps,527,16-May-17,Vehicle - Pedestrian,X,,,"Two-Way , Not Divided",Dry,Daylight,Cloudy,1,Not a Collision Between Two Motor Vehicles in Transport,No,No Controls,2,0,No Injury
569190,5/13/17,8:30 PM,2017-00044514,WICKENDEN ST,ANN ST ,WICKENDEN ST / ANN ST ,Miguel Castillo,489,13-May-17,Vehicle - Pedestrian,,,,"Two-Way, Divided, Unprotected (painted>4feet) Medium",Wet,Dark - Lighted,Rain,2,"Sideswipe, Same Direction","Yes, M/V and Driver Left Scene",No Controls,2,0,Unknown
569919,5/15/17,10:59 AM,2017-00045017,635 ELMWOOD AVE,,635 ELMWOOD AVE / ,MICHAEL R. TROIA / TRAFFIC BUREAU,331,15-May-17,Vehicle - Pedestrian,,,,"Two-Way, Divided, Positive Median Barrier",Wet,Daylight,Rain,1,Not a Collision Between Two Motor Vehicles in Transport,No,No Controls,4,1,Complains Of Pain
569971,5/15/17,3:30 PM,2017-00045106,GALLUP ST,GORDON AVE ,GALLUP ST / GORDON AVE ,Donald Castigliego,287,15-May-17,Vehicle - Pedestrian,,,,"Two-Way , Not Divided",Dry,Daylight,Cloudy,1,Not a Collision Between Two Motor Vehicles in Transport,No,Stop Signs,3,1,Complains Of Pain
570432,5/16/17,2:23 PM,2017-00045458,DUTTON ST,ATWELLS AVE ,DUTTON ST / ATWELLS AVE ,Brian Ramos,285,16-May-17,Vehicle - Pedestrian,,,,"Two-Way , Not Divided",Dry,Daylight,Clear,1,Not a Collision Between Two Motor Vehicles in Transport,"Yes, M/V and Driver Left Scene",No Controls,1,1,Complains Of Pain
570503,5/16/17,5:47 PM,2017-00045543,BROAD ST,CLAVERICK ST ,BROAD ST / CLAVERICK ST ,Donald Castigliego,287,16-May-17,Vehicle - Pedestrian,,,,"Two-Way , Not Divided",Dry,Daylight,Clear,1,Not a Collision Between Two Motor Vehicles in Transport,No,Traffic Control Signal,7,1,Complains Of Pain
570932,5/18/17,7:57 AM,2017-00046131,ATWELLS AVE,VALLEY ST ,ATWELLS AVE / VALLEY ST ,Jose Deschamps,419,18-May-17,Vehicle - Pedestrian,,,,"Two-Way, Divided, Unprotected (painted>4feet) Medium",Dry,Daylight,Clear,1,Not a Collision Between Two Motor Vehicles in Transport,No,Traffic Control Signal,2,0,No Injury
571007,5/18/17,1:00 PM,2017-00046231,DOUGLAS AVE,LUBEC ST,DOUGLAS AVE / LUBEC ST,Jose Deschamps,419,18-May-17,Vehicle - Pedestrian,X,,,"Two-Way, Divided, Unprotected (painted>4feet) Medium",Dry,Daylight,Clear,1,Not a Collision Between Two Motor Vehicles in Transport,No,No Controls,2,1,Complains Of Pain
571177,5/18/17,3:38 PM,2017-00046289,RICHMOND ST,POINT ST ,RICHMOND ST / POINT ST ,Trent Hastings,326,18-May-17,Vehicle - Pedestrian,,,,"Two-Way , Not Divided",Dry,Daylight,Clear,1,Not a Collision Between Two Motor Vehicles in Transport,No,Traffic Control Signal,3,1,Complains Of Pain
571646,5/19/17,3:16 PM,2017-00046724,WESTMINSTER ST,DEXTER ST ,WESTMINSTER ST / DEXTER ST ,Richard Mendez,288,19-May-17,Vehicle - Pedestrian,X,,,"Two-Way , Not Divided",Dry,Daylight,Clear,1,Not a Collision Between Two Motor Vehicles in Transport,"Yes, M/V and Driver Left Scene",Pavement Markings,1,0,No Injury
572353,5/21/17,12:03 AM,2017-00047426,POTTERS AVE,NIAGARA ST ,POTTERS AVE / NIAGARA ST ,Robert Heaton,539,21-May-17,Vehicle - Pedestrian,,,,"Two-Way , Not Divided",Dry,Dark - Lighted,Clear,2,Unknown,"Yes, M/V and Driver Left Scene",No Controls,3,0,Unknown
572354,5/21/17,2:13 AM,2017-00047478,ACORN ST,ATWELLS AVE ,ACORN ST / ATWELLS AVE ,Robert Heaton,539,21-May-17,Vehicle - Pedestrian,,,,"Two-Way , Not Divided",Dry,Dark - Lighted,Clear,2,"Sideswipe, Same Direction",No,Stop Signs,4,0,No Injury
572355,5/21/17,3:47 AM,2017-00047503,BROAD ST,SOMERSET ST ,BROAD ST / SOMERSET ST ,Robert Heaton,539,21-May-17,Vehicle - Pedestrian,,,,"Two-Way , Not Divided",Dry,Dark - Lighted,Clear,1,Other,"Yes, M/V and Driver Left Scene",No Controls,3,1,Incapacitating
573119,5/22/17,3:40 PM,2017-00048018,SMITH ST,CHALKSTONE AVE ,SMITH ST / CHALKSTONE AVE ,Trent Hastings,326,22-May-17,Vehicle - Pedestrian,,,,"Two-Way , Not Divided",Dry,Daylight,Rain,1,Not a Collision Between Two Motor Vehicles in Transport,No,No Controls,3,1,Complains Of Pain
573133,5/22/17,3:03 PM,2017-00047998,UNION AVE,SORRENTO ST ,UNION AVE / SORRENTO ST ,Adrian Francis,239,22-May-17,Vehicle - Pedestrian,,,,"Two-Way, Divided, Unprotected (painted>4feet) Medium",Wet,Daylight,Cloudy,1,Not a Collision Between Two Motor Vehicles in Transport,No,No Controls,2,1,Non-Incapacitating
573813,5/24/17,7:32 PM,2017-00048844,Cranston Street,HUNTINGTON AVE ,Cranston Street / HUNTINGTON AVE ,Michele Rudolph,512,24-May-17,Vehicle - Pedestrian,,,,Unknown,Other,Daylight,Clear,2,Rear End(Front-to-Rear),No,No Controls,10,0,No Injury
574021,5/25/17,1:24 PM,2017-00049066,ATWELLS AVE,VALLEY ST ,ATWELLS AVE / VALLEY ST ,Raymond King,633,25-May-17,Vehicle - Pedestrian,,,,"Two-Way , Not Divided",Wet,Daylight,Rain,1,Not a Collision Between Two Motor Vehicles in Transport,No,Traffic Control Signal,4,1,Complains Of Pain
575075,5/28/17,1:21 AM,2017-00050073,60 Rowan Street,CHALKSTONE AVE ,60 Rowan Street / CHALKSTONE AVE ,James Lanier,211,28-May-17,Vehicle - Pedestrian,,,,"Two-Way , Not Divided",Dry,Dark - Lighted,Clear,2,Not a Collision Between Two Motor Vehicles in Transport,"Yes, M/V and Driver Left Scene",No Controls,2,0,Unknown
589091,5/28/17,7:54 PM,2017-00050366,ALTHEA ST,CRANSTON ST ,ALTHEA ST / CRANSTON ST ,Luis Pelaez,336,02-Jul-17,Vehicle - Pedestrian,,,,"Two-Way , Not Divided",Dry,Dark - Lighted,Clear,2,Rear - to - Side,"Yes, M/V and Driver Left Scene",No Controls,2,0,Unknown
575534,5/29/17,12:20 PM,2017-00050613,MARSHALL ST,BROADWAY ,MARSHALL ST / BROADWAY ,Fernando Lopez,156,29-May-17,Vehicle - Pedestrian,,,,"Two-Way , Not Divided",Dry,Daylight,Cloudy,2,Rear End(Front-to-Rear),"Yes, Driver Left Scene",No Controls,5,0,Unknown
575796,5/29/17,9:01 PM,2017-00050760,Huntington Ave,,Huntington Ave / ,Michael Clary,269,30-May-17,Vehicle - Pedestrian,,,,One-Way Trafficway,Dry,Dark - Lighted,Clear,1,Not a Collision Between Two Motor Vehicles in Transport,No,No Controls,5,1,Complains Of Pain
576369,5/31/17,12:47 PM,2017-00051270,391 CHARLES ST,SILVER SPRING ST ,391 CHARLES ST / SILVER SPRING ST ,Jose Deschamps,419,31-May-17,Vehicle - Pedestrian,X,,,"Two-Way , Not Divided",Dry,Daylight,Clear,1,Other,No,No Controls,4,1,Complains Of Pain
576546,6/1/17,12:03 PM,2017-00051589,TINGLEY ST,ACORN ST ,TINGLEY ST / ACORN ST ,Fernando Lopez,156,01-Jun-17,Vehicle - Pedestrian,,,,"Two-Way , Not Divided",Dry,Daylight,Clear,2,Rear - to - Rear,No,No Controls,4,0,No Injury
576803,6/1/17,9:40 PM,2017-00051792,PLAINFIELD ST,DUXBURY ST ,PLAINFIELD ST / DUXBURY ST ,Jose Mendez,321,01-Jun-17,Vehicle - Pedestrian,,,,"Two-Way , Not Divided",Dry,Dark - Lighted,Clear,1,Other,No,No Controls,2,1,Complains Of Pain
576883,6/2/17,9:15 AM,2017-00051918,235 PLAIN ST,,235 PLAIN ST / ,Fernando Lopez,156,02-Jun-17,Vehicle - Pedestrian,,,,Unknown,Dry,Daylight,Clear,2,Unknown,"Yes, M/V and Driver Left Scene",No Controls,2,0,Unknown
576913,6/2/17,4:45 PM,2017-00052068,PUMGANSETT ST,ADMIRAL ST ,PUMGANSETT ST / ADMIRAL ST ,KEN MATSUMOTO,348,02-Jun-17,Vehicle - Pedestrian,X,,,"Two-Way , Not Divided",Wet,Daylight,Cloudy,1,Not a Collision Between Two Motor Vehicles in Transport,No,Pavement Markings,3,1,Complains Of Pain
576980,6/2/17,8:08 PM,2017-00052151,HAMLIN ST,ELMWOOD AVE ,HAMLIN ST / ELMWOOD AVE ,KEN MATSUMOTO,348,02-Jun-17,Vehicle - Pedestrian,X,,,"Two-Way , Not Divided",Dry,Daylight,Clear,1,Not a Collision Between Two Motor Vehicles in Transport,No,No Controls,2,0,No Injury
577920,6/5/17,3:00 PM,2017-00053208,PUBLIC ST,HILTON ST ,PUBLIC ST / HILTON ST ,Trent Hastings,326,05-Jun-17,Vehicle - Pedestrian,,,,"Two-Way , Not Divided",Dry,Daylight,Cloudy,1,Not a Collision Between Two Motor Vehicles in Transport,No,No Controls,2,1,Complains Of Pain
577944,6/5/17,6:50 PM,2017-00053231,4TH ST,SUMMIT AVE ,4TH ST / SUMMIT AVE ,Jessica Leone,258,05-Jun-17,Vehicle - Pedestrian,X,,,"Two-Way , Not Divided",Dry,Dark - Lighted,Clear,1,Other,"Yes, M/V and Driver Left Scene",No Controls,2,0,No Injury
578691,6/6/17,8:55 PM,2017-00053651,95 VALLEY ST,DELAINE ST ,95 VALLEY ST / DELAINE ST ,Robert Heaton,539,06-Jun-17,Vehicle - Pedestrian,,,,Unknown,Wet,Unknown,Rain,2,Unknown,"Yes, M/V and Driver Left Scene",No Controls,3,0,Unknown
578785,6/7/17,7:51 AM,2017-00053745,SMITH STREET,STATE ST / GASPEE ST ,SMITH STREET / STATE ST / GASPEE ST ,Darren Hull,598,07-Jun-17,Vehicle - Pedestrian,,,,"Two-Way, Divided, Unprotected (painted>4feet) Medium",Dry,Daylight,Clear,1,Not a Collision Between Two Motor Vehicles in Transport,No,Traffic Control Signal,3,1,Complains Of Pain
578795,6/7/17,7:54 AM,2017-00053747,US HWY 6 E,WESTMINSTER ST ,US HWY 6 E / WESTMINSTER ST ,Thiago Gomes,532,07-Jun-17,Vehicle - Pedestrian,,,,One-Way Trafficway,Dry,Daylight,Cloudy,1,Head-On (Front - to - Front),No,Traffic Control Signal,2,1,Complains Of Pain
579279,6/8/17,12:33 PM,2017-00054249,51 Silver Spring Street ,Walmart Parking Lot  ,51 Silver Spring Street  / Walmart Parking Lot  ,Michele Tella,668,08-Jun-17,Vehicle - Pedestrian,,,,"Two-Way , Not Divided",Dry,Daylight,Clear,1,Other,No,No Controls,2,0,No Injury
579285,6/8/17,4:02 PM,2017-00054310,PANAY ST,MANTON AVE ,PANAY ST / MANTON AVE ,KEN MATSUMOTO,348,08-Jun-17,Vehicle - Pedestrian,,,,"Two-Way , Not Divided",Dry,Daylight,Cloudy,3,Angle (Front - to - Side) Right Angle (Includes Broadside),No,Stop Signs,7,2,Complains Of Pain
579539,6/9/17,9:51 AM,2017-00054577,ORANGE ST,PINE ST ,ORANGE ST / PINE ST ,Fernando Lopez,156,09-Jun-17,Vehicle - Pedestrian,,,,"Two-Way , Not Divided",Dry,Daylight,Clear,2,Rear - to - Side,No,No Controls,3,0,No Injury
579795,6/9/17,3:40 PM,2017-00054691,POINT ST,PARSONAGE ST ,POINT ST / PARSONAGE ST ,Donald Castigliego,287,09-Jun-17,Vehicle - Pedestrian,,,,"Two-Way , Not Divided",Dry,Daylight,Cloudy,1,Not a Collision Between Two Motor Vehicles in Transport,No,No Controls,6,1,Complains Of Pain
579932,6/9/17,9:09 PM,2017-00054863,29 Holly Street,LAURISTON ST ,29 Holly Street / LAURISTON ST ,Michele Rudolph,512,09-Jun-17,Vehicle - Pedestrian,,,,"Two-Way , Not Divided",Dry,Dark - Lighted,Clear,3,Head-On (Front - to - Front),"Yes, M/V and Driver Left Scene",Stop Signs,4,0,Unknown
580245,6/9/17,5:40 PM,2017-00054803,Westminster St,MESSER ST ,Westminster St / MESSER ST ,Brian Murphy,231,10-Jun-17,Vehicle - Pedestrian,,,,"Two-Way , Not Divided",Dry,Daylight,Clear,2,"Sidwswipe, Opposite Direction","Yes, M/V and Driver Left Scene",No Controls,5,2,Complains Of Pain
580350,6/11/17,3:36 AM,2017-00055484,BROADWAY,EMPIRE ST ,BROADWAY / EMPIRE ST ,Christopher Beach,230,11-Jun-17,Vehicle - Pedestrian,X,,,"Two-Way , Not Divided",Dry,Dark - Unknown Lighting,Clear,1,Not a Collision Between Two Motor Vehicles in Transport,"Yes, M/V and Driver Left Scene",No Controls,1,1,Complains Of Pain
580810,6/11/17,2:41 AM,2017-00055470,ALLENS AVE,ALLENS AVE ,ALLENS AVE / ALLENS AVE ,Kyle Endres,220,12-Jun-17,Vehicle - Pedestrian,,,,"Two-Way , Not Divided",Dry,Dark - Lighted,Clear,2,Rear End(Front-to-Rear),No,No Controls,3,0,No Injury
581408,6/12/17,11:13 PM,2017-00056228,WATERMAN ST,COOKE ST ,WATERMAN ST / COOKE ST ,Robert Heaton,539,13-Jun-17,Vehicle - Pedestrian,,,,One-Way Trafficway,Dry,Dark - Lighted,Clear,1,Other,No,No Controls,2,1,Non-Incapacitating
582005,6/13/17,8:42 PM,2017-00056590,DUDLEY ST,PRAIRIE AVE ,DUDLEY ST / PRAIRIE AVE ,Michael Sullivan,347,13-Jun-17,Vehicle - Pedestrian,,,,"Two-Way , Not Divided",Dry,Dusk,Clear,1,Not a Collision Between Two Motor Vehicles in Transport,"Yes, Driver Left Scene",No Controls,1,0,Unknown
582052,6/13/17,7:59 PM,2017-00056565,PEARL ST,PRAIRIE AVE,PEARL ST / PRAIRIE AVE,Robert Heaton,539,13-Jun-17,Vehicle - Pedestrian,X,,,"Two-Way , Not Divided",Dry,Daylight,Clear,1,Angle (Front - to - Side) Right Angle (Includes Broadside),"Yes, M/V and Driver Left Scene",Stop Signs,2,1,Incapacitating
582511,6/14/17,8:17 PM,2017-00056963,BROAD ST,HASKINS ST ,BROAD ST / HASKINS ST ,Robert Heaton,539,14-Jun-17,Vehicle - Pedestrian,,,,"Two-Way , Not Divided",Dry,Daylight,Clear,2,"Sideswipe, Same Direction",No,No Controls,3,0,No Injury
582588,6/15/17,1:00 PM,2017-00057162,Dyer St,Peck St,Dyer St / Peck St,John Henderson,148,15-Jun-17,Vehicle - Pedestrian,,,,"Two-Way, Divided, Unprotected (painted>4feet) Medium",Dry,Daylight,Clear,2,"Sideswipe, Same Direction","Yes, M/V and Driver Left Scene",No Controls,2,0,Unknown
582589,6/15/17,12:42 PM,2017-00057157,BUTLER DR ,BLACKSTONE BLVD ,BUTLER DR  / BLACKSTONE BLVD ,Fernando Lopez,156,15-Jun-17,Vehicle - Pedestrian,,,,"Two-Way , Not Divided",Dry,Daylight,Clear,1,Not a Collision Between Two Motor Vehicles in Transport,No,Other,2,1,Complains Of Pain
582950,6/15/17,5:51 PM,2017-00057263,RIVER AVE,ADMIRAL ST ,RIVER AVE / ADMIRAL ST ,Matthew Nadeau,271,15-Jun-17,Vehicle - Pedestrian,X,,,"Two-Way, Divided, Unprotected (painted>4feet) Medium",Dry,Daylight,Clear,1,Not a Collision Between Two Motor Vehicles in Transport,No,Traffic Control Signal,2,1,Non-Incapacitating
583727,6/17/17,9:13 AM,2017-00057897,ATWELLS AVE,ACADEMY AVE ,ATWELLS AVE / ACADEMY AVE ,Richard Ramirez,338,17-Jun-17,Vehicle - Pedestrian,,,,"Two-Way, Divided, Unprotected (painted>4feet) Medium",Wet,Daylight,Cloudy,1,Not a Collision Between Two Motor Vehicles in Transport,No,Traffic Control Signal,3,1,Complains Of Pain
583781,6/17/17,3:26 PM,2017-00058029,BRANCH AVE EXIT,BRANCH AVE ,BRANCH AVE EXIT / BRANCH AVE ,Michael Moonan,286,17-Jun-17,Vehicle - Pedestrian,,,,Unknown,Dry,Daylight,Clear,2,Rear - to - Side,No,No Controls,3,0,No Injury
583797,6/17/17,6:15 PM,2017-00058089,ELMWOOD AVE,ELMWOOD AVE ,ELMWOOD AVE / ELMWOOD AVE ,Kenneth Demarco,176,17-Jun-17,Vehicle - Pedestrian,,,,"Two-Way , Not Divided",Dry,Daylight,Cloudy,1,Not a Collision Between Two Motor Vehicles in Transport,No,No Controls,2,1,Incapacitating
584586,6/18/17,6:56 PM,2017-00058605,MERCY ST,POCASSET AVE ,MERCY ST / POCASSET AVE ,David Preston,251,18-Jun-17,Vehicle - Pedestrian,,,,"Two-Way , Not Divided",Dry,Daylight,Clear,1,"Sidwswipe, Opposite Direction",No,No Controls,2,1,Non-Incapacitating
584785,6/19/17,11:12 AM,2017-00058867,SOPHIA ST,ETHAN ST ,SOPHIA ST / ETHAN ST ,Fernando Lopez,156,19-Jun-17,Vehicle - Pedestrian,,,,"Two-Way , Not Divided",Dry,Daylight,Clear,2,Rear - to - Side,No,No Controls,4,0,No Injury
584867,6/19/17,4:42 PM,2017-00058979,SMITH ST ,CHALKSTONE AVE ,SMITH ST  / CHALKSTONE AVE ,MICHAEL R. TROIA / TRAFFIC BUREAU,331,19-Jun-17,Vehicle - Pedestrian,X,,,"Two-Way , Not Divided",Dry,Daylight,Clear,1,Not a Collision Between Two Motor Vehicles in Transport,No,Traffic Control Signal,3,1,Complains Of Pain
585471,6/21/17,10:34 AM,2017-00059627,325 MELROSE ST,,325 MELROSE ST / ,Fernando Lopez,156,21-Jun-17,Vehicle - Pedestrian,,,,Unknown,Dry,Daylight,Clear,2,Other,No,No Controls,4,0,No Injury
585675,6/22/17,2:04 AM,2017-00059947,Eddy st / California ave,EDDY ST ,Eddy st / California ave / EDDY ST ,Matthew Sheridan,229,22-Jun-17,Vehicle - Pedestrian,,,,"Two-Way , Not Divided",Dry,Dark - Lighted,Clear,1,Not a Collision Between Two Motor Vehicles in Transport,No,No Controls,2,0,No Injury
585911,6/22/17,5:39 PM,2017-00060160,CHALKSTONE AVENU,FERN STREET,CHALKSTONE AVENU / FERN STREET,Giuseppe Scarcello,485,22-Jun-17,Vehicle - Pedestrian,,,,"Two-Way , Not Divided",Dry,Daylight,Clear,1,Not a Collision Between Two Motor Vehicles in Transport,No,No Controls,3,1,Non-Incapacitating
585933,6/22/17,10:23 PM,2017-00060294,WESTMINSTER ST,HARKNESS ST ,WESTMINSTER ST / HARKNESS ST ,Joseph Amoroso,613,23-Jun-17,Vehicle - Pedestrian,,,,"Two-Way , Not Divided",Dry,Dark - Lighted,Clear,1,Not a Collision Between Two Motor Vehicles in Transport,No,No Controls,2,1,Incapacitating
586445,6/23/17,5:21 PM,2017-00060595,ARMSTRONG AVE,THOMPSON ST ,ARMSTRONG AVE / THOMPSON ST ,Joseph Iannucci,410,24-Jun-17,Vehicle - Pedestrian,,,,"Two-Way , Not Divided",Dry,Daylight,Clear,1,Other,No,No Controls,2,1,Complains Of Pain
586115,6/23/17,1:11 PM,2017-00060499,BELMONT AVE,ACADEMY AVE ,BELMONT AVE / ACADEMY AVE ,Wayne Mann,563,23-Jun-17,Vehicle - Pedestrian,,,,One-Way Trafficway,Dry,Daylight,Cloudy,1,Other,No,Other,2,1,Complains Of Pain
586566,6/24/17,7:30 PM,2017-00091158,SUMMER ST,CONDUIT ST ,SUMMER ST / CONDUIT ST ,Edwardo Curi,294,24-Jun-17,Vehicle - Pedestrian,,,,"Two-Way , Not Divided",Dry,Dark - Lighted,Clear,1,Not a Collision Between Two Motor Vehicles in Transport,"Yes, Driver Left Scene",No Controls,1,1,Complains Of Pain
586579,6/24/17,8:29 PM,2017-00061159,105 ALVERSON AVE,NYE ST ,105 ALVERSON AVE / NYE ST ,Trent Hastings,326,24-Jun-17,Vehicle - Pedestrian,X,,,"Two-Way , Not Divided",Dry,Dark - Lighted,Clear,1,Not a Collision Between Two Motor Vehicles in Transport,No,No Controls,2,1,Complains Of Pain
586355,6/24/17,1:11 AM,2017-00060820,PILSUDSKI ST,PLAINFIELD ST ,PILSUDSKI ST / PLAINFIELD ST ,Robert Heaton,539,24-Jun-17,Vehicle - Pedestrian,,,,"Two-Way , Not Divided",Dry,Dark - Lighted,Clear,1,Other,"Yes, M/V and Driver Left Scene",No Controls,3,1,Incapacitating
586365,6/24/17,6:05 AM,2017-00060889,PUBLIC ST,PRAIRIE AVE ,PUBLIC ST / PRAIRIE AVE ,Kyle Endres,220,24-Jun-17,Vehicle - Pedestrian,,,,"Two-Way , Not Divided",Dry,Daylight,Clear,1,Not a Collision Between Two Motor Vehicles in Transport,"Yes, Driver Left Scene",No Controls,1,0,Unknown
586614,6/25/17,4:07 AM,2017-00061378,WOODWARD RD,BRANCH AVE ,WOODWARD RD / BRANCH AVE ,Jason Bibeault,344,25-Jun-17,Vehicle - Pedestrian,X,,,"Two-Way , Not Divided",Dry,Dark - Lighted,Clear,1,Not a Collision Between Two Motor Vehicles in Transport,"Yes, M/V and Driver Left Scene",No Controls,3,2,Complains Of Pain
586812,6/25/17,10:56 AM,2017-00061450,HOPE ST,ALUMNI AVE ,HOPE ST / ALUMNI AVE ,KEN MATSUMOTO,348,25-Jun-17,Vehicle - Pedestrian,X,,,"Two-Way , Not Divided",Dry,Daylight,Clear,1,Not a Collision Between Two Motor Vehicles in Transport,"Yes, M/V and Driver Left Scene",No Controls,2,1,Incapacitating
587154,6/26/17,10:18 AM,2017-00061814,1 WEST EXCHANGE ST,,1 WEST EXCHANGE ST / ,Fernando Lopez,156,26-Jun-17,Vehicle - Pedestrian,,,,Unknown,Dry,Daylight,Clear,2,"Sideswipe, Same Direction",No,No Controls,4,0,No Injury
588868,6/26/17,12:11 PM,2017-00061843,ADELAIDE AVE,EMERSON ST ,ADELAIDE AVE / EMERSON ST ,James Annis,454,01-Jul-17,Vehicle - Pedestrian,,,,"Two-Way , Not Divided",Dry,Daylight,Clear,1,Angle (Front - to - Side) Right Angle (Includes Broadside),No,Stop Signs,4,0,No Injury
587971,6/28/17,6:13 PM,2017-00062727,GLENHAM ST,PRAIRIE AVE ,GLENHAM ST / PRAIRIE AVE ,Donald Castigliego,287,28-Jun-17,Vehicle - Pedestrian,X,,,"Two-Way , Not Divided",Dry,Daylight,Clear,1,Not a Collision Between Two Motor Vehicles in Transport,No,No Controls,3,0,No Injury
588281,6/29/17,5:14 PM,2017-00063076,WASHINGTON ST,GREENE ST ,WASHINGTON ST / GREENE ST ,Kenneth Demarco,176,29-Jun-17,Vehicle - Pedestrian,,,,One-Way Trafficway,Dry,Daylight,Cloudy,1,Not a Collision Between Two Motor Vehicles in Transport,No,Traffic Control Signal,2,1,Non-Incapacitating
588502,6/30/17,6:59 AM,2017-00063261,FRANCIS STREET,I 95,FRANCIS STREET / I 95,Joseph Madeira,552,30-Jun-17,Vehicle - Pedestrian,,,,"Two-Way , Not Divided",Dry,Daylight,Clear,1,Other,No,Traffic Control Signal,4,1,Non-Incapacitating
588561,6/30/17,3:24 PM,2017-00063399,SABIN ST,SABIN ST ,SABIN ST / SABIN ST ,Glen Morgan,558,30-Jun-17,Vehicle - Pedestrian,,,,One-Way Trafficway,Dry,Daylight,Clear,1,Angle (Front - to - Side) Right Angle (Includes Broadside),No,No Controls,4,1,Complains Of Pain