CrashReportId,CrashDate,CrashTime,ReportNumber,StreetOrHighway,NearestIntersection,Location,Officer,Badge,ReportDate,TypeOfCollision,Bicycle,Scooter,Wheel Chair,TypeOfRoadway,RoadSurfaceCondition,LightCondition,WeatherCondition,NumberofVehicles,MannerofImpact,HitAndRun,TrafficControl,PersonCount,InjuryCount,MostSeriousInjury
588591,6/30/17,5:50 PM,2017-00063468,RHODES ST,EDDY ST ,RHODES ST / EDDY ST ,Kenneth Demarco,176,30-Jun-17,Vehicle - Pedestrian,,,,"Two-Way , Not Divided",Dry,Daylight,Cloudy,1,Not a Collision Between Two Motor Vehicles in Transport,No,No Controls,2,1,Complains Of Pain
588899,7/1/17,11:28 AM,2017-00063752,BRANCH AVE,VEAZIE ST ,BRANCH AVE / VEAZIE ST ,Cynthia Rodriguez,693,01-Jul-17,Vehicle - Pedestrian,,,,"Two-Way , Not Divided",Dry,Daylight,Clear,1,Not a Collision Between Two Motor Vehicles in Transport,No,No Controls,2,1,Complains Of Pain
588942,7/1/17,8:57 PM,2017-00063953,NORTH MAIN ST,N MAIN ST ,NORTH MAIN ST / N MAIN ST ,Robert Heaton,539,01-Jul-17,Vehicle - Pedestrian,,,,"Two-Way, Divided, Positive Median Barrier",Dry,Dark - Lighted,Clear,1,Other,No,No Controls,2,1,Non-Incapacitating
589245,7/2/17,10:38 PM,2017-00064446,PARNELL ST,FOWLER ST ,PARNELL ST / FOWLER ST ,Robert Heaton,539,02-Jul-17,Vehicle - Pedestrian,,,,"Two-Way , Not Divided",Dry,Dark - Lighted,Clear,1,Other,No,No Controls,3,1,Non-Incapacitating
589045,7/2/17,12:10 PM,2017-00064233,UNION AVE,UNION AVE ON RAMP,UNION AVE / UNION AVE ON RAMP,Fernando Lopez,156,02-Jul-17,Vehicle - Pedestrian,,,,"Two-Way , Not Divided",Dry,Daylight,Clear,1,Not a Collision Between Two Motor Vehicles in Transport,No,Pavement Markings,3,2,Complains Of Pain
589312,7/3/17,3:08 AM,2017-00064527,MEMORIAL BLVD,FRANCIS ST ,MEMORIAL BLVD / FRANCIS ST ,Jason Cotugno,173,03-Jul-17,Vehicle - Pedestrian,,,,"Two-Way, Divided, Positive Median Barrier",Dry,Dark - Lighted,Clear,1,Angle (Front - to - Side) Right Angle (Includes Broadside),No,Traffic Control Signal,3,1,Non-Incapacitating
589805,7/4/17,11:33 PM,2017-00065310,OSBORN ST,CHALKSTONE AVE ,OSBORN ST / CHALKSTONE AVE ,KEN MATSUMOTO,348,05-Jul-17,Vehicle - Pedestrian,,,,"Two-Way , Not Divided",Dry,Dark - Lighted,Clear,1,Not a Collision Between Two Motor Vehicles in Transport,No,No Controls,4,2,Non-Incapacitating
590158,7/5/17,4:52 PM,2017-00065639,PLEASANT VALLEY PKWY,SHARON ST ,PLEASANT VALLEY PKWY / SHARON ST ,Trent Hastings,326,05-Jul-17,Vehicle - Pedestrian,X,,,"Two-Way , Not Divided",Dry,Daylight,Clear,1,Not a Collision Between Two Motor Vehicles in Transport,No,No Controls,4,1,Complains Of Pain
590468,7/6/17,5:32 PM,2017-00066041,W EXCHANGE ST,W EXCHANGE ST EXIT 22A ,W EXCHANGE ST / W EXCHANGE ST EXIT 22A ,Glen Morgan,558,06-Jul-17,Vehicle - Pedestrian,,,,One-Way Trafficway,Dry,Daylight,Clear,1,Rear - to - Side,No,Traffic Control Signal,3,1,Complains Of Pain
590547,7/6/17,10:15 PM,2017-00066140,DOUGLAS AVE,PUMGANSETT ST ,DOUGLAS AVE / PUMGANSETT ST ,Robert Heaton,539,07-Jul-17,Vehicle - Pedestrian,,,X,"Two-Way , Not Divided",Dry,Dark - Lighted,Clear,1,Other,No,No Controls,3,1,Non-Incapacitating
590681,7/6/17,,2017-00066120,343 BROAD ST,BROAD ST ,343 BROAD ST / BROAD ST ,Trent Hastings,326,07-Jul-17,Vehicle - Pedestrian,,,,"Two-Way , Not Divided",Dry,Dark - Lighted,Clear,1,Not a Collision Between Two Motor Vehicles in Transport,"Yes, Driver Left Scene",No Controls,2,1,Complains Of Pain
590953,7/8/17,12:44 PM,2017-00066683,BROADWAY,DEAN ST ,BROADWAY / DEAN ST ,Fernando Lopez,156,08-Jul-17,Vehicle - Pedestrian,,,,"Two-Way , Not Divided",Dry,Daylight,Clear,1,Not a Collision Between Two Motor Vehicles in Transport,No,No Controls,4,1,Complains Of Pain
591082,7/8/17,11:35 PM,2017-00066930,PARNELL ST,ATWELLS AVE ,PARNELL ST / ATWELLS AVE ,Robert Heaton,539,09-Jul-17,Vehicle - Pedestrian,,,,"Two-Way , Not Divided",Dry,Dark - Lighted,Clear,2,"Sideswipe, Same Direction",No,No Controls,4,1,Complains Of Pain
591224,7/9/17,10:39 PM,2017-00067298,BROADWAY,VINTON ST ,BROADWAY / VINTON ST ,Tracie Miller,212,09-Jul-17,Vehicle - Pedestrian,,,,"Two-Way, Divided, Unprotected (painted>4feet) Medium",Dry,Dark - Lighted,Clear,1,Not a Collision Between Two Motor Vehicles in Transport,No,No Controls,3,1,Complains Of Pain
591899,7/12/17,11:10 AM,2017-00068170,859 River Ave,HYMER ST ,859 River Ave / HYMER ST ,Noel Field,260,12-Jul-17,Vehicle - Pedestrian,,,,"Two-Way , Not Divided",Dry,Daylight,Clear,2,Not a Collision Between Two Motor Vehicles in Transport,No,No Controls,2,0,Unknown
591972,7/12/17,5:13 PM,2017-00068300,BROAD ST,EARLY ST ,BROAD ST / EARLY ST ,Trent Hastings,326,12-Jul-17,Vehicle - Pedestrian,X,,,"Two-Way , Not Divided",Wet,Daylight,Rain,1,Not a Collision Between Two Motor Vehicles in Transport,No,No Controls,3,1,Complains Of Pain
592392,7/14/17,9:34 PM,2017-00069050,CHALKSTONE AVE,DOUGLAS AVE ,CHALKSTONE AVE / DOUGLAS AVE ,Adam Chin,289,14-Jul-17,Vehicle - Pedestrian,,,,"Two-Way , Not Divided",Dry,Dark - Lighted,Clear,1,Other,No,No Controls,5,1,Complains Of Pain
592555,7/15/17,6:27 PM,2017-00069422,PUBLIC ST,PRAIRIE AVE ,PUBLIC ST / PRAIRIE AVE ,John Benros,481,15-Jul-17,Vehicle - Pedestrian,,,,"Two-Way , Not Divided",Dry,Daylight,Clear,1,Other,"Yes, M/V and Driver Left Scene",Traffic Control Signal,2,1,Complains Of Pain
592700,7/16/17,7:12 AM,2017-00069716,196 OHIO AVE,VIRGINIA AVE ,196 OHIO AVE / VIRGINIA AVE ,Fernando Lopez,156,16-Jul-17,Vehicle - Pedestrian,,,,"Two-Way , Not Divided",Dry,Daylight,Clear,2,Angle (Front - to - Side) Same Direction,"Yes, M/V and Driver Left Scene",No Controls,2,0,Unknown
592704,7/16/17,10:15 AM,2017-00069744,SERVICE ROAD 3,DIKE ST ,SERVICE ROAD 3 / DIKE ST ,Fernando Lopez,156,16-Jul-17,Vehicle - Pedestrian,,,,"Two-Way , Not Divided",Dry,Daylight,Clear,2,"Sideswipe, Same Direction","Yes, M/V and Driver Left Scene",No Controls,2,0,Unknown
592705,7/16/17,10:19 AM,2017-00069754,93 NEWARK ST,ACADEMY AVE ,93 NEWARK ST / ACADEMY AVE ,Fernando Lopez,156,16-Jul-17,Vehicle - Pedestrian,,,,"Two-Way , Not Divided",Dry,Daylight,Clear,2,Rear End(Front-to-Rear),"Yes, M/V and Driver Left Scene",No Controls,2,0,No Injury
592707,7/16/17,11:39 AM,2017-00069766,N MAIN ST,CEMETERY ST ,N MAIN ST / CEMETERY ST ,Fernando Lopez,156,16-Jul-17,Vehicle - Pedestrian,,,,"Two-Way , Not Divided",Dry,Daylight,Clear,1,Not a Collision Between Two Motor Vehicles in Transport,No,Traffic Control Signal,4,1,Complains Of Pain
592765,7/16/17,3:21 PM,2017-00069828,DOUGLAS AVE,DOUGLAS AVE ,DOUGLAS AVE / DOUGLAS AVE ,Trent Hastings,326,16-Jul-17,Vehicle - Pedestrian,,,,"Two-Way , Not Divided",Dry,Daylight,Clear,1,Not a Collision Between Two Motor Vehicles in Transport,No,No Controls,2,1,Complains Of Pain
593649,7/19/17,10:07 AM,2017-00070853,978 Manton Ave,HERSCHEL ST ,978 Manton Ave / HERSCHEL ST ,Ptlm. Chin,516,19-Jul-17,Vehicle - Pedestrian,,,,"Two-Way , Not Divided",Dry,Daylight,Clear,1,Not a Collision Between Two Motor Vehicles in Transport,"Yes, Driver Left Scene",No Controls,3,1,Complains Of Pain
593953,7/20/17,7:33 AM,2017-00071214,EDDY ST,JOHNSON ST ,EDDY ST / JOHNSON ST ,Fernando Lopez,156,20-Jul-17,Vehicle - Pedestrian,,,,"Two-Way , Not Divided",Dry,Daylight,Clear,2,Rear End(Front-to-Rear),No,No Controls,3,0,No Injury
594468,7/20/17,5:48 PM,2017-00071418,WESTMINSTER ST,BARTON ST ,WESTMINSTER ST / BARTON ST ,Donald Castigliego,287,20-Jul-17,Vehicle - Pedestrian,X,,,"Two-Way , Not Divided",Wet,Daylight,Rain,1,Not a Collision Between Two Motor Vehicles in Transport,No,Traffic Control Signal,2,1,Complains Of Pain
594920,7/22/17,8:27 AM,2017-00072114,OAK ST,TROY ST ,OAK ST / TROY ST ,Fernando Lopez,156,22-Jul-17,Vehicle - Pedestrian,,,,"Two-Way , Not Divided",Dry,Daylight,Clear,2,Other,"Yes, M/V and Driver Left Scene",No Controls,2,0,Unknown
595305,7/23/17,9:01 PM,2017-00072786,Cranston Street,WALDO ST ,Cranston Street / WALDO ST ,Michele Rudolph,512,24-Jul-17,Vehicle - Pedestrian,,,,"Two-Way, Divided, Unprotected (painted>4feet) Medium",Dry,Dark - Lighted,Cloudy,1,Not a Collision Between Two Motor Vehicles in Transport,"Yes, M/V and Driver Left Scene",No Controls,1,1,Complains Of Pain
595568,7/24/17,1:53 PM,2017-00073010,DEXTER ST,POTTERS AVE ,DEXTER ST / POTTERS AVE ,KEN MATSUMOTO,348,24-Jul-17,Vehicle - Pedestrian,,,,"Two-Way , Not Divided",Wet,Daylight,Rain,1,Not a Collision Between Two Motor Vehicles in Transport,No,No Controls,2,1,Complains Of Pain
595747,7/24/17,7:29 PM,2017-00073119,244 UNION AVE,,244 UNION AVE / ,MICHAEL R. TROIA / TRAFFIC BUREAU,331,24-Jul-17,Vehicle - Pedestrian,,,,"Two-Way , Not Divided",Wet,Dusk,Rain,1,Not a Collision Between Two Motor Vehicles in Transport,"Yes, M/V and Driver Left Scene",No Controls,2,1,Complains Of Pain
595993,7/25/17,1:00 AM,2017-00073198,SERVICE ROAD 3,WESTMINSTER ST ,SERVICE ROAD 3 / WESTMINSTER ST ,Joseph Nezier,233,25-Jul-17,Vehicle - Pedestrian,X,,,"Two-Way , Not Divided",Wet,Dark - Lighted,Rain,1,Not a Collision Between Two Motor Vehicles in Transport,No,Stop Signs,3,1,Complains Of Pain
596415,7/26/17,3:58 PM,2017-00073751,TRASK ST,EDDY ST ,TRASK ST / EDDY ST ,John Benros,481,26-Jul-17,Vehicle - Pedestrian,,,,"Two-Way , Not Divided",Dry,Daylight,Clear,1,Other,"Yes, M/V and Driver Left Scene",No Controls,2,1,Complains Of Pain
596853,7/27/17,2:59 PM,2017-00074091,Hartford Ave,EDNA ST ,Hartford Ave / EDNA ST ,Kyle Melfi,208,27-Jul-17,Vehicle - Pedestrian,,X,,"Two-Way, Divided, Unprotected (painted>4feet) Medium",Wet,Daylight,Cloudy,1,Angle (Front - to - Side) Right Angle (Includes Broadside),No,No Controls,3,1,Complains Of Pain
596863,7/27/17,4:04 PM,2017-00074122,387 Charles Street,EXIT  (RT ),387 Charles Street / EXIT  (RT ),Michael Moonan,286,27-Jul-17,Vehicle - Pedestrian,,,,Unknown,Wet,Daylight,Rain,2,Unknown,"Yes, M/V and Driver Left Scene",No Controls,2,0,No Injury
597125,7/27/17,9:20 PM,2017-00074230,NEWARK ST,ACADEMY AVE ,NEWARK ST / ACADEMY AVE ,Jose Mendez,321,27-Jul-17,Vehicle - Pedestrian,,,,"Two-Way , Not Divided",Dry,Dark - Lighted,Clear,1,Other,No,No Controls,2,1,Complains Of Pain
597200,7/28/17,9:57 AM,2017-00074403,OLNEYVILLE SQ,MANTON AVE ,OLNEYVILLE SQ / MANTON AVE ,Lucio Andreozzi,381,28-Jul-17,Vehicle - Pedestrian,,,,"Two-Way , Not Divided",Dry,Daylight,Clear,2,Angle (Front - to - Side) Same Direction,"Yes, M/V and Driver Left Scene",Traffic Control Signal,1,1,Complains Of Pain
597657,7/30/17,1:18 AM,2017-00075127,PONAGANSETT AVE,BARBARA ST ,PONAGANSETT AVE / BARBARA ST ,Kaitlin Coogan,234,30-Jul-17,Vehicle - Pedestrian,,,,"Two-Way, Divided, Unprotected (painted>4feet) Medium",Dry,Dark - Lighted,Clear,2,Angle (Front - to - Side) Same Direction,No,No Controls,2,0,Unknown
598305,8/1/17,11:55 AM,2017-00076007,N MAIN ST,WALGREENS PHARMACY PARKING LOT,N MAIN ST / WALGREENS PHARMACY PARKING LOT,Patrolman Darren Hull C-183,598,01-Aug-17,Vehicle - Pedestrian,,,,Unknown,Dry,Daylight,Clear,1,Not a Collision Between Two Motor Vehicles in Transport,No,No Controls,4,1,Complains Of Pain
599527,8/3/17,12:00 PM,2017-00076778,BARROWS ST,HARLAM ST ,BARROWS ST / HARLAM ST ,John Bento,329,03-Aug-17,Vehicle - Pedestrian,,,,"Two-Way, Divided, Unprotected (painted>4feet) Medium",Dry,Daylight,Clear,1,Other,No,No Controls,3,1,Complains Of Pain
599623,8/3/17,8:01 PM,2017-00076972,MORTON ST,EDDY ST ,MORTON ST / EDDY ST ,Michael Sullivan,347,03-Aug-17,Vehicle - Pedestrian,,,,"Two-Way , Not Divided",Dry,Dusk,Clear,2,Rear - to - Side,No,No Controls,3,0,No Injury
599821,8/4/17,7:19 PM,2017-00077357,CARPENTER ST,DEAN ST ,CARPENTER ST / DEAN ST ,Richard Mendez,288,04-Aug-17,Vehicle - Pedestrian,X,,,"Two-Way , Not Divided",Dry,Daylight,Clear,1,Not a Collision Between Two Motor Vehicles in Transport,No,Stop Signs,3,0,No Injury
599944,8/5/17,2:26 AM,2017-00077540,BROAD ST,HARVARD AVE ,BROAD ST / HARVARD AVE ,Robert Heaton,539,05-Aug-17,Vehicle - Pedestrian,,,,"Two-Way , Not Divided",Dry,Dark - Lighted,Cloudy,1,Other,"Yes, M/V and Driver Left Scene",No Controls,3,1,Incapacitating
600049,8/5/17,2:17 PM,2017-00077711,24 Corliss St,CHARLES ST ,24 Corliss St / CHARLES ST ,Ptlm. Chin,516,05-Aug-17,Vehicle - Pedestrian,,,,One-Way Trafficway,Dry,Daylight,Clear,1,Not a Collision Between Two Motor Vehicles in Transport,"Yes, M/V and Driver Left Scene",Stop Signs,1,1,Complains Of Pain
600073,8/5/17,4:49 PM,2017-00077752,Academy Ave/Dover St,ACADEMY AVE ,Academy Ave/Dover St / ACADEMY AVE ,Daniel Sirignano,261,05-Aug-17,Vehicle - Pedestrian,X,,,"Two-Way , Not Divided",Wet,Daylight,Rain,1,Not a Collision Between Two Motor Vehicles in Transport,No,Stop Signs,3,1,Complains Of Pain
600485,8/7/17,1:25 PM,2017-00078537,BROAD ST,OXFORD ST ,BROAD ST / OXFORD ST ,John Bento,329,07-Aug-17,Vehicle - Pedestrian,,,,"Two-Way, Divided, Unprotected (painted>4feet) Medium",Dry,Daylight,Clear,1,Angle (Front - to - Side) Right Angle (Includes Broadside),No,Traffic Control Signal,4,1,Complains Of Pain
601514,8/8/17,9:10 PM,2017-00079080,RUSSO ST,SOCIAL ST ,RUSSO ST / SOCIAL ST ,Michael Moonan,286,08-Aug-17,Vehicle - Pedestrian,,,,"Two-Way , Not Divided",Dry,Dark - Lighted,Clear,2,"Sideswipe, Same Direction","Yes, Driver Left Scene",No Controls,2,0,No Injury
601544,8/9/17,12:50 AM,2017-00079141,Atwells Avenue,BOND ST ,Atwells Avenue / BOND ST ,Jimmy Gutierrez,246,09-Aug-17,Vehicle - Pedestrian,,,,"Two-Way, Divided, Unprotected (painted>4feet) Medium",Dry,Dark - Lighted,Clear,2,"Sideswipe, Same Direction","Yes, Driver Left Scene",No Controls,7,3,Complains Of Pain
601584,8/9/17,6:52 AM,2017-00079203,RIVER AVE,EATON ST ,RIVER AVE / EATON ST ,Elizabeth Pedchenko,498,09-Aug-17,Vehicle - Pedestrian,X,,,"Two-Way , Not Divided",Dry,Daylight,Clear,1,Angle (Front - to - Side) Same Direction,No,Traffic Control Signal,2,1,Complains Of Pain
601758,8/9/17,1:40 PM,2017-00079306,HARTFORD AVE,BODELL AVE ,HARTFORD AVE / BODELL AVE ,Jose Deschamps,419,09-Aug-17,Vehicle - Pedestrian,,,,"Two-Way, Divided, Unprotected (painted>4feet) Medium",Dry,Daylight,Clear,1,Not a Collision Between Two Motor Vehicles in Transport,No,Traffic Control Signal,4,1,Fatal
601782,8/9/17,5:02 PM,2017-00079396,1080 Hope St,BLACKSTONE BLVD ,1080 Hope St / BLACKSTONE BLVD ,Noel Field,260,09-Aug-17,Vehicle - Pedestrian,,,,Unknown,Dry,Daylight,Clear,2,Not a Collision Between Two Motor Vehicles in Transport,No,No Controls,5,0,No Injury
601836,8/9/17,10:02 PM,2017-00079515,FRANCIS ST,Finance Way,FRANCIS ST / Finance Way,Michael Sullivan,347,09-Aug-17,Vehicle - Pedestrian,,,,"Two-Way , Not Divided",Dry,Dark - Lighted,Clear,1,Not a Collision Between Two Motor Vehicles in Transport,No,Traffic Control Signal,5,1,Complains Of Pain
601842,8/9/17,11:51 PM,2017-00079546,105 SISSON ST,ACTINIA ST ,105 SISSON ST / ACTINIA ST ,Shane Romano,596,10-Aug-17,Vehicle - Pedestrian,,,,Unknown,Dry,Dark - Lighted,Clear,1,Not a Collision Between Two Motor Vehicles in Transport,"Yes, M/V and Driver Left Scene",No Controls,2,0,No Injury
602192,8/10/17,9:55 PM,2017-00079939,MANTON AVE,SALMON ST ,MANTON AVE / SALMON ST ,Louy Marroquin,218,10-Aug-17,Vehicle - Pedestrian,,,,"Two-Way , Not Divided",Dry,Dark - Lighted,Clear,1,Not a Collision Between Two Motor Vehicles in Transport,No,Traffic Control Signal,2,1,Complains Of Pain
602630,8/11/17,3:44 PM,2017-00080221,College St,BENEFIT ST ,College St / BENEFIT ST ,Noel Field,260,11-Aug-17,Vehicle - Pedestrian,,,,"Two-Way , Not Divided",Dry,Daylight,Clear,2,Angle (Front - to - Side) Right Angle (Includes Broadside),"Yes, M/V and Driver Left Scene",No Controls,4,0,No Injury
602850,8/12/17,6:45 AM,2017-00080612,Amtrak railroad track ,ricom way,Amtrak railroad track  / ricom way,Renauld Joseph,398,12-Aug-17,Vehicle - Pedestrian,,,,Unknown,Wet,Daylight,Clear,1,Not a Collision Between Two Motor Vehicles in Transport,No,Warning Signs,3,1,Incapacitating
602970,8/12/17,3:20 PM,2017-00080739,1280 BROAD ST,VERNDALE ST,1280 BROAD ST / VERNDALE ST,Nicholas Manfredi,343,12-Aug-17,Vehicle - Pedestrian,,,,"Two-Way , Not Divided",Dry,Daylight,Clear,1,Not a Collision Between Two Motor Vehicles in Transport,No,No Controls,2,0,No Injury
603605,8/14/17,11:34 AM,2017-00081629,387 CHARLES ST,,387 CHARLES ST / ,Fernando Lopez,156,14-Aug-17,Vehicle - Pedestrian,,,,Unknown,Dry,Daylight,Clear,2,Rear End(Front-to-Rear),No,No Controls,4,0,No Injury
604040,8/15/17,11:18 AM,2017-00082041,MANTON AVE,HYAT ST ,MANTON AVE / HYAT ST ,Fernando Lopez,156,15-Aug-17,Vehicle - Pedestrian,,,,"Two-Way , Not Divided",Dry,Daylight,Clear,2,"Sideswipe, Same Direction","Yes, M/V and Driver Left Scene",No Controls,3,0,Unknown
604280,8/15/17,7:52 PM,2017-00082245,Broadway,WESTMINSTER ST ,Broadway / WESTMINSTER ST ,Kyle Melfi,208,15-Aug-17,Vehicle - Pedestrian,,,,"Two-Way, Divided, Unprotected (painted>4feet) Medium",Dry,Dark - Lighted,Clear,1,Other,"Yes, M/V and Driver Left Scene",Traffic Control Signal,2,1,Complains Of Pain
604402,8/16/17,5:38 AM,2017-18397,WAVERLY ST,SORRENTO ST ,WAVERLY ST / SORRENTO ST ,John Najarian,417,16-Aug-17,Vehicle - Pedestrian,,,,"Two-Way , Not Divided",Dry,Daylight,Clear,2,"Sideswipe, Same Direction","Yes, M/V and Driver Left Scene",No Controls,3,0,No Injury
604855,8/16/17,3:31 PM,2017-00082537,100 FRANCIS ST,,100 FRANCIS ST / ,MICHAEL R.TROIA / TRAFFIC BUREAU,331,16-Aug-17,Vehicle - Pedestrian,,,,"Two-Way , Not Divided",Dry,Daylight,Clear,1,Not a Collision Between Two Motor Vehicles in Transport,"Yes, M/V and Driver Left Scene",No Controls,1,1,Complains Of Pain
604974,8/17/17,1:59 AM,2017-00082751,MANTON AVE,CHALKSTONE AVE ,MANTON AVE / CHALKSTONE AVE ,Joseph Lopes,227,17-Aug-17,Vehicle - Pedestrian,,,,"Two-Way , Not Divided",Dry,Dark - Lighted,Clear,1,Not a Collision Between Two Motor Vehicles in Transport,"Yes, M/V and Driver Left Scene",Stop Signs,2,1,Non-Incapacitating
605505,8/17/17,7:38 PM,2017-00083035,CHARLES ST,NAHANT ST,CHARLES ST / NAHANT ST,Mitchel Voyer,355,17-Aug-17,Vehicle - Pedestrian,,,,"Two-Way , Not Divided",Dry,Dusk,Clear,1,Not a Collision Between Two Motor Vehicles in Transport,No,No Controls,3,1,Non-Incapacitating
606201,8/19/17,9:50 AM,2017-00083715,BROAD ST,HAWTHORNE AVE,BROAD ST / HAWTHORNE AVE,KEN MATSUMOTO,348,19-Aug-17,Vehicle - Pedestrian,X,,,"Two-Way , Not Divided",Dry,Daylight,Clear,1,Not a Collision Between Two Motor Vehicles in Transport,No,Traffic Control Signal,4,0,No Injury
607040,8/20/17,9:14 AM,2017-00084202,69 ELMDALE AVE,PRISCILLA AVE ,69 ELMDALE AVE / PRISCILLA AVE ,Gerry Kue,393,20-Aug-17,Vehicle - Pedestrian,,,,"Two-Way , Not Divided",Dry,Daylight,Clear,2,Rear End(Front-to-Rear),"Yes, M/V and Driver Left Scene",No Controls,3,0,No Injury
607042,8/20/17,10:41 AM,2017-00084227,HAROLD ST,CHALKSTONE AVE ,HAROLD ST / CHALKSTONE AVE ,Fernando Lopez,156,20-Aug-17,Vehicle - Pedestrian,,,,"Two-Way , Not Divided",Dry,Daylight,Clear,2,"Sideswipe, Same Direction","Yes, M/V and Driver Left Scene",No Controls,3,1,Complains Of Pain
607678,8/21/17,5:50 PM,2017-00084767,REYNOLDS AVE,GORDON AVE ,REYNOLDS AVE / GORDON AVE ,Anthony Moore,390,21-Aug-17,Vehicle - Pedestrian,X,,,"Two-Way , Not Divided",Dry,Daylight,Clear,1,"Sidwswipe, Opposite Direction",No,No Controls,2,0,No Injury
608059,8/22/17,5:16 PM,2017-00085121,WICKENDEN ST,BROOK ST ,WICKENDEN ST / BROOK ST ,Kenneth Demarco,176,22-Aug-17,Vehicle - Pedestrian,,,,"Two-Way , Not Divided",Dry,Daylight,Clear,1,Not a Collision Between Two Motor Vehicles in Transport,No,Traffic Control Signal,3,1,Complains Of Pain
608412,8/22/17,7:11 PM,2017-00085176,CUSHING ST,BROOK ST ,CUSHING ST / BROOK ST ,Noel Field,260,22-Aug-17,Vehicle - Pedestrian,X,,,"Two-Way , Not Divided",Dry,Daylight,Clear,1,Other,No,Stop Signs,4,1,Non-Incapacitating
608931,8/24/17,2:09 PM,2017-00085888,ATWELLS AVE,EUTAW ST ,ATWELLS AVE / EUTAW ST ,Kenneth Demarco,176,24-Aug-17,Vehicle - Pedestrian,,,,"Two-Way , Not Divided",Dry,Daylight,Clear,1,Not a Collision Between Two Motor Vehicles in Transport,"Yes, M/V and Driver Left Scene",No Controls,2,1,Non-Incapacitating
609208,8/24/17,10:47 PM,2017-00086123,cranston st,BURGESS ST ,cranston st / BURGESS ST ,John Martin,186,25-Aug-17,Vehicle - Pedestrian,,,,"Two-Way , Not Divided",Dry,Dark - Lighted,Clear,1,Not a Collision Between Two Motor Vehicles in Transport,No,Pavement Markings,3,0,No Injury
610160,8/26/17,4:12 PM,2017-00086914,157 Whitford Ave,ACADEMY AVE ,157 Whitford Ave / ACADEMY AVE ,Irvin Torres,346,26-Aug-17,Vehicle - Pedestrian,,,,"Two-Way , Not Divided",Dry,Dark - Unknown Lighting,Clear,2,"Sideswipe, Same Direction","Yes, M/V and Driver Left Scene",No Controls,3,0,Unknown
610375,8/27/17,7:00 PM,2017-00087469,FRANCIS ST,GASPEE ST ,FRANCIS ST / GASPEE ST ,Thomas Richards,279,27-Aug-17,Vehicle - Pedestrian,,,,"Two-Way, Not Divided With a Continuous Left Turn Lane",Dry,Dusk,Clear,1,Rear End(Front-to-Rear),"Yes, M/V and Driver Left Scene",No Controls,1,0,No Injury
610604,8/28/17,2:04 PM,2017-00087759,ATWELLS AVE,DEAN ST ,ATWELLS AVE / DEAN ST ,Jose Deschamps,419,28-Aug-17,Vehicle - Pedestrian,,,,"Two-Way, Divided, Unprotected (painted>4feet) Medium",Dry,Daylight,Clear,1,Not a Collision Between Two Motor Vehicles in Transport,No,Traffic Control Signal,3,1,Complains Of Pain
611281,8/29/17,8:16 PM,2017-00088293,HARTFORD AVE,GLENBRIDGE AVE,HARTFORD AVE / GLENBRIDGE AVE,MICHAEL R. TROIA / TRAFFIC BUREAU,331,29-Aug-17,Vehicle - Pedestrian,,,,"Two-Way , Not Divided",Dry,Dark - Lighted,Clear,1,Not a Collision Between Two Motor Vehicles in Transport,No,Traffic Control Signal,3,1,Complains Of Pain
613563,9/1/17,10:37 PM,2017-00089548,LENOX AVE,MELROSE ST ,LENOX AVE / MELROSE ST ,Kyana Williams,426,01-Sep-17,Vehicle - Pedestrian,,,,"Two-Way , Not Divided",Dry,Dark - Lighted,Clear,1,Not a Collision Between Two Motor Vehicles in Transport,No,No Controls,4,1,Complains Of Pain
614233,9/3/17,3:12 PM,2017-00070226,ADMIRAL ST,DOUGLAS AVE ,ADMIRAL ST / DOUGLAS AVE ,Mitchel Voyer,355,03-Sep-17,Vehicle - Pedestrian,,,,"Two-Way , Not Divided",Wet,Daylight,Rain,1,Not a Collision Between Two Motor Vehicles in Transport,"Yes, M/V and Driver Left Scene",No Controls,1,1,Complains Of Pain
615787,9/5/17,8:20 PM,2017-00091177,Manton Ave,Olneyville Square,Manton Ave / Olneyville Square,Juan Rodrigues,194,05-Sep-17,Vehicle - Pedestrian,,,,"Two-Way, Divided, Positive Median Barrier",Dry,Dark - Lighted,Clear,1,Not a Collision Between Two Motor Vehicles in Transport,"Yes, M/V and Driver Left Scene",No Controls,3,1,Incapacitating
615884,9/6/17,7:07 AM,2017-00091302,EMPIRE ST,CHAPEL ST ,EMPIRE ST / CHAPEL ST ,Khari Bass,312,06-Sep-17,Vehicle - Pedestrian,,,,"Two-Way , Not Divided",Dry,Daylight,Cloudy,1,Not a Collision Between Two Motor Vehicles in Transport,No,No Controls,2,1,Non-Incapacitating
616810,9/7/17,1:51 PM,2017-00091788,BARNES ST,THAYER ST ,BARNES ST / THAYER ST ,Raymond King,633,07-Sep-17,Vehicle - Pedestrian,,,,"Two-Way , Not Divided",Dry,Daylight,Clear,2,Rear - to - Side,No,No Controls,3,0,No Injury
616828,9/7/17,1:38 PM,2017-00091779,WINCHESTER ST,HYACINTH ST ,WINCHESTER ST / HYACINTH ST ,Fernando Lopez,156,07-Sep-17,Vehicle - Pedestrian,,,,"Two-Way , Not Divided",Dry,Daylight,Clear,2,"Sideswipe, Same Direction","Yes, M/V and Driver Left Scene",No Controls,7,1,Non-Incapacitating