CrashReportId,CrashDate,CrashTime,ReportNumber,StreetOrHighway,NearestIntersection,Location,Officer,Badge,ReportDate,TypeOfCollision,Bicycle,Scooter,Wheel Chair,TypeOfRoadway,RoadSurfaceCondition,LightCondition,WeatherCondition,NumberofVehicles,MannerofImpact,HitAndRun,TrafficControl,PersonCount,InjuryCount,MostSeriousInjury
617189,9/8/17,12:43 PM,2017-00092206,HUNTINGTON AVE,MADISON ST ,HUNTINGTON AVE / MADISON ST ,Fernando Lopez,156,08-Sep-17,Vehicle - Pedestrian,,,,"Two-Way , Not Divided",Dry,Daylight,Clear,2,Rear End(Front-to-Rear),No,No Controls,3,0,No Injury
617265,9/8/17,2:11 PM,2017-00092254,BRANCH AVE,VANDEWATER ST ,BRANCH AVE / VANDEWATER ST ,Brad McParlin,395,08-Sep-17,Vehicle - Pedestrian,,,,"Two-Way , Not Divided",Dry,Daylight,Clear,3,Rear End(Front-to-Rear),No,No Controls,9,0,No Injury
617447,9/8/17,4:47 PM,2017-00092303,EXIT 22A (RT ),FRANCIS ST ,EXIT 22A (RT ) / FRANCIS ST ,Anthony Doucette,475,08-Sep-17,Vehicle - Pedestrian,,,,"Two-Way , Not Divided",Dry,Daylight,Clear,1,Other,No,Traffic Control Signal,5,1,Complains Of Pain
617696,9/9/17,3:04 PM,2017-00092735,Grand St,POTTERS AVE ,Grand St / POTTERS AVE ,Michael Camardo,357,09-Sep-17,Vehicle - Pedestrian,X,,,"Two-Way , Not Divided",Dry,Daylight,Clear,1,Angle (Front - to - Side) Same Direction,"Yes, M/V and Driver Left Scene",No Controls,3,1,Complains Of Pain
617767,9/9/17,6:34 PM,2017-00092870,PAVILION AVE,RUGBY ST ,PAVILION AVE / RUGBY ST ,Flavio Tavares,371,09-Sep-17,Vehicle - Pedestrian,,,,"Two-Way, Divided, Unprotected (painted>4feet) Medium",Dry,Dark - Lighted,Clear,1,Unknown,"Yes, M/V and Driver Left Scene",No Controls,1,0,No Injury
617824,9/10/17,12:10 AM,2017-00093012,Broadway,VINTON ST ,Broadway / VINTON ST ,Alex Schneider,411,10-Sep-17,Vehicle - Pedestrian,,,,"Two-Way , Not Divided",Dry,Dark - Lighted,Clear,2,Not a Collision Between Two Motor Vehicles in Transport,"Yes, M/V and Driver Left Scene",No Controls,4,1,Incapacitating
617949,9/10/17,2:22 AM,2017-00093068,INDIA ST,BRIDGE ST ,INDIA ST / BRIDGE ST ,Robert Savage,238,10-Sep-17,Vehicle - Pedestrian,,,,One-Way Trafficway,Dry,Dark - Lighted,Clear,1,Not a Collision Between Two Motor Vehicles in Transport,"Yes, M/V and Driver Left Scene",No Controls,1,1,Incapacitating
618207,9/10/17,2:09 PM,2017-00093226,RANKIN STREET,WHITFORD STREET,RANKIN STREET / WHITFORD STREET,Jessica Salmeron,356,10-Sep-17,Vehicle - Pedestrian,,,,"Two-Way , Not Divided",Dry,Daylight,Clear,1,Not a Collision Between Two Motor Vehicles in Transport,No,Stop Signs,3,1,Complains Of Pain
618417,9/10/17,4:34 PM,2017-00093269,217 Hanover St,CRANSTON ST ,217 Hanover St / CRANSTON ST ,Daniel Sirignano,261,10-Sep-17,Vehicle - Pedestrian,,,,"Two-Way , Not Divided",Dry,Daylight,Clear,1,Not a Collision Between Two Motor Vehicles in Transport,No,No Controls,2,1,Complains Of Pain
619034,9/11/17,7:20 PM,2017-00093785,chapin ave,ELLERY ST ,chapin ave / ELLERY ST ,Alex Diaz ,420,11-Sep-17,Vehicle - Pedestrian,,,,"Two-Way , Not Divided",Dry,Dawn,Clear,1,"Sidwswipe, Opposite Direction","Yes, M/V and Driver Left Scene",No Controls,3,0,No Injury
619234,9/12/17,7:40 AM,2017-00093939,POTTERS AVE,CRANSTON ST ,POTTERS AVE / CRANSTON ST ,Fernando Lopez,156,12-Sep-17,Vehicle - Pedestrian,,,,"Two-Way , Not Divided",Dry,Daylight,Clear,1,Not a Collision Between Two Motor Vehicles in Transport,No,Other,4,1,Complains Of Pain
619243,9/12/17,9:22 AM,2017-00093967,CRARY STREET,EDDY STREET,CRARY STREET / EDDY STREET,Jessica Salmeron,356,12-Sep-17,Vehicle - Pedestrian,,,,One-Way Trafficway,Dry,Daylight,Clear,1,Not a Collision Between Two Motor Vehicles in Transport,No,Traffic Control Signal,3,1,Complains Of Pain
620460,9/14/17,4:44 PM,2017-00094979,Meeting St,BROOK ST ,Meeting St / BROOK ST ,Noel Field,260,14-Sep-17,Vehicle - Pedestrian,,,,"Two-Way , Not Divided",Dry,Daylight,Clear,2,Unknown,"Yes, M/V and Driver Left Scene",No Controls,2,0,Unknown
620596,9/15/17,9:05 AM,2017-00095274,CARRINGTON AVE,HOPE ST ,CARRINGTON AVE / HOPE ST ,Jose Deschamps,419,15-Sep-17,Vehicle - Pedestrian,X,,,"Two-Way, Divided, Unprotected (painted>4feet) Medium",Dry,Daylight,Clear,1,Other,"Yes, M/V and Driver Left Scene",No Controls,2,1,Non-Incapacitating
620603,9/15/17,9:07 AM,2017-00095276,WARRINGTON AVE,ELMWOOD AVE,WARRINGTON AVE / ELMWOOD AVE,Jose Deschamps,419,15-Sep-17,Vehicle - Pedestrian,X,,,"Two-Way, Divided, Positive Median Barrier",Dry,Daylight,Clear,1,Angle (Front - to - Side) Right Angle (Includes Broadside),No,Stop Signs,3,1,Complains Of Pain
620624,9/15/17,10:53 AM,2017-00095321,ELMWOOD AVE,PEACE ST,ELMWOOD AVE / PEACE ST,Jose Deschamps,419,15-Sep-17,Vehicle - Pedestrian,X,,,"Two-Way, Divided, Unprotected (painted>4feet) Medium",Dry,Daylight,Clear,1,Not a Collision Between Two Motor Vehicles in Transport,"Yes, M/V and Driver Left Scene",Traffic Control Signal,1,1,Complains Of Pain
620685,9/15/17,2:32 PM,2017-00095397,Pleasant Valley Pkwy,Valley Street,Pleasant Valley Pkwy / Valley Street,Robert Foley,242,15-Sep-17,Vehicle - Pedestrian,,,,One-Way Trafficway,Dry,Daylight,Clear,1,Not a Collision Between Two Motor Vehicles in Transport,No,No Controls,3,1,Complains Of Pain
620994,9/15/17,8:11 PM,2017-00095556,EXIT 22A (RT ),FRANCIS ST ,EXIT 22A (RT ) / FRANCIS ST ,Stephen Sage,353,15-Sep-17,Vehicle - Pedestrian,X,,,One-Way Trafficway,Dry,Dark - Lighted,Clear,1,Other,No,Traffic Control Signal,2,1,Complains Of Pain
621159,9/16/17,1:52 AM,2017-00095713,PUTNAM ST,HALE ST ,PUTNAM ST / HALE ST ,Joseph Amoroso,613,16-Sep-17,Vehicle - Pedestrian,X,,,"Two-Way , Not Divided",Dry,Dark - Lighted,Clear,2,Not a Collision Between Two Motor Vehicles in Transport,No,No Controls,4,1,Incapacitating
621487,9/16/17,8:38 PM,2017-00096057,230 Thayer St,ANGELL ST ,230 Thayer St / ANGELL ST ,Noel Field,260,16-Sep-17,Vehicle - Pedestrian,,,,One-Way Trafficway,Dry,Dark - Lighted,Clear,2,Not a Collision Between Two Motor Vehicles in Transport,No,No Controls,4,0,No Injury
621490,9/16/17,6:35 PM,2017-00095998,HUNTINGTON AVE,PLYMOUTH ST ,HUNTINGTON AVE / PLYMOUTH ST ,Michael Camardo,357,16-Sep-17,Vehicle - Pedestrian,,,,"Two-Way , Not Divided",Dry,Dusk,Clear,1,"Sidwswipe, Opposite Direction",No,Stop Signs,3,1,Complains Of Pain
621610,9/16/17,7:02 PM,2017-00096012,Smith Street,Pinehurst Avenue,Smith Street / Pinehurst Avenue,Joseph Amoroso,613,16-Sep-17,Vehicle - Pedestrian,,,,"Two-Way , Not Divided",Dry,Dark - Lighted,Clear,1,Not a Collision Between Two Motor Vehicles in Transport,No,No Controls,2,1,Incapacitating
621616,9/16/17,11:27 PM,2017-00096159,WASHINGTON ST,SNOW ST ,WASHINGTON ST / SNOW ST ,Andrew Groot,188,17-Sep-17,Vehicle - Pedestrian,,,,"Two-Way , Not Divided",Dry,Dark - Lighted,Clear,2,Rear - to - Side,"Yes, M/V and Driver Left Scene",No Controls,2,1,Non-Incapacitating
621639,9/17/17,1:56 AM,2017-00096259,ATWELLS AVE,EUTAW ST ,ATWELLS AVE / EUTAW ST ,Vincent Lopez,219,17-Sep-17,Vehicle - Pedestrian,,,,"Two-Way , Not Divided",Dry,Dark - Lighted,Clear,1,Not a Collision Between Two Motor Vehicles in Transport,"Yes, M/V and Driver Left Scene",No Controls,1,0,No Injury
621664,9/17/17,2:08 AM,2017-00096264,N MAIN ST,SMITHFIELD AVE ,N MAIN ST / SMITHFIELD AVE ,Kevin Toole,153,17-Sep-17,Vehicle - Pedestrian,,,,"Two-Way, Divided, Positive Median Barrier",Dry,Dark - Lighted,Clear,1,Not a Collision Between Two Motor Vehicles in Transport,"Yes, M/V and Driver Left Scene",No Controls,6,2,Complains Of Pain
622300,9/18/17,8:44 AM,2017-00096694,PLAIN ST,PUBLIC ST ,PLAIN ST / PUBLIC ST ,Sarita Fernandez,403,18-Sep-17,Vehicle - Pedestrian,,,,"Two-Way , Not Divided",Dry,Daylight,Clear,2,Rear End(Front-to-Rear),"Yes, M/V and Driver Left Scene",Stop Signs,3,0,No Injury
622530,9/18/17,7:24 PM,2017-00096973,Potters Avenue and Broad Street,BROAD ST ,Potters Avenue and Broad Street / BROAD ST ,Marwing Pena,423,18-Sep-17,Vehicle - Pedestrian,,,,"Two-Way , Not Divided",Dry,Dark - Lighted,Clear,1,Angle (Front - to - Side) Opposite Direction,No,Traffic Control Signal,2,1,Complains Of Pain
623878,9/20/17,4:50 PM,2017-00097699,EXCHANGE TER,Dorrance St,EXCHANGE TER / Dorrance St,Francisco Furtado,635,21-Sep-17,Vehicle - Pedestrian,,,,"Two-Way, Divided, Positive Median Barrier",Dry,Daylight,Clear,1,Other,No,Traffic Control Signal,2,1,Complains Of Pain
623943,9/21/17,11:28 AM,2017-00098001,Manton Ave,RIDGEWAY AVE ,Manton Ave / RIDGEWAY AVE ,Anthony Moore,390,21-Sep-17,Vehicle - Pedestrian,,,,"Two-Way , Not Divided",Dry,Daylight,Clear,1,"Sidwswipe, Opposite Direction",No,No Controls,3,1,Complains Of Pain
623974,9/21/17,4:03 PM,2017-00098107,PARK ROW E,CANAL ST ,PARK ROW E / CANAL ST ,Glen Morgan,558,21-Sep-17,Vehicle - Pedestrian,,,,"Two-Way , Not Divided",Dry,Daylight,Clear,1,"Sideswipe, Same Direction",No,No Controls,3,0,No Injury
624615,9/22/17,6:22 PM,2017-00098566,LOCKWOOD STREET,PEARL ST ,LOCKWOOD STREET / PEARL ST ,Jessica Perez,414,22-Sep-17,Vehicle - Pedestrian,,,,"Two-Way , Not Divided",Wet,Daylight,Rain,2,Unknown,"Yes, M/V and Driver Left Scene",No Controls,3,0,Unknown
624629,9/22/17,7:19 PM,2017-00098589,LINWOOD AVE,DEXTER ST ,LINWOOD AVE / DEXTER ST ,Adrian Francis,239,22-Sep-17,Vehicle - Pedestrian,,,,"Two-Way, Divided, Unprotected (painted>4feet) Medium",Wet,Dark - Lighted,Rain,1,Not a Collision Between Two Motor Vehicles in Transport,"Yes, M/V and Driver Left Scene",No Controls,1,1,Complains Of Pain
624633,9/22/17,9:34 PM,2017-00098637,BRADFORD ST,ATWELLS AVE ,BRADFORD ST / ATWELLS AVE ,Brittany Boudreau,236,22-Sep-17,Vehicle - Pedestrian,,,,"Two-Way, Divided, Unprotected (painted>4feet) Medium",Wet,Dark - Lighted,Rain,1,Not a Collision Between Two Motor Vehicles in Transport,"Yes, M/V and Driver Left Scene",No Controls,1,1,Complains Of Pain
624829,9/23/17,1:01 PM,2017-00098882,BROAD ST,SERVICE ROAD 7 ,BROAD ST / SERVICE ROAD 7 ,Fernando Lopez,156,23-Sep-17,Vehicle - Pedestrian,,,X,One-Way Trafficway,Dry,Daylight,Clear,1,Not a Collision Between Two Motor Vehicles in Transport,No,Traffic Control Signal,3,1,Complains Of Pain
625203,9/23/17,4:12 PM,2017-00098946,Baker Street,EDDY ST ,Baker Street / EDDY ST ,Jessica Perez,414,23-Sep-17,Vehicle - Pedestrian,,,,"Two-Way , Not Divided",Dry,Daylight,Clear,2,Rear End(Front-to-Rear),No,No Controls,4,0,No Injury
625212,9/23/17,7:39 PM,2017-00099037,1000 Elmwood Ave,ROSE AVE ,1000 Elmwood Ave / ROSE AVE ,Ybelis Gonzalez,376,23-Sep-17,Vehicle - Pedestrian,,,,"Two-Way, Divided, Unprotected (painted>4feet) Medium",Dry,Dark - Lighted,Clear,1,Not a Collision Between Two Motor Vehicles in Transport,No,No Controls,2,0,No Injury
625323,9/23/17,12:44 AM,2017-00099184,INDIA ST,,INDIA ST / ,Patrick Hourahan,243,24-Sep-17,Vehicle - Pedestrian,,,,"Two-Way , Not Divided",Dry,Dark - Lighted,Clear,3,"Sidwswipe, Opposite Direction",No,No Controls,3,0,No Injury
625705,9/24/17,4:10 PM,2017-00099457,HENDRICK ST,ACADEMY AVE ,HENDRICK ST / ACADEMY AVE ,Michael Gammino,491,24-Sep-17,Vehicle - Pedestrian,,,,"Two-Way, Divided, Unprotected (painted>4feet) Medium",Dry,Daylight,Clear,1,Head-On (Front - to - Front),"Yes, M/V and Driver Left Scene",No Controls,1,1,Non-Incapacitating
625718,9/24/17,6:24 PM,2017-00099506,200 Exchange Street ,STILLMAN ST ,200 Exchange Street  / STILLMAN ST ,Anthony Doucette,475,24-Sep-17,Vehicle - Pedestrian,X,,,"Two-Way , Not Divided",Dry,Daylight,Clear,1,Not a Collision Between Two Motor Vehicles in Transport,No,Stop Signs,3,0,No Injury
625747,9/24/17,4:15 PM,2017-00040900,VEAZIE ST,DOUGLAS AVE ,VEAZIE ST / DOUGLAS AVE ,Jason Dennis,392,24-Sep-17,Vehicle - Pedestrian,X,,,"Two-Way , Not Divided",Dry,Daylight,Clear,1,Not a Collision Between Two Motor Vehicles in Transport,No,No Controls,2,1,Non-Incapacitating
626625,9/26/17,1:58 AM,2017-00100055,NARRAGANSETT BLVD,WASHINGTON AVE ,NARRAGANSETT BLVD / WASHINGTON AVE ,Tyler Calandra,418,26-Sep-17,Vehicle - Pedestrian,,,,"Two-Way, Divided, Unprotected (painted>4feet) Medium",Dry,Dark - Lighted,Clear,2,Angle (Front - to - Side) Same Direction,No,No Controls,3,0,No Injury
626749,9/26/17,11:10 AM,2017-00100159,LAUREL AVE,ELMGROVE AVE ,LAUREL AVE / ELMGROVE AVE ,Fernando Lopez,156,26-Sep-17,Vehicle - Pedestrian,X,,,"Two-Way , Not Divided",Dry,Daylight,Clear,1,Not a Collision Between Two Motor Vehicles in Transport,No,Stop Signs,5,1,Complains Of Pain
626808,9/26/17,12:39 PM,2017-00100189,117 ELLENFIELD ST,,117 ELLENFIELD ST / ,Fernando Lopez,156,26-Sep-17,Vehicle - Pedestrian,,,,Unknown,Dry,Daylight,Clear,2,Other,"Yes, M/V and Driver Left Scene",No Controls,2,0,Unknown
626991,9/26/17,6:59 PM,2017-00100331,HENRIETTA ST,MOY ST ,HENRIETTA ST / MOY ST ,Brad McParlin,395,26-Sep-17,Vehicle - Pedestrian,X,,,"Two-Way , Not Divided",Dry,Dark - Lighted,Clear,1,Not a Collision Between Two Motor Vehicles in Transport,No,Stop Signs,4,1,Complains Of Pain
627021,9/26/17,8:07 PM,2017-00100357,226 Admiral St,NEWCOMB ST ,226 Admiral St / NEWCOMB ST ,Erik Breault,226,26-Sep-17,Vehicle - Pedestrian,,,,"Two-Way, Divided, Unprotected (painted>4feet) Medium",Dry,Dark - Lighted,Clear,2,"Sideswipe, Same Direction","Yes, M/V and Driver Left Scene",No Controls,2,0,Unknown
627035,9/26/17,5:38 PM,2017-00100301,ELMA ST,Broad Street,ELMA ST / Broad Street,Ybelis Gonzalez,376,26-Sep-17,Vehicle - Pedestrian,,,,One-Way Trafficway,Dry,Daylight,Clear,1,Not a Collision Between Two Motor Vehicles in Transport,"Yes, M/V and Driver Left Scene",Other,2,1,Complains Of Pain
627848,9/27/17,7:13 PM,2017-00100740,KNIGHT ST,WESTMINSTER ST ,KNIGHT ST / WESTMINSTER ST ,Guillermo Vargas,404,27-Sep-17,Vehicle - Pedestrian,X,,,"Two-Way, Divided, Positive Median Barrier",Dry,Dark - Lighted,Clear,1,Other,No,Person,3,1,Complains Of Pain
628106,9/28/17,1:00 PM,2017-00101042,95 Carr St,CACTUS ST ,95 Carr St / CACTUS ST ,John Abatiello,692,28-Sep-17,Vehicle - Pedestrian,,,,"Two-Way , Not Divided",Dry,Daylight,Clear,2,Unknown,"Yes, M/V and Driver Left Scene",No Controls,2,0,Unknown
628264,9/28/17,3:15 PM,2017-00010183,Smith St,Chalkstone Ave,Smith St / Chalkstone Ave,Shaun Marmas,216,28-Sep-17,Vehicle - Pedestrian,,,,"Two-Way, Divided, Unprotected (painted>4feet) Medium",Dry,Daylight,Clear,1,Not a Collision Between Two Motor Vehicles in Transport,"Yes, M/V and Driver Left Scene",No Controls,1,1,Complains Of Pain
628267,9/28/17,5:57 PM,2017-00101161,WESTMINSTER ST,DORRANCE ST ,WESTMINSTER ST / DORRANCE ST ,Raleek Byfield,375,28-Sep-17,Vehicle - Pedestrian,,,,"Two-Way, Divided, Unprotected (painted>4feet) Medium",Dry,Daylight,Clear,1,Not a Collision Between Two Motor Vehicles in Transport,No,No Controls,4,1,Complains Of Pain
628497,9/29/17,1:31 AM,2017-00101346,THURBERS AVE,BROAD ST ,THURBERS AVE / BROAD ST ,Luis Taveras,399,29-Sep-17,Vehicle - Pedestrian,,,,"Two-Way, Divided, Unprotected (painted>4feet) Medium",Dry,Dark - Lighted,Clear,1,Not a Collision Between Two Motor Vehicles in Transport,"Yes, Driver Left Scene",No Controls,1,0,Unknown
629027,9/30/17,10:59 AM,2017-00101920,BOND ST,ATWELLS AVE ,BOND ST / ATWELLS AVE ,Fernando Lopez,156,30-Sep-17,Vehicle - Pedestrian,,,,"Two-Way , Not Divided",Dry,Daylight,Clear,1,Not a Collision Between Two Motor Vehicles in Transport,No,No Controls,3,0,No Injury
629301,9/30/17,3:37 PM,2017-00101996,17 ATWOOD STREET,PLAINFIELD ST ,17 ATWOOD STREET / PLAINFIELD ST ,Gargar Grimes,323,30-Sep-17,Vehicle - Pedestrian,,,,"Two-Way, Divided, Unprotected (painted>4feet) Medium",Dry,Daylight,Clear,2,"Sideswipe, Same Direction","Yes, M/V and Driver Left Scene",No Controls,2,0,Unknown
629843,10/1/17,2:11 PM,2017-00102366,HOPE ST,LLOYD AVE ,HOPE ST / LLOYD AVE ,Raymond King,633,02-Oct-17,Vehicle - Pedestrian,,,,"Two-Way , Not Divided",Dry,Daylight,Clear,2,"Sideswipe, Same Direction",No,No Controls,4,0,No Injury
629841,10/2/17,10:17 AM,2017-00102650,ARLINGTON AVE,VILLA AVE ,ARLINGTON AVE / VILLA AVE ,Fernando Lopez,156,02-Oct-17,Vehicle - Pedestrian,,,,"Two-Way , Not Divided",Dry,Daylight,Clear,2,Rear End(Front-to-Rear),"Yes, Driver Left Scene",No Controls,3,0,Unknown
629940,10/2/17,12:50 PM,2017-00102732,455 DOUGLAS AVE,,455 DOUGLAS AVE / ,Fernando Lopez,156,02-Oct-17,Vehicle - Pedestrian,,,,"Two-Way , Not Divided",Dry,Daylight,Clear,2,"Sidwswipe, Opposite Direction",No,No Controls,3,0,Unknown
629952,10/2/17,2:37 PM,2017-00102756,UNION AVE,RT 10 NORTH ON RAMP,UNION AVE / RT 10 NORTH ON RAMP,Jose Deschamps,419,02-Oct-17,Vehicle - Pedestrian,,,,One-Way Trafficway,Dry,Daylight,Clear,1,Not a Collision Between Two Motor Vehicles in Transport,No,Traffic Control Signal,2,1,Complains Of Pain
629961,10/2/17,3:39 PM,2017-00102813,CLARENCE ST,WEBSTER AVE ,CLARENCE ST / WEBSTER AVE ,Ptlm. Dalton,257,02-Oct-17,Vehicle - Pedestrian,,,,"Two-Way , Not Divided",Dry,Daylight,Clear,2,Rear - to - Side,"Yes, M/V and Driver Left Scene",No Controls,2,0,Unknown
630136,10/2/17,3:10 PM,2017-00102766,Broad St,THURBERS AVE ,Broad St / THURBERS AVE ,Anthony Moore,390,02-Oct-17,Vehicle - Pedestrian,,,,"Two-Way , Not Divided",Dry,Daylight,Clear,1,Not a Collision Between Two Motor Vehicles in Transport,No,Traffic Control Signal,2,1,Complains Of Pain
630508,10/3/17,3:04 PM,2017-00103156,BRIDGHAM ST,ELMWOOD AVE ,BRIDGHAM ST / ELMWOOD AVE ,Christopher Castagliuolo,351,03-Oct-17,Vehicle - Pedestrian,,,,"Two-Way , Not Divided",Dry,Daylight,Clear,1,Not a Collision Between Two Motor Vehicles in Transport,No,Traffic Control Signal,3,1,Complains Of Pain
631173,10/5/17,11:08 AM,2017-00103903,UNION ST,WESTMINSTER ST ,UNION ST / WESTMINSTER ST ,Fernando Lopez,156,05-Oct-17,Vehicle - Pedestrian,,,,One-Way Trafficway,Dry,Daylight,Clear,2,"Sideswipe, Same Direction",No,No Controls,5,0,No Injury
631403,10/5/17,8:33 PM,2017-00104120,WESTMINSTER ST,SERVICE ROAD 8 ,WESTMINSTER ST / SERVICE ROAD 8 ,Glen Morgan,558,05-Oct-17,Vehicle - Pedestrian,,,,One-Way Trafficway,Dry,Dark - Lighted,Clear,1,Not a Collision Between Two Motor Vehicles in Transport,No,No Controls,4,2,Complains Of Pain
631432,10/5/17,5:52 PM,2017-00104052,WESTMINSTER ST,KNIGHT ST ,WESTMINSTER ST / KNIGHT ST ,Christopher Castagliuolo,351,05-Oct-17,Vehicle - Pedestrian,,,,"Two-Way , Not Divided",Dry,Daylight,Clear,1,Not a Collision Between Two Motor Vehicles in Transport,No,No Controls,3,1,Complains Of Pain
631767,10/6/17,9:30 PM,2017-00104588,MERINO ST/ HARTFORD AVE,CROWNINSHIELD ST ,MERINO ST/ HARTFORD AVE / CROWNINSHIELD ST ,Ryan Malloy,311,06-Oct-17,Vehicle - Pedestrian,,,,"Two-Way , Not Divided",Dry,Dark - Lighted,Clear,1,Not a Collision Between Two Motor Vehicles in Transport,"Yes, M/V and Driver Left Scene",No Controls,1,0,Unknown
631798,10/7/17,3:35 AM,2017-00104739,571 Union Ave,POCASSET AVE ,571 Union Ave / POCASSET AVE ,Kristen Barth,247,07-Oct-17,Vehicle - Pedestrian,,,,"Two-Way , Not Divided",Dry,Dark - Lighted,Clear,1,Not a Collision Between Two Motor Vehicles in Transport,"Yes, M/V and Driver Left Scene",No Controls,1,1,Complains Of Pain
632425,10/8/17,8:42 PM,2017-00105431,CRANSTON STREET,POTTERS AVE ,CRANSTON STREET / POTTERS AVE ,Luis Pelaez,336,08-Oct-17,Vehicle - Pedestrian,,,,"Two-Way , Not Divided",Dry,Dark - Lighted,Clear,1,Not a Collision Between Two Motor Vehicles in Transport,"Yes, M/V and Driver Left Scene",Stop Signs,1,1,Complains Of Pain
632639,10/9/17,7:13 PM,2017-00105749,SUPERIOR ST,CRANSTON ST ,SUPERIOR ST / CRANSTON ST ,Ptlm Ramos,285,09-Oct-17,Vehicle - Pedestrian,,,,"Two-Way , Not Divided",Wet,Dark - Lighted,Rain,1,Not a Collision Between Two Motor Vehicles in Transport,No,No Controls,2,1,Complains Of Pain
632641,10/9/17,7:15 PM,2017-00105750,SACKETT ST,BROAD ST ,SACKETT ST / BROAD ST ,Daryl Pfeiffer,241,09-Oct-17,Vehicle - Pedestrian,,,,"Two-Way , Not Divided",Wet,Dark - Lighted,Rain,1,Not a Collision Between Two Motor Vehicles in Transport,"Yes, M/V and Driver Left Scene",No Controls,1,1,Complains Of Pain
633009,10/10/17,5:37 PM,2017-00106092,361 RESERVOIR AVE,PONTIAC AVE,361 RESERVOIR AVE / PONTIAC AVE,Edward Leste,595,10-Oct-17,Vehicle - Pedestrian,,,,Unknown,Dry,Dawn,Clear,1,Not a Collision Between Two Motor Vehicles in Transport,No,No Controls,2,1,Complains Of Pain
633322,10/11/17,6:24 AM,2017-00106313,731 Eddy St,EUDORA ST ,731 Eddy St / EUDORA ST ,Michael Sepe,367,11-Oct-17,Vehicle - Pedestrian,,,,"Two-Way, Divided, Unprotected (painted>4feet) Medium",Dry,Daylight,Clear,1,Not a Collision Between Two Motor Vehicles in Transport,No,No Controls,3,2,Complains Of Pain
633703,10/11/17,4:05 PM,2017-00106497,COLLEGE RD,6TH AVE ,COLLEGE RD / 6TH AVE ,Alexa Levesque,248,11-Oct-17,Vehicle - Pedestrian,X,,,"Two-Way , Not Divided",Dry,Daylight,Clear,1,Not a Collision Between Two Motor Vehicles in Transport,No,No Controls,3,1,Non-Incapacitating
633739,10/11/17,4:01 PM,2017-00106494,MATHEWSON ST,WESTMINSTER ST ,MATHEWSON ST / WESTMINSTER ST ,Miguel Castillo,489,11-Oct-17,Vehicle - Pedestrian,,,,One-Way Trafficway,Dry,Daylight,Clear,1,Not a Collision Between Two Motor Vehicles in Transport,No,No Controls,3,1,Incapacitating
633851,10/11/17,8:45 PM,2017-00106619,Ocean St,SALISBURY ST ,Ocean St / SALISBURY ST ,Anthony Moore,390,11-Oct-17,Vehicle - Pedestrian,,,,"Two-Way , Not Divided",Dry,Dark - Lighted,Clear,2,Angle (Front - to - Side) Right Angle (Includes Broadside),"Yes, M/V and Driver Left Scene",No Controls,2,0,Unknown
633885,10/12/17,8:53 AM,2017-00106753,85 WATERMAN STREET,BROWN ST ,85 WATERMAN STREET / BROWN ST ,Brian Corcoran,562,12-Oct-17,Vehicle - Pedestrian,X,,,One-Way Trafficway,Dry,Daylight,Clear,1,Other,No,No Controls,2,1,Complains Of Pain
633890,10/12/17,9:16 AM,2017-00106763,NAHANT ST,OPPER ST ,NAHANT ST / OPPER ST ,Fernando Lopez,156,12-Oct-17,Vehicle - Pedestrian,,,X,"Two-Way , Not Divided",Dry,Daylight,Clear,2,Other,No,No Controls,5,0,No Injury
634017,10/12/17,2:29 PM,2017-00106853,Broad street,CLAVERICK ST ,Broad street / CLAVERICK ST ,Michael Cifuentes,330,12-Oct-17,Vehicle - Pedestrian,,,,"Two-Way , Not Divided",Dry,Daylight,Clear,1,Other,No,No Controls,2,1,Complains Of Pain
634351,10/13/17,9:15 AM,2017-00107160,BROADWAY,GREENMAN LN ,BROADWAY / GREENMAN LN ,Fernando Lopez,156,13-Oct-17,Vehicle - Pedestrian,X,,,"Two-Way , Not Divided",Dry,Daylight,Clear,1,Not a Collision Between Two Motor Vehicles in Transport,No,Traffic Control Signal,4,1,Complains Of Pain
635728,10/14/17,6:56 PM,2017-00107786,16 GROVER ST,LONGO ST ,16 GROVER ST / LONGO ST ,Patrolman Malloy,311,14-Oct-17,Vehicle - Pedestrian,,,,"Two-Way , Not Divided",Dry,Dark - Lighted,Clear,1,Not a Collision Between Two Motor Vehicles in Transport,"Yes, M/V and Driver Left Scene",No Controls,1,1,Complains Of Pain
635804,10/15/17,2:45 AM,2017-00108057,Atwells Ave,Broadway,Atwells Ave / Broadway,Gary Slater,365,15-Oct-17,Vehicle - Pedestrian,,,,"Two-Way , Not Divided",Dry,Daylight,Clear,1,Not a Collision Between Two Motor Vehicles in Transport,"Yes, M/V and Driver Left Scene",No Controls,2,1,Incapacitating
636952,10/17/17,8:14 AM,2017-00108777,ORCHARD AVE,ORCHARD PL ,ORCHARD AVE / ORCHARD PL ,Raymond King,633,17-Oct-17,Vehicle - Pedestrian,,,,"Two-Way , Not Divided",Dry,Daylight,Clear,2,Angle (Front - to - Side) Same Direction,No,No Controls,3,0,No Injury
637754,10/19/17,6:27 PM,2017-00109726,CANAL ST,PARK ROW ,CANAL ST / PARK ROW ,Fausto Garcia,109,19-Oct-17,Vehicle - Pedestrian,,,,One-Way Trafficway,Dry,Dark - Lighted,Clear,1,Not a Collision Between Two Motor Vehicles in Transport,No,No Controls,3,1,Complains Of Pain