CrashReportId,CrashDate,CrashTime,ReportNumber,StreetOrHighway,NearestIntersection,Location,Officer,Badge,ReportDate,TypeOfCollision,Bicycle,Scooter,Wheel Chair,TypeOfRoadway,RoadSurfaceCondition,LightCondition,WeatherCondition,NumberofVehicles,MannerofImpact,HitAndRun,TrafficControl,PersonCount,InjuryCount,MostSeriousInjury
638374,10/20/17,3:38 PM,2017-00110039,CHALKSTONE AVENUE ,ACADEMY AVENUE ,CHALKSTONE AVENUE  / ACADEMY AVENUE ,Giuseppe Scarcello,485,20-Oct-17,Vehicle - Pedestrian,,,,"Two-Way , Not Divided",Dry,Daylight,Clear,1,Not a Collision Between Two Motor Vehicles in Transport,"Yes, M/V and Driver Left Scene",Traffic Control Signal,2,1,Incapacitating
638752,10/21/17,10:50 AM,2017-00110364,MEMORIAL BLVD,EXCHANGE ST ,MEMORIAL BLVD / EXCHANGE ST ,Rosemarie Chin,494,21-Oct-17,Vehicle - Pedestrian,,,,"Two-Way, Divided, Unprotected (painted>4feet) Medium",Dry,Daylight,Clear,1,"Sideswipe, Same Direction","Yes, M/V and Driver Left Scene",No Controls,1,1,Non-Incapacitating
638806,10/21/17,2:11 PM,2017-00110410,CHALKSTONE AVE,RIVER AVE ,CHALKSTONE AVE / RIVER AVE ,Raymond Criner,340,21-Oct-17,Vehicle - Pedestrian,X,,,"Two-Way , Not Divided",Dry,Daylight,Clear,1,Not a Collision Between Two Motor Vehicles in Transport,No,Traffic Control Signal,5,1,Non-Incapacitating
638807,10/21/17,4:33 PM,2017-00110460,HIGHLAND AVE,8TH ST ,HIGHLAND AVE / 8TH ST ,Robert Heaton,539,21-Oct-17,Vehicle - Pedestrian,,,,"Two-Way , Not Divided",Dry,Daylight,Clear,2,Unknown,"Yes, M/V and Driver Left Scene",No Controls,3,0,Unknown
639046,10/22/17,10:34 AM,2017-00110745,AUGUSTA ST,RIVER AVE ,AUGUSTA ST / RIVER AVE ,Juan Robles,643,22-Oct-17,Vehicle - Pedestrian,,,,"Two-Way, Divided, Unprotected (painted>4feet) Medium",Dry,Daylight,Clear,2,Rear - to - Rear,No,No Controls,4,0,No Injury
639068,10/22/17,1:00 PM,2017-00110787,Page St,WEYBOSSET ST ,Page St / WEYBOSSET ST ,Gary Slater,365,22-Oct-17,Vehicle - Pedestrian,,,,One-Way Trafficway,Dry,Daylight,Clear,1,Not a Collision Between Two Motor Vehicles in Transport,No,No Controls,2,1,Incapacitating
639390,10/23/17,11:23 AM,2017-00111116,LIBRARY CT,WESTMINSTER ST ,LIBRARY CT / WESTMINSTER ST ,Fernando Lopez,156,23-Oct-17,Vehicle - Pedestrian,X,,,"Two-Way , Not Divided",Dry,Daylight,Clear,1,Not a Collision Between Two Motor Vehicles in Transport,No,Traffic Control Signal,3,0,No Injury
639473,10/23/17,2:52 PM,2017-00111205,552 UNION AVE,POCASSET AVE ,552 UNION AVE / POCASSET AVE ,Michael Sepe,367,23-Oct-17,Vehicle - Pedestrian,,,,"Two-Way, Divided, Unprotected (painted>4feet) Medium",Dry,Daylight,Clear,2,"Sideswipe, Same Direction","Yes, M/V and Driver Left Scene",No Controls,2,0,No Injury
639483,10/23/17,4:21 PM,2017-00111219,4TH STREET,BREWSTER ST ,4TH STREET / BREWSTER ST ,Raleek Byfield,375,23-Oct-17,Vehicle - Pedestrian,,,,"Two-Way , Not Divided",Dry,Daylight,Clear,2,"Sideswipe, Same Direction","Yes, M/V and Driver Left Scene",No Controls,3,0,Unknown
639590,10/23/17,5:03 PM,2017-00111247,POTTERS AVE,BROAD ST ,POTTERS AVE / BROAD ST ,Gerry Kue,393,23-Oct-17,Vehicle - Pedestrian,,,,"Two-Way , Not Divided",Dry,Daylight,Clear,1,Not a Collision Between Two Motor Vehicles in Transport,No,Traffic Control Signal,2,1,Complains Of Pain
639744,10/23/17,11:30 PM,2017-00111400,343 broad st.,BROAD ST ,343 broad st. / BROAD ST ,John Martin,186,24-Oct-17,Vehicle - Pedestrian,,,,Unknown,Dry,Dark - Lighted,Cloudy,1,Not a Collision Between Two Motor Vehicles in Transport,No,No Controls,3,1,Complains Of Pain
639765,10/24/17,12:50 AM,2017-00111417,LAUREL HILL AVE,PLAINFIELD ST ,LAUREL HILL AVE / PLAINFIELD ST ,Gargar Grimes,323,24-Oct-17,Vehicle - Pedestrian,X,,,"Two-Way, Divided, Unprotected (painted>4feet) Medium",Dry,Dark - Lighted,Clear,1,Not a Collision Between Two Motor Vehicles in Transport,No,Traffic Control Signal,3,1,Complains Of Pain
639820,10/24/17,7:07 AM,2017-00111448,CRANSTON ST,POTTERS AVE ,CRANSTON ST / POTTERS AVE ,Fernando Lopez,156,24-Oct-17,Vehicle - Pedestrian,,,,"Two-Way , Not Divided",Wet,Daylight,Rain,1,Not a Collision Between Two Motor Vehicles in Transport,No,Pavement Markings,2,1,Complains Of Pain
639942,10/24/17,7:09 AM,2017-00111449,200 HAWKINS ST,BRANCH AVE ,200 HAWKINS ST / BRANCH AVE ,Trent Hastings,326,24-Oct-17,Vehicle - Pedestrian,,,,"Two-Way , Not Divided",Wet,Daylight,Rain,1,Not a Collision Between Two Motor Vehicles in Transport,No,No Controls,4,1,Complains Of Pain
640997,10/26/17,7:27 PM,2017-00112451,1 Sabin st,SABIN ST ,1 Sabin st / SABIN ST ,Gerry Kue,393,26-Oct-17,Vehicle - Pedestrian,,,,"Two-Way , Not Divided",Dry,Dark - Lighted,Clear,2,Unknown,"Yes, M/V and Driver Left Scene",No Controls,2,0,No Injury
641593,10/27/17,3:24 PM,2017-00112752,Blackstone Blvd,Irving Ave,Blackstone Blvd / Irving Ave,Harrison Northup,232,27-Oct-17,Vehicle - Pedestrian,,,,One-Way Trafficway,Dry,Daylight,Clear,1,Angle (Front - to - Side) Right Angle (Includes Broadside),No,No Controls,2,0,No Injury
642293,10/28/17,9:06 PM,2017-00113324,WASHINGTON ST,EMPIRE ST ,WASHINGTON ST / EMPIRE ST ,Genifer Wade,,28-Oct-17,Vehicle - Pedestrian,,,,"Two-Way , Not Divided",Dry,Dark - Lighted,Clear,1,Not a Collision Between Two Motor Vehicles in Transport,No,No Controls,2,1,Complains Of Pain
642622,10/29/17,3:25 AM,2017-00113510,FRIENDSHIP ST,RICHMOND ST ,FRIENDSHIP ST / RICHMOND ST ,Andrew Groot,188,29-Oct-17,Vehicle - Pedestrian,,,,"Two-Way , Not Divided",Dry,Dark - Lighted,Clear,1,Not a Collision Between Two Motor Vehicles in Transport,"Yes, M/V and Driver Left Scene",No Controls,1,1,Non-Incapacitating
642798,10/29/17,4:45 PM,2017-00113696,N MAIN ST,CYPRESS ST ,N MAIN ST / CYPRESS ST ,Omar Castro,422,29-Oct-17,Vehicle - Pedestrian,,,,"Two-Way, Divided, Positive Median Barrier",Wet,Dawn,Clear,2,Rear End(Front-to-Rear),"Yes, M/V and Driver Left Scene",No Controls,3,0,No Injury
642799,10/29/17,6:46 PM,2017-00113741,BURNS ST,MANILA ST ,BURNS ST / MANILA ST ,David Harrington,276,29-Oct-17,Vehicle - Pedestrian,,,,One-Way Trafficway,Wet,Dark - Lighted,Rain,1,Not a Collision Between Two Motor Vehicles in Transport,"Yes, M/V and Driver Left Scene",No Controls,2,1,Complains Of Pain
642827,10/29/17,5:28 PM,2017-00113710,N MAIN ST,CYPRESS ST ,N MAIN ST / CYPRESS ST ,Omar Castro,422,29-Oct-17,Vehicle - Pedestrian,,,,"Two-Way, Divided, Positive Median Barrier",Wet,Dawn,Clear,2,Unknown,"Yes, Driver Left Scene",Unknown,3,0,No Injury
642847,10/29/17,6:54 PM,2017-00113744,WASHINGTON ST,CANAL ST ,WASHINGTON ST / CANAL ST ,Miguel Castillo,489,29-Oct-17,Vehicle - Pedestrian,,,,One-Way Trafficway,Wet,Dark - Not Lighted,Rain,1,Not a Collision Between Two Motor Vehicles in Transport,No,Stop Signs,2,1,Complains Of Pain
643195,10/30/17,2:40 PM,2017-00114181,MEMORIAL BLVD,STEEPLE ST ,MEMORIAL BLVD / STEEPLE ST ,Fausto Garcia,109,30-Oct-17,Vehicle - Pedestrian,,,,"Two-Way, Divided, Positive Median Barrier",Dry,Daylight,Cloudy,1,Not a Collision Between Two Motor Vehicles in Transport,No,Traffic Control Signal,4,1,Complains Of Pain
643263,10/30/17,4:11 PM,2017-00114231,HAROLD ST,REGENT AVE ,HAROLD ST / REGENT AVE ,Jared Sherman,292,30-Oct-17,Vehicle - Pedestrian,,,,"Two-Way , Not Divided",Dry,Daylight,Clear,2,Rear End(Front-to-Rear),No,No Controls,4,0,No Injury
643270,10/30/17,4:05 PM,2017-00114224,SOUTH MAIN ST,COLLEGE ST ,SOUTH MAIN ST / COLLEGE ST ,Fausto Garcia,109,30-Oct-17,Vehicle - Pedestrian,,,,One-Way Trafficway,Dry,Daylight,Cloudy,1,Not a Collision Between Two Motor Vehicles in Transport,No,Traffic Control Signal,3,1,Complains Of Pain
643804,11/1/17,1:29 AM,2017-00114883,344 Washington Street,DEAN ST ,344 Washington Street / DEAN ST ,Nicholas Cruz,370,01-Nov-17,Vehicle - Pedestrian,,,,Unknown,Dry,Dark - Lighted,Clear,2,Rear End(Front-to-Rear),No,No Controls,4,0,Unknown
643894,11/1/17,12:30 PM,2017-00115016,ELMWOOD AVE,ELMWOOD AVE ,ELMWOOD AVE / ELMWOOD AVE ,Michael Maycock,281,01-Nov-17,Vehicle - Pedestrian,,,,"Two-Way , Not Divided",Dry,Daylight,Clear,2,"Sideswipe, Same Direction",No,Unknown,3,0,No Injury
644402,11/1/17,10:08 PM,2017-00115212,STEEPLE ST,N MAIN ST ,STEEPLE ST / N MAIN ST ,Francisco Furtado,635,02-Nov-17,Vehicle - Pedestrian,,,,One-Way Trafficway,Dry,Daylight,Clear,1,Other,No,Traffic Control Signal,3,1,Complains Of Pain
644574,11/2/17,3:20 PM,2017-00115425,DORRANCE ST,WEYBOSSET ST ,DORRANCE ST / WEYBOSSET ST ,Matthew Goddard,171,02-Nov-17,Vehicle - Pedestrian,,,,"Two-Way , Not Divided",Dry,Daylight,Clear,1,Not a Collision Between Two Motor Vehicles in Transport,No,Traffic Control Signal,3,1,Incapacitating
646088,11/2/17,9:52 PM,2017-00115597,CHALKSTONE AVENUE ,GROVESNOR STREET ,CHALKSTONE AVENUE  / GROVESNOR STREET ,Giuseppe Scarcello,485,06-Nov-17,Vehicle - Pedestrian,,,,"Two-Way , Not Divided",Dry,Dark - Lighted,Clear,1,Not a Collision Between Two Motor Vehicles in Transport,No,No Controls,5,1,Complains Of Pain
645203,11/3/17,6:34 AM,2017-00115697,CRANSTON ST,WAVERLY ST ,CRANSTON ST / WAVERLY ST ,KEN MATSUMOTO - CAR 623,348,03-Nov-17,Vehicle - Pedestrian,X,,,"Two-Way , Not Divided",Dry,Dark - Lighted,Clear,1,Not a Collision Between Two Motor Vehicles in Transport,No,No Controls,2,1,Complains Of Pain
645669,11/4/17,7:49 PM,2017-00116384,GREENWICH ST,BUCKLIN ST ,GREENWICH ST / BUCKLIN ST ,Troy Lambert,413,04-Nov-17,Vehicle - Pedestrian,,,,"Two-Way , Not Divided",Dry,Dark - Lighted,Clear,1,Not a Collision Between Two Motor Vehicles in Transport,"Yes, M/V and Driver Left Scene",Stop Signs,1,1,Complains Of Pain
645773,11/5/17,1:03 PM,2017-00116640,1303 NORTH MAIN ST,N MAIN ST ,1303 NORTH MAIN ST / N MAIN ST ,Darren Hull,598,05-Nov-17,Vehicle - Pedestrian,X,,,One-Way Trafficway,Dry,Daylight,Clear,1,Other,No,No Controls,3,0,No Injury
645785,11/5/17,1:19 PM,2017-00116676,51 SILVER SPRING ST,,51 SILVER SPRING ST / ,Fernando Lopez,156,05-Nov-17,Vehicle - Pedestrian,,,,Unknown,Dry,Daylight,Cloudy,1,Not a Collision Between Two Motor Vehicles in Transport,"Yes, M/V and Driver Left Scene",No Controls,3,1,Complains Of Pain
645827,11/5/17,5:54 PM,2017-00116756,126 MERINO ST,CROWNINSHIELD ST ,126 MERINO ST / CROWNINSHIELD ST ,Michael Sepe,367,05-Nov-17,Vehicle - Pedestrian,,,,"Two-Way , Not Divided",Dry,Dark - Lighted,Clear,3,"Sidwswipe, Opposite Direction","Yes, M/V and Driver Left Scene",No Controls,3,0,No Injury
646105,11/6/17,8:00 AM,2017-00116943,HIGGINS AVE,OAKLAND AVE ,HIGGINS AVE / OAKLAND AVE ,Jason Andrade,200,06-Nov-17,Vehicle - Pedestrian,,,,Unknown,Wet,Daylight,Clear,1,Angle (Front - to - Side) Opposite Direction,No,No Controls,2,0,No Injury
646149,11/6/17,11:00 AM,2017-00116927,ELLENFIELD ST,VIRGINIA AVE ,ELLENFIELD ST / VIRGINIA AVE ,George Pereira,421,06-Nov-17,Vehicle - Pedestrian,,,,"Two-Way , Not Divided",Dry,Daylight,Cloudy,2,Unknown,"Yes, M/V and Driver Left Scene",No Controls,3,0,No Injury
646566,11/7/17,8:35 AM,2017-00117262,MORRIS AVE,ROCHAMBEAU AVE ,MORRIS AVE / ROCHAMBEAU AVE ,James Annis,454,07-Nov-17,Vehicle - Pedestrian,,,,"Two-Way , Not Divided",Dry,Daylight,Clear,1,Not a Collision Between Two Motor Vehicles in Transport,No,No Controls,2,1,Complains Of Pain
646808,11/7/17,10:29 PM,2017-00117546,Francis St,MEMORIAL BLVD ,Francis St / MEMORIAL BLVD ,Michael Clary,269,08-Nov-17,Vehicle - Pedestrian,X,,,"Two-Way , Not Divided",Wet,Dark - Lighted,Rain,1,Not a Collision Between Two Motor Vehicles in Transport,No,Traffic Control Signal,3,1,Complains Of Pain
649024,11/11/17,6:49 PM,2017-00118955,16 opper st,MONTICELLO ST ,16 opper st / MONTICELLO ST ,David Impagliazzo,223,11-Nov-17,Vehicle - Pedestrian,,,,"Two-Way , Not Divided",Dry,Dark - Lighted,Clear,1,Not a Collision Between Two Motor Vehicles in Transport,No,No Controls,2,1,Complains Of Pain
649600,11/13/17,7:22 AM,2017-00119436,SMITH ST,ACADEMY AVE ,SMITH ST / ACADEMY AVE ,Fernando Lopez,156,13-Nov-17,Vehicle - Pedestrian,,,,"Two-Way , Not Divided",Dry,Daylight,Clear,2,"Sideswipe, Same Direction","Yes, M/V and Driver Left Scene",No Controls,2,0,Unknown
650063,11/13/17,6:42 PM,2017-00119635,RIVER AVE,DOUGLAS AVE ,RIVER AVE / DOUGLAS AVE ,James Lanier,211,13-Nov-17,Vehicle - Pedestrian,,,,"Two-Way, Divided, Unprotected (painted>4feet) Medium",Wet,Dark - Lighted,Rain,1,Not a Collision Between Two Motor Vehicles in Transport,No,No Controls,2,1,Incapacitating
650313,11/13/17,9:15 PM,2017-00119672,HARTFORD AVE,HARTFORD AVE EXIT ,HARTFORD AVE / HARTFORD AVE EXIT ,James Lanier,211,13-Nov-17,Vehicle - Pedestrian,,,,One-Way Trafficway,Wet,Dark - Lighted,Rain,2,Other,"Yes, M/V and Driver Left Scene",No Controls,3,1,Non-Incapacitating
650857,11/15/17,7:54 AM,2017-00120140,ROSEBANK AVE,,ROSEBANK AVE / ,James Annis,454,15-Nov-17,Vehicle - Pedestrian,,,,"Two-Way , Not Divided",Dry,Daylight,Clear,1,Not a Collision Between Two Motor Vehicles in Transport,No,No Controls,4,1,Complains Of Pain
651118,11/15/17,1:51 PM,2017-00120264,PARK ST,ORMS ST ,PARK ST / ORMS ST ,Cynthia Rodriguez,693,15-Nov-17,Vehicle - Pedestrian,,,,"Two-Way , Not Divided",Dry,Daylight,Clear,1,Not a Collision Between Two Motor Vehicles in Transport,"Yes, M/V and Driver Left Scene",No Controls,2,1,Complains Of Pain
651263,11/15/17,6:54 PM,2017-00120385,WASHINGTON ST,UNION ST ,WASHINGTON ST / UNION ST ,Matthew Goddard,171,15-Nov-17,Vehicle - Pedestrian,,,,"Two-Way , Not Divided",Dry,Dark - Lighted,Clear,1,Not a Collision Between Two Motor Vehicles in Transport,No,Traffic Control Signal,3,0,No Injury
651290,11/15/17,5:36 PM,2017-00120352,California Ave,VIRGINIA AVE ,California Ave / VIRGINIA AVE ,Jessica Perez,414,15-Nov-17,Vehicle - Pedestrian,,,,"Two-Way , Not Divided",Dry,Dark - Lighted,Clear,1,Not a Collision Between Two Motor Vehicles in Transport,"Yes, M/V and Driver Left Scene",Stop Signs,1,1,Complains Of Pain
651426,11/16/17,9:41 AM,2017-00120568,DEAN ST,WASHINGTON ST ,DEAN ST / WASHINGTON ST ,Fernando Lopez,156,16-Nov-17,Vehicle - Pedestrian,,,,"Two-Way , Not Divided",Wet,Daylight,Rain,1,Not a Collision Between Two Motor Vehicles in Transport,"Yes, M/V and Driver Left Scene",Stop Signs,2,1,Complains Of Pain
651788,11/16/17,5:31 PM,2017-00120749,BLACKSTONE ST,CULVER ST ,BLACKSTONE ST / CULVER ST ,Ptlm. Elie,167,16-Nov-17,Vehicle - Pedestrian,,,,"Two-Way , Not Divided",Wet,Dark - Lighted,Cloudy,1,Other,No,Stop Signs,3,1,Complains Of Pain
651847,11/16/17,6:16 PM,2017-00120767,KILLINGLY ST,KILLINGLY ST ,KILLINGLY ST / KILLINGLY ST ,Daniel Sirignano,261,16-Nov-17,Vehicle - Pedestrian,,,,"Two-Way , Not Divided",Wet,Dark - Not Lighted,Rain,1,Not a Collision Between Two Motor Vehicles in Transport,No,No Controls,3,1,Complains Of Pain
652202,11/17/17,5:33 PM,2017-00121132,1 West EXCHANGE Street,SABIN ST ,1 West EXCHANGE Street / SABIN ST ,Anthony Doucette,475,17-Nov-17,Vehicle - Pedestrian,,,,"Two-Way , Not Divided",Dry,Dark - Lighted,Clear,1,Other,No,No Controls,4,1,Complains Of Pain
652277,11/18/17,8:31 AM,2017-00121356,57 BERKSHIRE ST,,57 BERKSHIRE ST / ,Fernando Lopez,156,18-Nov-17,Vehicle - Pedestrian,,,,Unknown,Dry,Daylight,Clear,2,"Sidwswipe, Opposite Direction","Yes, M/V and Driver Left Scene",No Controls,2,0,Unknown
652509,11/19/17,2:41 AM,2017-00121697,DORCHESTER AVE,RYE ST ,DORCHESTER AVE / RYE ST ,Flavio Tavares,371,19-Nov-17,Vehicle - Pedestrian,,,,"Two-Way , Not Divided",Wet,Dark - Lighted,Clear,2,Head-On (Front - to - Front),"Yes, M/V and Driver Left Scene",No Controls,2,0,Unknown
652682,11/19/17,2:29 PM,2017-00121835,DOUGLAS AVE,VANDEWATER ST ,DOUGLAS AVE / VANDEWATER ST ,James Lanier,211,19-Nov-17,Vehicle - Pedestrian,,,,"Two-Way, Divided, Unprotected (painted>4feet) Medium",Dry,Daylight,Cloudy,1,Not a Collision Between Two Motor Vehicles in Transport,"Yes, M/V and Driver Left Scene",No Controls,1,1,Non-Incapacitating
654610,11/20/17,11:42 PM,2017-00122341,19 what cheer ave,POCASSET AVE ,19 what cheer ave / POCASSET AVE ,Alex Diaz,420,21-Nov-17,Vehicle - Pedestrian,,,,One-Way Trafficway,Dry,Dark - Lighted,Clear,1,Other,No,No Controls,2,0,No Injury
653420,11/21/17,11:56 AM,2017-00122541,VEAZIE ST,BRANCH AVE ,VEAZIE ST / BRANCH AVE ,KEN MATSUMOTO,348,21-Nov-17,Vehicle - Pedestrian,,,,"Two-Way , Not Divided",Dry,Daylight,Clear,1,Not a Collision Between Two Motor Vehicles in Transport,No,Traffic Control Signal,3,1,Complains Of Pain
654091,11/22/17,6:36 PM,2017-00123114,WASHINGTON ST,UNION ST ,WASHINGTON ST / UNION ST ,Glen Morgan,558,22-Nov-17,Vehicle - Pedestrian,,,,One-Way Trafficway,Wet,Daylight,Rain,1,Angle (Front - to - Side) Right Angle (Includes Broadside),"Yes, M/V and Driver Left Scene",Traffic Control Signal,1,1,Complains Of Pain
654095,11/22/17,6:41 PM,2017-00123116,FOUNTAIN ST,FRANCIS ST ,FOUNTAIN ST / FRANCIS ST ,Thomas Savard,335,22-Nov-17,Vehicle - Pedestrian,,,,"Two-Way , Not Divided",Wet,Dark - Lighted,Cloudy,1,Not a Collision Between Two Motor Vehicles in Transport,No,Traffic Control Signal,3,1,Complains Of Pain
654444,11/22/17,7:41 PM,2017-00123127, 306 Cranston St,HARRISON ST , 306 Cranston St / HARRISON ST ,Ybelis Gonzalez,376,22-Nov-17,Vehicle - Pedestrian,,,,"Two-Way, Divided, Unprotected (painted>4feet) Medium",Dry,Dark - Lighted,Clear,1,Not a Collision Between Two Motor Vehicles in Transport,No,No Controls,2,1,Complains Of Pain
654463,11/22/17,9:29 PM,2017-00123160,Broadway ,AMERICA ST ,Broadway  / AMERICA ST ,Brian Murphy,231,22-Nov-17,Vehicle - Pedestrian,,,,"Two-Way , Not Divided",Dry,Dark - Lighted,Clear,1,Unknown,"Yes, M/V and Driver Left Scene",No Controls,3,1,Incapacitating
654550,11/23/17,9:56 AM,2017-00123317,13 WHELAN RD,,13 WHELAN RD / ,Fernando Lopez,156,23-Nov-17,Vehicle - Pedestrian,,,,Unknown,Dry,Daylight,Clear,2,Rear - to - Side,No,No Controls,4,0,No Injury
656545,11/27/17,11:25 AM,2017-00124634,WASHINGTON ST,EMPIRE ST ,WASHINGTON ST / EMPIRE ST ,Miguel Castillo,489,27-Nov-17,Vehicle - Pedestrian,,,,"Two-Way, Divided, Unprotected (painted>4feet) Medium",Dry,Daylight,Clear,1,Rear End(Front-to-Rear),No,No Controls,3,1,Complains Of Pain
656989,11/27/17,7:35 PM,2017-00124800,AMERICAN EXPRESS PLZ,FRANCIS ST ,AMERICAN EXPRESS PLZ / FRANCIS ST ,Nicholas Manfredi,343,27-Nov-17,Vehicle - Pedestrian,,,,"Two-Way , Not Divided",Dry,Dark - Lighted,Clear,1,Not a Collision Between Two Motor Vehicles in Transport,"Yes, M/V and Driver Left Scene",Traffic Control Signal,1,1,Complains Of Pain
657194,11/28/17,8:57 AM,2017-00124937,POTTERS AVE,CRANSTON ST ,POTTERS AVE / CRANSTON ST ,Thiago Gomes,532,28-Nov-17,Vehicle - Pedestrian,,,,"Two-Way , Not Divided",Dry,Daylight,Clear,1,Head-On (Front - to - Front),No,No Controls,3,1,Complains Of Pain
657979,11/29/17,2:17 PM,2017-00125424,BROAD ST,SERVICE ROAD 7 ,BROAD ST / SERVICE ROAD 7 ,Erick Fernandez,228,29-Nov-17,Vehicle - Pedestrian,,,,"Two-Way , Not Divided",Dry,Daylight,Clear,1,Not a Collision Between Two Motor Vehicles in Transport,No,No Controls,2,1,Complains Of Pain
658133,11/29/17,6:37 PM,2017-00125542,HAWKINS ST,SALINA ST ,HAWKINS ST / SALINA ST ,Vincent Pazzetta,641,29-Nov-17,Vehicle - Pedestrian,,,,"Two-Way , Not Divided",Dry,Dark - Lighted,Cloudy,1,Unknown,"Yes, M/V and Driver Left Scene",Stop Signs,1,1,Complains Of Pain
658619,11/30/17,11:10 AM,2017-00125787,EMPIRE ST,BROAD ST ,EMPIRE ST / BROAD ST ,Fernando Lopez,156,30-Nov-17,Vehicle - Pedestrian,,,,"Two-Way , Not Divided",Dry,Daylight,Clear,1,Not a Collision Between Two Motor Vehicles in Transport,No,Pavement Markings,3,1,Complains Of Pain
658867,11/30/17,8:27 PM,2017-00125969,BRANCH AVE,DRYDEN LN ,BRANCH AVE / DRYDEN LN ,Cory Vingi,237,30-Nov-17,Vehicle - Pedestrian,,,,Unknown,Dry,Dark - Lighted,Clear,2,Rear - to - Rear,"Yes, M/V and Driver Left Scene",No Controls,3,0,No Injury
659002,12/1/17,12:13 PM,2017-00126159,PEMBROKE AVE,CHAD BROWN ST ,PEMBROKE AVE / CHAD BROWN ST ,Fernando Lopez,156,01-Dec-17,Vehicle - Pedestrian,,,,"Two-Way , Not Divided",Dry,Daylight,Clear,3,"Sidwswipe, Opposite Direction","Yes, M/V and Driver Left Scene",No Controls,4,0,No Injury
659463,12/2/17,12:15 PM,2017-00126586,BUTLER AVE,BLACKSTONE BLVD ,BUTLER AVE / BLACKSTONE BLVD ,Ptlm. Chin,516,02-Dec-17,Vehicle - Pedestrian,,,,"Two-Way , Not Divided",Dry,Daylight,Clear,2,Rear End(Front-to-Rear),No,Pavement Markings,5,0,No Injury
659779,12/2/17,8:00 PM,2017-00126736,FRUIT HILL AVE,HUBER AVE ,FRUIT HILL AVE / HUBER AVE ,James Lanier,211,02-Dec-17,Vehicle - Pedestrian,,,,"Two-Way, Divided, Unprotected (painted>4feet) Medium",Dry,Dark - Lighted,Clear,1,Not a Collision Between Two Motor Vehicles in Transport,"Yes, M/V and Driver Left Scene",No Controls,2,1,Complains Of Pain
660043,12/3/17,5:09 PM,2017-00127052,VALLEY ST,TURNER ST ,VALLEY ST / TURNER ST ,Jessica Salmeron,356,03-Dec-17,Vehicle - Pedestrian,,,,"Two-Way, Divided, Unprotected (painted>4feet) Medium",Dry,Dusk,Clear,1,Not a Collision Between Two Motor Vehicles in Transport,"Yes, M/V and Driver Left Scene",Stop Signs,2,1,Complains Of Pain
661095,12/4/17,9:00 AM,2017-00127662,ADMIRAL ST,HAWKINS ST ,ADMIRAL ST / HAWKINS ST ,Cynthia Rodriguez,693,05-Dec-17,Vehicle - Pedestrian,,,,"Two-Way , Not Divided",Dry,Dark - Lighted,Clear,1,Not a Collision Between Two Motor Vehicles in Transport,"Yes, M/V and Driver Left Scene",No Controls,1,1,Complains Of Pain
660417,12/4/17,1:01 PM,2017-00127301,BROADWAY,COURTLAND ST ,BROADWAY / COURTLAND ST ,KEN MATSUMOTO - CAR 623,348,04-Dec-17,Vehicle - Pedestrian,,,,"Two-Way , Not Divided",Dry,Daylight,Clear,1,Not a Collision Between Two Motor Vehicles in Transport,No,Pavement Markings,4,1,Complains Of Pain
662758,12/5/17,4:29 PM,2017-00127731,601 North Main street ,N MAIN ST ,601 North Main street  / N MAIN ST ,Genifer Bustamante,235,08-Dec-17,Vehicle - Pedestrian,,,,"Two-Way , Not Divided",Wet,Dark - Lighted,Rain,2,Rear End(Front-to-Rear),No,No Controls,3,0,No Injury
661150,12/5/17,4:39 PM,2017-00127730,HOPE ST,LAURISTON ST ,HOPE ST / LAURISTON ST ,Raleek Byfield,375,05-Dec-17,Vehicle - Pedestrian,X,,,"Two-Way, Divided, Unprotected (painted>4feet) Medium",Wet,Dark - Lighted,Rain,1,Not a Collision Between Two Motor Vehicles in Transport,No,Stop Signs,4,1,Complains Of Pain
661159,12/5/17,6:21 PM,2017-00127767,BROAD ST,MASSACHUSETTS AVE ,BROAD ST / MASSACHUSETTS AVE ,Kenneth Demarco,176,05-Dec-17,Vehicle - Pedestrian,,,,"Two-Way , Not Divided",Wet,Dark - Lighted,Rain,1,Not a Collision Between Two Motor Vehicles in Transport,"Yes, M/V and Driver Left Scene",No Controls,1,1,Non-Incapacitating
661313,12/5/17,3:49 PM,2017-00127718,150 River Ave,CHALKSTONE AVE ,150 River Ave / CHALKSTONE AVE ,Ybelis Gonzalez,376,05-Dec-17,Vehicle - Pedestrian,,,,"Two-Way, Divided, Unprotected (painted>4feet) Medium",Wet,Dark - Lighted,Rain,4,Rear End(Front-to-Rear),"Yes, M/V and Driver Left Scene",Traffic Control Signal,7,0,No Injury
661350,12/5/17,8:05 PM,2017-00127813,WASHINGTON ST,EMPIRE ST ,WASHINGTON ST / EMPIRE ST ,Glen Morgan,558,05-Dec-17,Vehicle - Pedestrian,,,,"Two-Way, Divided, Unprotected (painted>4feet) Medium",Wet,Dark - Lighted,Rain,1,Head-On (Front - to - Front),No,Traffic Control Signal,3,1,Complains Of Pain
661394,12/5/17,6:35 PM,2017-00127780,GEORGE ST,THAYER ST ,GEORGE ST / THAYER ST ,Graig Sion,254,05-Dec-17,Vehicle - Pedestrian,,,,"Two-Way, Divided, Unprotected (painted>4feet) Medium",Wet,Dark - Lighted,Rain,1,Not a Collision Between Two Motor Vehicles in Transport,No,No Controls,3,1,Complains Of Pain