CrashReportId,CrashDate,CrashTime,ReportNumber,StreetOrHighway,NearestIntersection,Location,Officer,Badge,ReportDate,TypeOfCollision,Bicycle,Scooter,Wheel Chair,TypeOfRoadway,RoadSurfaceCondition,LightCondition,WeatherCondition,NumberofVehicles,MannerofImpact,HitAndRun,TrafficControl,PersonCount,InjuryCount,MostSeriousInjury
660941,12/5/17,3:15 AM,2017-00127569,PEACE ST,Elmwood ave,PEACE ST / Elmwood ave,Brad McParlin,395,05-Dec-17,Vehicle - Pedestrian,,,,"Two-Way , Not Divided",Dry,Dark - Lighted,Clear,1,Other,"Yes, Driver Left Scene",No Controls,1,0,Unknown
661094,12/5/17,1:41 PM,2017-00127680,GANO ST,PRESTON ST ,GANO ST / PRESTON ST ,Fernando Lopez,156,05-Dec-17,Vehicle - Pedestrian,,,,"Two-Way , Not Divided",Wet,Daylight,Rain,2,"Sideswipe, Same Direction",No,No Controls,3,0,No Injury
661527,12/6/17,7:00 AM,2017-00127917,Manton Ave,,Manton Ave / ,James Annis,454,06-Dec-17,Vehicle - Pedestrian,,,,"Two-Way , Not Divided",Wet,Dawn,Cloudy,1,Not a Collision Between Two Motor Vehicles in Transport,"Yes, M/V and Driver Left Scene",Traffic Control Signal,3,1,Complains Of Pain
661779,12/6/17,5:48 PM,2017-00128117,SMITH ST,COMMON ST,SMITH ST / COMMON ST,Vincent Pazzetta,641,06-Dec-17,Vehicle - Pedestrian,,,,"Two-Way , Not Divided",Dry,Dark - Lighted,Cloudy,1,Not a Collision Between Two Motor Vehicles in Transport,No,Stop Signs,3,1,Complains Of Pain
662070,12/7/17,11:20 AM,2017-00128356,201 BRANCH AVE,,201 BRANCH AVE / ,James Annis,454,07-Dec-17,Vehicle - Pedestrian,,,,"Two-Way , Not Divided",Dry,Daylight,Clear,2,Angle (Front - to - Side) Right Angle (Includes Broadside),No,No Controls,3,0,Unknown
663451,12/9/17,1:38 AM,2017-00129060,TOCKWOTTON ST,S MAIN ST ,TOCKWOTTON ST / S MAIN ST ,Robert Heaton,539,09-Dec-17,Vehicle - Pedestrian,,,,"Two-Way , Not Divided",Dry,Dark - Lighted,Clear,3,"Sidwswipe, Opposite Direction","Yes, M/V and Driver Left Scene",No Controls,4,0,Unknown
665445,12/10/17,9:51 PM,2017-00129608,Westminster St,WESTMINSTER ST EXIT ,Westminster St / WESTMINSTER ST EXIT ,Brian Murphy,231,10-Dec-17,Vehicle - Pedestrian,,,,"Two-Way , Not Divided",Dry,Daylight,Clear,1,Not a Collision Between Two Motor Vehicles in Transport,"Yes, M/V and Driver Left Scene",No Controls,1,1,Complains Of Pain
664262,12/10/17,12:26 PM,2017-00129646,324 HOPE ST,,324 HOPE ST / ,KEN MATSUMOTO,348,10-Dec-17,Vehicle - Pedestrian,,,,Unknown,Wet,Daylight,Clear,2,Not a Collision Between Two Motor Vehicles in Transport,No,No Controls,4,1,Complains Of Pain
664475,12/10/17,7:40 PM,2017-00129597,CHALKSTONE AVE,OAKWOOD AVE ,CHALKSTONE AVE / OAKWOOD AVE ,Robert Heaton,539,11-Dec-17,Vehicle - Pedestrian,,,,"Two-Way , Not Divided",Dry,Dark - Lighted,Clear,1,Other,No,No Controls,3,1,Non-Incapacitating
664632,12/11/17,12:52 PM,2017-00129785,325 VALLEY ST,,325 VALLEY ST / ,Fernando Lopez,156,11-Dec-17,Vehicle - Pedestrian,,,,Unknown,Dry,Daylight,Clear,2,Unknown,"Yes, M/V and Driver Left Scene",No Controls,2,0,Unknown
664724,12/11/17,5:20 PM,2017-00129914,319 LOWELL AVE,,319 LOWELL AVE / ,Michael Sepe,367,11-Dec-17,Vehicle - Pedestrian,,,,"Two-Way , Not Divided",Dry,Dark - Lighted,Clear,2,Unknown,"Yes, M/V and Driver Left Scene",No Controls,2,0,No Injury
665496,12/12/17,5:28 PM,2017-00130235,BATTEY ST,W FOUNTAIN ST ,BATTEY ST / W FOUNTAIN ST ,Jennifer Fonseca,402,12-Dec-17,Vehicle - Pedestrian,,,,"Two-Way, Divided, Unprotected (painted>4feet) Medium",Wet,Dark - Lighted,Cloudy,1,Head-On (Front - to - Front),"Yes, M/V and Driver Left Scene",Stop Signs,1,1,Non-Incapacitating
665756,12/12/17,9:01 PM,2017-00130305,GEORGE ST,BROWN ST ,GEORGE ST / BROWN ST ,Cory Vingi,237,12-Dec-17,Vehicle - Pedestrian,,,,"Two-Way , Not Divided",Dry,Dark - Lighted,Clear,1,Not a Collision Between Two Motor Vehicles in Transport,No,No Controls,2,1,Complains Of Pain
665912,12/12/17,7:50 PM,2017-00130432,Atwells Ave,DEAN ST ,Atwells Ave / DEAN ST ,Gary Slater,365,13-Dec-17,Vehicle - Pedestrian,,,,"Two-Way , Not Divided",Dry,Dark - Lighted,Clear,1,Not a Collision Between Two Motor Vehicles in Transport,"Yes, M/V and Driver Left Scene",Traffic Control Signal,2,1,Complains Of Pain
666156,12/12/17,6:22 PM,2017-00130255, 50 KENNEDY PLZ,DORRANCE ST , 50 KENNEDY PLZ / DORRANCE ST ,Donald Brien,630,13-Dec-17,Vehicle - Pedestrian,,,,"Two-Way, Divided, Unprotected (painted>4feet) Medium",Dry,Dark - Not Lighted,Clear,1,Not a Collision Between Two Motor Vehicles in Transport,"Yes, M/V and Driver Left Scene",No Controls,1,0,No Injury
666520,12/14/17,11:07 AM,2017-00130883,10 PARK ROW ,,10 PARK ROW  / ,Joseph Madeira,552,14-Dec-17,Vehicle - Pedestrian,,,,"Two-Way , Not Divided",Snow,Daylight,Snow,1,Other,No,No Controls,3,1,Non-Incapacitating
668981,12/18/17,11:55 AM,2017-00132283,Trask Street,EDDY ST ,Trask Street / EDDY ST ,Jason Dalton,257,18-Dec-17,Vehicle - Pedestrian,,,,"Two-Way , Not Divided",Dry,Daylight,Clear,1,Not a Collision Between Two Motor Vehicles in Transport,No,Stop Signs,4,0,No Injury
669271,12/18/17,8:40 PM,2017-00132482,STAR ST,North Main Street,STAR ST / North Main Street,Kristen Barth,247,18-Dec-17,Vehicle - Pedestrian,X,,,One-Way Trafficway,Wet,Dark - Lighted,Clear,1,Not a Collision Between Two Motor Vehicles in Transport,No,Stop Signs,2,1,Complains Of Pain
669669,12/19/17,5:20 PM,2017-00132736,711 Broad Street,PUBLIC ST ,711 Broad Street / PUBLIC ST ,Marwing Pena,423,19-Dec-17,Vehicle - Pedestrian,,,,"Two-Way , Not Divided",Dry,Dark - Lighted,Clear,1,Not a Collision Between Two Motor Vehicles in Transport,No,No Controls,2,1,Complains Of Pain
670562,12/21/17,10:57 AM,2017-00133343,100 MEDWAY ST,,100 MEDWAY ST / ,KEN MATSUMOTO,348,21-Dec-17,Vehicle - Pedestrian,,,,Unknown,Dry,Daylight,Clear,2,Unknown,"Yes, M/V and Driver Left Scene",No Controls,2,0,No Injury
670832,12/21/17,7:01 PM,2017-00133509,15 CLEMATIS ST,CHALKSTONE AVE ,15 CLEMATIS ST / CHALKSTONE AVE ,Deanna Johnson,408,21-Dec-17,Vehicle - Pedestrian,,,,"Two-Way , Not Divided",Dry,Dark - Not Lighted,Clear,2,Rear - to - Side,No,No Controls,4,0,No Injury
670891,12/21/17,4:57 PM,2017-00133459,HARRIS AVE,ATWELLS AVE ,HARRIS AVE / ATWELLS AVE ,James Lanier,211,21-Dec-17,Vehicle - Pedestrian,,,,"Two-Way, Divided, Positive Median Barrier",Dry,Dark - Lighted,Clear,1,Not a Collision Between Two Motor Vehicles in Transport,No,Traffic Control Signal,3,1,Non-Incapacitating
671581,12/23/17,1:21 PM,2017-00134077,1000 ELMWOOD AVE,,1000 ELMWOOD AVE / ,Fernando Lopez,156,23-Dec-17,Vehicle - Pedestrian,,,,Unknown,Ice/Frost,Daylight,"Sleet, Hail (Freezing Rain or Drizzle)",2,Angle (Front - to - Side) Right Angle (Includes Broadside),No,No Controls,3,0,No Injury
671582,12/23/17,1:30 PM,2017-00134082,ATWELLS AVE,AMERICA ST ,ATWELLS AVE / AMERICA ST ,Michael Maycock,281,23-Dec-17,Vehicle - Pedestrian,,,,Unknown,Ice/Frost,Daylight,Rain,2,Unknown,"Yes, M/V and Driver Left Scene",No Controls,2,0,Unknown
672987,12/26/17,9:47 PM,2017-00135130,CALLA ST,BERNARD ST ,CALLA ST / BERNARD ST ,Alex Diaz,420,27-Dec-17,Vehicle - Pedestrian,,,,"Two-Way , Not Divided",Dry,Dawn,Clear,2,"Sideswipe, Same Direction","Yes, Driver Left Scene",No Controls,2,1,Complains Of Pain
673142,12/27/17,7:01 PM,2017-00135443,KENNEDY PLZ,ARCADE ST ,KENNEDY PLZ / ARCADE ST ,James Lanier,211,27-Dec-17,Vehicle - Pedestrian,,,,"Two-Way, Divided, Unprotected (painted>4feet) Medium",Dry,Dark - Lighted,Clear,1,Not a Collision Between Two Motor Vehicles in Transport,"Yes, M/V and Driver Left Scene",Pavement Markings,1,1,Non-Incapacitating
674551,12/31/17,7:33 PM,2017-00136748,Potters Ave,VINEYARD ST ,Potters Ave / VINEYARD ST ,Christopher Castagliuolo,351,31-Dec-17,Vehicle - Pedestrian,,,,"Two-Way , Not Divided",Snow,Dark - Lighted,Clear,2,"Sideswipe, Same Direction","Yes, M/V and Driver Left Scene",No Controls,2,0,Unknown
674727,1/1/18,2:54 AM,2018-00000100,ACORN ST,TRAINOR ST ,ACORN ST / TRAINOR ST ,Nicholas Cruz,370,01-Jan-18,Vehicle - Pedestrian,,,,"Two-Way , Not Divided",Dry,Dark - Lighted,Clear,2,Unknown,"Yes, M/V and Driver Left Scene",No Controls,2,0,Unknown
674747,1/1/18,1:59 AM,2018-00000068,250 NIANTIC AVE,DUPONT DR ,250 NIANTIC AVE / DUPONT DR ,Jessica Perez,414,01-Jan-18,Vehicle - Pedestrian,,,,"Two-Way , Not Divided",Ice/Frost,Dark - Lighted,Clear,1,Not a Collision Between Two Motor Vehicles in Transport,"Yes, Driver Left Scene",No Controls,3,0,No Injury
674905,1/1/18,5:18 PM,2018-00000284,ELIZA ST,WOLFE ST ,ELIZA ST / WOLFE ST ,Charles Vieira,363,01-Jan-18,Vehicle - Pedestrian,,,,Unknown,Snow,Dark - Lighted,Clear,3,Not a Collision Between Two Motor Vehicles in Transport,"Yes, Driver Left Scene",No Controls,5,3,Complains Of Pain
675267,1/2/18,4:59 PM,2018-00000575,HARRIS AVE,PROVIDENCE PLACE,HARRIS AVE / PROVIDENCE PLACE,MICHAEL R. TROIA / TRAFFIC BUREAU,331,02-Jan-18,Vehicle - Pedestrian,,,,One-Way Trafficway,Snow,Dark - Lighted,Clear,1,Not a Collision Between Two Motor Vehicles in Transport,No,No Controls,3,2,Complains Of Pain
675451,1/3/18,8:24 AM,2018-00000760,CROMWELL ST,BUCKLIN ST ,CROMWELL ST / BUCKLIN ST ,Francisco Furtado,635,03-Jan-18,Vehicle - Pedestrian,,,,"Two-Way, Divided, Unprotected (painted>4feet) Medium",Dry,Daylight,Clear,1,Other,No,Stop Signs,3,0,No Injury
675559,1/3/18,2:31 PM,2018-00000869,48 BRIDGHAM ST,,48 BRIDGHAM ST / ,MICHAEL R. TROIA / TRAFFIC BUREAU,331,03-Jan-18,Vehicle - Pedestrian,,,,"Two-Way , Not Divided",Dry,Daylight,Clear,1,Not a Collision Between Two Motor Vehicles in Transport,"Yes, M/V and Driver Left Scene",No Controls,1,1,Complains Of Pain
676101,1/4/18,3:57 PM,2018-00001234,1309 smith st,AUDUBON AVE ,1309 smith st / AUDUBON AVE ,Joseph Lopes,227,04-Jan-18,Vehicle - Pedestrian,,,,"Two-Way , Not Divided",Snow,Dark - Lighted,Snow,1,Not a Collision Between Two Motor Vehicles in Transport,No,No Controls,2,1,Non-Incapacitating
676138,1/5/18,7:02 AM,2018-00001390,BLACKSTONE BLVD,BROOKWAY RD ,BLACKSTONE BLVD / BROOKWAY RD ,Fernando Lopez,156,05-Jan-18,Vehicle - Pedestrian,,,,"Two-Way, Divided, Positive Median Barrier",Snow,Daylight,Clear,2,Rear End(Front-to-Rear),No,No Controls,4,0,No Injury
676180,1/5/18,12:14 PM,2018-00001485,HARTFORD AVE,BOWLETT ST ,HARTFORD AVE / BOWLETT ST ,Fernando Lopez,156,05-Jan-18,Vehicle - Pedestrian,,,,"Two-Way , Not Divided",Dry,Daylight,Clear,1,Not a Collision Between Two Motor Vehicles in Transport,No,No Controls,3,1,Complains Of Pain
678070,1/8/18,11:45 AM,2018-00002596,EXCHANGE TER,EXCHANGE ST ,EXCHANGE TER / EXCHANGE ST ,Thomas Rose,465,08-Jan-18,Vehicle - Pedestrian,,,,"Two-Way , Not Divided",Wet,Daylight,Clear,1,Other,No,No Controls,3,1,Complains Of Pain
678239,1/8/18,5:13 PM,2018-00002707,Bridgham Street,WESTMINSTER ST ,Bridgham Street / WESTMINSTER ST ,Jennifer Fonseca,402,08-Jan-18,Vehicle - Pedestrian,,,,"Two-Way, Divided, Unprotected (painted>4feet) Medium",Wet,Daylight,Clear,1,Not a Collision Between Two Motor Vehicles in Transport,"Yes, M/V and Driver Left Scene",Stop Signs,1,1,Complains Of Pain
678670,1/9/18,3:17 PM,2018-00003026,195 Valley St,BROADWAY ,195 Valley St / BROADWAY ,Michael Camardo,357,09-Jan-18,Vehicle - Pedestrian,,,,"Two-Way, Divided, Unprotected (painted>4feet) Medium",Dry,Daylight,Clear,2,"Sideswipe, Same Direction","Yes, M/V and Driver Left Scene",No Controls,11,0,No Injury
680831,1/10/18,4:59 PM,2018-00003428,ELMWOOD AVE,ELMWOOD AVE ,ELMWOOD AVE / ELMWOOD AVE ,Jared Stanzione,193,12-Jan-18,Vehicle - Pedestrian,,,,Unknown,Dry,Dark - Lighted,Clear,2,Unknown,"Yes, M/V and Driver Left Scene",No Controls,2,0,Unknown
679865,1/11/18,7:50 AM,2018-00003612,348 BRANCH AVE,CHATHAM ST ,348 BRANCH AVE / CHATHAM ST ,Michael Moonan,286,11-Jan-18,Vehicle - Pedestrian,,,,"Two-Way , Not Divided",Dry,Daylight,Clear,2,Rear End(Front-to-Rear),No,No Controls,3,0,No Injury
680330,1/11/18,5:23 PM,2018-00003805,WESTMINSTER ST,DEXTER ST ,WESTMINSTER ST / DEXTER ST ,Joseph Lopes,227,11-Jan-18,Vehicle - Pedestrian,,,,"Two-Way , Not Divided",Wet,Dark - Lighted,Clear,1,Not a Collision Between Two Motor Vehicles in Transport,"Yes, M/V and Driver Left Scene",No Controls,3,1,Incapacitating
680386,1/11/18,4:33 PM,2018-00003783,67 glenbridge ave,RICHLAND ST ,67 glenbridge ave / RICHLAND ST ,Joseph Lopes,227,11-Jan-18,Vehicle - Pedestrian,,,,"Two-Way , Not Divided",Wet,Dark - Lighted,Clear,1,Not a Collision Between Two Motor Vehicles in Transport,No,No Controls,4,1,Complains Of Pain
680963,1/12/18,6:34 PM,2018-00004227,POTTERS AVE,CRANSTON ST ,POTTERS AVE / CRANSTON ST ,Luis Pelaez,336,12-Jan-18,Vehicle - Pedestrian,,,,"Two-Way , Not Divided",Wet,Dark - Lighted,Rain,1,Not a Collision Between Two Motor Vehicles in Transport,"Yes, M/V and Driver Left Scene",No Controls,1,1,Complains Of Pain
681016,1/12/18,6:57 PM,2018-00004237,BROAD ST,BROAD ST ,BROAD ST / BROAD ST ,Adrian Francis,239,12-Jan-18,Vehicle - Pedestrian,,,,"Two-Way, Divided, Unprotected (painted>4feet) Medium",Wet,Dark - Lighted,Rain,1,Not a Collision Between Two Motor Vehicles in Transport,No,No Controls,2,1,Non-Incapacitating
680658,1/12/18,3:47 AM,2018-00003964,broad street,LOCKWOOD ST ,broad street / LOCKWOOD ST ,Kristen Barth,247,12-Jan-18,Vehicle - Pedestrian,,,,"Two-Way , Not Divided",Wet,Dark - Lighted,Rain,1,Not a Collision Between Two Motor Vehicles in Transport,"Yes, M/V and Driver Left Scene",No Controls,1,1,Complains Of Pain
681247,1/13/18,1:06 PM,2018-00004495,TERRACE AVE,WALLACE ST ,TERRACE AVE / WALLACE ST ,KEN MATSUMOTO,348,13-Jan-18,Vehicle - Pedestrian,,,,"Two-Way , Not Divided",Dry,Daylight,Clear,1,Not a Collision Between Two Motor Vehicles in Transport,No,Stop Signs,3,1,Complains Of Pain
681281,1/13/18,4:53 PM,2018-00004577,WICKENDEN ST,BROOK ST ,WICKENDEN ST / BROOK ST ,KEN MATSUMOTO,348,13-Jan-18,Vehicle - Pedestrian,,,,"Two-Way , Not Divided",Dry,Daylight,Clear,2,Rear End(Front-to-Rear),"Yes, M/V and Driver Left Scene",No Controls,5,0,No Injury
681838,1/14/18,11:44 AM,2018-00004853,WESTMINSTER ST,EMPIRE ST ,WESTMINSTER ST / EMPIRE ST ,KEN MATSUMOTO,348,14-Jan-18,Vehicle - Pedestrian,,,,"Two-Way , Not Divided",Dry,Daylight,Clear,1,Not a Collision Between Two Motor Vehicles in Transport,No,Traffic Control Signal,2,1,Complains Of Pain
682373,1/16/18,10:47 PM,2018-00005679,THAYER ST,MEETING ST ,THAYER ST / MEETING ST ,Joseph Pineau,256,17-Jan-18,Vehicle - Pedestrian,,,,"Two-Way , Not Divided",Dry,Dark - Lighted,Clear,1,Not a Collision Between Two Motor Vehicles in Transport,No,No Controls,3,0,No Injury
682417,1/17/18,6:26 AM,2018-00005762,WASHINGTON AVE,VIRGINIA AVE ,WASHINGTON AVE / VIRGINIA AVE ,Fernando Lopez,156,17-Jan-18,Vehicle - Pedestrian,,,,"Two-Way , Not Divided",Snow,Daylight,Snow,2,"Sideswipe, Same Direction",No,No Controls,4,0,No Injury
683092,1/18/18,9:06 AM,2018-00006106,285 PROMENADE ST,,285 PROMENADE ST / ,Fernando Lopez,156,18-Jan-18,Vehicle - Pedestrian,,,,Unknown,Dry,Daylight,Clear,2,"Sidwswipe, Opposite Direction",No,No Controls,3,0,No Injury
683227,1/18/18,11:35 AM,2018-00006145,BROADWAY,RINGGOLD ST ,BROADWAY / RINGGOLD ST ,Fernando Lopez,156,18-Jan-18,Vehicle - Pedestrian,,,,"Two-Way , Not Divided",Dry,Daylight,Clear,2,"Sideswipe, Same Direction",No,No Controls,3,0,No Injury
683327,1/18/18,5:57 PM,2018-00006278,manton ave ,pelham st,manton ave  / pelham st,Joseph Lopes,227,18-Jan-18,Vehicle - Pedestrian,,,,"Two-Way , Not Divided",Dry,Dark - Lighted,Cloudy,1,Not a Collision Between Two Motor Vehicles in Transport,No,No Controls,2,1,Incapacitating
684396,1/21/18,11:21 AM,2018-00007211,EMPIRE ST,CHAPEL ST ,EMPIRE ST / CHAPEL ST ,Fernando Lopez,156,21-Jan-18,Vehicle - Pedestrian,,,,"Two-Way , Not Divided",Dry,Daylight,Clear,3,"Sidwswipe, Opposite Direction",No,No Controls,4,0,No Injury
684438,1/21/18,5:59 PM,2018-00007312,POCASSET AVE,MAGNOLIA ST ,POCASSET AVE / MAGNOLIA ST ,Michael Camardo,357,21-Jan-18,Vehicle - Pedestrian,,,,"Two-Way , Not Divided",Dry,Dark - Lighted,Clear,1,Not a Collision Between Two Motor Vehicles in Transport,No,No Controls,5,0,No Injury
684764,1/22/18,2:53 PM,2018-00007580,2 dudley st,CULVER ST ,2 dudley st / CULVER ST ,Joseph Lopes,227,22-Jan-18,Vehicle - Pedestrian,,,,One-Way Trafficway,Wet,Daylight,Clear,2,"Sideswipe, Same Direction",No,No Controls,4,0,No Injury
685030,1/23/18,8:36 AM,2018-00007853,ROANOKE ST,MOUNT PLEASANT AVE ,ROANOKE ST / MOUNT PLEASANT AVE ,Jose Deschamps,419,23-Jan-18,Vehicle - Pedestrian,,,,"Two-Way, Divided, Unprotected (painted>4feet) Medium",Wet,Daylight,"Sleet, Hail (Freezing Rain or Drizzle)",1,Not a Collision Between Two Motor Vehicles in Transport,No,No Controls,2,1,Complains Of Pain
686721,1/25/18,3:59 PM,2018-00008770,Maude Street,,Maude Street / ,Michael Cifuentes,330,25-Jan-18,Vehicle - Pedestrian,,,,Unknown,Dry,Daylight,Clear,2,Unknown,"Yes, M/V and Driver Left Scene",No Controls,2,0,No Injury
686787,1/25/18,7:30 PM,2018-00008860,MEETING ST,BROWN ST ,MEETING ST / BROWN ST ,Cory Vingi,237,26-Jan-18,Vehicle - Pedestrian,X,,,"Two-Way , Not Divided",Dry,Dark - Lighted,Clear,1,Not a Collision Between Two Motor Vehicles in Transport,No,No Controls,2,0,No Injury
687173,1/26/18,5:22 PM,2018-00009193,S MAIN ST,TRANSIT ST ,S MAIN ST / TRANSIT ST ,Miguel Castillo,489,26-Jan-18,Vehicle - Pedestrian,,,,"Two-Way , Not Divided",Dry,Daylight,Clear,1,Not a Collision Between Two Motor Vehicles in Transport,No,Stop Signs,4,1,Complains Of Pain
687596,1/28/18,10:43 AM,2018-00009865,OAKLAND AVE,SMITH ST ,OAKLAND AVE / SMITH ST ,Fernando Lopez,156,28-Jan-18,Vehicle - Pedestrian,,,,"Two-Way , Not Divided",Wet,Daylight,Rain,2,Rear - to - Side,No,No Controls,4,0,No Injury
687837,1/28/18,6:30 PM,2018-00009986,HARTFORD AVE,MANTON AVE,HARTFORD AVE / MANTON AVE,Michael Sepe,367,28-Jan-18,Vehicle - Pedestrian,,,,One-Way Trafficway,Wet,Dark - Lighted,Clear,1,Not a Collision Between Two Motor Vehicles in Transport,"Yes, M/V and Driver Left Scene",Traffic Control Signal,3,1,Complains Of Pain
688052,1/29/18,2:02 PM,2018-00010270,LLOYD AVE,HOPE ST ,LLOYD AVE / HOPE ST ,Fernando Lopez,156,29-Jan-18,Vehicle - Pedestrian,,,,"Two-Way , Not Divided",Dry,Daylight,Clear,2,"Sideswipe, Same Direction","Yes, M/V and Driver Left Scene",No Controls,2,0,No Injury
688324,1/29/18,5:54 PM,2018-00010359,Brook St,Manning Walk,Brook St / Manning Walk,Noel Field,260,29-Jan-18,Vehicle - Pedestrian,,,,"Two-Way , Not Divided",Dry,Dark - Lighted,Cloudy,1,Not a Collision Between Two Motor Vehicles in Transport,No,Warning Signs,4,1,Incapacitating
688471,1/30/18,8:16 AM,2018-00010534,MOUNT PLEASANT AVE,CATHEDRAL AVE ,MOUNT PLEASANT AVE / CATHEDRAL AVE ,Jessica Leone,258,30-Jan-18,Vehicle - Pedestrian,,,,"Two-Way , Not Divided",Snow,Daylight,Snow,2,Rear End(Front-to-Rear),No,No Controls,5,0,No Injury
688577,1/30/18,10:01 AM,2018-00010571,MARLBOROUGH AVE,TAYLOR ST ,MARLBOROUGH AVE / TAYLOR ST ,Fernando Lopez,156,30-Jan-18,Vehicle - Pedestrian,,,,"Two-Way , Not Divided",Snow,Daylight,Snow,2,"Sidwswipe, Opposite Direction",No,No Controls,4,0,No Injury
688578,1/30/18,10:19 AM,2018-00010579,EXCHANGE TERR,EXCHANGE ST ,EXCHANGE TERR / EXCHANGE ST ,Fernando Lopez,156,30-Jan-18,Vehicle - Pedestrian,,,,"Two-Way , Not Divided",Snow,Daylight,Snow,2,"Sideswipe, Same Direction",No,No Controls,4,0,No Injury
690041,2/1/18,8:45 PM,2018-00011505,WASHINGTON ST,GREENE ST ,WASHINGTON ST / GREENE ST ,James Lanier,211,01-Feb-18,Vehicle - Pedestrian,,,,"Two-Way, Divided, Unprotected (painted>4feet) Medium",Dry,Dark - Lighted,Clear,1,Not a Collision Between Two Motor Vehicles in Transport,"Yes, M/V and Driver Left Scene",Traffic Control Signal,1,1,Non-Incapacitating
690710,2/3/18,1:25 PM,2018-00012105,HARTFORD AVE,KINFIELD ST ,HARTFORD AVE / KINFIELD ST ,Fernando Lopez,156,03-Feb-18,Vehicle - Pedestrian,,,,"Two-Way , Not Divided",Dry,Daylight,Clear,2,"Sideswipe, Same Direction","Yes, M/V and Driver Left Scene",No Controls,2,0,No Injury
691126,2/5/18,9:51 AM,2018-00012711,DORRANCE ST,FULTON ST ,DORRANCE ST / FULTON ST ,James Annis,454,05-Feb-18,Vehicle - Pedestrian,,,,"Two-Way , Not Divided",Wet,Daylight,Clear,1,Not a Collision Between Two Motor Vehicles in Transport,"Yes, M/V and Driver Left Scene",Traffic Control Signal,1,1,Complains Of Pain
691958,2/6/18,5:33 PM,2018-00013209,HOPE ST,5TH ST ,HOPE ST / 5TH ST ,James Lanier,211,06-Feb-18,Vehicle - Pedestrian,,,,"Two-Way, Divided, Unprotected (painted>4feet) Medium",Dry,Dark - Lighted,Clear,1,Not a Collision Between Two Motor Vehicles in Transport,No,Pavement Markings,3,1,Non-Incapacitating
692132,2/6/18,10:56 AM,2018-00013080,325 VALLEY ST.,TURNER ST ,325 VALLEY ST. / TURNER ST ,Joseph Iannucci,410,07-Feb-18,Vehicle - Pedestrian,,,,Unknown,Dry,Daylight,Clear,2,Rear End(Front-to-Rear),"Yes, M/V and Driver Left Scene",No Controls,3,0,No Injury
696587,2/6/18,11:20 PM,2018-00013540,BRIDGHAM ST,ELMWOOD AVE ,BRIDGHAM ST / ELMWOOD AVE ,Joseph Amoroso,613,07-Feb-18,Vehicle - Pedestrian,,,,"Two-Way , Not Divided",Unknown,Unknown,Clear,1,Not a Collision Between Two Motor Vehicles in Transport,"Yes, M/V and Driver Left Scene",No Controls,1,1,Complains Of Pain
692247,2/7/18,8:53 PM,2018-00013619,Admiral Street,BERKSHIRE ST ,Admiral Street / BERKSHIRE ST ,Tracie Miller,212,08-Feb-18,Vehicle - Pedestrian,,,,"Two-Way, Divided, Unprotected (painted>4feet) Medium",Wet,Dark - Lighted,Rain,1,Not a Collision Between Two Motor Vehicles in Transport,No,Stop Signs,2,1,Complains Of Pain
692751,2/8/18,7:35 PM,2018-00014228,MOUNT PLEASANT AVE,WHITFORD AVE ,MOUNT PLEASANT AVE / WHITFORD AVE ,Leonel Pichs,615,09-Feb-18,Vehicle - Pedestrian,,,,"Two-Way, Not Divided With a Continuous Left Turn Lane",Wet,Dark - Lighted,"Sleet, Hail (Freezing Rain or Drizzle)",2,Unknown,"Yes, M/V and Driver Left Scene",No Controls,2,0,Unknown
692872,2/9/18,7:18 PM,2018-00014290,150 Eaton Street,HUXLEY AVE ,150 Eaton Street / HUXLEY AVE ,Ybelis Gonzalez,376,09-Feb-18,Vehicle - Pedestrian,,,,"Two-Way, Divided, Unprotected (painted>4feet) Medium",Dry,Dark - Lighted,Clear,1,Not a Collision Between Two Motor Vehicles in Transport,"Yes, M/V and Driver Left Scene",No Controls,2,1,Complains Of Pain
692603,2/9/18,8:34 AM,2018-00014076,EXCHANGE ST,EXCHANGE TER ,EXCHANGE ST / EXCHANGE TER ,Fernando Lopez,156,09-Feb-18,Vehicle - Pedestrian,,,,"Two-Way , Not Divided",Dry,Daylight,Clear,1,Not a Collision Between Two Motor Vehicles in Transport,No,Pavement Markings,2,1,Complains Of Pain
693419,2/11/18,2:06 AM,2018-00014833,Fountain Street,EMPIRE ST ,Fountain Street / EMPIRE ST ,Kristen Barth,247,11-Feb-18,Vehicle - Pedestrian,,,,One-Way Trafficway,Wet,Dark - Lighted,Rain,1,Not a Collision Between Two Motor Vehicles in Transport,"Yes, M/V and Driver Left Scene",Traffic Control Signal,1,1,Complains Of Pain
694544,2/13/18,3:50 PM,2018-00015692,BLACKSTONE BLVD,ROCHAMBEAU AVE ,BLACKSTONE BLVD / ROCHAMBEAU AVE ,Genifer Bustamante,235,13-Feb-18,Vehicle - Pedestrian,,,,"Two-Way , Not Divided",Dry,Daylight,Clear,1,Not a Collision Between Two Motor Vehicles in Transport,No,No Controls,5,1,Complains Of Pain
694609,2/13/18,3:24 PM,2018-00015682,WICKENDEN ST,BROOK ST ,WICKENDEN ST / BROOK ST ,Miguel Castillo,489,13-Feb-18,Vehicle - Pedestrian,,,,"Two-Way , Not Divided",Dry,Daylight,Clear,2,"Sideswipe, Same Direction",No,No Controls,4,0,No Injury