CrashReportId,CrashDate,CrashTime,ReportNumber,StreetOrHighway,NearestIntersection,Location,Officer,Badge,ReportDate,TypeOfCollision,Bicycle,Scooter,Wheel Chair,TypeOfRoadway,RoadSurfaceCondition,LightCondition,WeatherCondition,NumberofVehicles,MannerofImpact,HitAndRun,TrafficControl,PersonCount,InjuryCount,MostSeriousInjury
695450,2/15/18,3:59 PM,2018-00016443,130 evergreen st,CAMP ST ,130 evergreen st / CAMP ST ,Joseph Lopes,227,15-Feb-18,Vehicle - Pedestrian,,,,"Two-Way , Not Divided",Wet,Daylight,Clear,2,"Sidwswipe, Opposite Direction",No,No Controls,5,0,No Injury
695513,2/15/18,5:13 PM,2018-00016469,CHAPIN AVE,SERVICE RD NO. 1 ,CHAPIN AVE / SERVICE RD NO. 1 ,Luis Pelaez,336,15-Feb-18,Vehicle - Pedestrian,,,,Unknown,Dry,Dark - Lighted,Clear,2,Angle (Front - to - Side) Right Angle (Includes Broadside),"Yes, Driver Left Scene",No Controls,2,0,Unknown
695738,2/16/18,8:51 AM,2018-00016665,400 RESERVOIR AVE,,400 RESERVOIR AVE / ,Fernando Lopez,156,16-Feb-18,Vehicle - Pedestrian,,,,Unknown,Wet,Daylight,Cloudy,2,Rear - to - Side,No,No Controls,3,0,No Injury
695805,2/16/18,12:34 PM,2018-00016732,ADMIRAL ST,DOUGLAS AVE ,ADMIRAL ST / DOUGLAS AVE ,Fernando Lopez,156,16-Feb-18,Vehicle - Pedestrian,X,,,"Two-Way , Not Divided",Dry,Daylight,Cloudy,1,Not a Collision Between Two Motor Vehicles in Transport,No,No Controls,4,1,Complains Of Pain
695808,2/16/18,1:31 PM,2018-00016749,MESSER ST,KENWOOD ST ,MESSER ST / KENWOOD ST ,Fernando Lopez,156,16-Feb-18,Vehicle - Pedestrian,,,,"Two-Way , Not Divided",Dry,Daylight,Cloudy,2,"Sideswipe, Same Direction",No,No Controls,3,0,No Injury
695811,2/16/18,1:33 PM,2018-00016750,877 Chalkstone Ave,LISBON ST ,877 Chalkstone Ave / LISBON ST ,James Annis,454,16-Feb-18,Vehicle - Pedestrian,,,,"Two-Way , Not Divided",Dry,Daylight,Clear,1,Not a Collision Between Two Motor Vehicles in Transport,No,No Controls,4,1,Complains Of Pain
696187,2/16/18,6:46 PM,2018-00016864,EMPIRE ST,BROADWAY ,EMPIRE ST / BROADWAY ,Matthew Goddard,171,16-Feb-18,Vehicle - Pedestrian,X,,,"Two-Way , Not Divided",Dry,Dark - Lighted,Clear,1,Not a Collision Between Two Motor Vehicles in Transport,No,Traffic Control Signal,2,0,No Injury
696246,2/17/18,11:11 AM,2018-00017062,HOPE ST,,HOPE ST / ,James Annis,454,17-Feb-18,Vehicle - Pedestrian,,,,"Two-Way , Not Divided",Dry,Daylight,Clear,2,"Sideswipe, Same Direction","Yes, M/V and Driver Left Scene",No Controls,2,0,No Injury
696306,2/17/18,3:38 PM,2018-00017132,Cranston Street,DEXTER ST ,Cranston Street / DEXTER ST ,Jennifer Fonseca,402,17-Feb-18,Vehicle - Pedestrian,,,,"Two-Way, Divided, Unprotected (painted>4feet) Medium",Dry,Daylight,Clear,1,Not a Collision Between Two Motor Vehicles in Transport,"Yes, M/V and Driver Left Scene",No Controls,1,1,Complains Of Pain
696381,2/17/18,7:14 PM,2018-00017211,BORDEN ST,PLAIN ST ,BORDEN ST / PLAIN ST ,Cory Vingi,237,17-Feb-18,Vehicle - Pedestrian,,,,"Two-Way , Not Divided",Snow,Dark - Lighted,Snow,1,Not a Collision Between Two Motor Vehicles in Transport,No,No Controls,2,1,Complains Of Pain
697438,2/20/18,6:08 PM,2018-00018218,VIRGINIA LN,FERNANDO ST ,VIRGINIA LN / FERNANDO ST ,Joseph Lopes,227,20-Feb-18,Vehicle - Pedestrian,,,,"Two-Way , Not Divided",Dry,Dark - Lighted,Clear,1,Not a Collision Between Two Motor Vehicles in Transport,"Yes, M/V and Driver Left Scene",No Controls,3,1,Complains Of Pain
697810,2/21/18,6:03 PM,2018-00018637,BROADWAY,HARRIS AVE ,BROADWAY / HARRIS AVE ,Giana Valletta,396,21-Feb-18,Vehicle - Pedestrian,,,,"Two-Way, Divided, Unprotected (painted>4feet) Medium",Dry,Dark - Lighted,Clear,1,Other,No,Stop Signs,4,1,Complains Of Pain
698399,2/22/18,7:51 PM,2018-00019084,CHARLES ST,CHARLES ST ,CHARLES ST / CHARLES ST ,Cory Vingi,237,22-Feb-18,Vehicle - Pedestrian,,,,"Two-Way , Not Divided",Dry,Dark - Lighted,Clear,1,Not a Collision Between Two Motor Vehicles in Transport,No,No Controls,3,1,Complains Of Pain
698425,2/23/18,1:49 AM,2018-00019195,SOUTH ST,RICHMOND ST ,SOUTH ST / RICHMOND ST ,Kristen Barth,247,23-Feb-18,Vehicle - Pedestrian,,,,One-Way Trafficway,Dry,Dark - Lighted,Clear,2,"Sideswipe, Same Direction","Yes, M/V and Driver Left Scene",No Controls,2,0,Unknown
698978,2/23/18,6:00 PM,2018-00019418,SMITHFIELD AVE,SMITHFIELD AVE ,SMITHFIELD AVE / SMITHFIELD AVE ,James Lanier,211,23-Feb-18,Vehicle - Pedestrian,,,,"Two-Way, Divided, Unprotected (painted>4feet) Medium",Wet,Dark - Lighted,Rain,1,Not a Collision Between Two Motor Vehicles in Transport,No,No Controls,6,1,Fatal
699129,2/23/18,11:00 AM,2018-00019316,ACADEMY AVE,ATWELLS AVE ,ACADEMY AVE / ATWELLS AVE ,Joseph Iannucci,410,24-Feb-18,Vehicle - Pedestrian,,,,"Two-Way , Not Divided",Wet,Daylight,Rain,1,Angle (Front - to - Side) Right Angle (Includes Broadside),No,Traffic Control Signal,2,0,No Injury
699498,2/24/18,5:31 PM,2018-00019794,1297 BROAD ST,,1297 BROAD ST / ,MICHAEL R. TROIA / TRAFFIC BUREAU,331,24-Feb-18,Vehicle - Pedestrian,,,,"Two-Way , Not Divided",Wet,Dark - Lighted,Rain,1,Not a Collision Between Two Motor Vehicles in Transport,No,No Controls,4,1,Complains Of Pain
699513,2/24/18,5:48 PM,2018-00019798,LINWOOD AVE,CRANSTON ST ,LINWOOD AVE / CRANSTON ST ,Brittany Boudreau,236,24-Feb-18,Vehicle - Pedestrian,,,,"Two-Way , Not Divided",Wet,Dark - Lighted,Rain,1,Not a Collision Between Two Motor Vehicles in Transport,No,Traffic Control Signal,2,1,Complains Of Pain
699654,2/24/18,3:38 PM,2018-00019741,MANTON AVE,HYAT ST ,MANTON AVE / HYAT ST ,James Lanier,211,24-Feb-18,Vehicle - Pedestrian,,,,"Two-Way, Divided, Unprotected (painted>4feet) Medium",Dry,Daylight,Rain,1,Not a Collision Between Two Motor Vehicles in Transport,"Yes, M/V and Driver Left Scene",Pavement Markings,1,0,No Injury
704133,2/24/18,5:42 PM,2018-00019799,DOUGLAS AVENUE,EATON STREET,DOUGLAS AVENUE / EATON STREET,Joseph Madeira,552,07-Mar-18,Vehicle - Pedestrian,,,,"Two-Way , Not Divided",Dry,Dark - Lighted,Clear,1,Other,"Yes, M/V and Driver Left Scene",Traffic Control Signal,1,0,Unknown
699965,2/25/18,2:48 AM,2018-00019989,BROAD ST,BROAD ST ,BROAD ST / BROAD ST ,William Sherrill,363,25-Feb-18,Vehicle - Pedestrian,,,,"Two-Way , Not Divided",Dry,Dark - Lighted,Clear,1,Head-On (Front - to - Front),"Yes, M/V and Driver Left Scene",No Controls,4,1,Complains Of Pain
700132,2/25/18,4:14 PM,2018-00020114,CHALKSTONE AVE,BERLIN ST ,CHALKSTONE AVE / BERLIN ST ,MICHAEL R. TROIA / TRAFFIC BUREAU,331,25-Feb-18,Vehicle - Pedestrian,,,,"Two-Way , Not Divided",Wet,Daylight,Rain,1,Not a Collision Between Two Motor Vehicles in Transport,"Yes, M/V and Driver Left Scene",No Controls,1,1,Complains Of Pain
700136,2/25/18,4:00 PM,2018-00020112,12 COLD SPRING ST,PITMAN ST ,12 COLD SPRING ST / PITMAN ST ,Noel Field,260,25-Feb-18,Vehicle - Pedestrian,,,,Unknown,Unknown,Unknown,Rain,2,"Sideswipe, Same Direction","Yes, M/V and Driver Left Scene",No Controls,2,0,Unknown
700677,2/26/18,2:30 PM,2018-00020426,GLENBRIDGE AVE,BARBARA ST ,GLENBRIDGE AVE / BARBARA ST ,Michael Maycock,281,27-Feb-18,Vehicle - Pedestrian,,,,"Two-Way , Not Divided",Dry,Daylight,Clear,2,"Sideswipe, Same Direction","Yes, M/V and Driver Left Scene",No Controls,2,0,Unknown
700739,2/27/18,2:20 PM,2018-00020804,DORRANCE ST,WESTMINSTER ST ,DORRANCE ST / WESTMINSTER ST ,Fernando Lopez,156,27-Feb-18,Vehicle - Pedestrian,,,,"Two-Way , Not Divided",Dry,Daylight,Clear,1,Not a Collision Between Two Motor Vehicles in Transport,No,Traffic Control Signal,2,1,Complains Of Pain
701013,2/28/18,9:26 AM,2018-00021091,PLAIN ST,,PLAIN ST / ,Fernando Lopez,156,28-Feb-18,Vehicle - Pedestrian,,,,Unknown,Dry,Daylight,Clear,2,Rear - to - Side,No,No Controls,3,0,No Injury
701370,3/1/18,8:05 AM,2018-00021470,BROADWAY,KNIGHT ST ,BROADWAY / KNIGHT ST ,Fernando Lopez,156,01-Mar-18,Vehicle - Pedestrian,,,,"Two-Way , Not Divided",Dry,Daylight,Clear,1,Not a Collision Between Two Motor Vehicles in Transport,No,Pavement Markings,3,1,Complains Of Pain
702124,3/2/18,1:20 PM,2018-00021946,BROAD ST,BROAD ST ,BROAD ST / BROAD ST ,James Lanier,211,02-Mar-18,Vehicle - Pedestrian,,,,"Two-Way , Not Divided",Wet,Daylight,Rain,1,Not a Collision Between Two Motor Vehicles in Transport,No,No Controls,3,1,Non-Incapacitating
702183,3/2/18,7:07 PM,2018-00022144,BROADWAY,HARKNESS ST ,BROADWAY / HARKNESS ST ,Cory Vingi,237,02-Mar-18,Vehicle - Pedestrian,,,,"Two-Way , Not Divided",Wet,Dark - Lighted,Clear,1,Not a Collision Between Two Motor Vehicles in Transport,No,No Controls,3,1,Complains Of Pain
702324,3/2/18,9:16 PM,2018-00022186,Cranston St,DEXTER ST ,Cranston St / DEXTER ST ,Deanna Johnson,408,02-Mar-18,Vehicle - Pedestrian,,,,"Two-Way , Not Divided",Wet,Dark - Lighted,Rain,1,Not a Collision Between Two Motor Vehicles in Transport,"Yes, M/V and Driver Left Scene",No Controls,1,1,Complains Of Pain
702484,3/3/18,1:09 PM,2018-00022411,Angel St,BENEFIT ST ,Angel St / BENEFIT ST ,James Annis,454,03-Mar-18,Vehicle - Pedestrian,,,,"Two-Way , Not Divided",Dry,Daylight,Clear,1,Not a Collision Between Two Motor Vehicles in Transport,"Yes, M/V and Driver Left Scene",Traffic Control Signal,3,1,Complains Of Pain
702707,3/4/18,2:48 AM,2018-00022719,MESSER ST,CRANSTON ST ,MESSER ST / CRANSTON ST ,Joshua Cascione,225,04-Mar-18,Vehicle - Pedestrian,,,,"Two-Way , Not Divided",Dry,Dark - Lighted,Cloudy,1,Not a Collision Between Two Motor Vehicles in Transport,"Yes, M/V and Driver Left Scene",No Controls,2,0,No Injury
702778,3/4/18,11:29 AM,2018-00022809,HYMER ST,RIVER AVE ,HYMER ST / RIVER AVE ,Fernando Lopez,156,04-Mar-18,Vehicle - Pedestrian,,,,"Two-Way , Not Divided",Dry,Daylight,Clear,2,"Sideswipe, Same Direction","Yes, M/V and Driver Left Scene",No Controls,2,0,No Injury
702989,3/4/18,7:10 PM,2018-00022957,Parade St ,HOLLYWOOD RD ,Parade St  / HOLLYWOOD RD ,Joseph Lopes,227,04-Mar-18,Vehicle - Pedestrian,,,,"Two-Way , Not Divided",Dry,Dark - Lighted,Clear,1,Not a Collision Between Two Motor Vehicles in Transport,No,Pavement Markings,4,1,Incapacitating
703638,3/6/18,1:06 PM,2018-00023527,200 MEETING ST,,200 MEETING ST / ,Fernando Lopez,156,06-Mar-18,Vehicle - Pedestrian,,,,Unknown,Dry,Daylight,Clear,2,Rear - to - Side,No,No Controls,7,0,No Injury
703644,3/6/18,3:50 PM,2018-00023589,REGENT AVE,HAROLD ST ,REGENT AVE / HAROLD ST ,Joseph Lopes,227,06-Mar-18,Vehicle - Pedestrian,,,,"Two-Way , Not Divided",Dry,Daylight,Clear,1,Not a Collision Between Two Motor Vehicles in Transport,"Yes, M/V and Driver Left Scene",Stop Signs,1,1,Complains Of Pain
704252,3/7/18,7:48 PM,2018-00024006,THURBERS AVE,BROAD ST ,THURBERS AVE / BROAD ST ,John Benros,481,07-Mar-18,Vehicle - Pedestrian,,,,"Two-Way , Not Divided",Snow,Dark - Lighted,Snow,1,Other,No,No Controls,2,1,Complains Of Pain
704051,3/7/18,1:21 PM,2018-00023898,NARRAGANSETT BLVD,WASHINGTON AVE ,NARRAGANSETT BLVD / WASHINGTON AVE ,Fernando Lopez,156,07-Mar-18,Vehicle - Pedestrian,,,,"Two-Way , Not Divided",Wet,Daylight,Rain,1,Not a Collision Between Two Motor Vehicles in Transport,No,No Controls,3,1,Complains Of Pain
704642,3/8/18,6:04 PM,2018-00024295,COLLEGE ST,BENEFIT ST ,COLLEGE ST / BENEFIT ST ,Noel Field,260,08-Mar-18,Vehicle - Pedestrian,,,,"Two-Way , Not Divided",Dry,Dusk,Cloudy,1,Other,"Yes, M/V and Driver Left Scene",Pavement Markings,4,1,Complains Of Pain
705112,3/9/18,5:02 PM,2018-00024615,DE PASQUALE AVE,BROADWAY ,DE PASQUALE AVE / BROADWAY ,Troy Lambert,413,09-Mar-18,Vehicle - Pedestrian,,,,"Two-Way , Not Divided",Dry,Daylight,Clear,2,"Sideswipe, Same Direction","Yes, M/V and Driver Left Scene",No Controls,2,0,Unknown
705343,3/10/18,8:10 PM,2018-00025032,atwells ave,STEUBEN ST ,atwells ave / STEUBEN ST ,Graig Sion,254,10-Mar-18,Vehicle - Pedestrian,,,,"Two-Way, Divided, Unprotected (painted>4feet) Medium",Dry,Dark - Lighted,Clear,1,Other,"Yes, M/V and Driver Left Scene",Person,1,1,Complains Of Pain
705961,3/12/18,12:14 AM,2018-00025420,BROADWAY,DEAN ST ,BROADWAY / DEAN ST ,Robert Heaton,539,12-Mar-18,Vehicle - Pedestrian,,,,"Two-Way , Not Divided",Dry,Dark - Lighted,Clear,1,Other,No,Flashing Traffic Control Signal,2,1,Non-Incapacitating
706008,3/12/18,7:31 AM,2018-00025483,CHARLES ST,LEDGE ST ,CHARLES ST / LEDGE ST ,Fernando Lopez,156,12-Mar-18,Vehicle - Pedestrian,,,,"Two-Way , Not Divided",Dry,Daylight,Clear,1,Not a Collision Between Two Motor Vehicles in Transport,No,No Controls,5,1,Complains Of Pain
706159,3/12/18,1:54 PM,2018-00025587,ATLANTIC AVE,NIAGARA ST ,ATLANTIC AVE / NIAGARA ST ,Fernando Lopez,156,12-Mar-18,Vehicle - Pedestrian,,,,"Two-Way , Not Divided",Dry,Daylight,Clear,1,Not a Collision Between Two Motor Vehicles in Transport,"Yes, M/V and Driver Left Scene",No Controls,2,1,Complains Of Pain
707427,3/14/18,6:12 PM,2018-00026304,EATON ST,DOUGLAS AVE ,EATON ST / DOUGLAS AVE ,James Lanier,211,14-Mar-18,Vehicle - Pedestrian,,,,"Two-Way , Not Divided",Dry,Dusk,Clear,2,Angle (Front - to - Side) Right Angle (Includes Broadside),No,No Controls,6,0,No Injury
707593,3/14/18,11:55 PM,2018-00026407,SOMERSET ST,BROAD ST ,SOMERSET ST / BROAD ST ,Robert Heaton,539,15-Mar-18,Vehicle - Pedestrian,,,,"Two-Way , Not Divided",Wet,Dark - Lighted,Cloudy,1,Other,No,No Controls,4,1,Incapacitating
709180,3/17/18,1:53 AM,2018-00027155,ACORN ST,ATWELLS AVE ,ACORN ST / ATWELLS AVE ,Robert Heaton,539,17-Mar-18,Vehicle - Pedestrian,,,,"Two-Way , Not Divided",Dry,Dark - Lighted,Clear,1,Other,"Yes, M/V and Driver Left Scene",No Controls,4,1,Complains Of Pain
709928,3/19/18,7:17 AM,2018-00027913,TENNESSEE AVE,CAROLINA AVE ,TENNESSEE AVE / CAROLINA AVE ,Fernando Lopez,156,19-Mar-18,Vehicle - Pedestrian,,,,"Two-Way , Not Divided",Dry,Daylight,Clear,2,"Sideswipe, Same Direction","Yes, M/V and Driver Left Scene",No Controls,2,0,Unknown
711110,3/20/18,6:15 PM,2018-00028601,BERGEN ST,ANDEM ST ,BERGEN ST / ANDEM ST ,Michael Luke,245,21-Mar-18,Vehicle - Pedestrian,X,,,"Two-Way , Not Divided",Dry,Dark - Lighted,Clear,1,Not a Collision Between Two Motor Vehicles in Transport,"Yes, M/V and Driver Left Scene",Stop Signs,1,1,Complains Of Pain
711316,3/21/18,4:26 PM,2018-00028759,881 WESTMINSTER ST,,881 WESTMINSTER ST / ,MICHAEL R. TROIA / TRAFFIC BUREAU,331,21-Mar-18,Vehicle - Pedestrian,,,,"Two-Way , Not Divided",Wet,Daylight,Snow,1,Not a Collision Between Two Motor Vehicles in Transport,No,No Controls,4,1,Complains Of Pain
712229,3/24/18,10:57 AM,2018-00029633,550 BRANCH AVE,OPPER ST ,550 BRANCH AVE / OPPER ST ,Michael Moonan,286,24-Mar-18,Vehicle - Pedestrian,,,,"Two-Way , Not Divided",Dry,Daylight,Clear,4,"Sideswipe, Same Direction",No,Traffic Control Signal,10,4,Complains Of Pain
712328,3/24/18,7:06 PM,2018-00029779,157 WILLOW ST,ELLERY ST ,157 WILLOW ST / ELLERY ST ,Michael Sepe,367,24-Mar-18,Vehicle - Pedestrian,,,,Unknown,Dry,Dark - Lighted,Clear,2,Unknown,"Yes, M/V and Driver Left Scene",No Controls,2,0,No Injury
713019,3/26/18,6:01 PM,2018-00030457,159 WEYBOSSET ST,,159 WEYBOSSET ST / ,MICHAEL R. TROIA / TRAFFIC BUREAU,331,26-Mar-18,Vehicle - Pedestrian,X,,,"Two-Way , Not Divided",Dry,Daylight,Clear,1,Not a Collision Between Two Motor Vehicles in Transport,No,No Controls,5,1,Complains Of Pain
713626,3/27/18,5:39 PM,2018-00030807,Dean Street ,BROADWAY ,Dean Street  / BROADWAY ,James Lanier,211,27-Mar-18,Vehicle - Pedestrian,,,,"Two-Way, Divided, Unprotected (painted>4feet) Medium",Dry,Daylight,Clear,1,Not a Collision Between Two Motor Vehicles in Transport,No,No Controls,2,1,Non-Incapacitating
714851,3/30/18,12:53 PM,2018-00031737,SALMON ST,MANTON AVE ,SALMON ST / MANTON AVE ,Fernando Lopez,156,30-Mar-18,Vehicle - Pedestrian,,,,"Two-Way , Not Divided",Dry,Daylight,Clear,1,Not a Collision Between Two Motor Vehicles in Transport,No,Pavement Markings,3,1,Complains Of Pain
717264,4/1/18,11:45 AM,2018-00033959,Goddard St,Douglas Ave,Goddard St / Douglas Ave,Shaun Marmas,216,05-Apr-18,Vehicle - Pedestrian,,,,"Two-Way , Not Divided",Dry,Daylight,Clear,2,Unknown,"Yes, M/V and Driver Left Scene",No Controls,2,0,Unknown
715753,4/2/18,12:00 PM,2018-00032749,ELM ST,EDDY ST ,ELM ST / EDDY ST ,Thomas Rose,465,02-Apr-18,Vehicle - Pedestrian,,,,"Two-Way , Not Divided",Wet,Daylight,"Sleet, Hail (Freezing Rain or Drizzle)",1,Other,No,No Controls,4,1,Non-Incapacitating
715886,4/2/18,3:11 PM,2018-00032799,BROADWAY,SERVICE ROAD 8 ,BROADWAY / SERVICE ROAD 8 ,Taft Manzotti,377,02-Apr-18,Vehicle - Pedestrian,,,,"Two-Way , Not Divided",Dry,Daylight,Clear,1,Not a Collision Between Two Motor Vehicles in Transport,No,Traffic Control Signal,3,1,Complains Of Pain
716182,4/3/18,1:01 PM,2018-00033121,S MAIN ST,COLLEGE ST ,S MAIN ST / COLLEGE ST ,KEN MATSUMOTO,348,03-Apr-18,Vehicle - Pedestrian,,,,One-Way Trafficway,Dry,Daylight,Cloudy,1,Not a Collision Between Two Motor Vehicles in Transport,No,Pavement Markings,2,1,Complains Of Pain
719180,4/4/18,10:54 AM,2018-00035153,FULTON ST,EDDY ST ,FULTON ST / EDDY ST ,Fernando Lopez,156,09-Apr-18,Vehicle - Pedestrian,,,,One-Way Trafficway,Dry,Daylight,Clear,2,Rear End(Front-to-Rear),"Yes, M/V and Driver Left Scene",No Controls,2,0,Unknown
716606,4/4/18,8:30 AM,2018-00033372,GENERAL ST,WEST DR ,GENERAL ST / WEST DR ,Cynthia Rodriguez,693,04-Apr-18,Vehicle - Pedestrian,,,,"Two-Way , Not Divided",Dry,Daylight,Clear,1,Not a Collision Between Two Motor Vehicles in Transport,"Yes, M/V and Driver Left Scene",No Controls,3,1,Complains Of Pain
717576,4/6/18,2:55 PM,2018-00034200,BROAD ST,BROAD ST ,BROAD ST / BROAD ST ,Raleek Byfield,375,06-Apr-18,Vehicle - Pedestrian,,,,"Two-Way, Divided, Unprotected (painted>4feet) Medium",Wet,Daylight,Snow,1,Not a Collision Between Two Motor Vehicles in Transport,"Yes, M/V and Driver Left Scene",Pavement Markings,2,1,Complains Of Pain
717770,4/6/18,8:09 PM,2018-00034294,DOUGLAS AVE,DOUGLAS AVE ,DOUGLAS AVE / DOUGLAS AVE ,Cory Vingi,237,06-Apr-18,Vehicle - Pedestrian,,,,"Two-Way , Not Divided",Wet,Dark - Lighted,Cloudy,1,Not a Collision Between Two Motor Vehicles in Transport,No,No Controls,2,1,Complains Of Pain
718759,4/8/18,6:23 PM,2018-00034997,100 FRANCIS ST,MEMORIAL BLVD ,100 FRANCIS ST / MEMORIAL BLVD ,Donald Brien,630,08-Apr-18,Vehicle - Pedestrian,,,,One-Way Trafficway,Dry,Daylight,Clear,2,"Sideswipe, Same Direction","Yes, M/V and Driver Left Scene",No Controls,2,0,Unknown
720016,4/11/18,9:46 PM,2018-00036070,HAGAN ST,Charles St ,HAGAN ST / Charles St ,Joseph Lopes,227,11-Apr-18,Vehicle - Pedestrian,,,,"Two-Way , Not Divided",Dry,Dark - Lighted,Clear,1,Not a Collision Between Two Motor Vehicles in Transport,No,Stop Signs,3,1,Complains Of Pain
720530,4/12/18,3:29 PM,2018-00036334,Althea St ,Union Ave ,Althea St  / Union Ave ,Jennifer Fonseca,402,12-Apr-18,Vehicle - Pedestrian,,,,"Two-Way, Divided, Unprotected (painted>4feet) Medium",Dry,Daylight,Clear,1,Not a Collision Between Two Motor Vehicles in Transport,No,No Controls,2,1,Complains Of Pain
721313,4/14/18,12:09 PM,2018-00037005,1010 CHALKSTONE AVENUE,TIFFANY ST ,1010 CHALKSTONE AVENUE / TIFFANY ST ,Dormica Waters,427,14-Apr-18,Vehicle - Pedestrian,,,,"Two-Way , Not Divided",Dry,Daylight,Clear,1,Other,No,No Controls,2,1,Complains Of Pain
722022,4/16/18,12:31 PM,2018-00037694,VENTURA ST,DANTE ST ,VENTURA ST / DANTE ST ,Vincent Lopez,219,16-Apr-18,Vehicle - Pedestrian,,,,"Two-Way , Not Divided",Wet,Daylight,Rain,2,"Sideswipe, Same Direction",No,No Controls,4,0,No Injury
722323,4/17/18,2:42 PM,2018-00037985,291 Thayer st,CUSHING ST ,291 Thayer st / CUSHING ST ,Joseph Lopes,227,17-Apr-18,Vehicle - Pedestrian,,,,One-Way Trafficway,Dry,Daylight,Clear,1,Not a Collision Between Two Motor Vehicles in Transport,No,Stop Signs,2,1,Complains Of Pain
722939,4/18/18,4:42 PM,2018-00038340,387 west fountain st,WINTER ST ,387 west fountain st / WINTER ST ,Michael Sepe,367,18-Apr-18,Vehicle - Pedestrian,,,,"Two-Way , Not Divided",Dry,Daylight,Clear,2,Unknown,"Yes, M/V and Driver Left Scene",No Controls,2,0,No Injury
724079,4/22/18,10:47 AM,2018-00039580,460 ALLENS AVE,,460 ALLENS AVE / ,Fernando Lopez,156,22-Apr-18,Vehicle - Pedestrian,,,,Unknown,Dry,Daylight,Clear,2,Angle (Front - to - Side) Right Angle (Includes Broadside),No,No Controls,4,0,Unknown
724088,4/22/18,1:23 PM,2018-00039628,DOUGLAS AVE,WAYNE ST ,DOUGLAS AVE / WAYNE ST ,Fernando Lopez,156,22-Apr-18,Vehicle - Pedestrian,,,,"Two-Way , Not Divided",Dry,Daylight,Clear,1,Not a Collision Between Two Motor Vehicles in Transport,No,No Controls,3,1,Non-Incapacitating
724360,4/23/18,11:45 AM,2018-00039962,MESSER ST,COWPER CT ,MESSER ST / COWPER CT ,Fernando Lopez,156,23-Apr-18,Vehicle - Pedestrian,,,,"Two-Way , Not Divided",Dry,Daylight,Clear,2,Rear End(Front-to-Rear),No,No Controls,5,1,Non-Incapacitating
724379,4/23/18,1:39 PM,2018-00039981,BROAD ST,ADELAIDE AVE ,BROAD ST / ADELAIDE AVE ,Erick Fernandez,228,23-Apr-18,Vehicle - Pedestrian,,,,"Two-Way , Not Divided",Dry,Dark - Lighted,Clear,1,Not a Collision Between Two Motor Vehicles in Transport,"Yes, M/V and Driver Left Scene",No Controls,1,1,Complains Of Pain
724398,4/23/18,3:19 PM,2018-00040020,235 Eaton St ,RADCLIFFE AVE ,235 Eaton St  / RADCLIFFE AVE ,Joseph Lopes,227,23-Apr-18,Vehicle - Pedestrian,,,,"Two-Way , Not Divided",Dry,Daylight,Clear,1,Not a Collision Between Two Motor Vehicles in Transport,No,No Controls,3,1,Complains Of Pain
724858,4/24/18,11:57 PM,2018-00040178,BERKSHIRE ST,ADMIRAL ST ,BERKSHIRE ST / ADMIRAL ST ,Kristen Barth,247,24-Apr-18,Vehicle - Pedestrian,,,,"Two-Way , Not Divided",Dry,Dark - Lighted,Clear,2,Head-On (Front - to - Front),"Yes, M/V and Driver Left Scene",Stop Signs,2,1,Complains Of Pain
724893,4/24/18,7:23 AM,2018-00040234,POWER ST,THAYER ST ,POWER ST / THAYER ST ,Fernando Lopez,156,24-Apr-18,Vehicle - Pedestrian,,,,"Two-Way , Not Divided",Dry,Daylight,Clear,1,Not a Collision Between Two Motor Vehicles in Transport,No,Pavement Markings,3,1,Complains Of Pain
724992,4/24/18,12:49 PM,2018-00040304,MEETING ST,BROOK ST ,MEETING ST / BROOK ST ,Raymond King,633,24-Apr-18,Vehicle - Pedestrian,,,,"Two-Way , Not Divided",Dry,Daylight,Clear,2,"Sideswipe, Same Direction",No,No Controls,4,0,No Injury
725623,4/25/18,3:05 PM,2018-00040732,ELMWOOD AVE,W FRIENDSHIP ST,ELMWOOD AVE / W FRIENDSHIP ST,MICHAEL R. TROIA / TRAFFIC BUREAU,331,25-Apr-18,Vehicle - Pedestrian,,,,"Two-Way, Not Divided With a Continuous Left Turn Lane",Wet,Daylight,Rain,2,Rear End(Front-to-Rear),No,Traffic Control Signal,4,1,Complains Of Pain
725871,4/26/18,11:15 AM,2018-00040978,PLAINFIELD ST,EDNA ST ,PLAINFIELD ST / EDNA ST ,Jason Andrade,200,26-Apr-18,Vehicle - Pedestrian,,,,"Two-Way, Divided, Positive Median Barrier",Dry,Daylight,Clear,1,Other,No,Traffic Control Signal,3,1,Complains Of Pain
725895,4/26/18,4:13 PM,2018-00041093,718 PLAINFIELD ST,,718 PLAINFIELD ST / ,MICHAEL R. TROIA / TRAFFIC BUREAU,331,26-Apr-18,Vehicle - Pedestrian,X,,,"Two-Way , Not Divided",Dry,Daylight,Clear,1,Not a Collision Between Two Motor Vehicles in Transport,No,No Controls,2,1,Complains Of Pain
726118,4/26/18,4:33 PM,2018-00041101,STEWART ST,160 BROAD ST ,STEWART ST / 160 BROAD ST ,Adrian Francis,239,26-Apr-18,Vehicle - Pedestrian,,,,Unknown,Dry,Daylight,Clear,1,Not a Collision Between Two Motor Vehicles in Transport,"Yes, M/V and Driver Left Scene",No Controls,2,0,Unknown
726183,4/26/18,7:34 PM,2018-00041175,EAST DR,GENERAL ST ,EAST DR / GENERAL ST ,Cory Vingi,237,26-Apr-18,Vehicle - Pedestrian,X,,,"Two-Way , Not Divided",Dry,Dark - Lighted,Clear,1,Not a Collision Between Two Motor Vehicles in Transport,"Yes, M/V and Driver Left Scene",No Controls,2,1,Complains Of Pain