CrashReportId,CrashDate,CrashTime,ReportNumber,StreetOrHighway,NearestIntersection,Location,Officer,Badge,ReportDate,TypeOfCollision,Bicycle,Scooter,Wheel Chair,TypeOfRoadway,RoadSurfaceCondition,LightCondition,WeatherCondition,NumberofVehicles,MannerofImpact,HitAndRun,TrafficControl,PersonCount,InjuryCount,MostSeriousInjury
726283,4/27/18,11:00 AM,2018-00041407,FULTON ST,DORRANCE ST ,FULTON ST / DORRANCE ST ,KEN MATSUMOTO,348,27-Apr-18,Vehicle - Pedestrian,,,,"Two-Way , Not Divided",Dry,Daylight,Clear,1,Not a Collision Between Two Motor Vehicles in Transport,No,Traffic Control Signal,5,1,Complains Of Pain
726288,4/27/18,10:31 AM,2018-00041400,1 CHESTNUT ST ,,1 CHESTNUT ST  / ,Fernando Lopez,156,27-Apr-18,Vehicle - Pedestrian,,,,"Two-Way , Not Divided",Dry,Daylight,Clear,2,Unknown,"Yes, M/V and Driver Left Scene",No Controls,2,0,Unknown
726550,4/28/18,12:37 PM,2018-00041781,BROAD ST,OXFORD ST ,BROAD ST / OXFORD ST ,Joseph Nezier,233,29-Apr-18,Vehicle - Pedestrian,,,,"Two-Way , Not Divided",Dry,Daylight,Clear,1,Not a Collision Between Two Motor Vehicles in Transport,No,No Controls,3,1,Complains Of Pain
726621,4/30/18,12:42 PM,2018-00042599,62 DUDLEY ST,,62 DUDLEY ST / ,Fernando Lopez,156,30-Apr-18,Vehicle - Pedestrian,,,,Unknown,Dry,Daylight,Clear,1,Not a Collision Between Two Motor Vehicles in Transport,No,No Controls,3,1,Complains Of Pain
726741,5/1/18,11:45 AM,2018-00042888,CHARLES ST,CHARLES ST ,CHARLES ST / CHARLES ST ,Michael Moonan,286,01-May-18,Vehicle - Pedestrian,,,,Unknown,Dry,Daylight,Clear,1,Not a Collision Between Two Motor Vehicles in Transport,"Yes, M/V and Driver Left Scene",No Controls,1,1,Complains Of Pain
726930,5/3/18,1:15 PM,2018-00043763,CHESTNUT ST,PINE ST ,CHESTNUT ST / PINE ST ,Fernando Lopez,156,03-May-18,Vehicle - Pedestrian,,,,"Two-Way , Not Divided",Dry,Daylight,Clear,2,"Sideswipe, Same Direction","Yes, M/V and Driver Left Scene",No Controls,2,0,Unknown
726983,5/3/18,3:16 PM,2018-00043819,S MAIN ST,COLLEGE ST ,S MAIN ST / COLLEGE ST ,Miguel Castillo,489,03-May-18,Vehicle - Pedestrian,,,,One-Way Trafficway,Dry,Daylight,Clear,1,Not a Collision Between Two Motor Vehicles in Transport,No,Traffic Control Signal,4,1,Non-Incapacitating
727127,5/4/18,8:31 AM,2018-00044107,THAYER ST,CUSHING ST ,THAYER ST / CUSHING ST ,Fernando Lopez,156,04-May-18,Vehicle - Pedestrian,,,,One-Way Trafficway,Dry,Daylight,Clear,2,"Sideswipe, Same Direction",No,No Controls,3,0,No Injury
727129,5/4/18,9:01 AM,2018-00044113,STEPHEN HOPKINS COURT,WILLIAM ELLERY PL ,STEPHEN HOPKINS COURT / WILLIAM ELLERY PL ,Fernando Lopez,156,04-May-18,Vehicle - Pedestrian,,,,"Two-Way , Not Divided",Dry,Daylight,Clear,1,Not a Collision Between Two Motor Vehicles in Transport,"Yes, M/V and Driver Left Scene",No Controls,1,1,Complains Of Pain
727577,5/4/18,4:19 PM,2018-00044276,CHARLES ST,CORLISS ST ,CHARLES ST / CORLISS ST ,Paul Caminero,339,04-May-18,Vehicle - Pedestrian,,X,,"Two-Way, Divided, Unprotected (painted>4feet) Medium",Dry,Daylight,Clear,1,Not a Collision Between Two Motor Vehicles in Transport,No,Stop Signs,2,1,Complains Of Pain
727581,5/4/18,8:47 PM,2018-00044398,WESTMINSTER ST,EXCHANGE ST ,WESTMINSTER ST / EXCHANGE ST ,Robert Heaton,539,04-May-18,Vehicle - Pedestrian,,,,"Two-Way , Not Divided",Dry,Other,Clear,2,Unknown,"Yes, M/V and Driver Left Scene",No Controls,3,0,Unknown
727635,5/5/18,2:15 PM,2018-00044685,HOSPITAL ST,POINT ST ,HOSPITAL ST / POINT ST ,Thomas Rose,465,05-May-18,Vehicle - Pedestrian,,,,"Two-Way , Not Divided",Dry,Daylight,Clear,1,Other,No,No Controls,3,1,Complains Of Pain
727662,5/5/18,9:55 PM,2018-00044870,MANTON AVE,LYNCH ST ,MANTON AVE / LYNCH ST ,Daniel Hernandez,255,05-May-18,Vehicle - Pedestrian,,,,"Two-Way , Not Divided",Dry,Dark - Lighted,Clear,1,Not a Collision Between Two Motor Vehicles in Transport,"Yes, M/V and Driver Left Scene",No Controls,1,1,Complains Of Pain
727954,5/8/18,5:44 PM,2018-00045929,Butler Avenue ,South Angell Street ,Butler Avenue  / South Angell Street ,James Lanier,211,08-May-18,Vehicle - Pedestrian,,,,"Two-Way, Divided, Unprotected (painted>4feet) Medium",Dry,Daylight,Clear,1,Not a Collision Between Two Motor Vehicles in Transport,No,Person,2,1,Complains Of Pain
728080,5/8/18,8:42 AM,2018-00045746,175 BROAD ST,CAHIR ST ,175 BROAD ST / CAHIR ST ,Erik Breault,226,08-May-18,Vehicle - Pedestrian,,,,Unknown,Dry,Daylight,Clear,2,Not a Collision Between Two Motor Vehicles in Transport,No,No Controls,3,0,No Injury
728178,5/9/18,3:59 PM,2018-00046274,601 N MAIN ST,,601 N MAIN ST / ,MICHAEL R. TROIA / TRAFFIC BUREAU,331,09-May-18,Vehicle - Pedestrian,,,,"Two-Way , Not Divided",Dry,Daylight,Clear,1,Not a Collision Between Two Motor Vehicles in Transport,No,No Controls,2,0,No Injury
728408,5/10/18,12:40 PM,2018-00046620,FEDERAL ST,DEAN ST ,FEDERAL ST / DEAN ST ,Cory Vingi,237,10-May-18,Vehicle - Pedestrian,,,,"Two-Way , Not Divided",Dry,Daylight,Clear,1,Not a Collision Between Two Motor Vehicles in Transport,No,No Controls,3,1,Complains Of Pain
728771,5/11/18,1:45 PM,2018-00047023,VALLEY ST,RIVER AVE ,VALLEY ST / RIVER AVE ,Luis Pelaez,336,11-May-18,Vehicle - Pedestrian,,,,"Two-Way , Not Divided",Dry,Daylight,Clear,1,Not a Collision Between Two Motor Vehicles in Transport,No,Traffic Control Signal,4,1,Complains Of Pain
728778,5/11/18,7:28 PM,2018-00047168,SMITH ST,CHALKSTONE AVE ,SMITH ST / CHALKSTONE AVE ,Cory Vingi,237,11-May-18,Vehicle - Pedestrian,,,,"Two-Way , Not Divided",Dry,Dark - Lighted,Clear,1,Not a Collision Between Two Motor Vehicles in Transport,No,No Controls,3,1,Complains Of Pain
728899,5/11/18,5:24 PM,2018-00047117,30 Mercy Street,,30 Mercy Street / ,James Lanier,211,12-May-18,Vehicle - Pedestrian,,,,"Two-Way , Not Divided",Dry,Daylight,Clear,2,Rear - to - Side,No,No Controls,3,0,No Injury
729290,5/14/18,4:56 PM,2018-00048220,PACKET ST,S MAIN ST ,PACKET ST / S MAIN ST ,Cory Vingi,237,14-May-18,Vehicle - Pedestrian,,,,"Two-Way , Not Divided",Dry,Daylight,Clear,1,Not a Collision Between Two Motor Vehicles in Transport,No,Stop Signs,2,1,Complains Of Pain
729443,5/15/18,1:14 PM,2018-00048518,INDIA ST,,INDIA ST / ,Miguel Castillo,489,15-May-18,Vehicle - Pedestrian,,,,Unknown,Dry,Daylight,Clear,2,Unknown,"Yes, M/V and Driver Left Scene",No Controls,2,0,Unknown
730033,5/17/18,12:58 AM,2018-00049130,S WATER ST,POINT ST ,S WATER ST / POINT ST ,Anthony Moore,390,17-May-18,Vehicle - Pedestrian,,,,One-Way Trafficway,Wet,Dark - Lighted,Rain,1,Angle (Front - to - Side) Right Angle (Includes Broadside),No,Traffic Control Signal,4,2,Non-Incapacitating
730101,5/17/18,11:37 AM,2018-00049222,SILVER SPRING ST,TOURO ST ,SILVER SPRING ST / TOURO ST ,Fernando Lopez,156,17-May-18,Vehicle - Pedestrian,,,,"Two-Way , Not Divided",Dry,Daylight,Cloudy,1,Not a Collision Between Two Motor Vehicles in Transport,No,No Controls,2,1,Non-Incapacitating
730637,5/19/18,1:17 AM,2018-00049932,GASPEE ST,SMITH ST ,GASPEE ST / SMITH ST ,Kristen Barth,247,19-May-18,Vehicle - Pedestrian,,,,"Two-Way , Not Divided",Dry,Dark - Lighted,Clear,1,Not a Collision Between Two Motor Vehicles in Transport,No,Traffic Control Signal,2,1,Complains Of Pain
730662,5/19/18,1:16 PM,2018-00050063,LUBEC ST,DOUGLAS AVE ,LUBEC ST / DOUGLAS AVE ,KEN MATSUMOTO,348,19-May-18,Vehicle - Pedestrian,X,,,"Two-Way, Divided, Unprotected (painted>4feet) Medium",Wet,Daylight,Rain,1,Not a Collision Between Two Motor Vehicles in Transport,No,Pavement Markings,2,1,Complains Of Pain
731175,5/20/18,1:00 PM,2018-00050391,Earl St,ELMWOOD AVE ,Earl St / ELMWOOD AVE ,Peter Salmons,207,20-May-18,Vehicle - Pedestrian,X,,,"Two-Way, Divided, Positive Median Barrier",Dry,Daylight,Clear,1,Angle (Front - to - Side) Right Angle (Includes Broadside),No,No Controls,2,1,Complains Of Pain
731233,5/20/18,11:08 PM,2018-00050600,16 SPICER ST,BERNARD ST ,16 SPICER ST / BERNARD ST ,William Sherrill,363,21-May-18,Vehicle - Pedestrian,,,,"Two-Way , Not Divided",Dry,Dark - Lighted,Clear,2,Rear - to - Side,"Yes, M/V and Driver Left Scene",No Controls,2,0,Unknown
732229,5/20/18,1:57 PM,2018-00050403,7TH ST,HIGHLAND AVE,7TH ST / HIGHLAND AVE,Joseph Dosreis,379,24-May-18,Vehicle - Pedestrian,,,,"Two-Way , Not Divided",Dry,Daylight,Clear,1,Other,No,Stop Signs,2,1,Complains Of Pain
731258,5/21/18,10:08 AM,2018-00050733,N MAIN ST,DOYLE AVE ,N MAIN ST / DOYLE AVE ,Fernando Lopez,156,21-May-18,Vehicle - Pedestrian,,,,"Two-Way , Not Divided",Dry,Daylight,Clear,2,"Sideswipe, Same Direction",No,No Controls,4,0,No Injury
731270,5/21/18,12:18 PM,2018-00050784,WINDMILL ST,PAUL ST ,WINDMILL ST / PAUL ST ,Fernando Lopez,156,21-May-18,Vehicle - Pedestrian,,,,"Two-Way , Not Divided",Dry,Daylight,Clear,2,"Sidwswipe, Opposite Direction",No,No Controls,5,0,No Injury
731274,5/21/18,11:53 AM,2018-00050776,E GEORGE ST,GANO ST ,E GEORGE ST / GANO ST ,KEN MATSUMOTO,348,21-May-18,Vehicle - Pedestrian,,,,"Two-Way , Not Divided",Dry,Daylight,Clear,1,Not a Collision Between Two Motor Vehicles in Transport,No,Pavement Markings,5,2,Incapacitating
731291,5/21/18,5:04 PM,2018-00050909,ACADEMY AVE,MAPLEHURST AVE ,ACADEMY AVE / MAPLEHURST AVE ,MICHAEL R.TROIA / TRAFFIC BUREAU,331,21-May-18,Vehicle - Pedestrian,,,,"Two-Way , Not Divided",Dry,Daylight,Clear,1,Not a Collision Between Two Motor Vehicles in Transport,"Yes, M/V and Driver Left Scene",No Controls,5,1,Complains Of Pain
731369,5/22/18,12:11 PM,2018-00051221,WHITE ST,10TH ST ,WHITE ST / 10TH ST ,KEN MATSUMOTO,348,22-May-18,Vehicle - Pedestrian,,,,"Two-Way , Not Divided",Dry,Daylight,Clear,1,Not a Collision Between Two Motor Vehicles in Transport,No,Traffic Control Signal,3,1,Complains Of Pain
731402,5/22/18,3:19 PM,2018-00051295,WICKENDEN ST,SOUTH MAIN ST,WICKENDEN ST / SOUTH MAIN ST,MICHAEL R. TROIA / TRAFFIC BUREAU,331,22-May-18,Vehicle - Pedestrian,,,,"Two-Way, Divided, Positive Median Barrier",Dry,Daylight,Clear,1,Not a Collision Between Two Motor Vehicles in Transport,No,Traffic Control Signal,4,2,Complains Of Pain
731611,5/22/18,6:33 PM,2018-00051388,KENNEDY PLZ,ARCADE ST ,KENNEDY PLZ / ARCADE ST ,Glen Morgan,558,22-May-18,Vehicle - Pedestrian,X,,,One-Way Trafficway,Wet,Daylight,Clear,1,Head-On (Front - to - Front),"Yes, M/V and Driver Left Scene",No Controls,1,1,Complains Of Pain
732339,5/23/18,6:16 PM,2018-00051785,52 FISK ST,BERNARD ST ,52 FISK ST / BERNARD ST ,Jason Cotugno,173,24-May-18,Vehicle - Pedestrian,,,,"Two-Way , Not Divided",Dry,Daylight,Clear,2,"Sideswipe, Same Direction",No,No Controls,4,0,No Injury
731739,5/23/18,12:48 PM,2018-00051609,RESERVOIR AVE,ELMWOOD AVE ,RESERVOIR AVE / ELMWOOD AVE ,Albert Deschamps,527,23-May-18,Vehicle - Pedestrian,,,,"Two-Way , Not Divided",Dry,Daylight,Clear,1,Not a Collision Between Two Motor Vehicles in Transport,"Yes, M/V and Driver Left Scene",No Controls,1,1,Complains Of Pain
732683,5/24/18,6:13 PM,2018-00052203,ADELAIDE AVE,BROAD ST ,ADELAIDE AVE / BROAD ST ,James Lanier,211,24-May-18,Vehicle - Pedestrian,,,,"Two-Way, Divided, Unprotected (painted>4feet) Medium",Dry,Daylight,Clear,1,Not a Collision Between Two Motor Vehicles in Transport,No,Traffic Control Signal,3,1,Incapacitating
732689,5/25/18,1:00 AM,2018-00052339,WESTMINSTER ST,CAHIR ST ,WESTMINSTER ST / CAHIR ST ,Kristen Barth,247,25-May-18,Vehicle - Pedestrian,,,,"Two-Way , Not Divided",Dry,Dark - Lighted,Clear,1,Not a Collision Between Two Motor Vehicles in Transport,"Yes, M/V and Driver Left Scene",Traffic Control Signal,1,1,Complains Of Pain
732748,5/25/18,3:32 PM,2018-00052546,CUSHING ST,THAYER ST ,CUSHING ST / THAYER ST ,Miguel Castillo,489,25-May-18,Vehicle - Pedestrian,,,,"Two-Way , Not Divided",Dry,Daylight,Clear,2,Unknown,"Yes, M/V and Driver Left Scene",No Controls,2,0,No Injury
732910,5/26/18,2:44 AM,2012-00052849,BROAD ST,DAVE GAVITT WAY / SERVICE ROAD 8 ,BROAD ST / DAVE GAVITT WAY / SERVICE ROAD 8 ,Robert Heaton,539,24-Sep-12,Vehicle - Pedestrian,,,,"Two-Way , Not Divided",Dry,Dark - Lighted,Clear,2,Angle (Front - to - Side) Right Angle (Includes Broadside),"Yes, M/V and Driver Left Scene",Traffic Control Signal,6,2,Incapacitating
733061,5/26/18,3:35 PM,2018-00053026,VALLEY ST,ATWELLS AVE ,VALLEY ST / ATWELLS AVE ,Cory Vingi,237,26-May-18,Vehicle - Pedestrian,,,,"Two-Way , Not Divided",Dry,Daylight,Clear,1,Not a Collision Between Two Motor Vehicles in Transport,"Yes, M/V and Driver Left Scene",Traffic Control Signal,2,1,Complains Of Pain
733161,5/26/18,12:29 PM,2018-00052971,387 CHARLES ST,EXIT  (RT ),387 CHARLES ST / EXIT  (RT ),Michael Moonan,286,27-May-18,Vehicle - Pedestrian,X,,,"Two-Way , Not Divided",Dry,Daylight,Clear,1,Not a Collision Between Two Motor Vehicles in Transport,"Yes, M/V and Driver Left Scene",Traffic Control Signal,1,1,Complains Of Pain
733233,5/26/18,10:25 AM,2018-00052931,DEXTERDALE RD,CAMP ST ,DEXTERDALE RD / CAMP ST ,Anthony Hampton,681,28-May-18,Vehicle - Pedestrian,,,,"Two-Way , Not Divided",Dry,Daylight,Cloudy,1,Other,"Yes, M/V and Driver Left Scene",No Controls,4,1,Complains Of Pain
733252,5/28/18,5:13 PM,2018-00053820,Pavilion Ave,PRAIRIE AVE ,Pavilion Ave / PRAIRIE AVE ,Joseph Lopes,227,28-May-18,Vehicle - Pedestrian,,,,"Two-Way , Not Divided",Dry,Daylight,Clear,1,Not a Collision Between Two Motor Vehicles in Transport,No,No Controls,6,3,Non-Incapacitating
733270,5/28/18,7:42 PM,2018-00053886,SMITH ST,ORMS ST ,SMITH ST / ORMS ST ,Joseph Lopes,227,28-May-18,Vehicle - Pedestrian,X,,,"Two-Way , Not Divided",Dry,Dusk,Clear,1,Not a Collision Between Two Motor Vehicles in Transport,No,Traffic Control Signal,4,1,Non-Incapacitating
733290,5/28/18,11:09 PM,2018-00053958,WEST FRANKLIN STREET,FRIENDSHIP ST ,WEST FRANKLIN STREET / FRIENDSHIP ST ,Joseph Amoroso,613,29-May-18,Vehicle - Pedestrian,,,,One-Way Trafficway,Dry,Dark - Lighted,Clear,1,Not a Collision Between Two Motor Vehicles in Transport,No,Traffic Control Signal,3,2,Incapacitating
733343,5/29/18,2:25 PM,2018-00054186,EDDY ST,PINE ST ,EDDY ST / PINE ST ,Fernando Lopez,156,29-May-18,Vehicle - Pedestrian,,,,"Two-Way , Not Divided",Dry,Daylight,Clear,2,"Sidwswipe, Opposite Direction","Yes, M/V and Driver Left Scene",No Controls,2,0,Unknown
733789,5/30/18,3:58 PM,2018-00054647,POINT ST,GLOBE ST ,POINT ST / GLOBE ST ,Donald Brien,630,30-May-18,Vehicle - Pedestrian,,,,"Two-Way, Divided, Unprotected (painted>4feet) Medium",Dry,Daylight,Clear,1,Not a Collision Between Two Motor Vehicles in Transport,No,Stop Signs,2,0,No Injury
734588,5/31/18,3:57 PM,2018-00055045,135 Harris Avenue ,135 Harris Avenue ,135 Harris Avenue  / 135 Harris Avenue ,James Lanier,211,31-May-18,Vehicle - Pedestrian,,,,"Two-Way, Divided, Positive Median Barrier",Dry,Daylight,Clear,1,Not a Collision Between Two Motor Vehicles in Transport,"Yes, M/V and Driver Left Scene",No Controls,2,1,Non-Incapacitating
734958,6/2/18,7:33 PM,2018-00056009,32 Jillson St,OCONNOR ST ,32 Jillson St / OCONNOR ST ,Joseph Lopes,227,02-Jun-18,Vehicle - Pedestrian,,,,"Two-Way , Not Divided",Dry,Daylight,Clear,2,Other,"Yes, M/V and Driver Left Scene",No Controls,3,0,No Injury
735531,6/5/18,11:06 AM,2018-00057037,2 PARK ROW WEST,,2 PARK ROW WEST / ,Fernando Lopez,156,05-Jun-18,Vehicle - Pedestrian,,,,"Two-Way , Not Divided",Dry,Daylight,Clear,2,Rear - to - Side,"Yes, M/V and Driver Left Scene",No Controls,2,0,No Injury
735788,6/5/18,7:48 PM,2018-00057200,MANTON AVE,DELAINE ST ,MANTON AVE / DELAINE ST ,Cory Vingi,237,05-Jun-18,Vehicle - Pedestrian,,,,"Two-Way , Not Divided",Dry,Dark - Lighted,Cloudy,1,Not a Collision Between Two Motor Vehicles in Transport,"Yes, M/V and Driver Left Scene",Traffic Control Signal,1,1,Complains Of Pain
735975,6/6/18,6:00 PM,2018-00057495,BROOM ST,EDDY ST ,BROOM ST / EDDY ST ,Kenneth Demarco,176,06-Jun-18,Vehicle - Pedestrian,,,,"Two-Way, Not Divided With a Continuous Left Turn Lane",Dry,Daylight,Cloudy,1,Not a Collision Between Two Motor Vehicles in Transport,"Yes, M/V and Driver Left Scene",Stop Signs,2,1,Complains Of Pain
735982,6/6/18,2:45 PM,2018-00057411,Dexter Street ,WALDO ST ,Dexter Street  / WALDO ST ,James Lanier,211,06-Jun-18,Vehicle - Pedestrian,,,,"Two-Way, Divided, Unprotected (painted>4feet) Medium",Dry,Daylight,Clear,1,Not a Collision Between Two Motor Vehicles in Transport,No,No Controls,4,1,Non-Incapacitating
736163,6/7/18,11:36 PM,2018-00057979,ELMWOOD AVE,BISSELL ST ,ELMWOOD AVE / BISSELL ST ,Robert Heaton,539,08-Jun-18,Vehicle - Pedestrian,X,,,"Two-Way, Divided, Unprotected (painted>4feet) Medium",Dry,Dark - Lighted,Clear,1,Angle - Direction Not Specified,No,No Controls,3,1,Complains Of Pain
736171,6/8/18,9:54 AM,2018-00058088,68 VERNON ST,,68 VERNON ST / ,Fernando Lopez,156,08-Jun-18,Vehicle - Pedestrian,,,,Unknown,Dry,Daylight,Clear,2,"Sidwswipe, Opposite Direction",No,No Controls,3,0,No Injury
736179,6/8/18,11:37 AM,2018-00058106,DORA ST,SHAFTER ST ,DORA ST / SHAFTER ST ,Fernando Lopez,156,08-Jun-18,Vehicle - Pedestrian,,,,"Two-Way , Not Divided",Dry,Daylight,Clear,2,Rear - to - Side,No,No Controls,3,0,No Injury
736408,6/9/18,9:08 PM,2018-00058759,237 Clarence Street,Terrace Avenue ,237 Clarence Street / Terrace Avenue ,James Lanier,211,10-Jun-18,Vehicle - Pedestrian,,,,"Two-Way , Not Divided",Dry,Dark - Lighted,Clear,2,"Sideswipe, Same Direction","Yes, M/V and Driver Left Scene",No Controls,5,1,Complains Of Pain
736288,6/9/18,8:45 AM,2018-00058516,195 EAST ON-RAMP,SOUTH MAIN ST ,195 EAST ON-RAMP / SOUTH MAIN ST ,Fernando Lopez,156,09-Jun-18,Vehicle - Pedestrian,X,,,One-Way Trafficway,Dry,Daylight,Clear,1,Not a Collision Between Two Motor Vehicles in Transport,No,Other,3,1,Complains Of Pain
736345,6/9/18,9:30 PM,2018-00058753,CHALKSTONE AVE,BERLIN ST ,CHALKSTONE AVE / BERLIN ST ,Christopher Brown,259,10-Jun-18,Vehicle - Pedestrian,,,,"Two-Way , Not Divided",Dry,Dark - Lighted,Clear,2,Rear - to - Side,No,No Controls,7,1,Complains Of Pain
736380,6/10/18,9:05 AM,2018-00059004,FOUNTAIN ST,EDDY ST ,FOUNTAIN ST / EDDY ST ,Fernando Lopez,156,10-Jun-18,Vehicle - Pedestrian,,,,One-Way Trafficway,Dry,Daylight,Clear,2,"Sideswipe, Same Direction",No,Other,4,0,No Injury
736400,6/10/18,12:16 PM,2018-00059048,EDDY ST,BAY ST ,EDDY ST / BAY ST ,Ken Matsumkoto / Fernando Lopez 156,340,10-Jun-18,Vehicle - Pedestrian,,,,"Two-Way , Not Divided",Dry,Daylight,Clear,1,Not a Collision Between Two Motor Vehicles in Transport,No,No Controls,5,1,Complains Of Pain
737003,6/13/18,10:06 AM,2018-00060142,N MAIN ST,WASHINGTON PL,N MAIN ST / WASHINGTON PL,KEN MATSUMOTO,348,13-Jun-18,Vehicle - Pedestrian,,,,One-Way Trafficway,Dry,Daylight,Cloudy,1,Not a Collision Between Two Motor Vehicles in Transport,No,Traffic Control Signal,2,1,Complains Of Pain
737021,6/13/18,2:18 PM,2018-00060215,Broad St,BROAD ST ,Broad St / BROAD ST ,Peter Salmons,207,13-Jun-18,Vehicle - Pedestrian,,,,"Two-Way , Not Divided",Wet,Daylight,Clear,1,Not a Collision Between Two Motor Vehicles in Transport,No,No Controls,3,1,Complains Of Pain
737096,6/14/18,12:24 AM,2018-00060398,SMITH ST,YOUNG AVE,SMITH ST / YOUNG AVE,Robert Heaton,539,14-Jun-18,Vehicle - Pedestrian,,,,"Two-Way , Not Divided",Dry,Dark - Lighted,Clear,1,Other,No,No Controls,4,2,Incapacitating
737147,6/14/18,5:04 PM,2018-00060625,salmon st ,MANTON AVE ,salmon st  / MANTON AVE ,Joseph Lopes,227,14-Jun-18,Vehicle - Pedestrian,,,,"Two-Way , Not Divided",Dry,Daylight,Clear,1,Not a Collision Between Two Motor Vehicles in Transport,No,Stop Signs,2,1,Complains Of Pain
737157,6/14/18,10:57 PM,2018-00060744,WESTMINSTER ST,CAHIR ST ,WESTMINSTER ST / CAHIR ST ,Kristen Barth,247,14-Jun-18,Vehicle - Pedestrian,,,,"Two-Way , Not Divided",Dry,Dark - Lighted,Clear,1,Not a Collision Between Two Motor Vehicles in Transport,No,Traffic Control Signal,2,0,No Injury
737230,6/16/18,1:12 AM,2018-00061187,FILLMORE ST,OREGON ST ,FILLMORE ST / OREGON ST ,Christopher Brown,259,16-Jun-18,Vehicle - Pedestrian,,,,Unknown,Dry,Dark - Lighted,Clear,1,Not a Collision Between Two Motor Vehicles in Transport,"Yes, M/V and Driver Left Scene",No Controls,2,1,Complains Of Pain
737250,6/16/18,11:51 AM,2018-00061316,HOPE ST,OVERHILL RD ,HOPE ST / OVERHILL RD ,David Girard,690,16-Jun-18,Vehicle - Pedestrian,X,,,"Two-Way , Not Divided",Dry,Daylight,Clear,1,Not a Collision Between Two Motor Vehicles in Transport,No,No Controls,2,1,Complains Of Pain
737391,6/17/18,4:46 PM,2018-00061927,Orms St,CANDACE ST ,Orms St / CANDACE ST ,Joseph Lopes,227,17-Jun-18,Vehicle - Pedestrian,,,,"Two-Way , Not Divided",Dry,Daylight,Clear,1,Not a Collision Between Two Motor Vehicles in Transport,No,Traffic Control Signal,5,1,Complains Of Pain
737515,6/18/18,2:59 PM,2018-00062311,Washington Street ,Snow Street ,Washington Street  / Snow Street ,James Lanier,211,18-Jun-18,Vehicle - Pedestrian,,,,"Two-Way, Divided, Unprotected (painted>4feet) Medium",Dry,Daylight,Clear,1,Not a Collision Between Two Motor Vehicles in Transport,No,Stop Signs,3,1,Non-Incapacitating
737593,6/19/18,5:27 PM,2018-00062767,Lowell Avenue,Nye Street ,Lowell Avenue / Nye Street ,James Lanier,211,19-Jun-18,Vehicle - Pedestrian,,,,"Two-Way, Divided, Unprotected (painted>4feet) Medium",Dry,Daylight,Clear,1,Not a Collision Between Two Motor Vehicles in Transport,"Yes, M/V and Driver Left Scene",No Controls,1,1,Non-Incapacitating
737684,6/20/18,5:27 PM,2018-00063180,Wood St ,ELLERY ST ,Wood St  / ELLERY ST ,Joseph Lopes,227,20-Jun-18,Vehicle - Pedestrian,X,,,"Two-Way , Not Divided",Dry,Daylight,Clear,1,Not a Collision Between Two Motor Vehicles in Transport,No,No Controls,3,1,Non-Incapacitating
737757,6/21/18,12:15 PM,2018-00063478,PITMAN ST,E RIVER ST ,PITMAN ST / E RIVER ST ,Frank Moody,328,21-Jun-18,Vehicle - Pedestrian,,,,Unknown,Dry,Daylight,Clear,2,"Sideswipe, Same Direction","Yes, M/V and Driver Left Scene",No Controls,1,0,Unknown
737782,6/21/18,3:45 PM,2018-00063523,PRAIRIE AVE,COLFAX ST ,PRAIRIE AVE / COLFAX ST ,Joseph Lopes,227,21-Jun-18,Vehicle - Pedestrian,,,,"Two-Way , Not Divided",Dry,Daylight,Clear,1,Not a Collision Between Two Motor Vehicles in Transport,"Yes, M/V and Driver Left Scene",Stop Signs,4,1,Incapacitating
737803,6/21/18,7:20 PM,2018-00063621,ORMS ST,ORMS ST EXIT  / DOUGLAS AVE,ORMS ST / ORMS ST EXIT  / DOUGLAS AVE,Robert Heaton,539,21-Jun-18,Vehicle - Pedestrian,,,,"Two-Way , Not Divided",Dry,Daylight,Clear,1,Other,No,No Controls,3,0,No Injury
737883,6/22/18,12:00 PM,2018-00063883,51 SILVER SPRING ST,TOURO ST ,51 SILVER SPRING ST / TOURO ST ,Michael Moonan,286,22-Jun-18,Vehicle - Pedestrian,,,,Unknown,Dry,Daylight,Clear,2,Unknown,"Yes, M/V and Driver Left Scene",No Controls,2,0,Unknown
738202,6/23/18,2:35 PM,2018-00064338,Smith Street ,Gentian Avenue ,Smith Street  / Gentian Avenue ,James Lanier,211,23-Jun-18,Vehicle - Pedestrian,,,,"Two-Way, Divided, Unprotected (painted>4feet) Medium",Dry,Daylight,Cloudy,2,Rear End(Front-to-Rear),No,Traffic Control Signal,3,1,Complains Of Pain
738248,6/23/18,11:28 PM,2018-00064527,Allens Ave,Georgia Ave,Allens Ave / Georgia Ave,Kristen Barth,247,24-Jun-18,Vehicle - Pedestrian,,,,"Two-Way , Not Divided",Dry,Dark - Lighted,Clear,1,Not a Collision Between Two Motor Vehicles in Transport,No,No Controls,2,1,Complains Of Pain