CrashReportId,CrashDate,CrashTime,ReportNumber,StreetOrHighway,NearestIntersection,Location,Officer,Badge,ReportDate,TypeOfCollision,Bicycle,Scooter,Wheel Chair,TypeOfRoadway,RoadSurfaceCondition,LightCondition,WeatherCondition,NumberofVehicles,MannerofImpact,HitAndRun,TrafficControl,PersonCount,InjuryCount,MostSeriousInjury
738376,6/25/18,7:42 AM,2018-00065025,POCASSET AVE,MAGNOLIA ST ,POCASSET AVE / MAGNOLIA ST ,KEN MATSUMOTO,348,25-Jun-18,Vehicle - Pedestrian,X,,,"Two-Way , Not Divided",Dry,Daylight,Clear,1,Not a Collision Between Two Motor Vehicles in Transport,No,Traffic Control Signal,3,1,Complains Of Pain
738386,6/26/18,11:43 AM,2018-00065095,COLFAX ST,BROAD ST ,COLFAX ST / BROAD ST ,KEN MATSUMOTO,348,25-Jun-18,Vehicle - Pedestrian,,,,"Two-Way , Not Divided",Dry,Daylight,Clear,1,Not a Collision Between Two Motor Vehicles in Transport,"Yes, M/V and Driver Left Scene",Pavement Markings,1,1,Non-Incapacitating
738745,6/27/18,1:17 PM,2018-00065880,HARWOL CT,SHILOH ST ,HARWOL CT / SHILOH ST ,Cynthia Rodriguez,693,27-Jun-18,Vehicle - Pedestrian,,,,"Two-Way , Not Divided",Dry,Daylight,Clear,1,Not a Collision Between Two Motor Vehicles in Transport,"Yes, M/V and Driver Left Scene",No Controls,1,1,Complains Of Pain
738846,6/27/18,5:21 PM,2018-00065970,60 Prairie Ave,PROVIDENCE ST ,60 Prairie Ave / PROVIDENCE ST ,Joseph Lopes,227,27-Jun-18,Vehicle - Pedestrian,,,,"Two-Way , Not Divided",Dry,Daylight,Clear,1,Not a Collision Between Two Motor Vehicles in Transport,No,No Controls,3,1,Non-Incapacitating
739020,6/28/18,12:56 PM,2018-00066244,Broad St,Peace St,Broad St / Peace St,Erick Fernandez,228,28-Jun-18,Vehicle - Pedestrian,,,,"Two-Way , Not Divided",Wet,Daylight,Rain,1,Not a Collision Between Two Motor Vehicles in Transport,No,No Controls,4,1,Complains Of Pain
739095,6/29/18,11:12 AM,2018-00066593,eddy Stree,I 195 RELOCATION ,eddy Stree / I 195 RELOCATION ,Edwardo Curi,294,29-Jun-18,Vehicle - Pedestrian,,,,"Two-Way , Not Divided",Dry,Daylight,Clear,1,Not a Collision Between Two Motor Vehicles in Transport,"Yes, Driver Left Scene",Traffic Control Signal,1,1,Complains Of Pain
739196,6/29/18,5:12 PM,2018-00066722,Chalkstone Ave ,GRAY ST ,Chalkstone Ave  / GRAY ST ,Joseph Lopes,227,29-Jun-18,Vehicle - Pedestrian,,,,"Two-Way , Not Divided",Dry,Daylight,Clear,1,Not a Collision Between Two Motor Vehicles in Transport,No,Stop Signs,5,3,Complains Of Pain
739351,6/29/18,10:04 PM,2018-00066821,WILLARD AVE,TAYLOR ST ,WILLARD AVE / TAYLOR ST ,Michael Sepe,367,29-Jun-18,Vehicle - Pedestrian,,,,"Two-Way , Not Divided",Dry,Dark - Lighted,Clear,2,Unknown,"Yes, M/V and Driver Left Scene",No Controls,2,0,No Injury
739514,6/30/18,3:08 PM,2018-00067096,593 EDDY ST,,593 EDDY ST / ,Brendan McKenna,314,30-Jun-18,Vehicle - Pedestrian,,,,Unknown,Dry,Daylight,Clear,2,"Sideswipe, Same Direction","Yes, Driver Left Scene",No Controls,2,0,No Injury
739531,6/30/18,9:41 PM,2018-00067250,emerson st,LENOX AVE ,emerson st / LENOX AVE ,Alexa Levesque,248,30-Jun-18,Vehicle - Pedestrian,,,,"Two-Way , Not Divided",Dry,Dark - Not Lighted,Clear,1,Not a Collision Between Two Motor Vehicles in Transport,No,No Controls,1,0,Unknown
739750,7/1/18,6:15 AM,2018-00067458,WASHINGTON ST,EDDY ST ,WASHINGTON ST / EDDY ST ,Andrew Groot,188,01-Jul-18,Vehicle - Pedestrian,,,,"Two-Way , Not Divided",Dry,Dark - Lighted,Clear,1,Unknown,No,No Controls,3,0,Unknown
739765,7/2/18,1:44 AM,2018-00067781,Douglas Ave,DOUGLAS AVE ,Douglas Ave / DOUGLAS AVE ,Ptlm. Malloy,311,02-Jul-18,Vehicle - Pedestrian,,,,"Two-Way , Not Divided",Dry,Dark - Lighted,Clear,2,Rear - to - Side,No,No Controls,5,0,No Injury
740155,7/3/18,2:46 PM,2018-00068423,110 Lockwood St,PLAIN ST ,110 Lockwood St / PLAIN ST ,Joseph Lopes,227,03-Jul-18,Vehicle - Pedestrian,,,,"Two-Way , Not Divided",Dry,Daylight,Clear,2,Angle - Direction Not Specified,No,No Controls,4,1,Complains Of Pain
740887,7/6/18,10:30 PM,2018-00069914,MANTON AVE,CHAFFEE ST ,MANTON AVE / CHAFFEE ST ,Christopher Beach,230,07-Jul-18,Vehicle - Pedestrian,X,,,"Two-Way , Not Divided",Dry,Dark - Unknown Lighting,Clear,1,Not a Collision Between Two Motor Vehicles in Transport,"Yes, M/V and Driver Left Scene",No Controls,1,1,Incapacitating
740924,7/7/18,12:06 PM,2018-00070088,WILLIAMS ST,HOPE ST ,WILLIAMS ST / HOPE ST ,Ptlm. Chin,516,07-Jul-18,Vehicle - Pedestrian,X,,,"Two-Way , Not Divided",Dry,Daylight,Clear,1,Not a Collision Between Two Motor Vehicles in Transport,No,Stop Signs,2,1,Complains Of Pain
740928,7/7/18,9:00 AM,2018-00070041,11 Dorrance St,WASHINGTON ST ,11 Dorrance St / WASHINGTON ST ,Gary Slater,365,07-Jul-18,Vehicle - Pedestrian,,,,One-Way Trafficway,Dry,Daylight,Clear,2,"Sideswipe, Same Direction",No,No Controls,3,0,No Injury
740976,7/7/18,2:43 PM,2018-00070135,601 NORTH MAIN STREET,N MAIN ST ,601 NORTH MAIN STREET / N MAIN ST ,James Lanier,211,07-Jul-18,Vehicle - Pedestrian,,,,"Two-Way , Not Divided",Dry,Daylight,Clear,2,Rear End(Front-to-Rear),"Yes, M/V and Driver Left Scene",No Controls,2,0,Unknown
740986,7/7/18,3:54 PM,2018-00070169,67 MIDDLE DRIVE ,WEST DR ,67 MIDDLE DRIVE  / WEST DR ,James Lanier,211,07-Jul-18,Vehicle - Pedestrian,,,,"Two-Way , Not Divided",Dry,Daylight,Clear,1,Not a Collision Between Two Motor Vehicles in Transport,No,No Controls,3,1,Non-Incapacitating
740987,7/7/18,4:39 PM,2018-00070183,80 Manton Avenue ,Chafee Street ,80 Manton Avenue  / Chafee Street ,James Lanier,211,07-Jul-18,Vehicle - Pedestrian,,,,"Two-Way , Not Divided",Dry,Daylight,Clear,1,Not a Collision Between Two Motor Vehicles in Transport,No,No Controls,3,0,No Injury
741447,7/8/18,10:34 PM,2018-00070704,PLAINFIELD ST,SILVER LAKE AVE ,PLAINFIELD ST / SILVER LAKE AVE ,Michael Clary,269,10-Jul-18,Vehicle - Pedestrian,X,,,"Two-Way , Not Divided",Dry,Dark - Lighted,Clear,1,Not a Collision Between Two Motor Vehicles in Transport,No,No Controls,3,1,Complains Of Pain
741714,7/9/18,6:44 PM,2018-00071006,GRAND ST,POTTERS AVE ,GRAND ST / POTTERS AVE ,Luis Pelaez,336,11-Jul-18,Vehicle - Pedestrian,,,,"Two-Way , Not Divided",Dry,Daylight,Clear,2,Not a Collision Between Two Motor Vehicles in Transport,"Yes, M/V and Driver Left Scene",No Controls,2,0,Unknown
741623,7/10/18,9:36 PM,2018-00071453,North Main Street,College Street,North Main Street / College Street,James Lanier,211,10-Jul-18,Vehicle - Pedestrian,,,,"Two-Way, Divided, Positive Median Barrier",Dry,Dark - Lighted,Clear,1,Not a Collision Between Two Motor Vehicles in Transport,"Yes, M/V and Driver Left Scene",Traffic Control Signal,3,1,Non-Incapacitating
741797,7/10/18,8:30 PM,2018-00071426,PAYTON ST,CACTUS ST ,PAYTON ST / CACTUS ST ,Cory Vingi,237,10-Jul-18,Vehicle - Pedestrian,,,,"Two-Way , Not Divided",Dry,Daylight,Clear,1,Not a Collision Between Two Motor Vehicles in Transport,No,No Controls,3,2,Complains Of Pain
741256,7/10/18,12:46 AM,2018-00071115,BROAD ST,PORTLAND ST ,BROAD ST / PORTLAND ST ,Robert Heaton,539,10-Jul-18,Vehicle - Pedestrian,,,,"Two-Way , Not Divided",Dry,Unknown,Clear,1,Other,"Yes, M/V and Driver Left Scene",No Controls,2,1,Incapacitating
741268,7/10/18,7:00 AM,2018-00071175,WATERMAN ST,BROWN ST ,WATERMAN ST / BROWN ST ,Fernando Lopez,156,10-Jul-18,Vehicle - Pedestrian,,,,"Two-Way , Not Divided",Dry,Daylight,Clear,1,Not a Collision Between Two Motor Vehicles in Transport,"Yes, M/V and Driver Left Scene",Pavement Markings,1,1,Complains Of Pain
741283,7/10/18,9:45 AM,2018-00071202,POINT ST,CHESTNUT ST ,POINT ST / CHESTNUT ST ,Thomas Rose,465,10-Jul-18,Vehicle - Pedestrian,,,,"Two-Way , Not Divided",Dry,Daylight,Clear,2,"Sideswipe, Same Direction",No,No Controls,4,0,No Injury
741814,7/11/18,9:56 PM,2018-00071847,SILVER SPRING ST,BATCHELLER AVE ,SILVER SPRING ST / BATCHELLER AVE ,Cory Vingi,237,11-Jul-18,Vehicle - Pedestrian,,,,"Two-Way , Not Divided",Dry,Dark - Not Lighted,Clear,1,Not a Collision Between Two Motor Vehicles in Transport,No,No Controls,3,1,Complains Of Pain
741685,7/11/18,2:28 PM,2018-00071692,BARBARA LEONARD WAY,NORTH MAIN ST ,BARBARA LEONARD WAY / NORTH MAIN ST ,Fernando Lopez,156,11-Jul-18,Vehicle - Pedestrian,X,,,"Two-Way , Not Divided",Dry,Daylight,Clear,1,Not a Collision Between Two Motor Vehicles in Transport,No,No Controls,2,1,Complains Of Pain
746967,7/11/18,10:28 AM,2018-00083690,THERESA CT,MANTON AVE ,THERESA CT / MANTON AVE ,Jason Andrade,200,11-Aug-18,Vehicle - Pedestrian,,,,"Two-Way, Divided, Positive Median Barrier",Wet,Daylight,Rain,1,Other,"Yes, Driver Left Scene",No Controls,2,1,Complains Of Pain
742021,7/12/18,7:21 PM,2018-00072183,112 GANO ST,,112 GANO ST / ,MICHAEL R. TROIA / TRAFFIC BUREAU,331,12-Jul-18,Vehicle - Pedestrian,X,,,"Two-Way , Not Divided",Dry,Daylight,Clear,1,Angle (Front - to - Side) Same Direction,No,No Controls,3,1,Complains Of Pain
742689,7/16/18,5:33 PM,2018-00073724,ADELAIDE AVE,BROAD ST ,ADELAIDE AVE / BROAD ST ,John Benros,481,16-Jul-18,Vehicle - Pedestrian,,,,"Two-Way , Not Divided",Dry,Daylight,Clear,1,Unknown,No,No Controls,2,1,Complains Of Pain
743252,7/20/18,4:42 PM,2018-00075213,304 Cranston St,DEXTER ST ,304 Cranston St / DEXTER ST ,Joseph Lopes,227,20-Jul-18,Vehicle - Pedestrian,,,,"Two-Way , Not Divided",Dry,Daylight,Clear,3,Angle (Front - to - Side) Right Angle (Includes Broadside),No,No Controls,8,3,Non-Incapacitating
743342,7/21/18,5:00 PM,2018-00075585,850 MANTON AVENUE,CHALKSTONE AVE ,850 MANTON AVENUE / CHALKSTONE AVE ,Meghan Vittorioso,388,21-Jul-18,Vehicle - Pedestrian,,,,"Two-Way , Not Divided",Dry,Daylight,Clear,1,Not a Collision Between Two Motor Vehicles in Transport,"Yes, M/V and Driver Left Scene",No Controls,2,1,Complains Of Pain
743410,7/21/18,11:45 PM,2018-00075751,Ridge Street,TOBEY ST ,Ridge Street / TOBEY ST ,Kristen Barth,247,22-Jul-18,Vehicle - Pedestrian,,,,"Two-Way , Not Divided",Dry,Dark - Lighted,Clear,1,Not a Collision Between Two Motor Vehicles in Transport,"Yes, M/V and Driver Left Scene",No Controls,1,1,Complains Of Pain
743440,7/21/18,2:07 PM,2018-00075522,NELLIE ST,MARISA LN ,NELLIE ST / MARISA LN ,Vincent Lopez,219,22-Jul-18,Vehicle - Pedestrian,,,,"Two-Way , Not Divided",Dry,Dark - Lighted,Clear,2,Unknown,"Yes, M/V and Driver Left Scene",No Controls,2,0,Unknown
743708,7/25/18,3:05 PM,2018-00077044,TRAVERSE ST,WICKENDEN ST ,TRAVERSE ST / WICKENDEN ST ,Miguel Castillo,489,25-Jul-18,Vehicle - Pedestrian,,,,"Two-Way , Not Divided",Dry,Daylight,Cloudy,2,"Sidwswipe, Opposite Direction","Yes, M/V and Driver Left Scene",No Controls,2,0,Unknown
767751,7/27/18,5:23 PM,2018-00077444,julian st,AMHERST ST ,julian st / AMHERST ST ,Graig Sion,254,27-Jul-18,Vehicle - Pedestrian,,,,"Two-Way, Divided, Unprotected (painted>4feet) Medium",Dry,Daylight,Clear,1,Other,"Yes, M/V and Driver Left Scene",No Controls,1,1,Complains Of Pain
743948,7/31/18,4:07 PM,2018-00079357,State Street ,Orms Street ,State Street  / Orms Street ,James Lanier,211,31-Jul-18,Vehicle - Pedestrian,,,,One-Way Trafficway,Dry,Daylight,Clear,1,Not a Collision Between Two Motor Vehicles in Transport,"Yes, M/V and Driver Left Scene",Traffic Control Signal,1,1,Non-Incapacitating
744028,8/2/18,6:01 PM,2018-00080199,Smith St,SMITH ST ,Smith St / SMITH ST ,Joseph Lopes,227,02-Aug-18,Vehicle - Pedestrian,,,,"Two-Way , Not Divided",Dry,Daylight,Clear,1,Not a Collision Between Two Motor Vehicles in Transport,No,Stop Signs,4,1,Non-Incapacitating
744187,8/6/18,6:19 PM,2018-00081886,300 AMHERST STREET,LA VAUGHN ST ,300 AMHERST STREET / LA VAUGHN ST ,Kirsten Doldoorian,221,06-Aug-18,Vehicle - Pedestrian,,,,"Two-Way , Not Divided",Dry,Daylight,Clear,1,Not a Collision Between Two Motor Vehicles in Transport,No,No Controls,2,0,Unknown
744221,8/7/18,5:05 PM,2018-00082179,POWER ST,GANO ST ,POWER ST / GANO ST ,Joseph Lopes,227,07-Aug-18,Vehicle - Pedestrian,X,,,"Two-Way , Not Divided",Dry,Daylight,Clear,1,Not a Collision Between Two Motor Vehicles in Transport,No,No Controls,2,1,Non-Incapacitating
744286,8/8/18,5:36 PM,2018-00082595,PEACE ST,Elmwood Ave,PEACE ST / Elmwood Ave,Troy Lambert,413,08-Aug-18,Vehicle - Pedestrian,X,,,"Two-Way , Not Divided",Dry,Daylight,Clear,1,Not a Collision Between Two Motor Vehicles in Transport,"Yes, M/V and Driver Left Scene",Stop Signs,1,1,Complains Of Pain
744294,8/8/18,10:31 PM,2018-00082682,FEDERAL ST,BRADFORD ST ,FEDERAL ST / BRADFORD ST ,Robert Heaton,539,08-Aug-18,Vehicle - Pedestrian,,,,"Two-Way , Not Divided",Dry,Dark - Lighted,Clear,2,Angle - Direction Not Specified,"Yes, M/V and Driver Left Scene",No Controls,3,0,Unknown
744328,8/9/18,5:46 PM,2018-00083005,Cranston St,LINWOOD AVE ,Cranston St / LINWOOD AVE ,Joseph Lopes,227,09-Aug-18,Vehicle - Pedestrian,X,,,"Two-Way , Not Divided",Dry,Daylight,Clear,1,Not a Collision Between Two Motor Vehicles in Transport,No,Traffic Control Signal,4,0,No Injury
744350,8/9/18,10:54 PM,2018-00083110,Valley Street,FELIX ST ,Valley Street / FELIX ST ,Kristen Barth,247,09-Aug-18,Vehicle - Pedestrian,,,,"Two-Way , Not Divided",Dry,Dark - Lighted,Clear,1,Not a Collision Between Two Motor Vehicles in Transport,"Yes, M/V and Driver Left Scene",No Controls,1,1,Complains Of Pain
744365,8/10/18,12:05 PM,2018-00083281,PLAINFIELD ST,MURRAY ST ,PLAINFIELD ST / MURRAY ST ,Ibrahim Yousif,196,10-Aug-18,Vehicle - Pedestrian,,,,"Two-Way , Not Divided",Dry,Daylight,Clear,1,Not a Collision Between Two Motor Vehicles in Transport,No,Stop Signs,3,1,Complains Of Pain
744548,8/14/18,3:39 PM,2018-00084829,Broadway,DEAN ST ,Broadway / DEAN ST ,Joseph Lopes,227,14-Aug-18,Vehicle - Pedestrian,X,,,"Two-Way , Not Divided",Dry,Daylight,Clear,1,Not a Collision Between Two Motor Vehicles in Transport,No,Traffic Control Signal,2,1,Complains Of Pain
744601,8/15/18,3:30 PM,2018-00085185,Waterman St,Brown St,Waterman St / Brown St,Noel Field,260,15-Aug-18,Vehicle - Pedestrian,,,,One-Way Trafficway,Dry,Daylight,Clear,2,Rear End(Front-to-Rear),No,No Controls,4,0,No Injury
744714,8/17/18,6:00 PM,2018-00086089,BEACHMONT AVE,CAHILL ST ,BEACHMONT AVE / CAHILL ST ,Jonathan Smith,222,17-Aug-18,Vehicle - Pedestrian,,,,"Two-Way , Not Divided",Dry,Daylight,Clear,1,Not a Collision Between Two Motor Vehicles in Transport,"Yes, M/V and Driver Left Scene",Stop Signs,2,1,Complains Of Pain
744738,8/17/18,8:23 PM,2018-00086134,BROAD ST,PEARL ST ,BROAD ST / PEARL ST ,Cory Vingi,237,17-Aug-18,Vehicle - Pedestrian,,,,"Two-Way , Not Divided",Dry,Dark - Lighted,Clear,1,Not a Collision Between Two Motor Vehicles in Transport,"Yes, M/V and Driver Left Scene",Traffic Control Signal,1,1,Complains Of Pain
744810,8/18/18,10:07 PM,2018-00086586,PARADE ST,WESTMINSTER ST ,PARADE ST / WESTMINSTER ST ,Robert Heaton,539,18-Aug-18,Vehicle - Pedestrian,X,,,"Two-Way , Not Divided",Dry,Dark - Lighted,Cloudy,1,Angle - Direction Not Specified,"Yes, M/V and Driver Left Scene",Stop Signs,2,1,Complains Of Pain
744859,8/19/18,5:41 PM,2018-00086915,Broad St ,BAKER ST ,Broad St  / BAKER ST ,Joseph Lopes,227,19-Aug-18,Vehicle - Pedestrian,,,,"Two-Way , Not Divided",Dry,Daylight,Clear,1,Not a Collision Between Two Motor Vehicles in Transport,"Yes, M/V and Driver Left Scene",No Controls,1,1,Non-Incapacitating
744880,8/19/18,2:29 AM,2018-00086701,ATWELLS AVE,DE PASQUALE AVE,ATWELLS AVE / DE PASQUALE AVE,Robert Heaton,539,20-Aug-18,Vehicle - Pedestrian,,,,"Two-Way , Not Divided",Dry,Dark - Lighted,Cloudy,1,Other,No,No Controls,5,1,Incapacitating
744905,8/20/18,4:56 PM,2018-00087325,BRANCH AVE,North  Main St,BRANCH AVE / North  Main St,Joseph Lopes,227,20-Aug-18,Vehicle - Pedestrian,X,,,"Two-Way , Not Divided",Dry,Daylight,Clear,1,Not a Collision Between Two Motor Vehicles in Transport,No,Traffic Control Signal,2,1,Complains Of Pain
744924,8/20/18,9:42 PM,2018-00087439,ELMWOOD AVE,ELMWOOD AVE ,ELMWOOD AVE / ELMWOOD AVE ,Robert Heaton,539,20-Aug-18,Vehicle - Pedestrian,,,,"Two-Way, Not Divided With a Continuous Left Turn Lane",Dry,Dark - Lighted,Clear,1,Other,"Yes, M/V and Driver Left Scene",No Controls,3,1,Complains Of Pain
745006,8/22/18,8:33 PM,2018-00088106,268 nelson st,SALTER ST ,268 nelson st / SALTER ST ,Joseph Lopes,227,22-Aug-18,Vehicle - Pedestrian,X,,,"Two-Way , Not Divided",Dry,Dark - Lighted,Clear,1,Not a Collision Between Two Motor Vehicles in Transport,"Yes, M/V and Driver Left Scene",No Controls,1,1,Complains Of Pain
745014,8/23/18,5:04 AM,2018-00088239,CHAD BROWN ST,ADMIRAL ST ,CHAD BROWN ST / ADMIRAL ST ,Kristen Barth,247,23-Aug-18,Vehicle - Pedestrian,,,,"Two-Way , Not Divided",Dry,Dark - Lighted,Clear,1,Not a Collision Between Two Motor Vehicles in Transport,No,Stop Signs,2,1,Complains Of Pain
745053,8/23/18,3:18 PM,2018-00088412,DORRANCE ST,WASHINGTON ST ,DORRANCE ST / WASHINGTON ST ,Matthew Goddard,171,23-Aug-18,Vehicle - Pedestrian,,,,"Two-Way , Not Divided",Dry,Daylight,Clear,1,Not a Collision Between Two Motor Vehicles in Transport,No,Traffic Control Signal,4,2,Complains Of Pain
745072,8/23/18,3:10 PM,2018-00088410,Havana Street,General Street ,Havana Street / General Street ,James Lanier,211,23-Aug-18,Vehicle - Pedestrian,X,,,"Two-Way , Not Divided",Dry,Daylight,Clear,1,Not a Collision Between Two Motor Vehicles in Transport,No,Stop Signs,6,2,Non-Incapacitating
745111,8/23/18,2:07 PM,2018-00088365,broadway,SERVICE ROAD 7 ,broadway / SERVICE ROAD 7 ,David Schiavulli,027,24-Aug-18,Vehicle - Pedestrian,,,,"Two-Way , Not Divided",Dry,Daylight,Clear,1,Rear End(Front-to-Rear),No,Traffic Control Signal,3,1,Complains Of Pain
745126,8/24/18,5:05 PM,2018-00088858,MEMORIAL BLVD,COLLEGE ST ,MEMORIAL BLVD / COLLEGE ST ,MICHAEL R. TROIA / TRAFFIC BUREAU,331,24-Aug-18,Vehicle - Pedestrian,,,,"Two-Way , Not Divided",Dry,Daylight,Clear,1,Not a Collision Between Two Motor Vehicles in Transport,No,Traffic Control Signal,6,1,Complains Of Pain
745164,8/25/18,2:51 AM,2018-00089091,8 Esten St,ORMS ST ,8 Esten St / ORMS ST ,Renauld Joseph,398,25-Aug-18,Vehicle - Pedestrian,,,,Unknown,Dry,Dark - Lighted,Clear,1,Other,No,No Controls,2,1,Complains Of Pain
745203,8/25/18,9:41 PM,2018-00089418,SAYLES ST,PRAIRIE AVE ,SAYLES ST / PRAIRIE AVE ,John Benros,481,25-Aug-18,Vehicle - Pedestrian,,,,"Two-Way , Not Divided",Dry,Dark - Lighted,Clear,1,Unknown,"Yes, M/V and Driver Left Scene",No Controls,1,1,Complains Of Pain
745257,8/26/18,8:26 PM,2018-00089854,COLFAX ST,GORDON AVE ,COLFAX ST / GORDON AVE ,John Benros,481,26-Aug-18,Vehicle - Pedestrian,,,,"Two-Way , Not Divided",Dry,Dark - Not Lighted,Clear,1,Unknown,"Yes, M/V and Driver Left Scene",No Controls,1,0,Unknown
745338,8/27/18,6:55 PM,2018-00090216,Park St,HAYES ST ,Park St / HAYES ST ,Joseph Lopes,227,27-Aug-18,Vehicle - Pedestrian,,,,"Two-Way , Not Divided",Dry,Daylight,Clear,1,Not a Collision Between Two Motor Vehicles in Transport,No,No Controls,3,1,Non-Incapacitating
745404,8/28/18,3:11 PM,2018-00090479,CHAPEL ST,SNOW ST ,CHAPEL ST / SNOW ST ,Matthew Goddard,171,28-Aug-18,Vehicle - Pedestrian,X,,,"Two-Way , Not Divided",Dry,Daylight,Clear,1,Not a Collision Between Two Motor Vehicles in Transport,No,Stop Signs,4,1,Complains Of Pain
745406,8/28/18,5:07 PM,2018-00090548,STATE HWY 10 N,UNION AVE ,STATE HWY 10 N / UNION AVE ,Joseph Lopes,227,28-Aug-18,Vehicle - Pedestrian,X,,,"Two-Way, Divided, Positive Median Barrier",Dry,Daylight,Clear,1,Not a Collision Between Two Motor Vehicles in Transport,No,Traffic Control Signal,2,0,No Injury
745425,8/28/18,2:43 PM,2018-00090480,775 Cranston Street ,Anthony Avenue ,775 Cranston Street  / Anthony Avenue ,James Lanier,211,28-Aug-18,Vehicle - Pedestrian,,,,"Two-Way, Divided, Unprotected (painted>4feet) Medium",Dry,Daylight,Clear,1,Not a Collision Between Two Motor Vehicles in Transport,"Yes, M/V and Driver Left Scene",Traffic Control Signal,3,1,Non-Incapacitating
745428,8/28/18,4:18 PM,2018-00090525,1250 Smith Street ,Old Road ,1250 Smith Street  / Old Road ,James Lanier,211,28-Aug-18,Vehicle - Pedestrian,X,,,"Two-Way, Divided, Unprotected (painted>4feet) Medium",Dry,Daylight,Clear,1,Not a Collision Between Two Motor Vehicles in Transport,No,No Controls,3,1,Non-Incapacitating
745449,8/28/18,9:32 PM,2018-00090637,UPDIKE ST,MAWNEY ST ,UPDIKE ST / MAWNEY ST ,Raleek Byfield,375,28-Aug-18,Vehicle - Pedestrian,,,,"Two-Way, Divided, Unprotected (painted>4feet) Medium",Dry,Dark - Lighted,Clear,2,"Sidwswipe, Opposite Direction","Yes, Driver Left Scene",No Controls,2,0,Unknown
745500,8/29/18,5:40 PM,2018-00090894,Potters Avenue ,Elmwood Avenue ,Potters Avenue  / Elmwood Avenue ,James Lanier,211,29-Aug-18,Vehicle - Pedestrian,,,,"Two-Way, Divided, Unprotected (painted>4feet) Medium",Dry,Daylight,Clear,1,Not a Collision Between Two Motor Vehicles in Transport,No,Traffic Control Signal,2,0,No Injury
745519,8/30/18,8:13 AM,2018-00091109,BROADWAY,SERVICE ROAD 7 ,BROADWAY / SERVICE ROAD 7 ,KEN MATSUMOTO - CAR 623,348,30-Aug-18,Vehicle - Pedestrian,,,,One-Way Trafficway,Dry,Daylight,Clear,1,Not a Collision Between Two Motor Vehicles in Transport,No,Traffic Control Signal,2,1,Incapacitating
745608,8/31/18,11:35 PM,2018-00091815,Sorrento Street,WALDO ST ,Sorrento Street / WALDO ST ,Kristen Barth,247,31-Aug-18,Vehicle - Pedestrian,,,,"Two-Way , Not Divided",Dry,Dark - Lighted,Clear,1,Not a Collision Between Two Motor Vehicles in Transport,"Yes, M/V and Driver Left Scene",Unknown,2,1,Complains Of Pain
745620,9/1/18,2:14 AM,2018-00091903,881 Eddy St,MUTUAL ST ,881 Eddy St / MUTUAL ST ,Brad McParlin,395,01-Sep-18,Vehicle - Pedestrian,,,,"Two-Way , Not Divided",Dry,Dark - Lighted,Clear,1,Not a Collision Between Two Motor Vehicles in Transport,"Yes, M/V and Driver Left Scene",No Controls,1,1,Complains Of Pain
746645,9/1/18,2:05 PM,2018-00092059,WEYBOSSET ST,DORRANCE ST ,WEYBOSSET ST / DORRANCE ST ,Joseph Lopes,227,01-Sep-18,Vehicle - Pedestrian,,,,"Two-Way , Not Divided",Dry,Daylight,Clear,0,Not a Collision Between Two Motor Vehicles in Transport,,No Controls,1,1,Complains Of Pain
746706,9/2/18,1:25 AM,2018-00092418,OCONNOR ST,JOHNSON ST ,OCONNOR ST / JOHNSON ST ,Kristen Barth,247,02-Sep-18,Vehicle - Pedestrian,,,,"Two-Way , Not Divided",Dry,Dark - Lighted,Clear,1,Not a Collision Between Two Motor Vehicles in Transport,"Yes, M/V and Driver Left Scene",Stop Signs,1,1,Incapacitating
746738,9/2/18,2:30 PM,2018-00092586,PROSPECT ST,WATERMAN ST ,PROSPECT ST / WATERMAN ST ,Gerry Kue,393,02-Sep-18,Vehicle - Pedestrian,,,,"Two-Way , Not Divided",Dry,Daylight,Clear,1,Not a Collision Between Two Motor Vehicles in Transport,No,Traffic Control Signal,2,1,Complains Of Pain
746944,9/3/18,9:32 PM,2018-00093169,Ruggles Street,Smith Street,Ruggles Street / Smith Street,James Lanier,211,04-Sep-18,Vehicle - Pedestrian,,,,"Two-Way , Not Divided",Dry,Dark - Lighted,Clear,1,Not a Collision Between Two Motor Vehicles in Transport,"Yes, M/V and Driver Left Scene",No Controls,1,1,Non-Incapacitating
746872,9/3/18,10:18 PM,2018-00093187,DEXTER ST,BUCKLIN ST ,DEXTER ST / BUCKLIN ST ,Patrick Hourahan,243,03-Sep-18,Vehicle - Pedestrian,,,,"Two-Way , Not Divided",Dry,Dark - Lighted,Clear,1,Not a Collision Between Two Motor Vehicles in Transport,"Yes, M/V and Driver Left Scene",No Controls,1,1,Non-Incapacitating
746891,9/4/18,6:40 AM,2018-00093274,PLAINFIELD ST,RT 6 EAST RAMP,PLAINFIELD ST / RT 6 EAST RAMP,Ivan Tavarez,204,04-Sep-18,Vehicle - Pedestrian,,,,"Two-Way, Divided, Unprotected (painted>4feet) Medium",Dry,Daylight,Clear,1,Not a Collision Between Two Motor Vehicles in Transport,No,Traffic Control Signal,2,1,Complains Of Pain