CrashReportId,CrashDate,CrashTime,ReportNumber,StreetOrHighway,NearestIntersection,Location,Officer,Badge,ReportDate,TypeOfCollision,Bicycle,Scooter,Wheel Chair,TypeOfRoadway,RoadSurfaceCondition,LightCondition,WeatherCondition,NumberofVehicles,MannerofImpact,HitAndRun,TrafficControl,PersonCount,InjuryCount,MostSeriousInjury
746920,9/4/18,12:10 PM,2018-00093377,RANDALL ST,CHARLES ST,RANDALL ST / CHARLES ST,Wayne Mann,563,04-Sep-18,Vehicle - Pedestrian,X,,,One-Way Trafficway,Dry,Daylight,Clear,1,Other,No,Pavement Markings,3,1,Complains Of Pain
746926,9/4/18,12:30 PM,2018-00093418,SILVER SPRING ST,LEDGE ST ,SILVER SPRING ST / LEDGE ST ,Francisco Furtado,635,04-Sep-18,Vehicle - Pedestrian,,,,"Two-Way , Not Divided",Dry,Daylight,Clear,1,Other,"Yes, M/V and Driver Left Scene",No Controls,1,1,Complains Of Pain
747110,9/6/18,5:28 PM,2018-00094257,442 Manton Ave,ATWELLS AVE ,442 Manton Ave / ATWELLS AVE ,Mitchell Guerra,217,06-Sep-18,Vehicle - Pedestrian,,,,"Two-Way , Not Divided",Wet,Daylight,Rain,1,Not a Collision Between Two Motor Vehicles in Transport,"Yes, M/V and Driver Left Scene",No Controls,1,1,Non-Incapacitating
747674,9/7/18,8:12 AM,2018-00094446,445 Smith St,SMITH ST ,445 Smith St / SMITH ST ,John Abatiello,692,07-Sep-18,Vehicle - Pedestrian,,,,"Two-Way, Divided, Unprotected (painted>4feet) Medium",Dry,Daylight,Clear,1,Not a Collision Between Two Motor Vehicles in Transport,No,Pavement Markings,3,1,Complains Of Pain
747542,9/7/18,1:59 PM,2018-00094565,POTTERS AVE,ELMWOOD AVE ,POTTERS AVE / ELMWOOD AVE ,Eugene Craven,517,12-Sep-18,Vehicle - Pedestrian,,,,"Two-Way, Divided, Unprotected (painted>4feet) Medium",Wet,Daylight,Rain,1,Other,No,Traffic Control Signal,3,1,Complains Of Pain
747151,9/7/18,8:42 AM,2018-00094454,EXIT 22A (RT ),FRANCIS ST ,EXIT 22A (RT ) / FRANCIS ST ,KEN MATSUMOTO,348,07-Sep-18,Vehicle - Pedestrian,X,,,One-Way Trafficway,Dry,Daylight,Clear,1,Not a Collision Between Two Motor Vehicles in Transport,"Yes, M/V and Driver Left Scene",Traffic Control Signal,1,1,Complains Of Pain
747644,9/10/18,6:21 PM,2018-00095843,Smith Street,Holden Street,Smith Street / Holden Street,Jeremy Doucette,482,13-Sep-18,Vehicle - Pedestrian,,,,"Two-Way , Not Divided",Wet,Daylight,Rain,1,Not a Collision Between Two Motor Vehicles in Transport,"Yes, M/V and Driver Left Scene",Other,2,1,Complains Of Pain
747466,9/11/18,12:04 PM,2018-00096034,BRANCH AVE,COMMODORE ST ,BRANCH AVE / COMMODORE ST ,Michael Moonan,286,11-Sep-18,Vehicle - Pedestrian,,,,"Two-Way , Not Divided",Dry,Daylight,Clear,1,Not a Collision Between Two Motor Vehicles in Transport,No,No Controls,6,1,Complains Of Pain
747543,9/12/18,11:40 AM,2018-00096412,EMPIRE ST,BROADWAY ,EMPIRE ST / BROADWAY ,John Bento,329,12-Sep-18,Vehicle - Pedestrian,,,,"Two-Way, Divided, Unprotected (painted>4feet) Medium",Wet,Daylight,Rain,1,Not a Collision Between Two Motor Vehicles in Transport,"Yes, M/V and Driver Left Scene",Traffic Control Signal,2,1,Complains Of Pain
747658,9/13/18,9:14 PM,2018-00096903,598 hartford ave,KINFIELD ST ,598 hartford ave / KINFIELD ST ,Graig Sion,254,13-Sep-18,Vehicle - Pedestrian,,,,"Two-Way, Divided, Unprotected (painted>4feet) Medium",Wet,Dark - Lighted,Rain,2,Rear End(Front-to-Rear),"Yes, M/V and Driver Left Scene",No Controls,2,1,Complains Of Pain
747820,9/14/18,10:07 PM,2018-00097381,cranston st ,LINWOOD AVE ,cranston st  / LINWOOD AVE ,Joseph Lopes,227,17-Sep-18,Vehicle - Pedestrian,,,,"Two-Way , Not Divided",Dry,Dark - Lighted,Clear,1,Not a Collision Between Two Motor Vehicles in Transport,No,Traffic Control Signal,2,1,Complains Of Pain
747675,9/14/18,8:06 AM,2018-00097045,DEXTER ST,POTTERS AVE ,DEXTER ST / POTTERS AVE ,John Bento,329,14-Sep-18,Vehicle - Pedestrian,,,,"Two-Way, Divided, Unprotected (painted>4feet) Medium",Dry,Daylight,Clear,1,Not a Collision Between Two Motor Vehicles in Transport,No,Stop Signs,4,1,Complains Of Pain
747734,9/15/18,4:04 PM,2018-00097729,SMITH ST,TYNDALL AVE ,SMITH ST / TYNDALL AVE ,Cory Vingi,237,15-Sep-18,Vehicle - Pedestrian,X,,,"Two-Way , Not Divided",Dry,Daylight,Clear,1,Not a Collision Between Two Motor Vehicles in Transport,"Yes, M/V and Driver Left Scene",Other,2,1,Complains Of Pain
747743,9/15/18,7:39 PM,2018-00097813,RESERVOIR AVE,YARMOUTH STREET,RESERVOIR AVE / YARMOUTH STREET,Ptlm. Elie,167,15-Sep-18,Vehicle - Pedestrian,,,,"Two-Way , Not Divided",Dry,Dark - Lighted,Clear,1,Other,No,No Controls,3,1,Incapacitating
747933,9/15/18,3:06 AM,2018-00097536,CALLA ST,EDDY ST ,CALLA ST / EDDY ST ,Flavio Tavares,371,18-Sep-18,Vehicle - Pedestrian,,,,Unknown,Dry,Dark - Lighted,Clear,2,"Sidwswipe, Opposite Direction","Yes, M/V and Driver Left Scene",No Controls,2,0,No Injury
747763,9/16/18,1:53 AM,2018-00098000,WESTMINSTER ST,MEMORIAL BLVD,WESTMINSTER ST / MEMORIAL BLVD,Raymond Criner,340,16-Sep-18,Vehicle - Pedestrian,,,,"Two-Way , Not Divided",Dry,Dark - Lighted,Clear,1,Not a Collision Between Two Motor Vehicles in Transport,No,Traffic Control Signal,3,1,Complains Of Pain
747764,9/16/18,1:14 AM,2018-00097984,OREGON ST,WHIPPLE ST ,OREGON ST / WHIPPLE ST ,Kalvin Rosado,380,16-Sep-18,Vehicle - Pedestrian,,,,"Two-Way , Not Divided",Dry,Dark - Lighted,Clear,1,Unknown,"Yes, M/V and Driver Left Scene",No Controls,2,1,Incapacitating
747897,9/17/18,8:01 PM,2018-00098670,659 Smith St,PINEHURST AVE ,659 Smith St / PINEHURST AVE ,David Liu,318,17-Sep-18,Vehicle - Pedestrian,,,,"Two-Way , Not Divided",Dry,Dark - Lighted,Clear,2,"Sideswipe, Same Direction","Yes, M/V and Driver Left Scene",No Controls,1,0,Unknown
747940,9/18/18,3:31 PM,2018-00098932,dorrance st ,WESTMINSTER ST ,dorrance st  / WESTMINSTER ST ,Joseph Lopes,227,18-Sep-18,Vehicle - Pedestrian,,,,"Two-Way , Not Divided",Wet,Daylight,Rain,1,Not a Collision Between Two Motor Vehicles in Transport,No,Traffic Control Signal,3,1,Complains Of Pain
747941,9/18/18,4:23 PM,2018-00098944,337 Plainfield St,PLAINFIELD ST ,337 Plainfield St / PLAINFIELD ST ,Michael Camardo,357,18-Sep-18,Vehicle - Pedestrian,,,,"Two-Way, Divided, Unprotected (painted>4feet) Medium",Wet,Daylight,Rain,1,Angle (Front - to - Side) Same Direction,No,Stop Signs,2,1,Complains Of Pain
747952,9/18/18,6:22 PM,2018-00099001,North Main St ,N MAIN ST ,North Main St  / N MAIN ST ,Joseph Lopes,227,18-Sep-18,Vehicle - Pedestrian,,,,One-Way Trafficway,Wet,Daylight,Rain,2,Not a Collision Between Two Motor Vehicles in Transport,No,Stop Signs,7,1,Complains Of Pain
747967,9/18/18,8:40 PM,2018-00099042,FRANCIS ST,MEMORIAL BLVD ,FRANCIS ST / MEMORIAL BLVD ,Ralph Abenante,511,18-Sep-18,Vehicle - Pedestrian,,,,"Two-Way , Not Divided",Wet,Dark - Lighted,Cloudy,2,Angle (Front - to - Side) Right Angle (Includes Broadside),No,No Controls,5,1,Complains Of Pain
747992,9/19/18,8:03 AM,2018-00099145,315 BROAD ST,,315 BROAD ST / ,KEN MATSUMOTO,348,19-Sep-18,Vehicle - Pedestrian,,,,Unknown,Wet,Daylight,Cloudy,1,Not a Collision Between Two Motor Vehicles in Transport,"Yes, M/V and Driver Left Scene",No Controls,3,0,No Injury
748002,9/19/18,11:16 AM,2018-00099195,WATERMAN ST,GOVERNOR ST ,WATERMAN ST / GOVERNOR ST ,Raymond King,633,19-Sep-18,Vehicle - Pedestrian,,,,One-Way Trafficway,Dry,Daylight,Cloudy,2,"Sideswipe, Same Direction",No,No Controls,4,0,No Injury
748019,9/19/18,3:30 PM,2018-00099286,POINT ST,EDDY ST ,POINT ST / EDDY ST ,Ralph Abenante,511,19-Sep-18,Vehicle - Pedestrian,,,,"Two-Way, Divided, Positive Median Barrier",Dry,Daylight,Cloudy,1,Not a Collision Between Two Motor Vehicles in Transport,No,Traffic Control Signal,3,0,No Injury
748043,9/19/18,8:19 PM,2018-00099411,dexter st ,WARREN ST ,dexter st  / WARREN ST ,Joseph Lopes,227,19-Sep-18,Vehicle - Pedestrian,,,,"Two-Way , Not Divided",Dry,Dark - Lighted,Clear,1,Not a Collision Between Two Motor Vehicles in Transport,No,No Controls,5,1,Non-Incapacitating
748068,9/20/18,2:29 PM,2018-00099680,WEST RIVER ST,BRANCH AVE ,WEST RIVER ST / BRANCH AVE ,Jose Deschamps,419,20-Sep-18,Vehicle - Pedestrian,,,,"Two-Way , Not Divided",Dry,Daylight,Clear,1,Other,No,Traffic Control Signal,2,1,Complains Of Pain
748069,9/20/18,2:08 PM,2018-00099673,BROADWAY,HARRIS AVE ,BROADWAY / HARRIS AVE ,Jose Deschamps,419,20-Sep-18,Vehicle - Pedestrian,,,,"Two-Way, Divided, Unprotected (painted>4feet) Medium",Dry,Daylight,Clear,1,Other,No,Stop Signs,5,1,Complains Of Pain
748102,9/20/18,4:30 PM,2018-00099746,Broadway,BERCLAY ST ,Broadway / BERCLAY ST ,Jennifer Fonseca,402,20-Sep-18,Vehicle - Pedestrian,,,,"Two-Way, Divided, Unprotected (painted>4feet) Medium",Dry,Daylight,Clear,1,Not a Collision Between Two Motor Vehicles in Transport,"Yes, M/V and Driver Left Scene",No Controls,1,0,No Injury
748162,9/21/18,8:05 PM,2018-00100264,EXCHANGE TER,FRANCIS ST ,EXCHANGE TER / FRANCIS ST ,Cory Vingi,237,21-Sep-18,Vehicle - Pedestrian,,,,One-Way Trafficway,Dry,Dark - Lighted,Clear,1,Not a Collision Between Two Motor Vehicles in Transport,No,Traffic Control Signal,4,1,Complains Of Pain
748256,9/22/18,5:19 PM,2018-00100666,450 Cranston Street ,Superior Street ,450 Cranston Street  / Superior Street ,James Lanier,211,22-Sep-18,Vehicle - Pedestrian,,,,"Two-Way , Not Divided",Dry,Daylight,Clear,1,Not a Collision Between Two Motor Vehicles in Transport,No,No Controls,4,1,Non-Incapacitating
748264,9/22/18,7:11 PM,2018-00100722,REYNOLDS AVE,BROAD STREET,REYNOLDS AVE / BROAD STREET,Daniel Hernandez,255,22-Sep-18,Vehicle - Pedestrian,,,,"Two-Way , Not Divided",Dry,Dark - Lighted,Clear,1,Head-On (Front - to - Front),No,No Controls,2,1,Complains Of Pain
748410,9/24/18,11:49 PM,2018-00101569,SMITH ST,CHALKSTONE AVE ,SMITH ST / CHALKSTONE AVE ,Robert Heaton,539,25-Sep-18,Vehicle - Pedestrian,,,,"Two-Way , Not Divided",Dry,Dark - Lighted,Clear,1,Other,"Yes, M/V and Driver Left Scene",Pavement Markings,2,1,Complains Of Pain
748422,9/25/18,5:58 AM,2018-00101618,201 Messer St,UNION AVE ,201 Messer St / UNION AVE ,Jason Dennis,392,25-Sep-18,Vehicle - Pedestrian,,,,"Two-Way , Not Divided",Dry,Dark - Lighted,Clear,1,Not a Collision Between Two Motor Vehicles in Transport,"Yes, M/V and Driver Left Scene",No Controls,2,1,Complains Of Pain
748439,9/25/18,11:10 AM,2018-00101680,DORRANCE ST,CLIFFORD ST ,DORRANCE ST / CLIFFORD ST ,Jose Deschamps,419,25-Sep-18,Vehicle - Pedestrian,,,,"Two-Way, Divided, Unprotected (painted>4feet) Medium",Wet,Daylight,"Sleet, Hail (Freezing Rain or Drizzle)",2,Other,No,No Controls,4,1,Complains Of Pain
748448,9/25/18,11:25 AM,2018-00101683,CANAL ST,SMITH ST ,CANAL ST / SMITH ST ,Jose Deschamps,419,25-Sep-18,Vehicle - Pedestrian,,,,"Two-Way, Divided, Unprotected (painted>4feet) Medium",Wet,Daylight,Rain,2,Other,No,Traffic Control Signal,7,6,Incapacitating
748510,9/25/18,7:47 PM,2018-00101821,FRICKER ST,BROAD ST ,FRICKER ST / BROAD ST ,Robert Heaton,539,25-Sep-18,Vehicle - Pedestrian,,,,"Two-Way , Not Divided",Wet,Dark - Lighted,Rain,1,Angle - Direction Not Specified,"Yes, M/V and Driver Left Scene",Pavement Markings,3,1,Incapacitating
748517,9/25/18,8:17 PM,2018-00101834,WATERMAN ST,BROOK ST ,WATERMAN ST / BROOK ST ,Miguel Castillo,489,25-Sep-18,Vehicle - Pedestrian,,,,One-Way Trafficway,Wet,Dark - Lighted,Rain,2,"Sideswipe, Same Direction",No,No Controls,4,0,No Injury
748576,9/25/18,3:58 AM,2018-00101758,172 Roanoke Street,CARLETON ST ,172 Roanoke Street / CARLETON ST ,Isaiah Nerney,15636,26-Sep-18,Vehicle - Pedestrian,,,,"Two-Way , Not Divided",Dry,Daylight,Rain,1,Not a Collision Between Two Motor Vehicles in Transport,"Yes, M/V and Driver Left Scene",No Controls,1,0,No Injury
748586,9/25/18,2:16 PM,2018-00101733,Power Street ,Brook Street ,Power Street  / Brook Street ,James Lanier,211,26-Sep-18,Vehicle - Pedestrian,,,,"Two-Way , Not Divided",Wet,Daylight,Rain,1,Not a Collision Between Two Motor Vehicles in Transport,No,No Controls,2,0,No Injury
748620,9/27/18,8:22 AM,2018-00102374,DOYLE AVE,HOPE ST ,DOYLE AVE / HOPE ST ,Darren Hull,598,27-Sep-18,Vehicle - Pedestrian,X,,,"Two-Way, Divided, Unprotected (painted>4feet) Medium",Dry,Daylight,Clear,1,Angle (Front - to - Side) Right Angle (Includes Broadside),No,Traffic Control Signal,8,1,Complains Of Pain
748629,9/27/18,10:30 AM,2018-00102397,274 Mount Pleasant Ave,MANOMET ST ,274 Mount Pleasant Ave / MANOMET ST ,Peter Salmons,207,27-Sep-18,Vehicle - Pedestrian,,,,"Two-Way , Not Divided",Dry,Daylight,Clear,1,Not a Collision Between Two Motor Vehicles in Transport,No,No Controls,3,1,Complains Of Pain
748630,9/27/18,10:41 AM,2018-00102403,PRATT ST,JENCKES ST ,PRATT ST / JENCKES ST ,Raymond King,633,27-Sep-18,Vehicle - Pedestrian,,,,"Two-Way , Not Divided",Dry,Daylight,Clear,2,Rear - to - Side,No,No Controls,3,0,No Injury
748631,9/27/18,12:17 PM,2018-00102435,80 Dexter St,DIVISION ST ,80 Dexter St / DIVISION ST ,John Bento,329,27-Sep-18,Vehicle - Pedestrian,,,,"Two-Way, Divided, Unprotected (painted>4feet) Medium",Dry,Daylight,Clear,1,Not a Collision Between Two Motor Vehicles in Transport,"Yes, M/V and Driver Left Scene",No Controls,4,1,Complains Of Pain
748636,9/27/18,1:06 PM,2018-00102450,ASHBURTON ST,ASHBURTON ST ,ASHBURTON ST / ASHBURTON ST ,Cynthia Rodriguez,693,27-Sep-18,Vehicle - Pedestrian,,,,One-Way Trafficway,Dry,Daylight,Clear,1,Not a Collision Between Two Motor Vehicles in Transport,No,No Controls,4,1,Complains Of Pain
748664,9/27/18,4:17 PM,2018-00102520,GANO ST,ANGELL ST ,GANO ST / ANGELL ST ,Robert Heaton,539,27-Sep-18,Vehicle - Pedestrian,,,,"Two-Way , Not Divided",Dry,Daylight,Clear,1,Other,No,Pavement Markings,3,1,Complains Of Pain
748894,9/29/18,11:48 PM,2018-00103499,BROAD ST,ELMWOOD AVE ,BROAD ST / ELMWOOD AVE ,Robert Heaton,539,30-Sep-18,Vehicle - Pedestrian,,,,One-Way Trafficway,Dry,Dark - Lighted,Clear,1,Other,No,Traffic Control Signal,3,0,No Injury
748948,9/29/18,2:13 AM,2018-00103125,BUCKLIN ST,REDWING ST ,BUCKLIN ST / REDWING ST ,Jason Dennis,392,01-Oct-18,Vehicle - Pedestrian,,,,"Two-Way , Not Divided",Dry,Dark - Lighted,Clear,1,Not a Collision Between Two Motor Vehicles in Transport,"Yes, M/V and Driver Left Scene",Stop Signs,3,1,Complains Of Pain
749444,9/29/18,11:57 PM,2018-00103504,Manton,HILLARD ST ,Manton / HILLARD ST ,Irvin Torres,346,06-Oct-18,Vehicle - Pedestrian,,,,"Two-Way , Not Divided",Dry,Dark - Lighted,Clear,1,Other,No,No Controls,3,1,Complains Of Pain
749010,10/1/18,1:12 PM,2018-00104079,WILLIAMS ST,S WATER ST ,WILLIAMS ST / S WATER ST ,CAR 623 - KEN MATSUMOTO,348,01-Oct-18,Vehicle - Pedestrian,X,,,One-Way Trafficway,Wet,Daylight,Clear,1,Not a Collision Between Two Motor Vehicles in Transport,No,Stop Signs,3,1,Complains Of Pain
749064,10/1/18,2:52 PM,2018-00104120,30 BARTON ST,BROADWAY ,30 BARTON ST / BROADWAY ,Michael Sepe,367,01-Oct-18,Vehicle - Pedestrian,,,,"Two-Way, Not Divided With a Continuous Left Turn Lane",Wet,Daylight,Cloudy,2,"Sideswipe, Same Direction","Yes, M/V and Driver Left Scene",School Zone Signs,3,0,No Injury
749072,10/1/18,6:38 PM,2018-00104210,160 CHAPIN AVE,ELLERY ST ,160 CHAPIN AVE / ELLERY ST ,Deanna Johnson,408,01-Oct-18,Vehicle - Pedestrian,,,,"Two-Way , Not Divided",Wet,Dark - Lighted,Rain,1,Other,No,No Controls,2,1,Complains Of Pain
749095,10/1/18,10:15 PM,2018-00104261,SMITH ST,DANFORTH ST ,SMITH ST / DANFORTH ST ,Christopher Brown,259,01-Oct-18,Vehicle - Pedestrian,,,,"Two-Way, Divided, Unprotected (painted>4feet) Medium",Wet,Dark - Lighted,"Sleet, Hail (Freezing Rain or Drizzle)",1,Not a Collision Between Two Motor Vehicles in Transport,"Yes, M/V and Driver Left Scene",No Controls,2,1,Complains Of Pain
749129,10/2/18,12:45 PM,2018-00104421,WESTMINSTER ST,DORRANCE ST ,WESTMINSTER ST / DORRANCE ST ,Thomas Rose,465,02-Oct-18,Vehicle - Pedestrian,,,,"Two-Way , Not Divided",Wet,Daylight,Cloudy,1,Other,No,Traffic Control Signal,2,1,Complains Of Pain
749236,10/3/18,9:30 AM,2018-00104669,CHALKSTONE AVE,ACADEMY AVE ,CHALKSTONE AVE / ACADEMY AVE ,Jessica Leone,258,03-Oct-18,Vehicle - Pedestrian,,,,Unknown,Wet,Daylight,Cloudy,2,Rear - to - Side,"Yes, M/V and Driver Left Scene",No Controls,3,0,Unknown
749379,10/3/18,11:21 PM,2018-00104911,ACADEMY AVE,DOVER ST ,ACADEMY AVE / DOVER ST ,Cory Vingi,237,04-Oct-18,Vehicle - Pedestrian,,,,"Two-Way , Not Divided",Dry,Dark - Lighted,Clear,1,Not a Collision Between Two Motor Vehicles in Transport,No,No Controls,4,0,No Injury
749510,10/5/18,9:42 PM,2018-00105684,PAVILION AVE,RUGBY ST ,PAVILION AVE / RUGBY ST ,Robert Heaton,539,06-Oct-18,Vehicle - Pedestrian,,,,"Two-Way , Not Divided",Dry,Dark - Lighted,Clear,2,Rear End(Front-to-Rear),"Yes, M/V and Driver Left Scene",No Controls,4,0,Unknown
749512,10/5/18,3:02 PM,2018-00105515,WASHINGTON ST,EXCHANGE ST ,WASHINGTON ST / EXCHANGE ST ,Matthew Goddard,171,06-Oct-18,Vehicle - Pedestrian,X,,,One-Way Trafficway,Dry,Daylight,Clear,1,Not a Collision Between Two Motor Vehicles in Transport,No,No Controls,3,0,No Injury
749771,10/5/18,4:50 PM,2018-00105557,Messer Street,Cranston Street,Messer Street / Cranston Street,James Lanier,211,09-Oct-18,Vehicle - Pedestrian,,,,"Two-Way , Not Divided",Dry,Daylight,Clear,1,Not a Collision Between Two Motor Vehicles in Transport,"Yes, M/V and Driver Left Scene",No Controls,1,1,Non-Incapacitating
749386,10/5/18,1:13 AM,2018-00105326,DOUGLAS AVE,ALICANT ST,DOUGLAS AVE / ALICANT ST,Robert Heaton,539,05-Oct-18,Vehicle - Pedestrian,,,,"Two-Way , Not Divided",Dry,Dark - Lighted,Clear,1,Other,No,No Controls,3,3,Non-Incapacitating
749493,10/6/18,4:25 PM,2018-00105973,Smith St,CHALKSTONE AVE ,Smith St / CHALKSTONE AVE ,Joseph Lopes,227,06-Oct-18,Vehicle - Pedestrian,,,,"Two-Way , Not Divided",Dry,Daylight,Clear,1,Not a Collision Between Two Motor Vehicles in Transport,No,Traffic Control Signal,5,1,Complains Of Pain
749545,10/7/18,12:33 PM,2018-00106332,11 DORRANCE ST,WASHINGTON ST ,11 DORRANCE ST / WASHINGTON ST ,Robert Heaton,539,07-Oct-18,Vehicle - Pedestrian,,,,One-Way Trafficway,Dry,Daylight,Clear,2,"Sideswipe, Same Direction","Yes, M/V and Driver Left Scene",No Controls,3,0,Unknown
749561,10/7/18,2:42 PM,2018-00106386,315 broad st,BROAD ST ,315 broad st / BROAD ST ,Joseph Lopes,227,07-Oct-18,Vehicle - Pedestrian,,,,"Two-Way , Not Divided",Dry,Daylight,Clear,1,Not a Collision Between Two Motor Vehicles in Transport,"Yes, M/V and Driver Left Scene",No Controls,3,2,Non-Incapacitating
749574,10/7/18,7:25 PM,2018-00106508,Hawkins Street,YORKSHIRE ST ,Hawkins Street / YORKSHIRE ST ,Ybelis Gonzalez,376,07-Oct-18,Vehicle - Pedestrian,X,,,"Two-Way , Not Divided",Wet,Dark - Lighted,Rain,1,Not a Collision Between Two Motor Vehicles in Transport,No,No Controls,4,0,No Injury
751407,10/7/18,3:13 PM,2018-00109995,Douglas Avenue ,Fillmore Street ,Douglas Avenue  / Fillmore Street ,James Lanier,211,17-Oct-18,Vehicle - Pedestrian,,,,"Two-Way, Divided, Unprotected (painted>4feet) Medium",Dry,Daylight,Clear,1,Not a Collision Between Two Motor Vehicles in Transport,"Yes, M/V and Driver Left Scene",Pavement Markings,3,1,Non-Incapacitating
749691,10/8/18,11:33 PM,2018-00106904,Central Street,PEARL ST ,Central Street / PEARL ST ,Kristen Barth,247,08-Oct-18,Vehicle - Pedestrian,,,,"Two-Way , Not Divided",Dry,Dark - Lighted,Clear,2,Angle (Front - to - Side) Right Angle (Includes Broadside),"Yes, Driver Left Scene",No Controls,5,3,Complains Of Pain
749877,10/10/18,5:10 PM,2018-00107541,MERINO ST,CROWNINSHIELD ST ,MERINO ST / CROWNINSHIELD ST ,Graig Sion,254,10-Oct-18,Vehicle - Pedestrian,,,,"Two-Way, Divided, Unprotected (painted>4feet) Medium",Dry,Daylight,Clear,1,Other,"Yes, M/V and Driver Left Scene",No Controls,2,2,Complains Of Pain
749882,10/10/18,5:07 PM,2018-00107503,ALVERSON AVE,NYE ST ,ALVERSON AVE / NYE ST ,Graig Sion,254,10-Oct-18,Vehicle - Pedestrian,,,,"Two-Way, Divided, Unprotected (painted>4feet) Medium",Dry,Daylight,Clear,1,Not a Collision Between Two Motor Vehicles in Transport,No,No Controls,2,1,Complains Of Pain
749929,10/11/18,10:30 AM,2018-00107786,Elmwood Ave,BURNETT ST ,Elmwood Ave / BURNETT ST ,James Annis,454,11-Oct-18,Vehicle - Pedestrian,,,,"Two-Way , Not Divided",Dry,Daylight,Clear,1,Not a Collision Between Two Motor Vehicles in Transport,No,Pavement Markings,4,1,Complains Of Pain
749983,10/11/18,6:11 PM,2018-00107925,ADMIRAL ST,DOUGLAS AVE ,ADMIRAL ST / DOUGLAS AVE ,KEN MATSUMOTO,348,11-Oct-18,Vehicle - Pedestrian,X,,,"Two-Way , Not Divided",Wet,Dark - Lighted,Rain,1,Not a Collision Between Two Motor Vehicles in Transport,No,Traffic Control Signal,3,1,Complains Of Pain
751349,10/12/18,10:10 PM,2018-00108362,ATWELLS AVENUE,ACADEMY AVE ,ATWELLS AVENUE / ACADEMY AVE ,Meghan Vittorioso,388,12-Oct-18,Vehicle - Pedestrian,X,,,"Two-Way , Not Divided",Dry,Dark - Lighted,Clear,1,Not a Collision Between Two Motor Vehicles in Transport,No,Traffic Control Signal,2,1,Complains Of Pain
750000,10/12/18,12:36 AM,2018-00108036,LAUREL HILL AVE,EASTWOOD AVE ,LAUREL HILL AVE / EASTWOOD AVE ,Guillermo Vargas,404,12-Oct-18,Vehicle - Pedestrian,,,,"Two-Way, Divided, Positive Median Barrier",Wet,Dark - Lighted,Rain,0,Not a Collision Between Two Motor Vehicles in Transport,,Person,1,1,Complains Of Pain
750049,10/12/18,2:11 PM,2018-00108177,MANTON AVE,CHAFFEE ST ,MANTON AVE / CHAFFEE ST ,Ivan Tavarez,204,12-Oct-18,Vehicle - Pedestrian,X,,,"Two-Way, Divided, Unprotected (painted>4feet) Medium",Dry,Daylight,Clear,1,Not a Collision Between Two Motor Vehicles in Transport,No,No Controls,3,1,Complains Of Pain
751114,10/13/18,9:58 AM,2018-00108545,RESERVOIR AVE,ALGONQUIN ST ,RESERVOIR AVE / ALGONQUIN ST ,Robert Heaton,539,13-Oct-18,Vehicle - Pedestrian,,,,"Two-Way , Not Divided",Wet,Daylight,Rain,1,Other,No,No Controls,2,1,Complains Of Pain
751239,10/15/18,12:41 PM,2018-00109198,N MAIN ST,N MAIN ST ,N MAIN ST / N MAIN ST ,Raymond King,633,15-Oct-18,Vehicle - Pedestrian,,,,Unknown,Dry,Daylight,Cloudy,2,"Sideswipe, Same Direction",No,No Controls,3,0,No Injury
751342,10/16/18,2:27 PM,2018-00109638,BROOK STREET,MANNING WALK,BROOK STREET / MANNING WALK,Jessica Salmeron,356,16-Oct-18,Vehicle - Pedestrian,,,,"Two-Way , Not Divided",Dry,Daylight,Clear,1,Not a Collision Between Two Motor Vehicles in Transport,No,Yield Signs,2,1,Complains Of Pain
751418,10/17/18,8:58 PM,2018-00110110,Chalkstone Ave,Grosvenor Ave ,Chalkstone Ave / Grosvenor Ave ,Harrison Northup,232,17-Oct-18,Vehicle - Pedestrian,,,,"Two-Way , Not Divided",Dry,Dark - Lighted,Clear,1,Not a Collision Between Two Motor Vehicles in Transport,No,No Controls,3,1,Complains Of Pain
751370,10/17/18,8:33 AM,2018-00109878,HUXLEY AVE,ADMIRAL ST ,HUXLEY AVE / ADMIRAL ST ,Robert Heaton,539,17-Oct-18,Vehicle - Pedestrian,,,,"Two-Way , Not Divided",Dry,Daylight,Clear,1,Other,No,No Controls,4,1,Non-Incapacitating
751483,10/18/18,9:27 PM,2018-00110479,WESTFIELD ST,FULLER ST ,WESTFIELD ST / FULLER ST ,Michael Sepe,367,18-Oct-18,Vehicle - Pedestrian,,,,"Two-Way , Not Divided",Dry,Dark - Lighted,Clear,2,Unknown,"Yes, M/V and Driver Left Scene",No Controls,2,0,No Injury
751521,10/19/18,11:06 AM,2018-00110624,1 BLACKSTONE ST,BLACKSTONE ST,1 BLACKSTONE ST / BLACKSTONE ST,Robert Heaton,539,19-Oct-18,Vehicle - Pedestrian,,,,"Two-Way , Not Divided",Dry,Daylight,Clear,2,Rear End(Front-to-Rear),No,No Controls,3,0,No Injury