CrashReportId,CrashDate,CrashTime,ReportNumber,StreetOrHighway,NearestIntersection,Location,Officer,Badge,ReportDate,TypeOfCollision,Bicycle,Scooter,Wheel Chair,TypeOfRoadway,RoadSurfaceCondition,LightCondition,WeatherCondition,NumberofVehicles,MannerofImpact,HitAndRun,TrafficControl,PersonCount,InjuryCount,MostSeriousInjury
751607,10/20/18,2:00 PM,2018-00111036,Eddy Street,PAVILION AVE ,Eddy Street / PAVILION AVE ,Edwardo Curi,294,20-Oct-18,Vehicle - Pedestrian,,,,"Two-Way , Not Divided",Dry,Daylight,Clear,1,Not a Collision Between Two Motor Vehicles in Transport,"Yes, M/V and Driver Left Scene",No Controls,1,1,Complains Of Pain
751655,10/20/18,7:42 PM,2018-00111135,UNION AVE,WHITEHALL ST ,UNION AVE / WHITEHALL ST ,Cory Vingi,237,20-Oct-18,Vehicle - Pedestrian,,,,"Two-Way , Not Divided",Dry,Dark - Lighted,Clear,1,Unknown,No,No Controls,3,1,Complains Of Pain
751673,10/20/18,7:21 PM,2018-00111127,Elmwood ave/ reservoir ave,,Elmwood ave/ reservoir ave / ,Matthew Sheridan,229,21-Oct-18,Vehicle - Pedestrian,,,,"Two-Way , Not Divided",Dry,Daylight,Clear,1,Not a Collision Between Two Motor Vehicles in Transport,No,Unknown,2,1,Complains Of Pain
751679,10/21/18,4:43 AM,2018-00111330,Atwells Ave,VALLEY ST ,Atwells Ave / VALLEY ST ,Kristen Barth,247,21-Oct-18,Vehicle - Pedestrian,,,,Unknown,Wet,Dark - Lighted,Rain,2,Rear End(Front-to-Rear),"Yes, M/V and Driver Left Scene",No Controls,2,0,Unknown
751910,10/23/18,10:30 AM,2018-00112044,175 BROAD ST,CAHIR ST ,175 BROAD ST / CAHIR ST ,Robert Heaton,539,23-Oct-18,Vehicle - Pedestrian,,,,"Two-Way , Not Divided",Dry,Daylight,Clear,2,Other,No,No Controls,3,0,Unknown
751985,10/24/18,5:34 PM,2018-00112553,731 Eddy Street,,731 Eddy Street / ,James Lanier,211,24-Oct-18,Vehicle - Pedestrian,,,,"Two-Way , Not Divided",Dry,Daylight,Clear,1,Not a Collision Between Two Motor Vehicles in Transport,No,No Controls,3,1,Non-Incapacitating
752103,10/26/18,1:21 PM,2018-00113172,VEAZIE ST,DOUGLAS AVE ,VEAZIE ST / DOUGLAS AVE ,Adam Chin,289,26-Oct-18,Vehicle - Pedestrian,,,,"Two-Way , Not Divided",Dry,Daylight,Clear,1,Other,No,No Controls,6,0,No Injury
752139,10/26/18,5:21 PM,2018-00113276,WILLIAMS ST,BROOK ST ,WILLIAMS ST / BROOK ST ,Giana Valletta,396,26-Oct-18,Vehicle - Pedestrian,,,,"Two-Way, Divided, Unprotected (painted>4feet) Medium",Dry,Daylight,Clear,1,Angle (Front - to - Side) Opposite Direction,No,Stop Signs,2,1,Complains Of Pain
752142,10/26/18,7:40 PM,2018-00113339,Waterman St,Brook St,Waterman St / Brook St,Noel Field,260,26-Oct-18,Vehicle - Pedestrian,X,,,One-Way Trafficway,Dry,Dark - Lighted,Cloudy,0,Not a Collision Between Two Motor Vehicles in Transport,,Other,4,1,Complains Of Pain
752155,10/26/18,7:33 PM,2018-00113321,Smith St,Holden St,Smith St / Holden St,Cory Vingi,237,26-Oct-18,Vehicle - Pedestrian,X,,,"Two-Way , Not Divided",Dry,Dark - Lighted,Clear,1,Not a Collision Between Two Motor Vehicles in Transport,No,No Controls,3,1,Incapacitating
752171,10/27/18,1:34 PM,2018-00113587,BELLEVUE AVE,CRANSTON ST ,BELLEVUE AVE / CRANSTON ST ,Fernando Lopez,156,27-Oct-18,Vehicle - Pedestrian,,,,"Two-Way , Not Divided",Wet,Daylight,Rain,2,"Sideswipe, Same Direction","Yes, M/V and Driver Left Scene",No Controls,2,0,Unknown
752173,10/27/18,9:58 PM,2018-00113374,BENEFIT ST,COLLEGE ST ,BENEFIT ST / COLLEGE ST ,Matthew Goddard,171,27-Oct-18,Vehicle - Pedestrian,,,,"Two-Way , Not Divided",Dry,Dark - Lighted,Clear,1,Not a Collision Between Two Motor Vehicles in Transport,"Yes, M/V and Driver Left Scene",Stop Signs,2,1,Complains Of Pain
752183,10/27/18,5:43 PM,2018-00113659,ALLENS AVE,TORONTO AVE,ALLENS AVE / TORONTO AVE,Jose Buten,322,27-Oct-18,Vehicle - Pedestrian,,,,"Two-Way, Divided, Unprotected (painted>4feet) Medium",Wet,Dark - Lighted,Rain,1,Angle (Front - to - Side) Opposite Direction,"Yes, M/V and Driver Left Scene",No Controls,1,1,Complains Of Pain
752199,10/27/18,9:17 PM,2018-00113717,Pearl St,Broad St,Pearl St / Broad St,Cory Vingi,237,27-Oct-18,Vehicle - Pedestrian,,,,"Two-Way , Not Divided",Wet,Dark - Lighted,Rain,1,Not a Collision Between Two Motor Vehicles in Transport,No,Traffic Control Signal,3,1,Complains Of Pain
752235,10/27/18,6:30 AM,2018-00113518,141 Weybosset St,EDDY ST ,141 Weybosset St / EDDY ST ,Gary Slater,365,28-Oct-18,Vehicle - Pedestrian,,,,"Two-Way , Not Divided",Wet,Dawn,Rain,1,Not a Collision Between Two Motor Vehicles in Transport,"Yes, M/V and Driver Left Scene",No Controls,1,1,Complains Of Pain
752316,10/29/18,12:58 PM,2018-00114290,ROGER WILLIAMS AVE,NARRAGANSETT AVE ,ROGER WILLIAMS AVE / NARRAGANSETT AVE ,Albert Deschamps,527,29-Oct-18,Vehicle - Pedestrian,,,,"Two-Way , Not Divided",Dry,Daylight,Cloudy,2,Rear End(Front-to-Rear),"Yes, M/V and Driver Left Scene",Stop Signs,2,1,Complains Of Pain
752329,10/29/18,3:29 PM,2018-00114337,PARK ST,PROMENADE ST ,PARK ST / PROMENADE ST ,Cory Vingi,237,29-Oct-18,Vehicle - Pedestrian,X,,,"Two-Way , Not Divided",Dry,Daylight,Clear,1,Not a Collision Between Two Motor Vehicles in Transport,No,Traffic Control Signal,3,1,Complains Of Pain
752409,10/30/18,7:23 AM,2018-00114557,CUTLER ST,ATWELLS AVE ,CUTLER ST / ATWELLS AVE ,Fernando Lopez,156,30-Oct-18,Vehicle - Pedestrian,,,,"Two-Way , Not Divided",Dry,Daylight,Clear,2,"Sideswipe, Same Direction",No,No Controls,4,1,Complains Of Pain
752439,10/30/18,2:16 PM,2018-00114676,377 KILLINGLY ST,HARTFORD AVE ,377 KILLINGLY ST / HARTFORD AVE ,Ibrahim Yousif,196,30-Oct-18,Vehicle - Pedestrian,,,,"Two-Way , Not Divided",Dry,Daylight,Clear,2,Angle - Direction Not Specified,"Yes, M/V and Driver Left Scene",No Controls,2,0,No Injury
752521,10/31/18,7:20 AM,2018-00114940,DUDLEY ST,GAY ST ,DUDLEY ST / GAY ST ,Peter Salmons,207,31-Oct-18,Vehicle - Pedestrian,,,,"Two-Way , Not Divided",Dry,Daylight,Clear,1,Not a Collision Between Two Motor Vehicles in Transport,No,No Controls,2,1,Complains Of Pain
752541,10/31/18,8:15 AM,2018-00114953,S MAIN ST,COLLEGE ST ,S MAIN ST / COLLEGE ST ,Robert Heaton,539,31-Oct-18,Vehicle - Pedestrian,,X,,One-Way Trafficway,Dry,Daylight,Clear,2,Rear End(Front-to-Rear),No,Pavement Markings,3,0,No Injury
752544,10/31/18,8:51 AM,2018-00114965,EAST RIVER ST,WATERMAN ST,EAST RIVER ST / WATERMAN ST,Robert Heaton,539,31-Oct-18,Vehicle - Pedestrian,X,,,"Two-Way , Not Divided",Dry,Daylight,Clear,1,Other,No,No Controls,3,1,Complains Of Pain
752642,11/1/18,11:38 AM,2018-00115408,WESTFIELD ST,FULLER ST ,WESTFIELD ST / FULLER ST ,Fernando Lopez,156,01-Nov-18,Vehicle - Pedestrian,,,,"Two-Way , Not Divided",Dry,Daylight,Clear,2,Rear End(Front-to-Rear),"Yes, M/V and Driver Left Scene",No Controls,2,0,Unknown
752842,11/3/18,5:43 AM,2018-00116152,Memorial Blvd,EXIT 22A  (RT ),Memorial Blvd / EXIT 22A  (RT ),Kristen Barth,247,03-Nov-18,Vehicle - Pedestrian,,,,"Two-Way, Divided, Positive Median Barrier",Wet,Dark - Lighted,Rain,1,Not a Collision Between Two Motor Vehicles in Transport,No,Traffic Control Signal,2,1,Incapacitating
752870,11/3/18,6:38 PM,2018-00116337,RANDALL ST,CHARLES ST ,RANDALL ST / CHARLES ST ,Jared Sherman,292,03-Nov-18,Vehicle - Pedestrian,,,,"Two-Way , Not Divided",Dry,Dark - Lighted,Clear,1,Not a Collision Between Two Motor Vehicles in Transport,No,No Controls,2,1,Complains Of Pain
752881,11/3/18,10:43 PM,2018-00116419,SMITH ST,CHALKSTONE AVE ,SMITH ST / CHALKSTONE AVE ,Cory Vingi,237,04-Nov-18,Vehicle - Pedestrian,,,,"Two-Way , Not Divided",Dry,Dark - Lighted,Clear,1,Not a Collision Between Two Motor Vehicles in Transport,No,No Controls,3,1,Incapacitating
752929,11/4/18,11:30 AM,2018-00116606,SEARLE ST,SAYLES ST ,SEARLE ST / SAYLES ST ,Kyle Shea,215,04-Nov-18,Vehicle - Pedestrian,,,,"Two-Way, Divided, Unprotected (painted>4feet) Medium",Dry,Daylight,Clear,2,Unknown,"Yes, M/V and Driver Left Scene",No Controls,2,0,Unknown
753001,11/4/18,5:22 PM,2018-00116734,Camp Street ,Jenkins Street,Camp Street  / Jenkins Street,James Lanier,211,05-Nov-18,Vehicle - Pedestrian,,,,"Two-Way , Not Divided",Dry,Dark - Lighted,Clear,1,Not a Collision Between Two Motor Vehicles in Transport,"Yes, M/V and Driver Left Scene",Pavement Markings,2,1,Non-Incapacitating
753034,11/5/18,5:39 PM,2018-00117051,THURBERS AVE,PRAIRIE AVE ,THURBERS AVE / PRAIRIE AVE ,Joseph Lopes,227,05-Nov-18,Vehicle - Pedestrian,,,,"Two-Way , Not Divided",Wet,Dark - Lighted,Rain,1,Not a Collision Between Two Motor Vehicles in Transport,No,Traffic Control Signal,4,1,Non-Incapacitating
753073,11/6/18,8:59 AM,2018-00117200,PEACE ST,ELMWOOD AVE,PEACE ST / ELMWOOD AVE,Robert Heaton,539,06-Nov-18,Vehicle - Pedestrian,,,,"Two-Way , Not Divided",Wet,Daylight,Cloudy,1,Other,No,No Controls,4,1,Complains Of Pain
754209,11/7/18,9:02 AM,2018-00117485,ELMGROVE AVE,PRESIDENT AVE ,ELMGROVE AVE / PRESIDENT AVE ,Raymond King,633,07-Nov-18,Vehicle - Pedestrian,,,,"Two-Way , Not Divided",Wet,Daylight,Clear,2,Angle (Front - to - Side) Same Direction,No,No Controls,3,0,No Injury
755228,11/7/18,2:50 PM,2018-00117571,BUTLER AVE,S ANGELL ST ,BUTLER AVE / S ANGELL ST ,Joseph Lopes,227,07-Nov-18,Vehicle - Pedestrian,,,,"Two-Way , Not Divided",Dry,Daylight,Clear,1,Not a Collision Between Two Motor Vehicles in Transport,No,Traffic Control Signal,2,1,Non-Incapacitating
755244,11/7/18,5:47 PM,2018-00117639,CHALKSTONE AVE,FREDERICK ST ,CHALKSTONE AVE / FREDERICK ST ,Ybelis Gonzalez,376,07-Nov-18,Vehicle - Pedestrian,,,,Unknown,Dry,Dark - Lighted,Clear,1,Not a Collision Between Two Motor Vehicles in Transport,"Yes, M/V and Driver Left Scene",Stop Signs,1,1,Complains Of Pain
755252,11/7/18,6:00 PM,2018-00117630,FRANCIS ST,MEMORIAL BLVD ,FRANCIS ST / MEMORIAL BLVD ,Ralph Abenante,511,07-Nov-18,Vehicle - Pedestrian,,,,"Two-Way, Divided, Unprotected (painted>4feet) Medium",Dry,Dark - Lighted,Clear,1,Not a Collision Between Two Motor Vehicles in Transport,"Yes, M/V and Driver Left Scene",No Controls,2,1,Complains Of Pain
755260,11/7/18,5:41 PM,2018-00117635,Manton Ave,ATWELLS AVE ,Manton Ave / ATWELLS AVE ,Joseph Lopes,227,07-Nov-18,Vehicle - Pedestrian,X,,,"Two-Way , Not Divided",Dry,Dark - Lighted,Clear,1,Not a Collision Between Two Motor Vehicles in Transport,No,No Controls,3,1,Complains Of Pain
755318,11/8/18,12:27 PM,2018-00117915,94 ACADEMY AVE,ARMINGTON AVE ,94 ACADEMY AVE / ARMINGTON AVE ,Kirsten Doldoorian,221,08-Nov-18,Vehicle - Pedestrian,,,,"Two-Way , Not Divided",Dry,Daylight,Clear,1,Not a Collision Between Two Motor Vehicles in Transport,No,No Controls,2,0,No Injury
755342,11/8/18,4:56 PM,2018-00118018,670 Chalkstone Ave,FREDERICK ST ,670 Chalkstone Ave / FREDERICK ST ,Kyle Richards,209,08-Nov-18,Vehicle - Pedestrian,,,,"Two-Way, Divided, Unprotected (painted>4feet) Medium",Dry,Dark - Lighted,Clear,1,Not a Collision Between Two Motor Vehicles in Transport,"Yes, M/V and Driver Left Scene",No Controls,1,1,Complains Of Pain
755424,11/9/18,11:53 AM,2018-00118275,MEMORIAL BLVD,FRANCIS ST ,MEMORIAL BLVD / FRANCIS ST ,Kevin Costa,431,09-Nov-18,Vehicle - Pedestrian,,,,"Two-Way, Divided, Positive Median Barrier",Dry,Daylight,Clear,1,Other,"Yes, M/V and Driver Left Scene",Traffic Control Signal,1,1,Complains Of Pain
755497,11/9/18,7:12 PM,2018-00118421,REGENT AVE,HURON ST ,REGENT AVE / HURON ST ,Cory Vingi,237,09-Nov-18,Vehicle - Pedestrian,,,,"Two-Way , Not Divided",Wet,Dark - Lighted,Rain,1,Not a Collision Between Two Motor Vehicles in Transport,No,Stop Signs,6,1,Incapacitating
755502,11/9/18,9:59 PM,2018-00118468,WESTMINSTER ST,COLLEGE ST ,WESTMINSTER ST / COLLEGE ST ,Matthew Goddard,171,09-Nov-18,Vehicle - Pedestrian,,,,"Two-Way , Not Divided",Wet,Dark - Lighted,Rain,1,Not a Collision Between Two Motor Vehicles in Transport,No,Traffic Control Signal,5,2,Complains Of Pain
755598,11/11/18,11:06 AM,2018-00118994,JENKINS ST,CAMP ST ,JENKINS ST / CAMP ST ,Robert Heaton,539,11-Nov-18,Vehicle - Pedestrian,,,,"Two-Way , Not Divided",Dry,Daylight,Clear,2,Unknown,"Yes, M/V and Driver Left Scene",No Controls,3,0,Unknown
755748,11/13/18,11:21 AM,2018-00119587,TRAVERSE ST,WICKENDEN ST ,TRAVERSE ST / WICKENDEN ST ,George Pereira,421,13-Nov-18,Vehicle - Pedestrian,,,,"Two-Way , Not Divided",Wet,Daylight,Rain,3,"Sideswipe, Same Direction",No,No Controls,5,0,No Injury
756058,11/15/18,12:16 PM,2018-00120252,ELMA ST,PRAIRIE AVE ,ELMA ST / PRAIRIE AVE ,Kyle Shea,215,16-Nov-18,Vehicle - Pedestrian,,,,One-Way Trafficway,Dry,Daylight,Clear,1,Not a Collision Between Two Motor Vehicles in Transport,No,No Controls,5,0,No Injury
756203,11/16/18,6:44 PM,2018-00120750,N MAIN ST,STEEPLE ST,N MAIN ST / STEEPLE ST,Jessica Salmeron,356,16-Nov-18,Vehicle - Pedestrian,,,,One-Way Trafficway,Wet,Dusk,Clear,1,Not a Collision Between Two Motor Vehicles in Transport,No,Traffic Control Signal,3,1,Complains Of Pain
756338,11/18/18,9:03 AM,2018-00121274,HAMILTON ST,SUMTER ST ,HAMILTON ST / SUMTER ST ,Fernando Lopez,156,18-Nov-18,Vehicle - Pedestrian,,,,"Two-Way , Not Divided",Dry,Daylight,Clear,2,Rear End(Front-to-Rear),"Yes, M/V and Driver Left Scene",No Controls,2,0,Unknown
756418,11/19/18,8:40 AM,2018-00121541,WENDELL ST,MESSER ST ,WENDELL ST / MESSER ST ,Fernando Lopez,156,19-Nov-18,Vehicle - Pedestrian,,,,"Two-Way , Not Divided",Dry,Daylight,Cloudy,2,"Sideswipe, Same Direction","Yes, M/V and Driver Left Scene",No Controls,2,0,Unknown
756421,11/19/18,3:00 AM,2018-00121569,PRESCOTT ST,RIVER AVE ,PRESCOTT ST / RIVER AVE ,Fernando Lopez,156,19-Nov-18,Vehicle - Pedestrian,,,,"Two-Way , Not Divided",Dry,Dawn,Clear,2,Rear - to - Side,"Yes, M/V and Driver Left Scene",No Controls,2,0,Unknown
756435,11/19/18,11:12 AM,2018-00121576,261 WATERMAN ST,,261 WATERMAN ST / ,Fernando Lopez,156,19-Nov-18,Vehicle - Pedestrian,,,,Unknown,Dry,Daylight,Cloudy,2,"Sidwswipe, Opposite Direction",No,No Controls,3,0,No Injury
756589,11/20/18,3:42 PM,2018-00121985,WESTMINSTER ST,DEXTER ST ,WESTMINSTER ST / DEXTER ST ,Michael Sepe,367,20-Nov-18,Vehicle - Pedestrian,,,,Unknown,Wet,Daylight,Rain,2,Rear - to - Rear,"Yes, M/V and Driver Left Scene",No Controls,2,0,No Injury
756671,11/21/18,8:34 AM,2018-00122192,EXIT 22A (RT ),FRANCIS ST ,EXIT 22A (RT ) / FRANCIS ST ,James Annis,454,21-Nov-18,Vehicle - Pedestrian,,,,"Two-Way , Not Divided",Dry,Daylight,Clear,1,Not a Collision Between Two Motor Vehicles in Transport,No,Traffic Control Signal,2,1,Complains Of Pain
756776,11/23/18,1:15 AM,2018-00122763,OXFORD STREET,EDDY ST ,OXFORD STREET / EDDY ST ,Gargar Grimes,323,23-Nov-18,Vehicle - Pedestrian,,,,"Two-Way, Divided, Unprotected (painted>4feet) Medium",Dry,Dark - Lighted,Clear,2,Angle (Front - to - Side) Right Angle (Includes Broadside),"Yes, M/V and Driver Left Scene",No Controls,4,2,Complains Of Pain
756781,11/23/18,8:19 AM,2018-00122824,Broadway,KNIGHT ST ,Broadway / KNIGHT ST ,John Bento,329,23-Nov-18,Vehicle - Pedestrian,,,,"Two-Way, Divided, Unprotected (painted>4feet) Medium",Dry,Daylight,Clear,1,Other,No,Traffic Control Signal,2,1,Complains Of Pain
756883,11/24/18,9:39 PM,2018-00123310,DYER STREET,DORRANCE STREET,DYER STREET / DORRANCE STREET,Jose Buten,322,24-Nov-18,Vehicle - Pedestrian,,,,"Two-Way, Divided, Unprotected (painted>4feet) Medium",Dry,Dark - Lighted,Clear,1,Not a Collision Between Two Motor Vehicles in Transport,No,No Controls,3,1,Complains Of Pain
756919,11/25/18,12:46 PM,2018-00123478,CHARLES ST,LEO AVE ,CHARLES ST / LEO AVE ,Fernando Lopez,156,25-Nov-18,Vehicle - Pedestrian,,,,"Two-Way , Not Divided",Dry,Daylight,Cloudy,2,Rear End(Front-to-Rear),"Yes, M/V and Driver Left Scene",No Controls,2,0,Unknown
756954,11/25/18,10:32 PM,2018-00123592,SAN SOUCI DR,VALLEY ST ,SAN SOUCI DR / VALLEY ST ,Cory Vingi,237,25-Nov-18,Vehicle - Pedestrian,,,,Unknown,Dry,Dark - Lighted,Clear,1,Not a Collision Between Two Motor Vehicles in Transport,"Yes, M/V and Driver Left Scene",No Controls,1,1,Complains Of Pain
757004,11/26/18,10:44 AM,2018-00123707,Broadway,Tobey Street,Broadway / Tobey Street,Michael Caraccia,624,26-Nov-18,Vehicle - Pedestrian,,,,"Two-Way , Not Divided",Wet,Daylight,Cloudy,1,Other,No,No Controls,3,1,Complains Of Pain
757064,11/26/18,6:13 PM,2018-00123883,Olney Street ,Brown Street,Olney Street  / Brown Street,James Lanier,211,26-Nov-18,Vehicle - Pedestrian,,,,"Two-Way , Not Divided",Wet,Dark - Not Lighted,Rain,1,Not a Collision Between Two Motor Vehicles in Transport,No,Pavement Markings,3,1,Non-Incapacitating
757074,11/26/18,7:03 PM,2018-00123892,ANGELL ST,WAYLAND AVE ,ANGELL ST / WAYLAND AVE ,Noel Field,260,26-Nov-18,Vehicle - Pedestrian,,,,One-Way Trafficway,Wet,Dark - Lighted,Rain,1,Not a Collision Between Two Motor Vehicles in Transport,No,Traffic Control Signal,6,1,Non-Incapacitating
757291,11/28/18,7:31 PM,2018-00124562,PUBLIC ST,BROAD ST ,PUBLIC ST / BROAD ST ,Cory Vingi,237,28-Nov-18,Vehicle - Pedestrian,X,,,"Two-Way , Not Divided",Dry,Dark - Lighted,Clear,1,Not a Collision Between Two Motor Vehicles in Transport,No,Traffic Control Signal,2,1,Complains Of Pain
757482,11/29/18,5:21 PM,2018-00124817,175 Douglas Ave,CANDACE ST ,175 Douglas Ave / CANDACE ST ,Kyle Richards,209,30-Nov-18,Vehicle - Pedestrian,,,,Unknown,Dry,Dark - Lighted,Clear,1,Not a Collision Between Two Motor Vehicles in Transport,"Yes, M/V and Driver Left Scene",No Controls,1,1,Complains Of Pain
757388,11/30/18,8:55 AM,2018-00124988,Broadway,RINGGOLD ST ,Broadway / RINGGOLD ST ,Kristen Barth,247,30-Nov-18,Vehicle - Pedestrian,,,,"Two-Way , Not Divided",Dry,Daylight,Clear,1,Not a Collision Between Two Motor Vehicles in Transport,No,No Controls,3,1,Complains Of Pain
757616,12/2/18,8:09 AM,2018-00125747,JENKINS ST,WINSTED ST ,JENKINS ST / WINSTED ST ,Fernando Lopez,156,02-Dec-18,Vehicle - Pedestrian,,,,One-Way Trafficway,Wet,Daylight,Rain,2,"Sideswipe, Same Direction","Yes, M/V and Driver Left Scene",No Controls,2,0,Unknown
758688,12/3/18,9:27 AM,2018-00126040,HOPE STREET,WILLIAMS STREET,HOPE STREET / WILLIAMS STREET,Brian Corcoran,562,03-Dec-18,Vehicle - Pedestrian,,,,"Two-Way , Not Divided",Wet,Daylight,Clear,1,Other,No,No Controls,6,1,Complains Of Pain
758810,12/4/18,6:25 PM,2018-00126623,POTTERS AVE,ELMWOOD AVE ,POTTERS AVE / ELMWOOD AVE ,Daniel Hernandez,255,04-Dec-18,Vehicle - Pedestrian,,,,"Two-Way , Not Divided",Dry,Dark - Lighted,Clear,1,Head-On (Front - to - Front),No,No Controls,2,1,Complains Of Pain
759978,12/6/18,12:36 AM,2018-00127018,Chalkstone Ave,SMITH ST ,Chalkstone Ave / SMITH ST ,Kristen Barth,247,06-Dec-18,Vehicle - Pedestrian,,,,"Two-Way , Not Divided",Dry,Dark - Lighted,Clear,1,Not a Collision Between Two Motor Vehicles in Transport,No,Traffic Control Signal,2,1,Complains Of Pain
760104,12/7/18,1:18 PM,2018-00127456,ANGELL ST,GANO ST ,ANGELL ST / GANO ST ,George Pereira,421,07-Dec-18,Vehicle - Pedestrian,,,,"Two-Way , Not Divided",Dry,Daylight,Clear,1,Not a Collision Between Two Motor Vehicles in Transport,No,Traffic Control Signal,3,1,Complains Of Pain
760129,12/7/18,6:51 PM,2018-00127583,Academy Ave,NEWARK ST ,Academy Ave / NEWARK ST ,Joseph Lopes,227,07-Dec-18,Vehicle - Pedestrian,,,,"Two-Way , Not Divided",Dry,Daylight,Clear,1,Not a Collision Between Two Motor Vehicles in Transport,No,No Controls,3,1,Complains Of Pain
760153,12/7/18,5:36 PM,2018-00127555,BURNETT ST,BUCKLIN ST ,BURNETT ST / BUCKLIN ST ,Michael Sepe,367,07-Dec-18,Vehicle - Pedestrian,,,,"Two-Way, Divided, Unprotected (painted>4feet) Medium",Dry,Dark - Lighted,Clear,2,Rear - to - Rear,"Yes, M/V and Driver Left Scene",No Controls,2,0,No Injury
760262,12/8/18,9:48 PM,2018-00127971,100 francis st ,AMERICAN EXPRESS PLZ ,100 francis st  / AMERICAN EXPRESS PLZ ,Joseph Lopes,227,08-Dec-18,Vehicle - Pedestrian,,,,"Two-Way , Not Divided",Dry,Dark - Lighted,Clear,1,Not a Collision Between Two Motor Vehicles in Transport,No,No Controls,3,0,No Injury
760271,12/8/18,10:44 PM,2018-00127981,BROADWAY,VINTON ST ,BROADWAY / VINTON ST ,Cory Vingi,237,09-Dec-18,Vehicle - Pedestrian,,,,"Two-Way , Not Divided",Dry,Dark - Lighted,Clear,1,Not a Collision Between Two Motor Vehicles in Transport,No,No Controls,3,1,Non-Incapacitating
760349,12/9/18,9:40 PM,2018-00128265,Ruggles Street,Sparrow Street,Ruggles Street / Sparrow Street,James Lanier,211,09-Dec-18,Vehicle - Pedestrian,,,,"Two-Way , Not Divided",Dry,Dark - Lighted,Clear,1,Not a Collision Between Two Motor Vehicles in Transport,"Yes, M/V and Driver Left Scene",No Controls,2,1,Complains Of Pain
760439,12/10/18,12:00 PM,2018-00128397,PLAINFIELD ST,PLAINFIELD ST ,PLAINFIELD ST / PLAINFIELD ST ,Erick Fernandez,228,10-Dec-18,Vehicle - Pedestrian,,,,"Two-Way , Not Divided",Dry,Daylight,Clear,1,Not a Collision Between Two Motor Vehicles in Transport,"Yes, M/V and Driver Left Scene",No Controls,1,1,Complains Of Pain
760462,12/10/18,7:01 PM,2018-00128527,S WATER ST,S WATER ST ,S WATER ST / S WATER ST ,Miguel Castillo,489,10-Dec-18,Vehicle - Pedestrian,,,,One-Way Trafficway,Dry,Dark - Lighted,Clear,1,Not a Collision Between Two Motor Vehicles in Transport,No,Other,2,1,Complains Of Pain
760469,12/10/18,3:30 PM,2018-00128456,Chalkstone Avenue ,River Avenue ,Chalkstone Avenue  / River Avenue ,James Lanier,211,10-Dec-18,Vehicle - Pedestrian,,,,"Two-Way, Divided, Unprotected (painted>4feet) Medium",Dry,Daylight,Clear,1,Not a Collision Between Two Motor Vehicles in Transport,No,Traffic Control Signal,3,1,Complains Of Pain
760504,12/11/18,7:48 AM,2018-00128665,PLEASANT VALLEY PKWY,RIVER AVE ,PLEASANT VALLEY PKWY / RIVER AVE ,Fernando Lopez,156,11-Dec-18,Vehicle - Pedestrian,,,,One-Way Trafficway,Dry,Daylight,Clear,1,Not a Collision Between Two Motor Vehicles in Transport,No,Other,4,1,Complains Of Pain
760719,12/13/18,12:05 PM,2018-00129454,CRANSTON ST,ALTHEA ST ,CRANSTON ST / ALTHEA ST ,Jose Deschamps,419,13-Dec-18,Vehicle - Pedestrian,,,,"Two-Way , Not Divided",Dry,Daylight,Clear,1,Not a Collision Between Two Motor Vehicles in Transport,No,No Controls,7,1,Complains Of Pain
760761,12/13/18,5:02 PM,2018-00129567,WESTMINSTER ST,MESSER ST ,WESTMINSTER ST / MESSER ST ,Michael Sepe,367,13-Dec-18,Vehicle - Pedestrian,,,,"Two-Way , Not Divided",Dry,Dark - Lighted,Clear,2,Rear End(Front-to-Rear),"Yes, M/V and Driver Left Scene",No Controls,2,0,No Injury
760881,12/14/18,6:45 PM,2018-00129964,442 MANTON AVE,SISSON ST ,442 MANTON AVE / SISSON ST ,Kirsten Doldoorian,221,14-Dec-18,Vehicle - Pedestrian,,,,"Two-Way , Not Divided",Dry,Dark - Lighted,Clear,1,Not a Collision Between Two Motor Vehicles in Transport,No,Traffic Control Signal,3,1,Complains Of Pain
761140,12/17/18,8:22 PM,2018-00130959, chalkstone ave,ROSEBANK AVE , chalkstone ave / ROSEBANK AVE ,Thomas Savard,335,17-Dec-18,Vehicle - Pedestrian,,,,"Two-Way , Not Divided",Dry,Dark - Lighted,Clear,1,Other,"Yes, M/V and Driver Left Scene",No Controls,1,1,Complains Of Pain
761144,12/17/18,8:46 PM,2018-00130967,Hartford Ave,HARTFORD AVE ,Hartford Ave / HARTFORD AVE ,Mitchell Guerra,217,17-Dec-18,Vehicle - Pedestrian,,,,"Two-Way , Not Divided",Dry,Dark - Lighted,Clear,1,Not a Collision Between Two Motor Vehicles in Transport,No,No Controls,2,1,Non-Incapacitating
761264,12/18/18,6:32 PM,2018-00131278,673 Smith St,TYNDALL AVE ,673 Smith St / TYNDALL AVE ,Joseph Lopes,227,18-Dec-18,Vehicle - Pedestrian,,,,"Two-Way , Not Divided",Dry,Dark - Lighted,Clear,2,Not a Collision Between Two Motor Vehicles in Transport,No,No Controls,7,1,Complains Of Pain