CrashReportId,CrashDate,CrashTime,ReportNumber,StreetOrHighway,NearestIntersection,Location,Officer,Badge,ReportDate,TypeOfCollision,Bicycle,Scooter,Wheel Chair,TypeOfRoadway,RoadSurfaceCondition,LightCondition,WeatherCondition,NumberofVehicles,MannerofImpact,HitAndRun,TrafficControl,PersonCount,InjuryCount,MostSeriousInjury
761315,12/19/18,2:27 PM,2018-00131516,MINER ST,POTTERS AVE ,MINER ST / POTTERS AVE ,Fernando Lopez,156,19-Dec-18,Vehicle - Pedestrian,,,,"Two-Way , Not Divided",Dry,Daylight,Clear,2,"Sideswipe, Same Direction",No,No Controls,4,0,No Injury
761317,12/19/18,2:47 PM,2018-00131522,Dudley St ,CULVER ST ,Dudley St  / CULVER ST ,Joseph Lopes,227,19-Dec-18,Vehicle - Pedestrian,,,,"Two-Way , Not Divided",Dry,Daylight,Clear,1,Not a Collision Between Two Motor Vehicles in Transport,"Yes, M/V and Driver Left Scene",No Controls,4,1,Non-Incapacitating
761378,12/20/18,8:51 AM,2018-00131761,BERKLEY ST,RIVER AVE ,BERKLEY ST / RIVER AVE ,John Bento,329,20-Dec-18,Vehicle - Pedestrian,,,,"Two-Way, Divided, Unprotected (painted>4feet) Medium",Dry,Daylight,Clear,1,Not a Collision Between Two Motor Vehicles in Transport,"Yes, M/V and Driver Left Scene",Stop Signs,1,1,Complains Of Pain
761448,12/20/18,10:35 PM,2018-00131988,DOUGLAS AVE,DOUGLAS AVE ,DOUGLAS AVE / DOUGLAS AVE ,Cory Vingi,237,20-Dec-18,Vehicle - Pedestrian,,,,"Two-Way , Not Divided",Wet,Dark - Lighted,Cloudy,1,Not a Collision Between Two Motor Vehicles in Transport,No,No Controls,3,1,Incapacitating
761485,12/21/18,5:17 PM,2018-00132240,199 CANAL ST,THROOP ALY ,199 CANAL ST / THROOP ALY ,Thomas Savard,335,21-Dec-18,Vehicle - Pedestrian,,,,One-Way Trafficway,Wet,Dark - Lighted,Rain,2,Not a Collision Between Two Motor Vehicles in Transport,"Yes, M/V and Driver Left Scene",No Controls,3,1,Complains Of Pain
761565,12/21/18,1:49 PM,2018-00132172,VINTON ST,GESLER ST ,VINTON ST / GESLER ST ,Robert Heaton,539,22-Dec-18,Vehicle - Pedestrian,,,,One-Way Trafficway,Unknown,Unknown,Clear,2,Unknown,"Yes, M/V and Driver Left Scene",No Controls,3,0,Unknown
761535,12/22/18,1:34 AM,2018-00132386,THURBERS AVE,PRAIRIE AVE ,THURBERS AVE / PRAIRIE AVE ,KEN MATSUMOTO,348,22-Dec-18,Vehicle - Pedestrian,,,,"Two-Way , Not Divided",Wet,Dark - Unknown Lighting,Clear,2,Rear End(Front-to-Rear),No,No Controls,7,6,Incapacitating
761633,12/22/18,6:00 PM,2018-00132641,161 Lenox Avenue ,MELROSE ST ,161 Lenox Avenue  / MELROSE ST ,Alex Schneider,411,22-Dec-18,Vehicle - Pedestrian,,,,"Two-Way , Not Divided",Dry,Dark - Not Lighted,Clear,2,Rear - to - Side,No,No Controls,3,0,No Injury
761670,12/23/18,7:30 AM,2018-00132840,160 Broad St,SERVICE ROAD 7 ,160 Broad St / SERVICE ROAD 7 ,Peter Salmons,207,23-Dec-18,Vehicle - Pedestrian,,,,One-Way Trafficway,Dry,Daylight,Clear,1,Not a Collision Between Two Motor Vehicles in Transport,No,Traffic Control Signal,2,1,Non-Incapacitating
761691,12/23/18,4:25 PM,2018-00132925,cutler st,BARSTOW ST ,cutler st / BARSTOW ST ,Graig Sion,254,23-Dec-18,Vehicle - Pedestrian,,,,"Two-Way, Divided, Unprotected (painted>4feet) Medium",Dry,Daylight,Clear,1,Not a Collision Between Two Motor Vehicles in Transport,"Yes, M/V and Driver Left Scene",No Controls,1,1,Complains Of Pain
761785,12/24/18,5:41 PM,2018-00133206,BRANCH AVE,MOY ST ,BRANCH AVE / MOY ST ,Jeremy Doucette,482,24-Dec-18,Vehicle - Pedestrian,,,,"Two-Way , Not Divided",Wet,Dark - Lighted,Cloudy,1,Not a Collision Between Two Motor Vehicles in Transport,"Yes, M/V and Driver Left Scene",No Controls,1,1,Incapacitating
761879,12/26/18,2:09 PM,2018-00133625,DORRANCE ST.,FOUNTAIN ST,DORRANCE ST. / FOUNTAIN ST,Joseph Madeira,552,26-Dec-18,Vehicle - Pedestrian,,,,"Two-Way , Not Divided",Dry,Daylight,Clear,1,Other,"Yes, M/V and Driver Left Scene",Traffic Control Signal,3,1,Non-Incapacitating
762031,12/27/18,2:03 PM,2018-00133928,AMERICAN EXPRESS PLZ,EXCHANGE ST ,AMERICAN EXPRESS PLZ / EXCHANGE ST ,Christopher Benoit,206,28-Dec-18,Vehicle - Pedestrian,,,,"Two-Way , Not Divided",Ice/Frost,Daylight,Clear,1,Not a Collision Between Two Motor Vehicles in Transport,No,Stop Signs,7,3,Complains Of Pain
762064,12/28/18,4:20 PM,2018-00134244,DEXTER ST,CRANSTON ST ,DEXTER ST / CRANSTON ST ,MICHAEL R. TROIA / TRAFFIC BUREAU,331,28-Dec-18,Vehicle - Pedestrian,,,,"Two-Way , Not Divided",Wet,Dark - Lighted,Rain,1,Not a Collision Between Two Motor Vehicles in Transport,No,No Controls,3,1,Complains Of Pain
762081,12/28/18,7:05 PM,2018-00134297,Chalkstone Ave,Tiffany St.,Chalkstone Ave / Tiffany St.,Harrison Northup,232,28-Dec-18,Vehicle - Pedestrian,,,,"Two-Way , Not Divided",Wet,Dark - Lighted,Rain,1,Not a Collision Between Two Motor Vehicles in Transport,No,No Controls,2,1,Complains Of Pain
762089,12/28/18,8:25 PM,2018-00134323,PLEASANT VALLEY PARKWAY,PROMENADE ST ,PLEASANT VALLEY PARKWAY / PROMENADE ST ,MICHAEL R. TROIA / TRAFFIC BUREAU,331,28-Dec-18,Vehicle - Pedestrian,,,,"Two-Way, Divided, Positive Median Barrier",Wet,Dark - Lighted,Rain,1,Not a Collision Between Two Motor Vehicles in Transport,"Yes, M/V and Driver Left Scene",Traffic Control Signal,2,1,Complains Of Pain
762094,12/28/18,7:09 PM,2018-00134298,Plainfield Street,WEBSTER AVE ,Plainfield Street / WEBSTER AVE ,James Lanier,211,28-Dec-18,Vehicle - Pedestrian,,,,"Two-Way, Divided, Positive Median Barrier",Wet,Dark - Lighted,Rain,1,Not a Collision Between Two Motor Vehicles in Transport,No,Traffic Control Signal,8,1,Non-Incapacitating
762189,12/30/18,1:52 AM,2018-00134701,Bucklin Street,POTTERS AVE ,Bucklin Street / POTTERS AVE ,Kristen Barth,247,30-Dec-18,Vehicle - Pedestrian,,,,"Two-Way , Not Divided",Dry,Dark - Lighted,Clear,2,Angle (Front - to - Side) Right Angle (Includes Broadside),No,Traffic Control Signal,5,2,Complains Of Pain
762288,12/31/18,11:25 AM,2018-00135045,TRANSIT ST,BROOK ST ,TRANSIT ST / BROOK ST ,Fernando Lopez,156,31-Dec-18,Vehicle - Pedestrian,,,,"Two-Way , Not Divided",Dry,Daylight,Clear,2,Rear - to - Side,No,No Controls,4,0,No Injury
762485,1/2/19,3:44 PM,2019-00000491,BUTLER AVE,SEEKONK ST ,BUTLER AVE / SEEKONK ST ,Noel Field,260,02-Jan-19,Vehicle - Pedestrian,,,,"Two-Way , Not Divided",Dry,Daylight,Clear,2,Unknown,"Yes, M/V and Driver Left Scene",No Controls,2,0,Unknown
762524,1/2/19,6:31 AM,2019-00000353,BLACKSTONE ST,EDDY ST ,BLACKSTONE ST / EDDY ST ,Kyle Endres,220,03-Jan-19,Vehicle - Pedestrian,,,,"Two-Way , Not Divided",Dry,Dark - Lighted,Clear,1,Not a Collision Between Two Motor Vehicles in Transport,No,No Controls,3,0,No Injury
762583,1/3/19,5:22 PM,2019-00000842,Broadway,DEAN ST ,Broadway / DEAN ST ,Jennifer Fonseca,402,03-Jan-19,Vehicle - Pedestrian,,,,"Two-Way, Divided, Unprotected (painted>4feet) Medium",Dry,Dark - Lighted,Clear,1,Not a Collision Between Two Motor Vehicles in Transport,No,Traffic Control Signal,3,1,Complains Of Pain
763004,1/3/19,4:15 PM,2019-00000836,Westfield Street,Harrison Street,Westfield Street / Harrison Street,James Lanier,211,08-Jan-19,Vehicle - Pedestrian,,,,"Two-Way, Divided, Unprotected (painted>4feet) Medium",Dry,Daylight,Clear,1,Not a Collision Between Two Motor Vehicles in Transport,"Yes, M/V and Driver Left Scene",No Controls,1,1,Complains Of Pain
762621,1/4/19,10:08 AM,2019-00001047,VINTON ST,PENN ST ,VINTON ST / PENN ST ,Fernando Lopez,156,04-Jan-19,Vehicle - Pedestrian,,,,One-Way Trafficway,Dry,Daylight,Clear,2,"Sideswipe, Same Direction",No,No Controls,6,0,No Injury
762826,1/6/19,6:40 AM,2019-00001670,CHARLES ST,BRANCH AVE ,CHARLES ST / BRANCH AVE ,Fernando Lopez,156,06-Jan-19,Vehicle - Pedestrian,,,,"Two-Way , Not Divided",Dry,Daylight,Clear,3,"Sideswipe, Same Direction","Yes, M/V and Driver Left Scene",No Controls,3,0,Unknown
762914,1/7/19,10:26 AM,2019-00001958,6TH ST,SUMMIT AVE ,6TH ST / SUMMIT AVE ,Fernando Lopez,156,07-Jan-19,Vehicle - Pedestrian,,,,"Two-Way , Not Divided",Dry,Daylight,Clear,2,"Sideswipe, Same Direction",No,No Controls,4,0,No Injury
763129,1/9/19,6:17 PM,2019-00002688,BROAD ST,ELMWOOD AVE ,BROAD ST / ELMWOOD AVE ,Nicholas Manfredi,343,09-Jan-19,Vehicle - Pedestrian,X,,,"Two-Way , Not Divided",Dry,Dark - Lighted,Clear,1,Not a Collision Between Two Motor Vehicles in Transport,No,Traffic Control Signal,2,1,Non-Incapacitating
763265,1/11/19,8:40 AM,2019-00003158,Washington Street,Eddy Street,Washington Street / Eddy Street,James Lanier,211,11-Jan-19,Vehicle - Pedestrian,,,,"Two-Way, Divided, Unprotected (painted>4feet) Medium",Dry,Daylight,Clear,1,Not a Collision Between Two Motor Vehicles in Transport,No,Pavement Markings,3,1,Non-Incapacitating
764529,1/14/19,5:28 PM,2019-00004229,Douglas Ave,RIVER AVE ,Douglas Ave / RIVER AVE ,Michael Camardo,357,14-Jan-19,Vehicle - Pedestrian,,,,"Two-Way, Divided, Unprotected (painted>4feet) Medium",Dry,Dark - Lighted,Clear,1,Not a Collision Between Two Motor Vehicles in Transport,No,No Controls,4,1,Complains Of Pain
764570,1/14/19,12:20 PM,2019-00004133,Elmwood Avenue ,Cadillac Drive ,Elmwood Avenue  / Cadillac Drive ,James Lanier,211,15-Jan-19,Vehicle - Pedestrian,X,,,"Two-Way, Divided, Positive Median Barrier",Dry,Daylight,Clear,1,Not a Collision Between Two Motor Vehicles in Transport,No,Stop Signs,2,1,Non-Incapacitating
764593,1/15/19,8:51 PM,2019-00004405,MANTON AVE,HERSCHEL ST ,MANTON AVE / HERSCHEL ST ,Patrolman Kennedy,203,15-Jan-19,Vehicle - Pedestrian,,,,"Two-Way , Not Divided",Dry,Daylight,Clear,1,Not a Collision Between Two Motor Vehicles in Transport,No,No Controls,4,1,Complains Of Pain
764719,1/16/19,10:05 AM,2019-00004755,Potters Ave,PRAIRIE AVE ,Potters Ave / PRAIRIE AVE ,Edwardo Curi,294,16-Jan-19,Vehicle - Pedestrian,,,,"Two-Way , Not Divided",Dry,Daylight,Clear,1,Not a Collision Between Two Motor Vehicles in Transport,No,Stop Signs,3,1,Complains Of Pain
764827,1/17/19,1:07 PM,2019-00005064,51 Silver Spring Street ,Walmart exit  ,51 Silver Spring Street  / Walmart exit  ,Michele Tella,668,17-Jan-19,Vehicle - Pedestrian,,,,"Two-Way , Not Divided",Dry,Daylight,Clear,2,Angle (Front - to - Side) Right Angle (Includes Broadside),"Yes, M/V and Driver Left Scene",No Controls,2,0,No Injury
764853,1/17/19,3:51 PM,2019-00005140,WESTMINSTER ST,STOKES ST ,WESTMINSTER ST / STOKES ST ,David Preston,251,17-Jan-19,Vehicle - Pedestrian,,,,"Two-Way , Not Divided",Dry,Daylight,Clear,1,Other,No,Traffic Control Signal,2,1,Complains Of Pain
764889,1/18/19,2:20 PM,2019-00005438,Webster Ave,UNION AVE ,Webster Ave / UNION AVE ,Jason Andrade,200,18-Jan-19,Vehicle - Pedestrian,,,,"Two-Way, Divided, Positive Median Barrier",Dry,Daylight,Clear,2,Angle (Front - to - Side) Opposite Direction,No,No Controls,4,0,No Injury
765007,1/19/19,9:36 PM,2019-00005900,225 Thayer St,ANGELL ST ,225 Thayer St / ANGELL ST ,Noel Field,260,19-Jan-19,Vehicle - Pedestrian,,,,One-Way Trafficway,Wet,Dark - Lighted,Snow,2,Not a Collision Between Two Motor Vehicles in Transport,"Yes, M/V and Driver Left Scene",No Controls,2,0,Unknown
765445,1/22/19,11:26 AM,2019-00006620,Bridgham Street ,Westminster Street,Bridgham Street  / Westminster Street,James Lanier,211,23-Jan-19,Vehicle - Pedestrian,,,,"Two-Way, Divided, Unprotected (painted>4feet) Medium",Dry,Daylight,Clear,1,Not a Collision Between Two Motor Vehicles in Transport,No,No Controls,3,1,Complains Of Pain
765703,1/23/19,2:54 PM,2019-00006973,CHARLES ST,CHARLES ST ,CHARLES ST / CHARLES ST ,Jessica Leone,258,25-Jan-19,Vehicle - Pedestrian,,,,"Two-Way , Not Divided",Dry,Daylight,Clear,1,Not a Collision Between Two Motor Vehicles in Transport,No,No Controls,2,0,Unknown
765504,1/23/19,6:18 PM,2019-00007046,DOYLE AVE,HOPE ST ,DOYLE AVE / HOPE ST ,Joseph Lopes,227,23-Jan-19,Vehicle - Pedestrian,,,,"Two-Way , Not Divided",Wet,Dark - Not Lighted,Clear,1,Not a Collision Between Two Motor Vehicles in Transport,No,Traffic Control Signal,5,1,Non-Incapacitating
765570,1/24/19,8:07 AM,2019-00007210,ANGELL ST,ELMGROVE AVE ,ANGELL ST / ELMGROVE AVE ,Fernando Lopez,156,24-Jan-19,Vehicle - Pedestrian,,,,"Two-Way , Not Divided",Dry,Daylight,Clear,2,Rear - to - Side,No,No Controls,4,0,No Injury
765576,1/24/19,7:23 AM,2019-00007213,ADMIRAL ST,HUXLEY AVE,ADMIRAL ST / HUXLEY AVE,Joseph Madeira,552,24-Jan-19,Vehicle - Pedestrian,,,,"Two-Way , Not Divided",Wet,Daylight,Rain,1,Other,No,No Controls,2,1,Complains Of Pain
765594,1/24/19,12:10 PM,2019-00007300,WEYBOSSET ST,UNION ST ,WEYBOSSET ST / UNION ST ,Thomas Rose,465,24-Jan-19,Vehicle - Pedestrian,,,,"Two-Way , Not Divided",Wet,Daylight,Rain,1,"Sideswipe, Same Direction",No,No Controls,3,1,Non-Incapacitating
765601,1/24/19,12:11 PM,2019-00007293,633 N Main St,N MAIN ST ,633 N Main St / N MAIN ST ,James Annis,454,24-Jan-19,Vehicle - Pedestrian,,,,"Two-Way , Not Divided",Wet,Daylight,Rain,1,Not a Collision Between Two Motor Vehicles in Transport,No,Pavement Markings,4,1,Incapacitating
765641,1/24/19,5:06 PM,2019-00007413,DUDLEY ST,GAY ST ,DUDLEY ST / GAY ST ,Donald Castigliego,287,24-Jan-19,Vehicle - Pedestrian,,,,"Two-Way , Not Divided",Wet,Dark - Lighted,Rain,1,Not a Collision Between Two Motor Vehicles in Transport,No,Stop Signs,2,1,Complains Of Pain
765665,1/24/19,5:06 PM,2019-00007421,BLACKSTONE ST,EDDY ST ,BLACKSTONE ST / EDDY ST ,Cory Vingi,237,24-Jan-19,Vehicle - Pedestrian,,,,"Two-Way , Not Divided",Wet,Dark - Lighted,Rain,1,Not a Collision Between Two Motor Vehicles in Transport,No,Pavement Markings,2,1,Complains Of Pain
765812,1/26/19,2:05 AM,2019-00007918,Atwells Ave,DEAN ST ,Atwells Ave / DEAN ST ,Kristen Barth,247,26-Jan-19,Vehicle - Pedestrian,,,,"Two-Way , Not Divided",Dry,Dark - Lighted,Clear,1,Not a Collision Between Two Motor Vehicles in Transport,"Yes, Driver Left Scene",No Controls,3,2,Complains Of Pain
765854,1/26/19,3:28 PM,2019-00008093,SPICER ST,BERNARD ST ,SPICER ST / BERNARD ST ,Kenneth Demarco,176,26-Jan-19,Vehicle - Pedestrian,,,,"Two-Way , Not Divided",Dry,Daylight,Clear,1,Not a Collision Between Two Motor Vehicles in Transport,No,No Controls,3,1,Complains Of Pain
766218,1/30/19,9:27 AM,2019-00009381,MANTON AVE,CHAFFEE ST ,MANTON AVE / CHAFFEE ST ,Fernando Lopez,156,30-Jan-19,Vehicle - Pedestrian,,,,"Two-Way , Not Divided",Dry,Daylight,Clear,2,Rear End(Front-to-Rear),No,No Controls,3,2,Complains Of Pain
766235,1/30/19,1:05 PM,2019-00009439,SILVER SPRING ST,GRAFTON ST ,SILVER SPRING ST / GRAFTON ST ,Adam Chin,289,30-Jan-19,Vehicle - Pedestrian,,,,"Two-Way , Not Divided",Dry,Daylight,Clear,2,Rear End(Front-to-Rear),No,No Controls,3,0,No Injury
766269,1/30/19,7:26 PM,2019-00009572,ELMWOOD AVE ,PARKIS AVE ,ELMWOOD AVE  / PARKIS AVE ,Joseph Lopes,227,30-Jan-19,Vehicle - Pedestrian,,,,"Two-Way , Not Divided",Wet,Dark - Lighted,Snow,1,Not a Collision Between Two Motor Vehicles in Transport,"Yes, M/V and Driver Left Scene",No Controls,2,1,Non-Incapacitating
766322,1/31/19,4:28 PM,2019-00009790,333 Atwells Ave,CROUT ST ,333 Atwells Ave / CROUT ST ,Joseph Lopes,227,31-Jan-19,Vehicle - Pedestrian,,,,"Two-Way , Not Divided",Dry,Daylight,Clear,2,Rear - to - Rear,No,No Controls,3,0,No Injury
766531,2/2/19,5:22 PM,2019-00010477,NARRAGANSETT BLVD,OHIO AVENUE ,NARRAGANSETT BLVD / OHIO AVENUE ,Donald Castigliego,287,02-Feb-19,Vehicle - Pedestrian,,,,"Two-Way , Not Divided",Sand,Dark - Not Lighted,Clear,1,Not a Collision Between Two Motor Vehicles in Transport,No,No Controls,5,2,Complains Of Pain
766608,2/3/19,5:33 PM,2019-00010814,BELLEVUE AVE,BUCKLIN ST ,BELLEVUE AVE / BUCKLIN ST ,Joseph Lopes,227,03-Feb-19,Vehicle - Pedestrian,,,,"Two-Way , Not Divided",Dry,Dark - Not Lighted,Clear,1,Not a Collision Between Two Motor Vehicles in Transport,"Yes, M/V and Driver Left Scene",No Controls,4,1,Complains Of Pain
766690,2/4/19,12:08 PM,2019-00011010,S MAIN ST,COLLEGE ST ,S MAIN ST / COLLEGE ST ,Fernando Lopez,156,04-Feb-19,Vehicle - Pedestrian,,,,"Two-Way , Not Divided",Dry,Daylight,Clear,1,Not a Collision Between Two Motor Vehicles in Transport,No,No Controls,5,1,Complains Of Pain
766752,2/4/19,5:43 PM,2019-00011141,FRANCIS ST,FOUNTAIN ST ,FRANCIS ST / FOUNTAIN ST ,Joseph Lopes,227,04-Feb-19,Vehicle - Pedestrian,,,,"Two-Way , Not Divided",Dry,Dark - Lighted,Clear,1,Not a Collision Between Two Motor Vehicles in Transport,No,Traffic Control Signal,2,1,Complains Of Pain
766812,2/5/19,8:24 AM,2019-00011312,BRIDGHAM ST,CRANSTON ST,BRIDGHAM ST / CRANSTON ST,Luis Fernandez,531,05-Feb-19,Vehicle - Pedestrian,,,,"Two-Way, Divided, Unprotected (painted>4feet) Medium",Wet,Daylight,Clear,1,Not a Collision Between Two Motor Vehicles in Transport,No,Traffic Control Signal,7,1,Non-Incapacitating
766983,2/6/19,8:00 PM,2019-00011864,Thayer St ,MANNING WALK ,Thayer St  / MANNING WALK ,Joseph Lopes,227,06-Feb-19,Vehicle - Pedestrian,,,,One-Way Trafficway,Wet,Dark - Lighted,Rain,1,Not a Collision Between Two Motor Vehicles in Transport,No,Other,5,1,Non-Incapacitating
767003,2/6/19,9:03 PM,2019-00011880,MEMORIAL BLVD,STEEPLE ST ,MEMORIAL BLVD / STEEPLE ST ,Cory Vingi,237,06-Feb-19,Vehicle - Pedestrian,,,,"Two-Way, Divided, Unprotected (painted>4feet) Medium",Wet,Dark - Lighted,Rain,1,Not a Collision Between Two Motor Vehicles in Transport,No,Traffic Control Signal,3,0,No Injury
767021,2/7/19,1:22 AM,2019-00011938,BOND ST,ATWELLS AVE ,BOND ST / ATWELLS AVE ,Kristen Barth,247,07-Feb-19,Vehicle - Pedestrian,X,,,"Two-Way , Not Divided",Wet,Dark - Lighted,Rain,1,Not a Collision Between Two Motor Vehicles in Transport,"Yes, M/V and Driver Left Scene",No Controls,2,1,Complains Of Pain
767117,2/7/19,6:30 PM,2019-00012165,1910 WESTMINSTER ST,,1910 WESTMINSTER ST / ,MICHAEL R. TROIA / TRAFFIC BUREAU,331,07-Feb-19,Vehicle - Pedestrian,X,,,"Two-Way , Not Divided",Wet,Dark - Not Lighted,Clear,1,Not a Collision Between Two Motor Vehicles in Transport,"Yes, M/V and Driver Left Scene",No Controls,1,1,Complains Of Pain
767123,2/7/19,5:22 PM,2019-00012142,DYER AVE,PRUDENCE AVE ,DYER AVE / PRUDENCE AVE ,Vincent Lopez,219,07-Feb-19,Vehicle - Pedestrian,,,,"Two-Way , Not Divided",Wet,Dark - Lighted,Rain,1,Not a Collision Between Two Motor Vehicles in Transport,No,No Controls,3,1,Complains Of Pain
767260,2/8/19,3:27 PM,2019-00012440,POCASSET AVE,WHAT CHEER AVE ,POCASSET AVE / WHAT CHEER AVE ,Vincent Lopez,219,08-Feb-19,Vehicle - Pedestrian,,,,Unknown,Wet,Daylight,Clear,1,Not a Collision Between Two Motor Vehicles in Transport,No,No Controls,2,0,No Injury
767412,2/9/19,9:02 PM,2019-00012891,14 Colfax St,OCEAN ST ,14 Colfax St / OCEAN ST ,Joseph Lopes,227,09-Feb-19,Vehicle - Pedestrian,,,,"Two-Way , Not Divided",Dry,Dark - Lighted,Clear,2,Unknown,"Yes, M/V and Driver Left Scene",No Controls,2,0,Unknown
767978,2/13/19,10:00 PM,2019-00014584,50 OBEDIAH BROWN RD,CHALKSTONE AVE ,50 OBEDIAH BROWN RD / CHALKSTONE AVE ,Fernando Lopez,156,15-Feb-19,Vehicle - Pedestrian,,,,"Two-Way , Not Divided",Dry,Daylight,Clear,2,Unknown,"Yes, M/V and Driver Left Scene",No Controls,2,0,Unknown
767917,2/14/19,3:31 PM,2019-00014323,OAKLAND AVE,CHAD BROWN ST ,OAKLAND AVE / CHAD BROWN ST ,Erik Breault,226,14-Feb-19,Vehicle - Pedestrian,,,,"Two-Way , Not Divided",Dry,Daylight,Clear,2,Angle (Front - to - Side) Right Angle (Includes Broadside),No,Stop Signs,6,0,No Injury
767932,2/14/19,3:31 PM,2019-00014319,Atwells Ave,EAGLE ST ,Atwells Ave / EAGLE ST ,Paul Caminero,339,14-Feb-19,Vehicle - Pedestrian,,,,"Two-Way, Divided, Unprotected (painted>4feet) Medium",Dry,Daylight,Clear,2,"Sideswipe, Same Direction",No,No Controls,3,0,No Injury
768043,2/15/19,10:35 PM,2019-00014791,Gentian Ave,TEXAS AVE ,Gentian Ave / TEXAS AVE ,Kristen Barth,247,15-Feb-19,Vehicle - Pedestrian,,,,"Two-Way , Not Divided",Wet,Dark - Lighted,Clear,1,Not a Collision Between Two Motor Vehicles in Transport,No,No Controls,4,1,Complains Of Pain
768054,2/16/19,8:30 AM,2019-00014930,SAYLES ST,HARRIET ST ,SAYLES ST / HARRIET ST ,Fernando Lopez,156,16-Feb-19,Vehicle - Pedestrian,,,,"Two-Way , Not Divided",Dry,Daylight,Clear,2,"Sideswipe, Same Direction",No,No Controls,3,0,No Injury
768060,2/16/19,9:44 AM,2019-00014950,BROAD ST,PORTLAND ST ,BROAD ST / PORTLAND ST ,Fernando Lopez,156,16-Feb-19,Vehicle - Pedestrian,,,,"Two-Way , Not Divided",Dry,Daylight,Clear,1,Not a Collision Between Two Motor Vehicles in Transport,No,No Controls,2,1,Complains Of Pain
768115,2/16/19,4:35 PM,2019-00015061,105 Harris Ave,ACORN ST ,105 Harris Ave / ACORN ST ,Joseph Lopes,227,16-Feb-19,Vehicle - Pedestrian,X,,,"Two-Way , Not Divided",Dry,Daylight,Clear,1,Not a Collision Between Two Motor Vehicles in Transport,No,No Controls,3,1,Incapacitating
768254,2/18/19,6:41 AM,2019-00015560,1668 CHALKSTONE AVE ,BULLOCK RD ,1668 CHALKSTONE AVE  / BULLOCK RD ,Joseph Lopes,227,18-Feb-19,Vehicle - Pedestrian,,,,"Two-Way , Not Divided",Snow,Daylight,Snow,2,Angle (Front - to - Side) Right Angle (Includes Broadside),"Yes, M/V and Driver Left Scene",No Controls,2,0,Unknown
768323,2/18/19,1:14 PM,2019-00015631,Erastus St,ATWELLS AVE ,Erastus St / ATWELLS AVE ,Joseph Lopes,227,18-Feb-19,Vehicle - Pedestrian,,,,"Two-Way , Not Divided",Snow,Daylight,Snow,4,Rear End(Front-to-Rear),No,No Controls,6,1,Complains Of Pain
768454,2/19/19,3:12 PM,2019-00015950,UNNAMED_38,DEAN ST ,UNNAMED_38 / DEAN ST ,Michael Sepe,367,19-Feb-19,Vehicle - Pedestrian,,,,"Two-Way, Divided, Positive Median Barrier",Dry,Daylight,Clear,2,Angle (Front - to - Side) Same Direction,"Yes, M/V and Driver Left Scene",No Controls,2,0,No Injury
768695,2/21/19,12:00 PM,2019-00016498,Newark Street ,Valley Street,Newark Street  / Valley Street,James Lanier,211,21-Feb-19,Vehicle - Pedestrian,,,,"Two-Way, Divided, Unprotected (painted>4feet) Medium",Dry,Daylight,Clear,1,Not a Collision Between Two Motor Vehicles in Transport,No,Pavement Markings,2,1,Complains Of Pain
768791,2/22/19,9:17 AM,2019-00016764,WICKENDEN ST,TRAVERSE ST ,WICKENDEN ST / TRAVERSE ST ,Fernando Lopez,156,22-Feb-19,Vehicle - Pedestrian,,,,"Two-Way , Not Divided",Dry,Daylight,Clear,1,Not a Collision Between Two Motor Vehicles in Transport,No,Pavement Markings,3,1,Complains Of Pain
768804,2/22/19,1:20 PM,2019-00016829,WASHINGTON ST,EDDY ST ,WASHINGTON ST / EDDY ST ,Fernando Lopez,156,22-Feb-19,Vehicle - Pedestrian,,,,"Two-Way , Not Divided",Dry,Daylight,Clear,1,Not a Collision Between Two Motor Vehicles in Transport,No,Pavement Markings,3,1,Complains Of Pain
768844,2/22/19,6:11 PM,2019-00016942,PARK ROW E,CANAL ST ,PARK ROW E / CANAL ST ,Ralph Abenante,511,22-Feb-19,Vehicle - Pedestrian,,,,"Two-Way, Divided, Unprotected (painted>4feet) Medium",Dry,Dark - Lighted,Clear,1,Other,No,Stop Signs,2,0,No Injury
768979,2/24/19,2:57 AM,2019-00017481,WEYBOSSET ST,RICHMOND ST ,WEYBOSSET ST / RICHMOND ST ,Alberto DaCruz,205,24-Feb-19,Vehicle - Pedestrian,,,,One-Way Trafficway,Dry,Dark - Lighted,Cloudy,1,Not a Collision Between Two Motor Vehicles in Transport,"Yes, M/V and Driver Left Scene",Traffic Control Signal,3,1,Complains Of Pain
769007,2/24/19,12:18 PM,2019-00017535,GREENWICH ST,PUBLIC ST ,GREENWICH ST / PUBLIC ST ,Michael Maycock,281,24-Feb-19,Vehicle - Pedestrian,,,,"Two-Way , Not Divided",Wet,Daylight,Rain,1,Not a Collision Between Two Motor Vehicles in Transport,No,Traffic Control Signal,2,1,Complains Of Pain
769037,2/24/19,5:51 PM,2019-00017607,STEEPLE ST,MEMORIAL BLVD ,STEEPLE ST / MEMORIAL BLVD ,Donald Castigliego,287,24-Feb-19,Vehicle - Pedestrian,,,,"Two-Way, Divided, Positive Median Barrier",Wet,Dark - Lighted,Cloudy,1,Not a Collision Between Two Motor Vehicles in Transport,No,Traffic Control Signal,2,1,Complains Of Pain