CrashReportId,CrashDate,CrashTime,ReportNumber,StreetOrHighway,NearestIntersection,Location,Officer,Badge,ReportDate,TypeOfCollision,Bicycle,Scooter,Wheel Chair,TypeOfRoadway,RoadSurfaceCondition,LightCondition,WeatherCondition,NumberofVehicles,MannerofImpact,HitAndRun,TrafficControl,PersonCount,InjuryCount,MostSeriousInjury
769159,2/25/19,6:24 PM,2019-00017993,CHARLES ST,195 NORTH ON RAMP,CHARLES ST / 195 NORTH ON RAMP,Donald Castigliego,287,25-Feb-19,Vehicle - Pedestrian,,,,One-Way Trafficway,Dry,Dark - Not Lighted,Clear,1,Not a Collision Between Two Motor Vehicles in Transport,No,No Controls,2,1,Complains Of Pain
769242,2/26/19,6:25 PM,2019-00018281,895 N Main Street,,895 N Main Street / ,Michael Cifuentes,330,26-Feb-19,Vehicle - Pedestrian,,,,"Two-Way, Divided, Positive Median Barrier",Dry,Dusk,Clear,2,"Sideswipe, Same Direction","Yes, M/V and Driver Left Scene",No Controls,2,0,No Injury
769321,2/27/19,4:35 PM,2019-00018530,BRANCH AVE,FLORA ST ,BRANCH AVE / FLORA ST ,Joseph Lopes,227,27-Feb-19,Vehicle - Pedestrian,,,,"Two-Way , Not Divided",Dry,Daylight,Clear,2,Rear End(Front-to-Rear),No,No Controls,4,0,No Injury
769399,2/28/19,10:08 AM,2019-00018714,GARFIELD AVE,PLEASANT VALLEY PKWY ,GARFIELD AVE / PLEASANT VALLEY PKWY ,Fernando Lopez,156,28-Feb-19,Vehicle - Pedestrian,,,,"Two-Way , Not Divided",Dry,Daylight,Clear,2,Head-On (Front - to - Front),"Yes, M/V and Driver Left Scene",No Controls,2,0,Unknown
771688,3/3/19,8:44 PM,2019-00019861,408 DOUGLAS AVENUE,,408 DOUGLAS AVENUE / ,Donald Castigliego,287,03-Mar-19,Vehicle - Pedestrian,,,,"Two-Way , Not Divided",Wet,Dark - Lighted,Snow,1,Not a Collision Between Two Motor Vehicles in Transport,"Yes, M/V and Driver Left Scene",No Controls,1,1,Complains Of Pain
771771,3/5/19,9:06 AM,2019-00020270,WHAT CHEER AVE,POCASSET AVE ,WHAT CHEER AVE / POCASSET AVE ,Fernando Lopez,156,05-Mar-19,Vehicle - Pedestrian,,,,One-Way Trafficway,Ice/Frost,Daylight,Clear,2,"Sideswipe, Same Direction","Yes, M/V and Driver Left Scene",No Controls,2,0,Unknown
772236,3/6/19,5:02 PM,2019-00020788,HARRIS AVE,SIMS AVE ,HARRIS AVE / SIMS AVE ,Michael Sepe,367,09-Mar-19,Vehicle - Pedestrian,,,,"Two-Way, Not Divided With a Continuous Left Turn Lane",Dry,Daylight,Clear,2,"Sideswipe, Same Direction","Yes, M/V and Driver Left Scene",No Controls,2,0,No Injury
771962,3/7/19,10:00 AM,2019-00020982,CHAFFEE ST,BAILEY CT ,CHAFFEE ST / BAILEY CT ,Fernando Lopez,156,07-Mar-19,Vehicle - Pedestrian,,,,One-Way Trafficway,Ice/Frost,Daylight,Clear,2,"Sidwswipe, Opposite Direction",No,No Controls,7,0,No Injury
772058,3/8/19,6:36 AM,2019-00021274,HARTFORD AVE,BODELL AVE ,HARTFORD AVE / BODELL AVE ,Fernando Lopez,156,08-Mar-19,Vehicle - Pedestrian,,,,"Two-Way , Not Divided",Dry,Daylight,Clear,1,Not a Collision Between Two Motor Vehicles in Transport,No,Traffic Control Signal,2,2,Non-Incapacitating
772113,3/8/19,2:20 PM,2019-00021393,244 MASSACHUSETTS AVE,VIRGINIA AVE ,244 MASSACHUSETTS AVE / VIRGINIA AVE ,Jose Deschamps,419,08-Mar-19,Vehicle - Pedestrian,X,,,"Two-Way , Not Divided",Wet,Daylight,Clear,1,Other,No,No Controls,3,1,Complains Of Pain
772185,3/9/19,7:09 AM,2019-00021655,Cromwell Street,Elmwood Avenue,Cromwell Street / Elmwood Avenue,James Lanier,211,09-Mar-19,Vehicle - Pedestrian,,,,"Two-Way, Divided, Unprotected (painted>4feet) Medium",Dry,Daylight,Clear,1,Not a Collision Between Two Motor Vehicles in Transport,No,Stop Signs,3,1,Complains Of Pain
772341,3/10/19,3:04 PM,2019-00022100,IMERA ST,ALMIRA AVE ,IMERA ST / ALMIRA AVE ,Michael Sepe,367,10-Mar-19,Vehicle - Pedestrian,,,,"Two-Way , Not Divided",Wet,Daylight,Rain,2,Unknown,"Yes, M/V and Driver Left Scene",No Controls,2,0,No Injury
772464,3/11/19,9:14 PM,2019-00022525,UPTON AVE,BLACKSTONE BLVD ,UPTON AVE / BLACKSTONE BLVD ,Joseph Lopes,227,11-Mar-19,Vehicle - Pedestrian,,,,"Two-Way, Divided, Positive Median Barrier",Dry,Dark - Lighted,Clear,1,Not a Collision Between Two Motor Vehicles in Transport,No,No Controls,4,0,No Injury
772576,3/12/19,5:17 PM,2019-00022777,797 WESTMINSTER ST,CRANSTON ST ,797 WESTMINSTER ST / CRANSTON ST ,Joseph Lopes,227,12-Mar-19,Vehicle - Pedestrian,,,,"Two-Way, Divided, Positive Median Barrier",Dry,Daylight,Clear,1,Not a Collision Between Two Motor Vehicles in Transport,No,No Controls,3,1,Non-Incapacitating
772585,3/12/19,5:57 PM,2019-00022786,W RIVER ST,CORLISS ST ,W RIVER ST / CORLISS ST ,Erik Breault,226,12-Mar-19,Vehicle - Pedestrian,,,,"Two-Way, Divided, Unprotected (painted>4feet) Medium",Dry,Daylight,Clear,1,Not a Collision Between Two Motor Vehicles in Transport,"Yes, M/V and Driver Left Scene",No Controls,1,1,Complains Of Pain
772696,3/14/19,12:49 PM,2019-00023341,COLLEGE ST,MEMORIAL BLVD ,COLLEGE ST / MEMORIAL BLVD ,Joseph Nezier,233,14-Mar-19,Vehicle - Pedestrian,,,,"Two-Way , Not Divided",Dry,Daylight,Clear,1,Not a Collision Between Two Motor Vehicles in Transport,No,Traffic Control Signal,3,1,Complains Of Pain
772784,3/14/19,8:49 PM,2019-00023516,BROAD ST,CAHIR ST ,BROAD ST / CAHIR ST ,Donald Castigliego,287,14-Mar-19,Vehicle - Pedestrian,X,,,"Two-Way , Not Divided",Wet,Dark - Lighted,"Fog, Smog, Smoke",1,Not a Collision Between Two Motor Vehicles in Transport,No,Traffic Control Signal,4,0,No Injury
772880,3/15/19,4:03 PM,2019-00023769,FEDERAL STREET,WEEDEN ST ,FEDERAL STREET / WEEDEN ST ,Donald Castigliego,287,15-Mar-19,Vehicle - Pedestrian,,,,"Two-Way , Not Divided",Dry,Daylight,Clear,1,Not a Collision Between Two Motor Vehicles in Transport,No,No Controls,3,1,Complains Of Pain
772907,3/15/19,7:07 PM,2019-00023842,POTTERS AVE,GORDON AVE ,POTTERS AVE / GORDON AVE ,Donald Castigliego,287,15-Mar-19,Vehicle - Pedestrian,,,,"Two-Way , Not Divided",Wet,Dark - Lighted,Rain,1,Not a Collision Between Two Motor Vehicles in Transport,"Yes, M/V and Driver Left Scene",Pavement Markings,2,1,Complains Of Pain
772918,3/15/19,7:36 PM,2019-00023851,Charles St,W River St,Charles St / W River St,Shaun Marmas,216,15-Mar-19,Vehicle - Pedestrian,,,,"Two-Way, Divided, Unprotected (painted>4feet) Medium",Wet,Dark - Lighted,Clear,1,Not a Collision Between Two Motor Vehicles in Transport,No,No Controls,3,1,Non-Incapacitating
772925,3/15/19,11:17 PM,2019-00023906,Bissell St ,ELMWOOD AVE ,Bissell St  / ELMWOOD AVE ,Louis Ferreras,332,16-Mar-19,Vehicle - Pedestrian,,,,"Two-Way , Not Divided",Wet,Dark - Lighted,"Fog, Smog, Smoke",2,Unknown,"Yes, M/V and Driver Left Scene",No Controls,4,0,Unknown
774979,3/16/19,5:36 PM,2019-00024176,FERN ST,BERKLEY ST ,FERN ST / BERKLEY ST ,Jared Sherman,292,16-Mar-19,Vehicle - Pedestrian,,,,"Two-Way , Not Divided",Dry,Daylight,Clear,2,"Sideswipe, Same Direction",No,No Controls,4,0,No Injury
775282,3/20/19,4:00 PM,2019-00025420,Manton Ave,FRUIT HILL AVE ,Manton Ave / FRUIT HILL AVE ,Joseph Lopes,227,20-Mar-19,Vehicle - Pedestrian,,,,"Two-Way , Not Divided",Dry,Daylight,Clear,1,Not a Collision Between Two Motor Vehicles in Transport,No,Traffic Control Signal,6,3,Non-Incapacitating
775592,3/23/19,2:04 PM,2019-00026370,WESTMINSTER ST,ALMY ST ,WESTMINSTER ST / ALMY ST ,Fernando Lopez,156,23-Mar-19,Vehicle - Pedestrian,,,,"Two-Way , Not Divided",Dry,Daylight,Clear,2,"Sideswipe, Same Direction","Yes, M/V and Driver Left Scene",No Controls,2,0,Unknown
775645,3/23/19,7:27 PM,2019-00026485,BENEVOLENT ST,BROWN ST ,BENEVOLENT ST / BROWN ST ,Joseph Lopes,227,23-Mar-19,Vehicle - Pedestrian,,,,"Two-Way , Not Divided",Dry,Dark - Lighted,Clear,2,Not a Collision Between Two Motor Vehicles in Transport,"Yes, M/V and Driver Left Scene",No Controls,3,0,No Injury
775657,3/23/19,9:11 PM,2019-00026524,KEPLER ST,ACADEMY AVE ,KEPLER ST / ACADEMY AVE ,Michael Sepe,367,23-Mar-19,Vehicle - Pedestrian,,,,"Two-Way , Not Divided",Dry,Dark - Lighted,Clear,2,"Sideswipe, Same Direction","Yes, M/V and Driver Left Scene",No Controls,3,0,No Injury
775730,3/24/19,4:32 PM,2019-00026777,350 KINSLEY AVE,CHARLOTTE HOPE ST ,350 KINSLEY AVE / CHARLOTTE HOPE ST ,Michael Sepe,367,24-Mar-19,Vehicle - Pedestrian,,,,"Two-Way, Not Divided With a Continuous Left Turn Lane",Dry,Daylight,Clear,2,Rear - to - Side,"Yes, M/V and Driver Left Scene",No Controls,2,1,Complains Of Pain
775909,3/26/19,8:49 PM,2019-00027542,RESERVOIR AVE,CRESCENT ST ,RESERVOIR AVE / CRESCENT ST ,Donald Castigliego,287,26-Mar-19,Vehicle - Pedestrian,,,,"Two-Way , Not Divided",Dry,Dark - Lighted,Clear,1,Not a Collision Between Two Motor Vehicles in Transport,"Yes, M/V and Driver Left Scene",No Controls,2,0,No Injury
776002,3/27/19,10:12 PM,2019-00027866,MANTON AVE,AMHERST ST ,MANTON AVE / AMHERST ST ,Cory Vingi,237,28-Mar-19,Vehicle - Pedestrian,,,,"Two-Way , Not Divided",Dry,Dark - Lighted,Clear,2,Unknown,"Yes, M/V and Driver Left Scene",No Controls,2,1,Incapacitating
776129,3/28/19,10:02 PM,2019-00028220,CALDER ST,GREENWICH ST ,CALDER ST / GREENWICH ST ,Cory Vingi,237,28-Mar-19,Vehicle - Pedestrian,,,,"Two-Way , Not Divided",Dry,Dark - Lighted,Clear,1,Not a Collision Between Two Motor Vehicles in Transport,"Yes, M/V and Driver Left Scene",Stop Signs,2,1,Complains Of Pain
776402,4/1/19,9:10 AM,2019-00029355,HOWELL ST,DWIGHT ST ,HOWELL ST / DWIGHT ST ,Fernando Lopez,156,01-Apr-19,Vehicle - Pedestrian,,,,"Two-Way , Not Divided",Dry,Daylight,Clear,2,"Sideswipe, Same Direction",No,No Controls,5,0,No Injury
776735,4/4/19,3:30 PM,2019-00030410,391 Charles St,SILVER SPRING ST ,391 Charles St / SILVER SPRING ST ,Joseph Lopes,227,04-Apr-19,Vehicle - Pedestrian,,,,"Two-Way , Not Divided",Dry,Daylight,Clear,1,Not a Collision Between Two Motor Vehicles in Transport,No,No Controls,3,1,Complains Of Pain
776738,4/4/19,3:05 PM,2019-00030402,LLOYD AVE,BROWN ST ,LLOYD AVE / BROWN ST ,Vincent Pazzetta,641,04-Apr-19,Vehicle - Pedestrian,X,,,"Two-Way , Not Divided",Dry,Daylight,Clear,1,Not a Collision Between Two Motor Vehicles in Transport,No,Stop Signs,3,1,Complains Of Pain
776756,4/4/19,6:15 PM,2019-00030480,DEAN ST,KINSLEY AVE ,DEAN ST / KINSLEY AVE ,Michael Sepe,367,04-Apr-19,Vehicle - Pedestrian,,,,"Two-Way, Not Divided With a Continuous Left Turn Lane",Dry,Daylight,Clear,2,"Sideswipe, Same Direction","Yes, M/V and Driver Left Scene",Traffic Control Signal,3,0,No Injury
776757,4/4/19,6:28 PM,2019-00030483,661 broadway ,VALLEY ST ,661 broadway  / VALLEY ST ,Graig Sion,254,04-Apr-19,Vehicle - Pedestrian,,,,"Two-Way, Divided, Unprotected (painted>4feet) Medium",Dry,Daylight,Clear,2,Angle (Front - to - Side) Same Direction,No,No Controls,5,0,No Injury
776852,4/5/19,5:19 PM,2019-00030782,ATWELLS AVE,MANTON AVE ,ATWELLS AVE / MANTON AVE ,Graig Sion,254,05-Apr-19,Vehicle - Pedestrian,,,,"Two-Way, Divided, Unprotected (painted>4feet) Medium",Dry,Daylight,Clear,1,Other,No,No Controls,2,0,No Injury
776949,4/6/19,3:17 PM,2019-00031032,RANDALL ST,N MAIN ST ,RANDALL ST / N MAIN ST ,Vincent Pazzetta,641,06-Apr-19,Vehicle - Pedestrian,X,,,"Two-Way , Not Divided",Dry,Daylight,Clear,1,Not a Collision Between Two Motor Vehicles in Transport,No,No Controls,2,0,No Injury
777051,4/7/19,6:11 PM,2019-00031478,WILLIAMS ST,GOVERNOR ST ,WILLIAMS ST / GOVERNOR ST ,Miguel Castillo,489,07-Apr-19,Vehicle - Pedestrian,,X,,"Two-Way , Not Divided",Dry,Daylight,Clear,1,Angle (Front - to - Side) Right Angle (Includes Broadside),No,Stop Signs,2,0,No Injury
777142,4/8/19,1:21 PM,2019-00031718,309 Broadway,VINTON ST ,309 Broadway / VINTON ST ,Luis Fernandez,531,08-Apr-19,Vehicle - Pedestrian,,,,"Two-Way , Not Divided",Wet,Daylight,Cloudy,1,Not a Collision Between Two Motor Vehicles in Transport,No,No Controls,2,1,Complains Of Pain
777444,4/12/19,1:52 PM,2019-00032963,ELMWOOD AVE,PEACE ST ,ELMWOOD AVE / PEACE ST ,Fernando Lopez,156,12-Apr-19,Vehicle - Pedestrian,,,,"Two-Way , Not Divided",Dry,Daylight,Clear,1,Not a Collision Between Two Motor Vehicles in Transport,"Yes, M/V and Driver Left Scene",No Controls,3,2,Complains Of Pain
777599,4/14/19,2:53 AM,2019-00033638,Dike Street,PLAINFIELD ST ,Dike Street / PLAINFIELD ST ,Kristen Barth,247,14-Apr-19,Vehicle - Pedestrian,,,,"Two-Way , Not Divided",Dry,Dark - Lighted,Clear,1,Not a Collision Between Two Motor Vehicles in Transport,"Yes, M/V and Driver Left Scene",No Controls,1,1,Complains Of Pain
777758,4/16/19,3:40 PM,2019-00034446,COLLEGE ST ,COLLEGE ST ,COLLEGE ST  / COLLEGE ST ,Joseph Lopes,227,16-Apr-19,Vehicle - Pedestrian,,,,One-Way Trafficway,Dry,Daylight,Clear,1,Not a Collision Between Two Motor Vehicles in Transport,No,Traffic Control Signal,2,1,Non-Incapacitating
777952,4/19/19,2:52 PM,2019-00035424,Cranston St ,BRIDGHAM ST ,Cranston St  / BRIDGHAM ST ,Joseph Lopes,227,19-Apr-19,Vehicle - Pedestrian,,,,"Two-Way , Not Divided",Dry,Daylight,Clear,1,Not a Collision Between Two Motor Vehicles in Transport,No,Traffic Control Signal,2,2,Non-Incapacitating
778300,4/25/19,7:35 AM,2019-00037362,COLFAX ST,BROAD ST ,COLFAX ST / BROAD ST ,Fernando Lopez,156,25-Apr-19,Vehicle - Pedestrian,,,,"Two-Way , Not Divided",Dry,Daylight,Clear,1,Not a Collision Between Two Motor Vehicles in Transport,"Yes, M/V and Driver Left Scene",Pavement Markings,1,1,Complains Of Pain
778307,4/25/19,12:10 PM,2019-00037404,341 South Main St,JAMES ST ,341 South Main St / JAMES ST ,Frank Moody,328,25-Apr-19,Vehicle - Pedestrian,,,,One-Way Trafficway,Dry,Daylight,Clear,1,Angle (Front - to - Side) Right Angle (Includes Broadside),No,No Controls,2,1,Complains Of Pain
778414,4/26/19,9:24 PM,2019-00037943,N MAIN ST,N MAIN ST ,N MAIN ST / N MAIN ST ,Cory Vingi,237,26-Apr-19,Vehicle - Pedestrian,,,,"Two-Way, Divided, Unprotected (painted>4feet) Medium",Wet,Dark - Lighted,Rain,1,Not a Collision Between Two Motor Vehicles in Transport,No,No Controls,3,1,Non-Incapacitating
778460,4/27/19,4:17 PM,2019-00038176,SMITH ST,ORMS ST ,SMITH ST / ORMS ST ,Cory Vingi,237,27-Apr-19,Vehicle - Pedestrian,,X,,"Two-Way , Not Divided",Dry,Daylight,Cloudy,1,Not a Collision Between Two Motor Vehicles in Transport,No,No Controls,2,1,Incapacitating
778606,4/29/19,3:17 PM,2019-00038797,Exchange Terr,DORRANCE ST ,Exchange Terr / DORRANCE ST ,Shawn Kennedy,547,29-Apr-19,Vehicle - Pedestrian,,,,"Two-Way , Not Divided",Dry,Daylight,Clear,1,Rear - to - Side,No,Traffic Control Signal,2,1,Complains Of Pain
778620,4/29/19,8:08 PM,2019-00038916,HARRIS AVE,ATWELLS AVE ,HARRIS AVE / ATWELLS AVE ,Michael Sepe,367,29-Apr-19,Vehicle - Pedestrian,,,,"Two-Way, Divided, Unprotected (painted>4feet) Medium",Dry,Dark - Lighted,Clear,2,Rear End(Front-to-Rear),"Yes, M/V and Driver Left Scene",No Controls,4,0,No Injury
778653,4/30/19,12:17 PM,2019-00039082,KIPLING ST,LENOX AVE ,KIPLING ST / LENOX AVE ,Fernando Lopez,156,30-Apr-19,Vehicle - Pedestrian,,,,"Two-Way , Not Divided",Dry,Daylight,Clear,2,"Sideswipe, Same Direction",No,No Controls,5,0,No Injury
778867,5/2/19,10:16 PM,2019-00039992,BROAD ST,BROAD ST ,BROAD ST / BROAD ST ,Cory Vingi,237,02-May-19,Vehicle - Pedestrian,,,,"Two-Way , Not Divided",Dry,Dark - Lighted,Clear,1,Not a Collision Between Two Motor Vehicles in Transport,"Yes, M/V and Driver Left Scene",Stop Signs,1,1,Complains Of Pain
778987,5/4/19,3:51 PM,2019-00040594,LUBEC ST,MANILA ST ,LUBEC ST / MANILA ST ,Donald Castigliego,287,04-May-19,Vehicle - Pedestrian,,,,"Two-Way , Not Divided",Dry,Daylight,Clear,1,Not a Collision Between Two Motor Vehicles in Transport,No,Stop Signs,3,1,Non-Incapacitating
779020,5/5/19,1:44 AM,2019-00040852,Webster Ave,Dorchester Ave,Webster Ave / Dorchester Ave,Jessica Perez,414,05-May-19,Vehicle - Pedestrian,,,,"Two-Way , Not Divided",Dry,Dark - Lighted,Clear,2,Angle (Front - to - Side) Opposite Direction,No,No Controls,7,1,Complains Of Pain
779049,5/5/19,3:15 PM,2019-00041010,CUSTOM HOUSE ST,WEYBOSSET ST ,CUSTOM HOUSE ST / WEYBOSSET ST ,Joseph Lopes,227,05-May-19,Vehicle - Pedestrian,X,,,"Two-Way , Not Divided",Wet,Daylight,Rain,1,Angle (Front - to - Side) Right Angle (Includes Broadside),No,No Controls,2,0,No Injury
779076,5/5/19,3:12 PM,2019-00041009,NEWARK ST,VALLEY ST ,NEWARK ST / VALLEY ST ,Michael Sepe,367,05-May-19,Vehicle - Pedestrian,,,,"Two-Way , Not Divided",Wet,Daylight,Rain,2,Rear End(Front-to-Rear),"Yes, M/V and Driver Left Scene",Stop Signs,2,1,Complains Of Pain
779218,5/6/19,6:39 PM,2019-00041407,MANTON AVE ,GLENBRIDGE AVE ,MANTON AVE  / GLENBRIDGE AVE ,Joseph Lopes,227,06-May-19,Vehicle - Pedestrian,,,,"Two-Way , Not Divided",Dry,Daylight,Clear,1,Not a Collision Between Two Motor Vehicles in Transport,No,No Controls,3,1,Complains Of Pain
779236,5/6/19,4:10 PM,2019-00041333,CRANSTON ST,BELLEVUE AVE ,CRANSTON ST / BELLEVUE AVE ,Luis Pelaez,336,06-May-19,Vehicle - Pedestrian,X,,,"Two-Way , Not Divided",Dry,Daylight,Clear,1,Not a Collision Between Two Motor Vehicles in Transport,No,No Controls,2,1,Complains Of Pain
779265,5/7/19,2:02 PM,2019-00041654,CORLISS ST,CHARLES ST ,CORLISS ST / CHARLES ST ,Fernando Lopez,156,07-May-19,Vehicle - Pedestrian,,,,"Two-Way , Not Divided",Dry,Daylight,Clear,1,Not a Collision Between Two Motor Vehicles in Transport,No,Stop Signs,4,1,Complains Of Pain
779530,5/10/19,8:53 AM,2019-00042639,DE PASQUALE AVE,EUROPE ST ,DE PASQUALE AVE / EUROPE ST ,Fernando Lopez,156,10-May-19,Vehicle - Pedestrian,,,,"Two-Way , Not Divided",Dry,Daylight,Clear,2,"Sideswipe, Same Direction",No,No Controls,4,0,No Injury
781681,5/11/19,8:48 PM,2019-00043264,118 HANOVER ST ,DEXTER ST ,118 HANOVER ST  / DEXTER ST ,Joseph Lopes,227,11-May-19,Vehicle - Pedestrian,,,,"Two-Way , Not Divided",Dry,Dark - Lighted,Clear,2,Not a Collision Between Two Motor Vehicles in Transport,"Yes, M/V and Driver Left Scene",No Controls,2,1,Complains Of Pain
781893,5/13/19,4:26 PM,2019-00043831,THURBERS AVE,WEISS CT ,THURBERS AVE / WEISS CT ,John Benros,481,13-May-19,Vehicle - Pedestrian,,,,"Two-Way , Not Divided",Wet,Daylight,Rain,1,Not a Collision Between Two Motor Vehicles in Transport,No,No Controls,2,1,Complains Of Pain
782054,5/14/19,3:45 PM,2019-00044148,BROAD ST,MOORE ST ,BROAD ST / MOORE ST ,Donald Castigliego,287,14-May-19,Vehicle - Pedestrian,,,,"Two-Way , Not Divided",Dry,Daylight,Clear,1,Not a Collision Between Two Motor Vehicles in Transport,No,No Controls,3,1,Complains Of Pain
782165,5/15/19,7:47 PM,2019-00044584,RICHMOND ST,POINT STREET,RICHMOND ST / POINT STREET,Donald Castigliego,287,15-May-19,Vehicle - Pedestrian,,,,"Two-Way , Not Divided",Dry,Dusk,Clear,1,Not a Collision Between Two Motor Vehicles in Transport,No,Traffic Control Signal,2,1,Incapacitating
782234,5/16/19,3:13 PM,2019-00044856,ROGER WILLIAMS AVE,ALEXANDER ST ,ROGER WILLIAMS AVE / ALEXANDER ST ,Joseph Lopes,227,16-May-19,Vehicle - Pedestrian,X,,,"Two-Way , Not Divided",Dry,Daylight,Clear,1,Not a Collision Between Two Motor Vehicles in Transport,No,Stop Signs,3,1,Complains Of Pain
782414,5/17/19,8:59 PM,2019-00045342,PARK ROW E,CANAL ST ,PARK ROW E / CANAL ST ,Joseph Lopes,227,17-May-19,Vehicle - Pedestrian,,,,"Two-Way , Not Divided",Dry,Dark - Lighted,Clear,1,Not a Collision Between Two Motor Vehicles in Transport,No,No Controls,4,0,No Injury
782738,5/20/19,2:47 PM,2019-00046400,WATERMAN ST,GOVERNOR ST ,WATERMAN ST / GOVERNOR ST ,Dormica Waters,427,20-May-19,Vehicle - Pedestrian,,,,One-Way Trafficway,Dry,Daylight,Clear,1,Not a Collision Between Two Motor Vehicles in Transport,No,No Controls,2,1,Complains Of Pain
783026,5/22/19,5:09 PM,2019-00047195,909 North Main St,LANCASTER ST ,909 North Main St / LANCASTER ST ,Joseph Lopes,227,22-May-19,Vehicle - Pedestrian,,,,"Two-Way, Divided, Positive Median Barrier",Dry,Daylight,Clear,3,Angle (Front - to - Side) Opposite Direction,No,No Controls,6,2,Complains Of Pain
783037,5/22/19,6:56 PM,2019-00047239,CHALKSTONE AVE ,FREDERICK ST ,CHALKSTONE AVE  / FREDERICK ST ,Joseph Lopes,227,22-May-19,Vehicle - Pedestrian,X,,,"Two-Way , Not Divided",Dry,Daylight,Clear,1,Not a Collision Between Two Motor Vehicles in Transport,"Yes, M/V and Driver Left Scene",No Controls,2,2,Complains Of Pain
783125,5/23/19,2:36 PM,2019-00047520,CULVER ST ,BLACKSTONE ST ,CULVER ST  / BLACKSTONE ST ,Joseph Lopes,227,23-May-19,Vehicle - Pedestrian,,,,"Two-Way , Not Divided",Dry,Daylight,Clear,2,Unknown,"Yes, M/V and Driver Left Scene",No Controls,2,0,Unknown
783158,5/23/19,7:21 PM,2019-00047633,BENEFIT ST ,ANGELL ST ,BENEFIT ST  / ANGELL ST ,Joseph Lopes,227,23-May-19,Vehicle - Pedestrian,,,,"Two-Way , Not Divided",Dry,Daylight,Clear,2,"Sideswipe, Same Direction","Yes, M/V and Driver Left Scene",Traffic Control Signal,3,0,Unknown
783272,5/24/19,8:43 PM,2019-00048014,NORTHUP AVE,HALL ST ,NORTHUP AVE / HALL ST ,Cory Vingi,237,24-May-19,Vehicle - Pedestrian,X,,,"Two-Way , Not Divided",Dry,Dark - Lighted,Clear,1,Not a Collision Between Two Motor Vehicles in Transport,"Yes, M/V and Driver Left Scene",No Controls,1,1,Complains Of Pain
783338,5/25/19,10:25 AM,2019-00048205,BROAD ST,MASSACHUSETTS AVE ,BROAD ST / MASSACHUSETTS AVE ,Thomas Richards,162,25-May-19,Vehicle - Pedestrian,,,,"Two-Way , Not Divided",Dry,Daylight,Clear,1,Other,No,No Controls,3,1,Complains Of Pain
783344,5/25/19,2:12 PM,2019-00048282,BROADWAY,VALLEY ST ,BROADWAY / VALLEY ST ,Fernando Lopez,156,25-May-19,Vehicle - Pedestrian,,,,"Two-Way , Not Divided",Dry,Daylight,Clear,1,Not a Collision Between Two Motor Vehicles in Transport,No,Traffic Control Signal,2,1,Complains Of Pain
783683,5/29/19,10:10 AM,2019-00049769,CARTER ST,VINEYARD ST ,CARTER ST / VINEYARD ST ,Fernando Lopez,156,29-May-19,Vehicle - Pedestrian,,,,"Two-Way , Not Divided",Dry,Daylight,Clear,2,Angle - Direction Not Specified,"Yes, M/V and Driver Left Scene",No Controls,2,0,Unknown
783754,5/29/19,5:57 PM,2019-00049920,CAHIR ST,BROAD ST ,CAHIR ST / BROAD ST ,Daniel Hernandez,255,29-May-19,Vehicle - Pedestrian,,,,"Two-Way , Not Divided",Dry,Daylight,Clear,1,Not a Collision Between Two Motor Vehicles in Transport,No,No Controls,3,1,Complains Of Pain
783869,5/30/19,10:27 PM,2019-00050333,MOUNT PLEASANT AVE,CHALKSTONE AVE ,MOUNT PLEASANT AVE / CHALKSTONE AVE ,Michael Place,224,31-May-19,Vehicle - Pedestrian,,,,"Two-Way , Not Divided",Wet,Dark - Lighted,Rain,1,Not a Collision Between Two Motor Vehicles in Transport,No,Traffic Control Signal,5,1,Complains Of Pain
783947,5/31/19,10:30 PM,2019-00050711,BRANCH AVE EXIT,BRANCH AVE ,BRANCH AVE EXIT / BRANCH AVE ,David Impagliazzo,223,01-Jun-19,Vehicle - Pedestrian,X,,,"Two-Way , Not Divided",Dry,Dark - Lighted,Clear,1,Not a Collision Between Two Motor Vehicles in Transport,No,Yield Signs,2,1,Complains Of Pain
783971,6/1/19,11:00 AM,2019-00050875,BROAD ST,BROAD ST ,BROAD ST / BROAD ST ,Kyle Shea,215,01-Jun-19,Vehicle - Pedestrian,X,,,"Two-Way, Divided, Unprotected (painted>4feet) Medium",Dry,Daylight,Clear,1,Angle (Front - to - Side) Right Angle (Includes Broadside),"Yes, M/V and Driver Left Scene",Traffic Control Signal,2,1,Non-Incapacitating
784268,6/2/19,9:40 PM,2019-00051536,1481 BROAD ST,EDDY ST ,1481 BROAD ST / EDDY ST ,Joseph Lopes,227,04-Jun-19,Vehicle - Pedestrian,,,,"Two-Way , Not Divided",Dry,Dark - Lighted,Clear,1,Not a Collision Between Two Motor Vehicles in Transport,No,No Controls,3,1,Complains Of Pain
784533,6/3/19,6:26 PM,2019-00051819,ANTHONY AVE,HOMESTEAD AVE ,ANTHONY AVE / HOMESTEAD AVE ,Luis Pelaez,336,06-Jun-19,Vehicle - Pedestrian,,,,"Two-Way , Not Divided",Dry,Daylight,Clear,2,Not a Collision Between Two Motor Vehicles in Transport,"Yes, M/V and Driver Left Scene",No Controls,2,0,No Injury