CrashReportId,CrashDate,CrashTime,ReportNumber,StreetOrHighway,NearestIntersection,Location,Officer,Badge,ReportDate,TypeOfCollision,Bicycle,Scooter,Wheel Chair,TypeOfRoadway,RoadSurfaceCondition,LightCondition,WeatherCondition,NumberofVehicles,MannerofImpact,HitAndRun,TrafficControl,PersonCount,InjuryCount,MostSeriousInjury
784148,6/3/19,1:12 PM,2019-00051715,FRANCIS SMITH WAY,SMITH ST ,FRANCIS SMITH WAY / SMITH ST ,Fernando Lopez,156,03-Jun-19,Vehicle - Pedestrian,,,,One-Way Trafficway,Dry,Daylight,Clear,2,Rear End(Front-to-Rear),No,No Controls,5,1,Complains Of Pain
784357,6/4/19,10:21 PM,2019-00052268,JOSLIN ST,KOSSUTH ST ,JOSLIN ST / KOSSUTH ST ,Stephen Sage,353,05-Jun-19,Vehicle - Pedestrian,,,,"Two-Way , Not Divided",Dry,Dark - Lighted,Clear,1,Other,"Yes, M/V and Driver Left Scene",No Controls,1,1,Complains Of Pain
784658,6/7/19,11:21 PM,2019-00053385,751 Hartford Ave.,HARTFORD AVE ,751 Hartford Ave. / HARTFORD AVE ,Larissa Vadney,401,08-Jun-19,Vehicle - Pedestrian,,,,Unknown,Dry,Dark - Lighted,Clear,1,Not a Collision Between Two Motor Vehicles in Transport,No,No Controls,3,2,Complains Of Pain
784767,6/8/19,4:40 PM,2019-00053676,332 Valley Street,RILL ST ,332 Valley Street / RILL ST ,Paul Caminero,339,08-Jun-19,Vehicle - Pedestrian,,,,"Two-Way, Divided, Unprotected (painted>4feet) Medium",Dry,Daylight,Clear,1,Other,No,No Controls,2,1,Complains Of Pain
784770,6/8/19,11:18 PM,2019-00053837,220 INDIA STREET,,220 INDIA STREET / ,Dormica Waters,427,08-Jun-19,Vehicle - Pedestrian,,,,"Two-Way , Not Divided",Dry,Dark - Not Lighted,Clear,2,Angle (Front - to - Side) Same Direction,"Yes, M/V and Driver Left Scene",No Controls,1,1,Complains Of Pain
784773,6/9/19,12:10 AM,2019-00053851,PEARL ST,HAYWARD ST ,PEARL ST / HAYWARD ST ,Cory Vingi,237,09-Jun-19,Vehicle - Pedestrian,,,,"Two-Way , Not Divided",Dry,Dark - Lighted,Clear,1,Not a Collision Between Two Motor Vehicles in Transport,"Yes, M/V and Driver Left Scene",No Controls,5,1,Fatal
784816,6/9/19,12:45 PM,2019-00054003,73 PHEBE ST,ADMIRAL ST,73 PHEBE ST / ADMIRAL ST,Joseph Madeira,552,09-Jun-19,Vehicle - Pedestrian,,,,"Two-Way , Not Divided",Dry,Daylight,Clear,1,Other,"Yes, M/V and Driver Left Scene",No Controls,2,1,Non-Incapacitating
784858,6/9/19,9:00 PM,2019-00054161,833 POTTERS AVE,PURITAN ST ,833 POTTERS AVE / PURITAN ST ,Joseph Lopes,227,09-Jun-19,Vehicle - Pedestrian,,,,"Two-Way , Not Divided",Dry,Dark - Lighted,Clear,1,Not a Collision Between Two Motor Vehicles in Transport,"Yes, M/V and Driver Left Scene",No Controls,1,1,Non-Incapacitating
784911,6/10/19,3:07 AM,2019-00054274,HOME AVE,GLOVER ST ,HOME AVE / GLOVER ST ,Robert Savage,238,10-Jun-19,Vehicle - Pedestrian,,,,"Two-Way, Divided, Unprotected (painted>4feet) Medium",Dry,Dark - Lighted,Clear,2,Not a Collision Between Two Motor Vehicles in Transport,"Yes, M/V and Driver Left Scene",No Controls,2,0,Unknown
785038,6/11/19,4:31 PM,2019-00054766,27 Armington Ave,PEMBERTON ST ,27 Armington Ave / PEMBERTON ST ,Paul Caminero,339,11-Jun-19,Vehicle - Pedestrian,,,,"Two-Way , Not Divided",Dry,Daylight,Clear,1,Not a Collision Between Two Motor Vehicles in Transport,No,No Controls,5,1,Complains Of Pain
785104,6/12/19,1:20 PM,2019-00055070,HIGHLAND AVE,6TH ST ,HIGHLAND AVE / 6TH ST ,Fernando Lopez,156,12-Jun-19,Vehicle - Pedestrian,,,,"Two-Way , Not Divided",Dry,Daylight,Clear,2,Rear - to - Side,No,No Controls,4,0,No Injury
785109,6/12/19,3:45 PM,2019-00055117,234 DABOLL ST,BUCKLIN ST ,234 DABOLL ST / BUCKLIN ST ,Joseph Lopes,227,12-Jun-19,Vehicle - Pedestrian,,,,"Two-Way , Not Divided",Dry,Daylight,Clear,3,Other,"Yes, M/V and Driver Left Scene",No Controls,4,0,Unknown
785385,6/15/19,7:37 PM,2019-00056321,GRAPE ST,ALICANT ST ,GRAPE ST / ALICANT ST ,Cory Vingi,237,15-Jun-19,Vehicle - Pedestrian,,,,"Two-Way , Not Divided",Dry,Daylight,Clear,1,Not a Collision Between Two Motor Vehicles in Transport,"Yes, M/V and Driver Left Scene",No Controls,1,1,Incapacitating
785439,6/16/19,3:54 PM,2019-00056702,NEWARK ST,VALLEY ST ,NEWARK ST / VALLEY ST ,Joseph Lopes,227,16-Jun-19,Vehicle - Pedestrian,X,,,"Two-Way , Not Divided",Dry,Daylight,Clear,1,Not a Collision Between Two Motor Vehicles in Transport,No,Stop Signs,2,1,Complains Of Pain
785450,6/16/19,5:29 PM,2019-00056731,86 AYRAULT ST ,CHALKSTONE AVE ,86 AYRAULT ST  / CHALKSTONE AVE ,Joseph Lopes,227,16-Jun-19,Vehicle - Pedestrian,,,,One-Way Trafficway,Dry,Daylight,Clear,1,Not a Collision Between Two Motor Vehicles in Transport,No,No Controls,2,1,Non-Incapacitating
785465,6/17/19,1:13 AM,2019-00056872,Broad Street,Cass Street,Broad Street / Cass Street,Kristen Barth,247,17-Jun-19,Vehicle - Pedestrian,,,,"Two-Way , Not Divided",Dry,Dark - Lighted,Clear,2,Rear End(Front-to-Rear),No,No Controls,6,4,Complains Of Pain
785528,6/17/19,5:28 PM,2019-00057107,BROAD ST,CLAVERICK ST ,BROAD ST / CLAVERICK ST ,Donald Castigliego,287,17-Jun-19,Vehicle - Pedestrian,,,,"Two-Way , Not Divided",Dry,Daylight,Clear,1,Not a Collision Between Two Motor Vehicles in Transport,No,Traffic Control Signal,3,0,No Injury
785680,6/19/19,7:52 AM,2019-00057610,Broadway,Almy Street,Broadway / Almy Street,Kristen Barth,247,19-Jun-19,Vehicle - Pedestrian,X,,,"Two-Way , Not Divided",Dry,Daylight,Clear,1,Not a Collision Between Two Motor Vehicles in Transport,No,Traffic Control Signal,3,0,No Injury
785687,6/19/19,9:26 AM,2019-00057637,Branch Ave,Branch Ave Exit,Branch Ave / Branch Ave Exit,Kristen Barth,247,19-Jun-19,Vehicle - Pedestrian,,,,"Two-Way, Divided, Positive Median Barrier",Dry,Daylight,Clear,1,Not a Collision Between Two Motor Vehicles in Transport,"Yes, M/V and Driver Left Scene",No Controls,2,1,Complains Of Pain
785760,6/19/19,8:59 PM,2019-00057862,ELMWOOD AVENUE,MAWNEY STREET,ELMWOOD AVENUE / MAWNEY STREET,Donald Castigliego,287,19-Jun-19,Vehicle - Pedestrian,,,,"Two-Way , Not Divided",Dry,Dark - Lighted,Clear,1,Not a Collision Between Two Motor Vehicles in Transport,"Yes, M/V and Driver Left Scene",Pavement Markings,1,1,Complains Of Pain
785823,6/20/19,4:04 PM,2019-00058111,384 NIAGARA ST,,384 NIAGARA ST / ,Donald Castigliego,287,20-Jun-19,Vehicle - Pedestrian,,,,"Two-Way , Not Divided",Wet,Daylight,"Fog, Smog, Smoke",1,Not a Collision Between Two Motor Vehicles in Transport,"Yes, M/V and Driver Left Scene",No Controls,1,1,Non-Incapacitating
786034,6/22/19,9:38 PM,2019-00058997,123 ELMWOOD AVE ,ELMWOOD AVE ,123 ELMWOOD AVE  / ELMWOOD AVE ,Joseph Lopes,227,22-Jun-19,Vehicle - Pedestrian,,,,"Two-Way , Not Divided",Dry,Dark - Lighted,Clear,1,Not a Collision Between Two Motor Vehicles in Transport,No,No Controls,4,1,Complains Of Pain
786080,6/23/19,10:48 AM,2019-00059214,HOPE ST,MEETING ST ,HOPE ST / MEETING ST ,Fernando Lopez,156,23-Jun-19,Vehicle - Pedestrian,,,,"Two-Way , Not Divided",Dry,Daylight,Clear,2,"Sideswipe, Same Direction",No,No Controls,4,0,No Injury
786084,6/23/19,1:45 PM,2019-00059251,FREMONT ST,IVES ST ,FREMONT ST / IVES ST ,Fernando Lopez,156,23-Jun-19,Vehicle - Pedestrian,,,,"Two-Way , Not Divided",Dry,Daylight,Clear,1,Not a Collision Between Two Motor Vehicles in Transport,No,No Controls,3,1,Complains Of Pain
786238,6/23/19,10:14 PM,2019-00059438,SAYLES ST,EDDY ST ,SAYLES ST / EDDY ST ,John Benros,481,24-Jun-19,Vehicle - Pedestrian,,,,"Two-Way , Not Divided",Dry,Dark - Lighted,Clear,2,Angle (Front - to - Side) Right Angle (Includes Broadside),No,Stop Signs,2,1,Complains Of Pain
786287,6/24/19,1:00 PM,2019-00059692,630 MOUNT PLEASANT AVE,LENNON ST ,630 MOUNT PLEASANT AVE / LENNON ST ,Raymond Criner,340,25-Jun-19,Vehicle - Pedestrian,,,,"Two-Way , Not Divided",Dry,Daylight,Clear,1,Not a Collision Between Two Motor Vehicles in Transport,"Yes, Driver Left Scene",No Controls,3,0,No Injury
786384,6/25/19,8:37 PM,2019-00060161,CHAPIN AVE,ELLERY ST ,CHAPIN AVE / ELLERY ST ,Cory Vingi,237,25-Jun-19,Vehicle - Pedestrian,,,,"Two-Way , Not Divided",Wet,Dark - Lighted,Rain,1,Not a Collision Between Two Motor Vehicles in Transport,No,Stop Signs,2,0,No Injury
786387,6/25/19,8:58 PM,2019-00060164,325 WASHINGTON ST,DEAN ST ,325 WASHINGTON ST / DEAN ST ,Cory Vingi,237,25-Jun-19,Vehicle - Pedestrian,,,,"Two-Way , Not Divided",Wet,Dark - Lighted,Clear,1,Not a Collision Between Two Motor Vehicles in Transport,No,Traffic Control Signal,3,2,Complains Of Pain
786578,6/27/19,2:49 PM,2019-00060796,497 UNION AVE,PRINCESS AVE ,497 UNION AVE / PRINCESS AVE ,Joseph Lopes,227,27-Jun-19,Vehicle - Pedestrian,,,,"Two-Way , Not Divided",Dry,Daylight,Clear,2,Unknown,"Yes, M/V and Driver Left Scene",No Controls,2,0,Unknown
786641,6/27/19,10:40 PM,2019-00060980,MEMORIAL BLVD,WASHINGTON ST ,MEMORIAL BLVD / WASHINGTON ST ,Patrick Hourahan,243,27-Jun-19,Vehicle - Pedestrian,X,,,"Two-Way, Divided, Positive Median Barrier",Dry,Dark - Lighted,Clear,1,Angle (Front - to - Side) Right Angle (Includes Broadside),No,Traffic Control Signal,2,1,Complains Of Pain
786733,6/28/19,5:46 PM,2019-00061302,ELMWOOD AVE,ROSE AVE ,ELMWOOD AVE / ROSE AVE ,Jason Cotugno,173,28-Jun-19,Vehicle - Pedestrian,,,,"Two-Way, Divided, Positive Median Barrier",Dry,Daylight,Clear,2,Angle (Front - to - Side) Right Angle (Includes Broadside),No,No Controls,7,1,Non-Incapacitating
786766,6/28/19,5:16 PM,2019-00061291,CRANSTON ST,BENEDICT ST ,CRANSTON ST / BENEDICT ST ,Luis Pelaez,336,28-Jun-19,Vehicle - Pedestrian,,,,"Two-Way , Not Divided",Dry,Daylight,Clear,1,Not a Collision Between Two Motor Vehicles in Transport,No,No Controls,6,1,Complains Of Pain
786875,6/29/19,6:06 PM,2019-00061767,65 CONGDON ST,CUSHING ST ,65 CONGDON ST / CUSHING ST ,Joseph Lopes,227,29-Jun-19,Vehicle - Pedestrian,,,,"Two-Way , Not Divided",Dry,Daylight,Clear,1,Not a Collision Between Two Motor Vehicles in Transport,"Yes, M/V and Driver Left Scene",No Controls,2,0,No Injury
786945,6/30/19,4:37 AM,2019-00062053,FULTON ST,DORRANCE ST ,FULTON ST / DORRANCE ST ,Alberto DaCruz,205,30-Jun-19,Vehicle - Pedestrian,,,,"Two-Way , Not Divided",Dry,Dark - Lighted,Cloudy,1,Not a Collision Between Two Motor Vehicles in Transport,"Yes, M/V and Driver Left Scene",Traffic Control Signal,1,1,Incapacitating
787127,7/1/19,4:59 PM,2019-00062619,DEXTER ST,LINWOOD AVE ,DEXTER ST / LINWOOD AVE ,Wilkens Georges,548,01-Jul-19,Vehicle - Pedestrian,X,,,"Two-Way , Not Divided",Dry,Daylight,Clear,1,Not a Collision Between Two Motor Vehicles in Transport,No,No Controls,3,1,Complains Of Pain
787180,7/2/19,10:00 AM,2019-00999999,WASHINGTON ST,DEAN ST ,WASHINGTON ST / DEAN ST ,Mark Dececco,407,02-Jul-19,Vehicle - Pedestrian,,,,"Two-Way , Not Divided",Dry,Daylight,Clear,2,Rear End(Front-to-Rear),"Yes, M/V and Driver Left Scene",No Controls,3,0,No Injury
787308,7/3/19,1:17 PM,2019-00063324,ELMWOOD AVE,ELMWOOD AVE ,ELMWOOD AVE / ELMWOOD AVE ,Michael Maycock,281,03-Jul-19,Vehicle - Pedestrian,,,,"Two-Way , Not Divided",Dry,Daylight,Clear,2,Rear - to - Side,"Yes, M/V and Driver Left Scene",No Controls,2,0,Unknown
787314,7/3/19,3:38 PM,2019-00063368,OWEN ST,MANTON AVE ,OWEN ST / MANTON AVE ,Shaolin Herr,556,03-Jul-19,Vehicle - Pedestrian,X,,,"Two-Way , Not Divided",Dry,Daylight,Clear,1,Not a Collision Between Two Motor Vehicles in Transport,No,No Controls,2,1,Complains Of Pain
787527,7/5/19,3:31 PM,2019-00064243,7th street,HIGHLAND AVE ,7th street / HIGHLAND AVE ,Shaolin Herr,556,05-Jul-19,Vehicle - Pedestrian,X,,,"Two-Way , Not Divided",Dry,Daylight,Clear,1,Not a Collision Between Two Motor Vehicles in Transport,No,No Controls,2,0,No Injury
787555,7/5/19,7:20 PM,2019-00064349,ASHBURTON ST,CHARLES ST ,ASHBURTON ST / CHARLES ST ,Cory Vingi,237,05-Jul-19,Vehicle - Pedestrian,X,,,"Two-Way , Not Divided",Dry,Daylight,Clear,1,Not a Collision Between Two Motor Vehicles in Transport,"Yes, M/V and Driver Left Scene",No Controls,1,0,No Injury
787666,7/6/19,8:49 PM,2019-00064776,BLACKSTONE ST,PLAIN ST ,BLACKSTONE ST / PLAIN ST ,Andrew In,540,06-Jul-19,Vehicle - Pedestrian,,,,"Two-Way , Not Divided",Wet,Dark - Lighted,Rain,2,Unknown,"Yes, M/V and Driver Left Scene",No Controls,2,0,No Injury
787994,7/9/19,3:23 PM,2019-00065838,BROADWAY,SERVICE ROAD 7 ,BROADWAY / SERVICE ROAD 7 ,Ralph Abenante,511,09-Jul-19,Vehicle - Pedestrian,,,,One-Way Trafficway,Dry,Daylight,Clear,1,Head-On (Front - to - Front),"Yes, M/V and Driver Left Scene",Traffic Control Signal,2,1,Non-Incapacitating
788012,7/9/19,2:56 PM,2019-00065825,GREENE ST,WESTMINSTER ST ,GREENE ST / WESTMINSTER ST ,Shaolin Herr,556,09-Jul-19,Vehicle - Pedestrian,,,,One-Way Trafficway,Dry,Daylight,Clear,2,Rear End(Front-to-Rear),No,No Controls,3,0,No Injury
788066,7/9/19,10:52 PM,2019-00066025,19 Pope St.,KOSSUTH ST ,19 Pope St. / KOSSUTH ST ,Larissa Vadney,401,10-Jul-19,Vehicle - Pedestrian,X,,,"Two-Way , Not Divided",Dry,Dark - Lighted,Clear,1,Not a Collision Between Two Motor Vehicles in Transport,"Yes, M/V and Driver Left Scene",No Controls,1,1,Non-Incapacitating
788188,7/10/19,7:04 PM,2019-00066333,W FOUNTAIN ST,CARGILL ST ,W FOUNTAIN ST / CARGILL ST ,Jeffrey Gagnon,317,10-Jul-19,Vehicle - Pedestrian,,X,,"Two-Way , Not Divided",Dry,Dusk,Clear,1,Angle (Front - to - Side) Right Angle (Includes Broadside),No,No Controls,4,1,Complains Of Pain
788345,7/11/19,10:40 AM,2019-00066957,STEWART ST,BROAD ST ,STEWART ST / BROAD ST ,Robert Ballinger,520,12-Jul-19,Vehicle - Pedestrian,,,,"Two-Way , Not Divided",Dry,Daylight,Cloudy,1,Angle (Front - to - Side) Right Angle (Includes Broadside),No,No Controls,3,0,No Injury
788500,7/12/19,2:00 PM,2019-00067028,massachetts,BROAD ST ,massachetts / BROAD ST ,Albert Deschamps,527,13-Jul-19,Vehicle - Pedestrian,,,,"Two-Way , Not Divided",Dry,Daylight,Clear,2,"Sideswipe, Same Direction",No,No Controls,3,0,No Injury
788463,7/13/19,1:22 AM,2019-00067307,Atwells Ave,SUTTON ST ,Atwells Ave / SUTTON ST ,Mitchell Guerra,217,13-Jul-19,Vehicle - Pedestrian,,X,,"Two-Way , Not Divided",Dry,Dark - Lighted,Clear,1,Angle (Front - to - Side) Right Angle (Includes Broadside),No,No Controls,2,1,Complains Of Pain
788887,7/16/19,3:54 PM,2019-00068633,VALLEY ST,RIVER AVE ,VALLEY ST / RIVER AVE ,Michael Sepe,367,16-Jul-19,Vehicle - Pedestrian,,,,"Two-Way, Not Divided With a Continuous Left Turn Lane",Dry,Daylight,Clear,2,Rear End(Front-to-Rear),"Yes, M/V and Driver Left Scene",No Controls,2,0,No Injury
788891,7/16/19,7:37 PM,2019-00068734,DEAN ST,KINSLEY AVE ,DEAN ST / KINSLEY AVE ,Joseph Lopes,227,16-Jul-19,Vehicle - Pedestrian,,,,One-Way Trafficway,Dry,Daylight,Clear,1,Not a Collision Between Two Motor Vehicles in Transport,"Yes, M/V and Driver Left Scene",No Controls,1,1,Complains Of Pain
789112,7/17/19,7:30 PM,2019-00069472,Broad St,Potters Ave,Broad St / Potters Ave,Christopher Hines,537,18-Jul-19,Vehicle - Pedestrian,,,,"Two-Way , Not Divided",Wet,Daylight,Rain,1,Not a Collision Between Two Motor Vehicles in Transport,No,Traffic Control Signal,4,1,Complains Of Pain
788903,7/17/19,9:01 AM,2019-00068900,53 Warren Street,FULLER ST ,53 Warren Street / FULLER ST ,Darrin Anderson,550,17-Jul-19,Vehicle - Pedestrian,,,,"Two-Way, Divided, Unprotected (painted>4feet) Medium",Dry,Unknown,Clear,1,Not a Collision Between Two Motor Vehicles in Transport,"Yes, M/V and Driver Left Scene",No Controls,3,0,Unknown
789053,7/18/19,10:21 AM,2019-00069291,SUPERIOR ST,CRANSTON ST ,SUPERIOR ST / CRANSTON ST ,Fernando Lopez,156,18-Jul-19,Vehicle - Pedestrian,,,,"Two-Way , Not Divided",Dry,Daylight,Clear,2,"Sideswipe, Same Direction",No,No Controls,3,0,No Injury
789107,7/18/19,5:53 PM,2019-00069439,UPTON AVE,BLACKSTONE BLVD ,UPTON AVE / BLACKSTONE BLVD ,Shaolin Herr,556,18-Jul-19,Vehicle - Pedestrian,X,,,One-Way Trafficway,Wet,Other,Cloudy,1,Not a Collision Between Two Motor Vehicles in Transport,No,Stop Signs,3,1,Complains Of Pain
789161,7/19/19,8:09 AM,2019-00069631,BROAD ST,CAHIR ST ,BROAD ST / CAHIR ST ,Robert Ballinger,520,19-Jul-19,Vehicle - Pedestrian,,,,"Two-Way , Not Divided",Dry,Daylight,Clear,1,Not a Collision Between Two Motor Vehicles in Transport,No,Traffic Control Signal,4,1,Complains Of Pain
789384,7/21/19,9:50 AM,2019-00070488,CONGRESS AVE,NIAGARA ST ,CONGRESS AVE / NIAGARA ST ,Debbie Rosso,514,21-Jul-19,Vehicle - Pedestrian,,,,"Two-Way , Not Divided",Dry,Daylight,Clear,2,"Sideswipe, Same Direction",No,No Controls,3,0,No Injury
789414,7/21/19,2:30 PM,2019-00070551,51 Silver Spring Street ,Walmart Parking Lot ,51 Silver Spring Street  / Walmart Parking Lot ,Michele Tella,668,21-Jul-19,Vehicle - Pedestrian,,,,"Two-Way , Not Divided",Dry,Daylight,Clear,2,Rear - to - Side,"Yes, M/V and Driver Left Scene",No Controls,3,0,No Injury
789421,7/21/19,6:56 PM,2019-00070637,BROAD ST,PAYTON ST,BROAD ST / PAYTON ST,Kenneth Demarco,176,21-Jul-19,Vehicle - Pedestrian,,,,"Two-Way , Not Divided",Dry,Daylight,Clear,1,Not a Collision Between Two Motor Vehicles in Transport,No,Stop Signs,2,1,Complains Of Pain
789490,7/22/19,4:05 PM,2019-00070937,315 Thayer St,BOWEN ST ,315 Thayer St / BOWEN ST ,Joseph Lopes,227,22-Jul-19,Vehicle - Pedestrian,,,,One-Way Trafficway,Dry,Daylight,Clear,2,Unknown,No,No Controls,3,0,No Injury
789493,7/22/19,4:47 PM,2019-00070958,FRIENDSHIP ST,DORRANCE ST ,FRIENDSHIP ST / DORRANCE ST ,Shawn Kennedy,547,22-Jul-19,Vehicle - Pedestrian,,,,One-Way Trafficway,Dry,Daylight,Clear,1,Angle (Front - to - Side) Same Direction,No,No Controls,2,1,Complains Of Pain
789511,7/22/19,6:22 PM,2019-00070993,CHARLES ST,CHARLES ST EXIT 23 ,CHARLES ST / CHARLES ST EXIT 23 ,Thomas Savard,335,22-Jul-19,Vehicle - Pedestrian,,,,One-Way Trafficway,Dry,Daylight,Clear,1,Not a Collision Between Two Motor Vehicles in Transport,"Yes, M/V and Driver Left Scene",Yield Signs,1,1,Complains Of Pain
789571,7/23/19,8:33 AM,2019-00071179,MATHEWSON ST,FOUNTAIN ST ,MATHEWSON ST / FOUNTAIN ST ,Fernando Lopez,156,23-Jul-19,Vehicle - Pedestrian,,,,One-Way Trafficway,Wet,Daylight,Rain,1,Not a Collision Between Two Motor Vehicles in Transport,No,No Controls,5,1,Complains Of Pain
789588,7/23/19,8:00 AM,2019-00071177,BROADWAY,VALLEY ST ,BROADWAY / VALLEY ST ,Stephen Perez,560,23-Jul-19,Vehicle - Pedestrian,,,,"Two-Way, Divided, Unprotected (painted>4feet) Medium",Wet,Daylight,Rain,1,Not a Collision Between Two Motor Vehicles in Transport,No,Traffic Control Signal,3,1,Complains Of Pain
789754,7/24/19,12:55 PM,2019-00071632,MEMORIAL BLVD,FRANCIS ST ,MEMORIAL BLVD / FRANCIS ST ,Steven Perez,560,24-Jul-19,Vehicle - Pedestrian,,,,"Two-Way, Divided, Positive Median Barrier",Dry,Daylight,Clear,1,Not a Collision Between Two Motor Vehicles in Transport,No,Traffic Control Signal,3,0,No Injury
789813,7/24/19,8:40 PM,2019-00071813,TERRACE AVE,WEBSTER AVE ,TERRACE AVE / WEBSTER AVE ,Jeann Lugo,543,24-Jul-19,Vehicle - Pedestrian,X,,,"Two-Way , Not Divided",Dry,Dark - Unknown Lighting,Clear,1,Not a Collision Between Two Motor Vehicles in Transport,"Yes, M/V and Driver Left Scene",Unknown,1,1,Complains Of Pain
789994,7/25/19,9:57 PM,2019-00072229,EDDY ST,RICHMOND ST ,EDDY ST / RICHMOND ST ,Donald Brien,630,26-Jul-19,Vehicle - Pedestrian,,,,"Two-Way, Divided, Positive Median Barrier",Dry,Dark - Not Lighted,Clear,1,Not a Collision Between Two Motor Vehicles in Transport,No,No Controls,3,1,Complains Of Pain
790061,7/25/19,5:44 PM,2019-00072132,N MAIN ST,INDUSTRIAL DR ,N MAIN ST / INDUSTRIAL DR ,Cynthia Rodriguez,693,27-Jul-19,Vehicle - Pedestrian,,,,"Two-Way , Not Divided",Dry,Daylight,Clear,2,Unknown,"Yes, M/V and Driver Left Scene",No Controls,2,0,Unknown
790308,7/28/19,6:54 PM,2019-00073444,121 ROGER WILLIAMS AVE ,NARRAGANSETT AVE ,121 ROGER WILLIAMS AVE  / NARRAGANSETT AVE ,Joseph Lopes,227,29-Jul-19,Vehicle - Pedestrian,X,,,"Two-Way , Not Divided",Dry,Daylight,Clear,1,Not a Collision Between Two Motor Vehicles in Transport,"Yes, M/V and Driver Left Scene",No Controls,1,1,Complains Of Pain
790294,7/29/19,4:54 PM,2019-00073801,INDIA ST,,INDIA ST / ,Jeann Lugo,543,29-Jul-19,Vehicle - Pedestrian,,,,"Two-Way , Not Divided",Dry,Daylight,Clear,2,Not a Collision Between Two Motor Vehicles in Transport,"Yes, M/V and Driver Left Scene",No Controls,2,0,Unknown
790691,8/1/19,1:47 PM,2019-00074951,BROAD ST,PEARL ST,BROAD ST / PEARL ST,Nicholas Manfredi,343,01-Aug-19,Vehicle - Pedestrian,X,,,"Two-Way , Not Divided",Dry,Daylight,Clear,1,Not a Collision Between Two Motor Vehicles in Transport,"Yes, M/V and Driver Left Scene",No Controls,1,1,Complains Of Pain
790704,8/1/19,4:05 PM,2019-00074993,81 DELAINE STREET,SONOMA CT ,81 DELAINE STREET / SONOMA CT ,Mabel Addai,513,01-Aug-19,Vehicle - Pedestrian,,,,"Two-Way, Divided, Unprotected (painted>4feet) Medium",Dry,Daylight,Clear,1,"Sideswipe, Same Direction",No,No Controls,2,1,Complains Of Pain
790756,8/2/19,8:44 AM,2019-00075275,CHAD BROWN STREET,RADCLIFFE AVENUE,CHAD BROWN STREET / RADCLIFFE AVENUE,Joseph Madeira,552,02-Aug-19,Vehicle - Pedestrian,,,,"Two-Way , Not Divided",Dry,Daylight,Clear,1,Angle (Front - to - Side) Right Angle (Includes Broadside),No,Stop Signs,4,1,Non-Incapacitating
790777,8/2/19,9:55 AM,2019-00075291,WESTERN ST,JENKINS ST ,WESTERN ST / JENKINS ST ,Fernando Lopez,156,02-Aug-19,Vehicle - Pedestrian,,,,"Two-Way , Not Divided",Dry,Daylight,Clear,2,"Sideswipe, Same Direction",No,No Controls,5,0,No Injury
790872,8/2/19,11:38 PM,2019-00075645,ATWELLS AVE,BOND ST ,ATWELLS AVE / BOND ST ,Daviniel Urizar,555,03-Aug-19,Vehicle - Pedestrian,X,,,"Two-Way, Divided, Unprotected (painted>4feet) Medium",Dry,Dark - Lighted,Clear,1,Not a Collision Between Two Motor Vehicles in Transport,"Yes, Driver Left Scene",No Controls,1,0,No Injury
790879,8/3/19,1:57 AM,2019-00075710,Eddy St,MUTUAL ST ,Eddy St / MUTUAL ST ,Jan Delle Johnson,529,03-Aug-19,Vehicle - Pedestrian,,,,"Two-Way, Divided, Unprotected (painted>4feet) Medium",Dry,Dark - Lighted,Clear,2,Angle (Front - to - Side) Right Angle (Includes Broadside),No,No Controls,3,1,Incapacitating
790907,8/3/19,12:55 PM,2019-00075875,DRESSER ST,FLOWER ST ,DRESSER ST / FLOWER ST ,Jenna Heeder,557,03-Aug-19,Vehicle - Pedestrian,,,,"Two-Way , Not Divided",Dry,Daylight,Clear,2,Angle (Front - to - Side) Opposite Direction,"Yes, Driver Left Scene",No Controls,4,0,No Injury
790916,8/3/19,2:30 PM,2019-00075901,BROAD ST ,LOCKWOOD ST ,BROAD ST  / LOCKWOOD ST ,Joseph Lopes,227,03-Aug-19,Vehicle - Pedestrian,X,,,"Two-Way , Not Divided",Dry,Daylight,Clear,1,Not a Collision Between Two Motor Vehicles in Transport,"Yes, M/V and Driver Left Scene",No Controls,1,1,Complains Of Pain
790982,8/3/19,10:30 PM,2019-00076092,BROAD ST,VERNDALE AVE ,BROAD ST / VERNDALE AVE ,Stephen Sage,353,04-Aug-19,Vehicle - Pedestrian,,,,"Two-Way, Divided, Unprotected (painted>4feet) Medium",Dry,Dark - Lighted,Clear,1,Other,"Yes, M/V and Driver Left Scene",No Controls,2,1,Incapacitating
791364,8/8/19,2:26 PM,2019-00077912,HYACINTH ST,SHILOH ST ,HYACINTH ST / SHILOH ST ,Andrew In,540,08-Aug-19,Vehicle - Pedestrian,,,,"Two-Way , Not Divided",Dry,Daylight,Clear,2,Angle (Front - to - Side) Same Direction,"Yes, M/V and Driver Left Scene",No Controls,2,0,Unknown
791398,8/8/19,9:48 AM,2019-00078091,ATWELLS AVE,VALLEY ST ,ATWELLS AVE / VALLEY ST ,Daviniel Urizar,555,08-Aug-19,Vehicle - Pedestrian,X,,,"Two-Way, Divided, Positive Median Barrier",Wet,Dark - Lighted,Cloudy,1,Other,No,No Controls,4,1,Complains Of Pain