CrashReportId,CrashDate,CrashTime,ReportNumber,StreetOrHighway,NearestIntersection,Location,Officer,Badge,ReportDate,TypeOfCollision,Bicycle,Scooter,Wheel Chair,TypeOfRoadway,RoadSurfaceCondition,LightCondition,WeatherCondition,NumberofVehicles,MannerofImpact,HitAndRun,TrafficControl,PersonCount,InjuryCount,MostSeriousInjury
791955,8/9/19,11:16 AM,2019-00078260,UNION AVE,WAVERLY ST ,UNION AVE / WAVERLY ST ,Luis Pelaez,336,15-Aug-19,Vehicle - Pedestrian,,,,"Two-Way , Not Divided",Dry,Daylight,Clear,2,Unknown,"Yes, M/V and Driver Left Scene",No Controls,2,0,Unknown
791459,8/9/19,10:49 PM,2019-00078487,174 Linwood ave,DEXTER ST ,174 Linwood ave / DEXTER ST ,Dayshantell Ramirez,571,10-Aug-19,Vehicle - Pedestrian,X,,,"Two-Way , Not Divided",Dry,Dark - Lighted,Clear,1,Angle (Front - to - Side) Same Direction,No,No Controls,3,1,Complains Of Pain
791488,8/10/19,5:02 PM,2019-00078758,Pleasant Valley Parkway,Winrooth Ave,Pleasant Valley Parkway / Winrooth Ave,Harrison Northup,232,10-Aug-19,Vehicle - Pedestrian,,,,One-Way Trafficway,Dry,Daylight,Clear,1,Not a Collision Between Two Motor Vehicles in Transport,"Yes, M/V and Driver Left Scene",No Controls,1,0,No Injury
791503,8/10/19,7:20 PM,2019-00078804,S MAIN ST,TRANSIT ST ,S MAIN ST / TRANSIT ST ,Donald Castigliego,287,10-Aug-19,Vehicle - Pedestrian,,,,One-Way Trafficway,Dry,Dusk,Clear,1,Not a Collision Between Two Motor Vehicles in Transport,"Yes, M/V and Driver Left Scene",No Controls,2,1,Non-Incapacitating
791568,8/10/19,2:35 PM,2019-00078716,MOOREFIELD ST,POCASSET AVE ,MOOREFIELD ST / POCASSET AVE ,Mabel Addai,513,10-Aug-19,Vehicle - Pedestrian,,,,"Two-Way , Not Divided",Dry,Daylight,Clear,2,"Sidwswipe, Opposite Direction",No,No Controls,3,0,No Injury
791569,8/11/19,4:26 PM,2019-00079211,N MAIN ST,SMITH ST ,N MAIN ST / SMITH ST ,Donald Castigliego,287,11-Aug-19,Vehicle - Pedestrian,,,,One-Way Trafficway,Dry,Daylight,Clear,1,Not a Collision Between Two Motor Vehicles in Transport,"Yes, M/V and Driver Left Scene",No Controls,1,1,Complains Of Pain
791597,8/11/19,8:37 PM,2019-00079321,Plainfield Street,Union Street,Plainfield Street / Union Street,Abraham Lugo,525,11-Aug-19,Vehicle - Pedestrian,,,,"Two-Way, Divided, Unprotected (painted>4feet) Medium",Dry,Dark - Lighted,Clear,1,Angle (Front - to - Side) Same Direction,No,Stop Signs,4,1,Complains Of Pain
791684,8/12/19,2:12 PM,2019-00079607,88 Goddard St,,88 Goddard St / ,Steven Perez,560,13-Aug-19,Vehicle - Pedestrian,,,,"Two-Way , Not Divided",Dry,Daylight,Clear,2,"Sideswipe, Same Direction","Yes, M/V and Driver Left Scene",No Controls,2,1,Complains Of Pain
791957,8/15/19,6:41 PM,2019-00080871,REGENT AVE,HURON ST ,REGENT AVE / HURON ST ,David Liu,318,15-Aug-19,Vehicle - Pedestrian,,,,"Two-Way , Not Divided",Dry,Daylight,Clear,1,Not a Collision Between Two Motor Vehicles in Transport,"Yes, M/V and Driver Left Scene",No Controls,1,0,No Injury
792184,8/16/19,8:13 PM,2019-00081331,FRANCIS ST,AMERICAN EXPRESS PLZ ,FRANCIS ST / AMERICAN EXPRESS PLZ ,Jose Deschamps,419,19-Aug-19,Vehicle - Pedestrian,,,,"Two-Way, Divided, Unprotected (painted>4feet) Medium",Dry,Daylight,Clear,1,Not a Collision Between Two Motor Vehicles in Transport,No,Traffic Control Signal,4,1,Complains Of Pain
791989,8/16/19,2:50 PM,2019-00081192,ELMWOOD AVE,WILSON STREET ,ELMWOOD AVE / WILSON STREET ,Donald Castigliego,287,16-Aug-19,Vehicle - Pedestrian,X,,,"Two-Way , Not Divided",Dry,Daylight,Clear,1,Not a Collision Between Two Motor Vehicles in Transport,"Yes, M/V and Driver Left Scene",No Controls,1,1,Complains Of Pain
792001,8/16/19,3:48 PM,2019-00081215,F C GREENE MEMORIAL BLVD,CARR ST ,F C GREENE MEMORIAL BLVD / CARR ST ,Cory Vingi,237,16-Aug-19,Vehicle - Pedestrian,X,,,"Two-Way , Not Divided",Dry,Daylight,Clear,1,Not a Collision Between Two Motor Vehicles in Transport,No,No Controls,3,1,Incapacitating
792030,8/17/19,10:25 AM,2019-00081563,HOPE ST,9TH ST ,HOPE ST / 9TH ST ,Fernando Lopez,156,17-Aug-19,Vehicle - Pedestrian,,,,"Two-Way , Not Divided",Dry,Daylight,Clear,2,Rear End(Front-to-Rear),"Yes, M/V and Driver Left Scene",No Controls,2,0,No Injury
792204,8/19/19,12:51 PM,2019-00082394,EXIT 22A (RT ),FRANCIS ST ,EXIT 22A (RT ) / FRANCIS ST ,Robert Ballinger,520,19-Aug-19,Vehicle - Pedestrian,,,,"Two-Way, Divided, Unprotected (painted>4feet) Medium",Dry,Daylight,Clear,2,"Sideswipe, Same Direction","Yes, M/V and Driver Left Scene",No Controls,3,0,No Injury
792272,8/19/19,7:41 PM,2019-00082519,Veazie Street,ADDEO ST ,Veazie Street / ADDEO ST ,Taft Manzotti,377,19-Aug-19,Vehicle - Pedestrian,,,,"Two-Way , Not Divided",Wet,Dark - Lighted,Cloudy,2,Rear End(Front-to-Rear),"Yes, M/V and Driver Left Scene",No Controls,3,0,Unknown
792518,8/22/19,2:18 PM,2019-00083522,PROGRESS AVE,PRISCILLA AVE ,PROGRESS AVE / PRISCILLA AVE ,Fernando Lopez,156,22-Aug-19,Vehicle - Pedestrian,,,,"Two-Way , Not Divided",Dry,Daylight,Clear,2,"Sideswipe, Same Direction","Yes, M/V and Driver Left Scene",No Controls,2,0,Unknown
792659,8/23/19,8:38 PM,2019-00084014,PONAGANSETT AVE / DRESSER ST,PONAGANSETT AVE ,PONAGANSETT AVE / DRESSER ST / PONAGANSETT AVE ,Casey Correia,521,23-Aug-19,Vehicle - Pedestrian,X,,,"Two-Way , Not Divided",Dry,Dusk,Clear,1,Not a Collision Between Two Motor Vehicles in Transport,No,No Controls,2,1,Complains Of Pain
792686,8/24/19,9:12 AM,2019-00084203,WESLEYAN AVE,TAYLOR ST ,WESLEYAN AVE / TAYLOR ST ,Robert Ballinger,520,24-Aug-19,Vehicle - Pedestrian,,,,"Two-Way , Not Divided",Dry,Daylight,Clear,2,Unknown,"Yes, M/V and Driver Left Scene",No Controls,3,0,Unknown
793135,8/25/19,2:40 PM,2019-00084695,HAUXHURST AVE,LAUREL HILL AVE,HAUXHURST AVE / LAUREL HILL AVE,Timothy Phok,561,29-Aug-19,Vehicle - Pedestrian,,,,One-Way Trafficway,Dry,Daylight,Clear,1,Not a Collision Between Two Motor Vehicles in Transport,No,No Controls,2,1,Non-Incapacitating
792734,8/25/19,12:56 AM,2019-00084517,ORMS ST,CANDACE ST ,ORMS ST / CANDACE ST ,Jeffrey Gagnon,317,25-Aug-19,Vehicle - Pedestrian,,,,"Two-Way , Not Divided",Dry,Dark - Lighted,Clear,1,Other,"Yes, M/V and Driver Left Scene",No Controls,3,1,Complains Of Pain
792886,8/26/19,6:11 PM,2019-00085089,EDDY STREET,RICHMOND ST ,EDDY STREET / RICHMOND ST ,Luis Boror,575,26-Aug-19,Vehicle - Pedestrian,,,,One-Way Trafficway,Dry,Daylight,Clear,2,Angle (Front - to - Side) Same Direction,No,Stop Signs,3,0,No Injury
792972,8/27/19,8:00 PM,2019-00085490,HOPE ST,TRANSIT ST ,HOPE ST / TRANSIT ST ,Miguel Castillo,489,27-Aug-19,Vehicle - Pedestrian,,,,"Two-Way, Divided, Unprotected (painted>4feet) Medium",Dry,Daylight,Clear,2,Unknown,"Yes, M/V and Driver Left Scene",No Controls,2,0,No Injury
793187,8/29/19,2:54 PM,2019-00086114,863 BROAD STREET,OXFORD ST ,863 BROAD STREET / OXFORD ST ,Giana Valletta,396,29-Aug-19,Vehicle - Pedestrian,,,,"Two-Way, Divided, Unprotected (painted>4feet) Medium",Dry,Daylight,Clear,1,Not a Collision Between Two Motor Vehicles in Transport,"Yes, M/V and Driver Left Scene",No Controls,2,1,Complains Of Pain
793201,8/29/19,10:00 AM,2019-00086290,DEAN ST,ATWELLS AVE ,DEAN ST / ATWELLS AVE ,Louis Prete,522,29-Aug-19,Vehicle - Pedestrian,,,,"Two-Way, Not Divided With a Continuous Left Turn Lane",Dry,Dark - Lighted,Clear,1,Not a Collision Between Two Motor Vehicles in Transport,No,Traffic Control Signal,6,1,Complains Of Pain
794458,8/31/19,7:46 PM,2019-00087079,BROAD ST ,MASSACHUSETTS AVE ,BROAD ST  / MASSACHUSETTS AVE ,Lucas Ramalho,507,31-Aug-19,Vehicle - Pedestrian,,,,"Two-Way , Not Divided",Dry,Dark - Lighted,Clear,1,Not a Collision Between Two Motor Vehicles in Transport,No,No Controls,3,1,Complains Of Pain
793399,8/31/19,4:13 PM,2019-00087004,PLAINFIELD STREET,KILLINGLY ST ,PLAINFIELD STREET / KILLINGLY ST ,Wilkens Georges,548,31-Aug-19,Vehicle - Pedestrian,,,,"Two-Way, Divided, Unprotected (painted>4feet) Medium",Dry,Daylight,Clear,1,Not a Collision Between Two Motor Vehicles in Transport,No,No Controls,2,1,Non-Incapacitating
794468,9/1/19,7:42 PM,2019-00087554,HAMMOND ST,DIVISION ST ,HAMMOND ST / DIVISION ST ,Shaolin Herr,556,01-Sep-19,Vehicle - Pedestrian,,,,"Two-Way , Not Divided",Dry,Dark - Lighted,Cloudy,1,Not a Collision Between Two Motor Vehicles in Transport,No,Stop Signs,4,1,Complains Of Pain
794424,9/1/19,2:08 AM,2019-00087288,1193 Eddy Street,,1193 Eddy Street / ,Flavio Tavares,371,01-Sep-19,Vehicle - Pedestrian,,,,"Two-Way , Not Divided",Dry,Dark - Lighted,Clear,1,Not a Collision Between Two Motor Vehicles in Transport,"Yes, M/V and Driver Left Scene",No Controls,2,1,Incapacitating
794476,9/2/19,12:12 AM,2019-00087679,Elmwood Ave ,Roger Williams Ave,Elmwood Ave  / Roger Williams Ave,Louis Ferreras,332,02-Sep-19,Vehicle - Pedestrian,X,,,"Two-Way, Divided, Unprotected (painted>4feet) Medium",Dry,Dark - Lighted,Clear,1,Not a Collision Between Two Motor Vehicles in Transport,"Yes, M/V and Driver Left Scene",No Controls,2,1,Complains Of Pain
794517,9/3/19,3:47 AM,2019-00088052,551 North Main ST,N MAIN ST ,551 North Main ST / N MAIN ST ,Khari Bass,312,03-Sep-19,Vehicle - Pedestrian,,,,"Two-Way, Divided, Positive Median Barrier",Wet,Dark - Lighted,Rain,1,Not a Collision Between Two Motor Vehicles in Transport,"Yes, M/V and Driver Left Scene",No Controls,1,1,Complains Of Pain
794655,9/4/19,6:57 AM,2019-00088512,VALLEY ST,HAROLD ST ,VALLEY ST / HAROLD ST ,Jeann Lugo,543,04-Sep-19,Vehicle - Pedestrian,,,,"Two-Way , Not Divided",Dry,Dawn,Clear,1,Unknown,"Yes, M/V and Driver Left Scene",No Controls,1,0,Unknown
794790,9/5/19,10:59 PM,2019-00089230,KENNEDY PLAZA,DORRANCE ST ,KENNEDY PLAZA / DORRANCE ST ,Lucas Ramalho,507,06-Sep-19,Vehicle - Pedestrian,,,,One-Way Trafficway,Dry,Dark - Lighted,Clear,1,Not a Collision Between Two Motor Vehicles in Transport,No,No Controls,3,1,Complains Of Pain
795002,9/8/19,12:58 AM,2019-00090051,BRANCH AVE,95 SOUTH ON-RAMP,BRANCH AVE / 95 SOUTH ON-RAMP,Mitchel Voyer,355,08-Sep-19,Vehicle - Pedestrian,X,,,One-Way Trafficway,Dry,Dark - Lighted,Clear,1,Not a Collision Between Two Motor Vehicles in Transport,No,No Controls,2,1,Non-Incapacitating
795139,9/9/19,2:26 PM,2019-00090593,BUCKLIN ST ,MAWNEY ST ,BUCKLIN ST  / MAWNEY ST ,Joseph Lopes,227,09-Sep-19,Vehicle - Pedestrian,,,,"Two-Way , Not Divided",Dry,Daylight,Clear,2,Not a Collision Between Two Motor Vehicles in Transport,No,No Controls,10,0,No Injury
795441,9/12/19,11:14 PM,2019-00091993,Oakland Ave.,CHAD BROWN ST ,Oakland Ave. / CHAD BROWN ST ,Mitchel Voyer,355,13-Sep-19,Vehicle - Pedestrian,X,,,"Two-Way , Not Divided",Dry,Dark - Lighted,Clear,1,Not a Collision Between Two Motor Vehicles in Transport,"Yes, M/V and Driver Left Scene",No Controls,2,1,Non-Incapacitating
795456,9/13/19,7:19 AM,2019-00092068,LEXINGTON AVE,NIAGARA ST ,LEXINGTON AVE / NIAGARA ST ,Fernando Lopez,156,13-Sep-19,Vehicle - Pedestrian,,,,One-Way Trafficway,Dry,Daylight,Clear,2,"Sideswipe, Same Direction","Yes, M/V and Driver Left Scene",No Controls,3,0,Unknown
795476,9/13/19,7:32 AM,2019-00009270,NARRAGANSETT BLVD,CALIFORNIA AVE ,NARRAGANSETT BLVD / CALIFORNIA AVE ,Matthew Sheridan,,13-Sep-19,Vehicle - Pedestrian,,,,"Two-Way , Not Divided",Dry,Daylight,Cloudy,1,Not a Collision Between Two Motor Vehicles in Transport,No,No Controls,2,1,Complains Of Pain
795511,9/13/19,5:53 PM,2019-00092259,VALLEY ST,DELAINE ST ,VALLEY ST / DELAINE ST ,Joseph Lopes,227,13-Sep-19,Vehicle - Pedestrian,,,,"Two-Way , Not Divided",Dry,Daylight,Clear,1,Not a Collision Between Two Motor Vehicles in Transport,No,Stop Signs,3,1,Non-Incapacitating
795544,9/14/19,3:16 PM,2019-00092605,SERVICE ROAD 8,BROAD ST ,SERVICE ROAD 8 / BROAD ST ,Joseph Lopes,227,14-Sep-19,Vehicle - Pedestrian,,,,One-Way Trafficway,Wet,Daylight,Rain,1,Not a Collision Between Two Motor Vehicles in Transport,No,Traffic Control Signal,4,1,Non-Incapacitating
796573,9/14/19,7:31 PM,2019-00092721,FISK ST,BERNARD ST ,FISK ST / BERNARD ST ,Joseph Lopes,227,14-Sep-19,Vehicle - Pedestrian,X,,,"Two-Way , Not Divided",Wet,Dark - Unknown Lighting,Rain,1,Not a Collision Between Two Motor Vehicles in Transport,No,Stop Signs,4,2,Non-Incapacitating
796606,9/15/19,7:58 AM,2019-00092950,63 Elmwood Ave,ELMWOOD AVE ,63 Elmwood Ave / ELMWOOD AVE ,Luis Fernandez,531,15-Sep-19,Vehicle - Pedestrian,,,,"Two-Way , Not Divided",Dry,Daylight,Clear,3,Angle (Front - to - Side) Right Angle (Includes Broadside),"Yes, M/V and Driver Left Scene",No Controls,4,0,Unknown
796617,9/15/19,1:23 PM,2019-00093011,GREENWICH ST,BUCKLIN ST ,GREENWICH ST / BUCKLIN ST ,David Sepe,504,15-Sep-19,Vehicle - Pedestrian,,,,"Two-Way , Not Divided",Dry,Daylight,Clear,1,Angle (Front - to - Side) Right Angle (Includes Broadside),No,Traffic Control Signal,6,1,Complains Of Pain
796736,9/16/19,4:41 PM,2019-00093504,299 MANTON AVE,ANDERSON ST ,299 MANTON AVE / ANDERSON ST ,Joseph Lopes,227,16-Sep-19,Vehicle - Pedestrian,,,,"Two-Way , Not Divided",Dry,Daylight,Clear,2,"Sideswipe, Same Direction","Yes, M/V and Driver Left Scene",No Controls,2,0,Unknown
796787,9/17/19,7:46 AM,2019-00093712,CRANSTON ST,BRIDGHAM ST ,CRANSTON ST / BRIDGHAM ST ,Jose Deschamps,419,17-Sep-19,Vehicle - Pedestrian,,,,"Two-Way, Divided, Unprotected (painted>4feet) Medium",Dry,Daylight,Clear,1,Not a Collision Between Two Motor Vehicles in Transport,No,Traffic Control Signal,4,1,Complains Of Pain
796855,9/17/19,9:56 PM,2019-00094026,SOUTH ST,RICHMOND ST ,SOUTH ST / RICHMOND ST ,Lucas Ramalho,507,17-Sep-19,Vehicle - Pedestrian,,,,"Two-Way , Not Divided",Dry,Dark - Lighted,Clear,1,Not a Collision Between Two Motor Vehicles in Transport,No,Stop Signs,3,1,Complains Of Pain
797015,9/19/19,8:33 AM,2019-00094522,STATE ST,SMITH ST ,STATE ST / SMITH ST ,Wayne Mann,563,19-Sep-19,Vehicle - Pedestrian,,,,One-Way Trafficway,Dry,Daylight,Clear,1,Other,No,Stop Signs,3,1,Non-Incapacitating
797016,9/19/19,8:44 AM,2019-00094524,PUBLIC ST,I 95 N ,PUBLIC ST / I 95 N ,Edwardo Curi,294,19-Sep-19,Vehicle - Pedestrian,X,,,"Two-Way , Not Divided",Dry,Daylight,Cloudy,1,Angle (Front - to - Side) Right Angle (Includes Broadside),No,Traffic Control Signal,2,1,Complains Of Pain
797104,9/20/19,3:22 PM,2019-00095064,SERVICE ROAD 7,PINE ST ,SERVICE ROAD 7 / PINE ST ,David Forte,518,20-Sep-19,Vehicle - Pedestrian,,,,One-Way Trafficway,Dry,Daylight,Clear,2,Rear End(Front-to-Rear),"Yes, M/V and Driver Left Scene",No Controls,2,0,Unknown
797129,9/20/19,8:18 PM,2019-00095177,BELLEVUE AVE,DEXTER ST ,BELLEVUE AVE / DEXTER ST ,Joseph Lopes,227,20-Sep-19,Vehicle - Pedestrian,X,,,"Two-Way , Not Divided",Dry,Dark - Lighted,Clear,1,Not a Collision Between Two Motor Vehicles in Transport,"Yes, M/V and Driver Left Scene",Stop Signs,2,1,Non-Incapacitating
802995,9/20/19,7:22 PM,2019-00095161,ELMWOOD AVE,ROGER WILLIAMS AVE ,ELMWOOD AVE / ROGER WILLIAMS AVE ,Kenneth Demarco,176,20-Sep-19,Vehicle - Pedestrian,,,,"Two-Way, Divided, Positive Median Barrier",Dry,Dark - Lighted,Clear,1,Not a Collision Between Two Motor Vehicles in Transport,"Yes, M/V and Driver Left Scene",Traffic Control Signal,1,1,Complains Of Pain
797149,9/21/19,7:26 AM,2019-00095391,BROAD ST,SERVICE ROAD 7 ,BROAD ST / SERVICE ROAD 7 ,Fernando Lopez,156,21-Sep-19,Vehicle - Pedestrian,,,,"Two-Way , Not Divided",Dry,Daylight,Clear,2,Angle (Front - to - Side) Right Angle (Includes Broadside),No,Traffic Control Signal,6,1,Complains Of Pain
797166,9/21/19,1:27 PM,2019-00095483,BLACKSTONE BLVD,ALFRED STONE RD ,BLACKSTONE BLVD / ALFRED STONE RD ,Fernando Lopez,156,21-Sep-19,Vehicle - Pedestrian,,,,One-Way Trafficway,Dry,Daylight,Clear,2,"Sideswipe, Same Direction","Yes, M/V and Driver Left Scene",No Controls,3,0,Unknown
797187,9/21/19,7:11 PM,2019-00095622,ATWELLS AVE,DEAN ST ,ATWELLS AVE / DEAN ST ,Donald Castigliego,287,21-Sep-19,Vehicle - Pedestrian,,,,"Two-Way , Not Divided",Dry,Dark - Lighted,Clear,1,Not a Collision Between Two Motor Vehicles in Transport,No,No Controls,3,0,No Injury
797245,9/22/19,11:21 AM,2019-00095928,310 Cranston Street,GILMORE ST ,310 Cranston Street / GILMORE ST ,Luis Fernandez,531,22-Sep-19,Vehicle - Pedestrian,,,,"Two-Way , Not Divided",Dry,Daylight,Clear,1,"Sidwswipe, Opposite Direction","Yes, M/V and Driver Left Scene",No Controls,1,1,Complains Of Pain
797252,9/22/19,11:29 AM,2019-00095932,103 Academy Avenue,WISDOM AVE ,103 Academy Avenue / WISDOM AVE ,Michele Rudolph,512,22-Sep-19,Vehicle - Pedestrian,,,,"Two-Way, Divided, Unprotected (painted>4feet) Medium",Dry,Daylight,Clear,2,Angle (Front - to - Side) Same Direction,No,No Controls,5,0,No Injury
797265,9/22/19,3:18 PM,2019-00096007,39 SALMON ST ,SALMON ST ,39 SALMON ST  / SALMON ST ,Joseph Lopes,227,22-Sep-19,Vehicle - Pedestrian,X,,,"Two-Way , Not Divided",Dry,Daylight,Clear,1,Not a Collision Between Two Motor Vehicles in Transport,"Yes, M/V and Driver Left Scene",No Controls,1,1,Non-Incapacitating
797302,9/22/19,10:51 PM,2019-00096166,ATWELLS AVE,HANNAH ST ,ATWELLS AVE / HANNAH ST ,Kristen Barth,247,23-Sep-19,Vehicle - Pedestrian,,,,"Two-Way , Not Divided",Dry,Dark - Lighted,Clear,3,Rear End(Front-to-Rear),No,Traffic Control Signal,5,1,Complains Of Pain
797371,9/23/19,3:05 PM,2019-00096431,elmwood ave,CADILLAC DR ,elmwood ave / CADILLAC DR ,Ptlw. Levesque,248,23-Sep-19,Vehicle - Pedestrian,,,,"Two-Way , Not Divided",Dry,Daylight,Clear,1,Not a Collision Between Two Motor Vehicles in Transport,No,No Controls,2,1,Complains Of Pain
797387,9/23/19,4:47 PM,2019-00096479,SERVICE ROAD 8,WESTMINSTER ST ,SERVICE ROAD 8 / WESTMINSTER ST ,Donald Castigliego,287,23-Sep-19,Vehicle - Pedestrian,X,,,One-Way Trafficway,Dry,Daylight,Clear,1,Not a Collision Between Two Motor Vehicles in Transport,No,Stop Signs,3,1,Complains Of Pain
797431,9/23/19,4:43 PM,2019-00096484,Empire Street,BROADWAY ,Empire Street / BROADWAY ,Southavout Im,382,23-Sep-19,Vehicle - Pedestrian,,,,"Two-Way , Not Divided",Dry,Daylight,Clear,1,Other,No,Traffic Control Signal,5,1,Complains Of Pain
797671,9/25/19,9:11 PM,2019-00097433,BROADWAY,VALLEY ST ,BROADWAY / VALLEY ST ,Graig Sion,254,25-Sep-19,Vehicle - Pedestrian,,,,"Two-Way, Divided, Unprotected (painted>4feet) Medium",Dry,Dark - Lighted,Clear,1,Not a Collision Between Two Motor Vehicles in Transport,"Yes, M/V and Driver Left Scene",No Controls,1,1,Complains Of Pain
797680,9/25/19,11:59 PM,2019-00097476,270 broad street,LOCKWOOD ST ,270 broad street / LOCKWOOD ST ,Kristen Barth,247,26-Sep-19,Vehicle - Pedestrian,,,,"Two-Way , Not Divided",Dry,Dark - Lighted,Clear,1,Not a Collision Between Two Motor Vehicles in Transport,"Yes, M/V and Driver Left Scene",No Controls,1,1,Complains Of Pain
797740,9/26/19,12:31 PM,2019-00097632,BALCOM ST,SACKETT ST ,BALCOM ST / SACKETT ST ,David Sepe,504,26-Sep-19,Vehicle - Pedestrian,,,,"Two-Way , Not Divided",Dry,Daylight,Clear,2,Rear - to - Side,No,No Controls,7,3,Complains Of Pain
797841,9/27/19,9:42 AM,2019-00097978,IVES ST,FREMONT ST ,IVES ST / FREMONT ST ,Fernando Lopez,156,27-Sep-19,Vehicle - Pedestrian,,,,"Two-Way , Not Divided",Dry,Daylight,Clear,2,"Sideswipe, Same Direction",No,No Controls,4,0,No Injury
797901,9/27/19,4:48 PM,2019-00098151,OLNEY ST,BROWN ST ,OLNEY ST / BROWN ST ,Joseph Lopes,227,27-Sep-19,Vehicle - Pedestrian,X,,,"Two-Way , Not Divided",Dry,Daylight,Clear,1,Not a Collision Between Two Motor Vehicles in Transport,No,No Controls,3,1,Complains Of Pain
797916,9/27/19,7:07 PM,2019-00098209,461 PLAINFIELD ST,PLAINFIELD ST ,461 PLAINFIELD ST / PLAINFIELD ST ,Joseph Lopes,227,27-Sep-19,Vehicle - Pedestrian,,,,"Two-Way , Not Divided",Dry,Dark - Lighted,Clear,3,Rear End(Front-to-Rear),No,No Controls,4,2,Complains Of Pain
797975,9/28/19,1:10 PM,2019-00098559,HOPE ST,BLACKSTONE BLVD ,HOPE ST / BLACKSTONE BLVD ,Fernando Lopez,156,28-Sep-19,Vehicle - Pedestrian,,,,"Two-Way , Not Divided",Dry,Daylight,Clear,1,Not a Collision Between Two Motor Vehicles in Transport,No,No Controls,4,1,Complains Of Pain
798041,9/28/19,7:07 PM,2019-00098702,BROAD STREET,PORTLAND STREET ,BROAD STREET / PORTLAND STREET ,Donald Castigliego,287,28-Sep-19,Vehicle - Pedestrian,,,,"Two-Way , Not Divided",Dry,Dark - Lighted,Clear,1,Not a Collision Between Two Motor Vehicles in Transport,No,No Controls,4,1,Complains Of Pain
798352,10/2/19,7:07 PM,2019-00100344,NARRAGANSETT BLVD,MASSACHUSETTS AVE,NARRAGANSETT BLVD / MASSACHUSETTS AVE,Jason Cotugno,173,02-Oct-19,Vehicle - Pedestrian,,,,"Two-Way , Not Divided",Wet,Dark - Lighted,Rain,1,Not a Collision Between Two Motor Vehicles in Transport,"Yes, M/V and Driver Left Scene",No Controls,1,1,Complains Of Pain
798383,10/2/19,11:48 PM,2019-00100424,Elmwood Ave ,POTTERS AVE ,Elmwood Ave  / POTTERS AVE ,Kristen Barth,247,03-Oct-19,Vehicle - Pedestrian,,,,"Two-Way , Not Divided",Dry,Dark - Lighted,Clear,1,Not a Collision Between Two Motor Vehicles in Transport,"Yes, M/V and Driver Left Scene",No Controls,1,1,Complains Of Pain
798409,10/3/19,12:06 PM,2019-00100568,BROADWAY,ANDREW ST ,BROADWAY / ANDREW ST ,Victor Tavarez,564,03-Oct-19,Vehicle - Pedestrian,,,,"Two-Way, Divided, Unprotected (painted>4feet) Medium",Dry,Daylight,Cloudy,1,Not a Collision Between Two Motor Vehicles in Transport,No,No Controls,3,1,Complains Of Pain
798439,10/3/19,4:30 PM,2019-00100668,KNIGHT ST,BROADWAY ,KNIGHT ST / BROADWAY ,Larissa Vadney,401,03-Oct-19,Vehicle - Pedestrian,,,,"Two-Way , Not Divided",Dry,Daylight,Cloudy,1,Not a Collision Between Two Motor Vehicles in Transport,No,Traffic Control Signal,3,1,Complains Of Pain
798480,10/3/19,3:41 PM,2019-00100646,Hillcrest Ave,FREEDOM RD ,Hillcrest Ave / FREEDOM RD ,Christopher Castagliuolo,351,03-Oct-19,Vehicle - Pedestrian,,,,"Two-Way , Not Divided",Dry,Daylight,Clear,2,"Sideswipe, Same Direction","Yes, M/V and Driver Left Scene",No Controls,2,0,No Injury
798522,10/4/19,10:25 AM,2019-00100922,REDWING ST,BUCKLIN ST ,REDWING ST / BUCKLIN ST ,Luis Fernandez,531,04-Oct-19,Vehicle - Pedestrian,,,,"Two-Way , Not Divided",Dry,Daylight,Clear,1,Not a Collision Between Two Motor Vehicles in Transport,"Yes, M/V and Driver Left Scene",Unknown,1,1,Complains Of Pain
798578,10/4/19,4:12 PM,2019-00101045,PLAINFIELD ST,SILVER LAKE AVE ,PLAINFIELD ST / SILVER LAKE AVE ,Ryan Malloy,311,04-Oct-19,Vehicle - Pedestrian,X,,,"Two-Way , Not Divided",Dry,Daylight,Clear,1,"Sideswipe, Same Direction",No,No Controls,2,1,Incapacitating
798596,10/5/19,12:50 AM,2019-00101217,S Water Street,Tockwotton Street,S Water Street / Tockwotton Street,Kristen Barth,247,05-Oct-19,Vehicle - Pedestrian,,,,One-Way Trafficway,Dry,Dark - Lighted,Clear,1,Not a Collision Between Two Motor Vehicles in Transport,"Yes, M/V and Driver Left Scene",No Controls,1,1,Complains Of Pain
798602,10/5/19,12:17 AM,2019-00101210,218 River Ave,VIEW ST ,218 River Ave / VIEW ST ,Renauld Joseph,398,05-Oct-19,Vehicle - Pedestrian,,,,"Two-Way , Not Divided",Dry,Dark - Lighted,Clear,2,Rear End(Front-to-Rear),"Yes, Driver Left Scene",No Controls,2,0,Unknown
798714,10/7/19,1:16 PM,2019-00102134,ABBOTT ST,PEACH AVE ,ABBOTT ST / PEACH AVE ,Fernando Lopez,156,07-Oct-19,Vehicle - Pedestrian,,,,"Two-Way , Not Divided",Dry,Daylight,Clear,2,"Sideswipe, Same Direction","Yes, M/V and Driver Left Scene",No Controls,2,0,Unknown