CrashReportId,CrashDate,CrashTime,ReportNumber,StreetOrHighway,NearestIntersection,Location,Officer,Badge,ReportDate,TypeOfCollision,Bicycle,Scooter,Wheel Chair,TypeOfRoadway,RoadSurfaceCondition,LightCondition,WeatherCondition,NumberofVehicles,MannerofImpact,HitAndRun,TrafficControl,PersonCount,InjuryCount,MostSeriousInjury
798973,10/10/19,9:49 AM,2019-00103180,ALVIN ST,CRESCENT ST ,ALVIN ST / CRESCENT ST ,Fernando Lopez,156,10-Oct-19,Vehicle - Pedestrian,,,,"Two-Way , Not Divided",Wet,Daylight,Rain,2,"Sidwswipe, Opposite Direction","Yes, M/V and Driver Left Scene",No Controls,2,0,Unknown
799139,10/11/19,5:47 PM,2019-00103720,HARRIS AVE,ATWELLS AVE ,HARRIS AVE / ATWELLS AVE ,Donald Castigliego,287,11-Oct-19,Vehicle - Pedestrian,,,,"Two-Way , Not Divided",Wet,Daylight,Rain,1,Not a Collision Between Two Motor Vehicles in Transport,No,Traffic Control Signal,2,0,No Injury
799178,10/11/19,11:00 PM,2019-00103829,SISSON ST,MANTON AVE ,SISSON ST / MANTON AVE ,Ptlm. Silva,252,12-Oct-19,Vehicle - Pedestrian,,,,"Two-Way , Not Divided",Wet,Dark - Lighted,Rain,1,Not a Collision Between Two Motor Vehicles in Transport,"Yes, M/V and Driver Left Scene",No Controls,1,1,Complains Of Pain
799262,10/12/19,7:59 PM,2019-00104137,BROAD ST,W FRIENDSHIP ST,BROAD ST / W FRIENDSHIP ST,Patrick Hourahan,243,12-Oct-19,Vehicle - Pedestrian,X,,,"Two-Way , Not Divided",Dry,Dark - Lighted,Clear,1,Not a Collision Between Two Motor Vehicles in Transport,No,No Controls,3,1,Complains Of Pain
799336,10/13/19,3:59 PM,2019-00104469,ADELAIDE AVE,EMERSON ST ,ADELAIDE AVE / EMERSON ST ,Joshua Cascione,225,13-Oct-19,Vehicle - Pedestrian,X,,,"Two-Way , Not Divided",Dry,Daylight,Clear,1,Not a Collision Between Two Motor Vehicles in Transport,"Yes, M/V and Driver Left Scene",No Controls,1,1,Non-Incapacitating
799573,10/15/19,3:30 PM,2019-00105230,BROAD ST,MARLBOROUGH ST ,BROAD ST / MARLBOROUGH ST ,Adrian Francis,239,15-Oct-19,Vehicle - Pedestrian,,,,"Two-Way , Not Divided",Dry,Daylight,Clear,1,Not a Collision Between Two Motor Vehicles in Transport,No,No Controls,2,1,Complains Of Pain
799577,10/15/19,9:22 PM,2019-00105358,Imera St,CHALKSTONE AVE ,Imera St / CHALKSTONE AVE ,Christopher Castagliuolo,351,15-Oct-19,Vehicle - Pedestrian,,,,"Two-Way , Not Divided",Dry,Dark - Lighted,Clear,1,Not a Collision Between Two Motor Vehicles in Transport,No,No Controls,3,1,Incapacitating
799651,10/15/19,10:03 PM,2019-00105371,Atwells Ave ,NEWTON ST ,Atwells Ave  / NEWTON ST ,Jennifer Fonseca,402,16-Oct-19,Vehicle - Pedestrian,,,,"Two-Way, Divided, Unprotected (painted>4feet) Medium",Dry,Dark - Lighted,Clear,1,Not a Collision Between Two Motor Vehicles in Transport,"Yes, Driver Left Scene",No Controls,1,1,Complains Of Pain
799713,10/16/19,11:31 PM,2019-00105753,Governor St.,MANNING ST ,Governor St. / MANNING ST ,Omar Castro,422,17-Oct-19,Vehicle - Pedestrian,,,,"Two-Way, Divided, Positive Median Barrier",Wet,Dark - Lighted,Rain,2,Rear End(Front-to-Rear),"Yes, Driver Left Scene",No Controls,4,0,No Injury
799790,10/17/19,3:43 PM,2019-00106029,Veazie Street,DOUGLAS AVE ,Veazie Street / DOUGLAS AVE ,Taft Manzotti,377,17-Oct-19,Vehicle - Pedestrian,X,,,"Two-Way , Not Divided",Dry,Daylight,Cloudy,1,Angle (Front - to - Side) Right Angle (Includes Broadside),No,No Controls,2,1,Complains Of Pain
799841,10/18/19,8:31 AM,2019-00106250,LLOYD AVE,HOPE ST ,LLOYD AVE / HOPE ST ,Paul Caminero,339,18-Oct-19,Vehicle - Pedestrian,,,,"Two-Way, Divided, Unprotected (painted>4feet) Medium",Dry,Daylight,Clear,2,"Sideswipe, Same Direction",No,Traffic Control Signal,4,0,No Injury
799861,10/18/19,3:29 PM,2019-00106368,66 BENEFIT STREET,,66 BENEFIT STREET / ,Donald Castigliego,287,18-Oct-19,Vehicle - Pedestrian,,,,"Two-Way , Not Divided",Dry,Daylight,Clear,1,Not a Collision Between Two Motor Vehicles in Transport,No,No Controls,2,1,Complains Of Pain
799978,10/19/19,4:32 PM,2019-00106812,TRANSIT ST,BROOK ST ,TRANSIT ST / BROOK ST ,Joseph Lopes,227,19-Oct-19,Vehicle - Pedestrian,X,,,"Two-Way , Not Divided",Dry,Daylight,Clear,1,Not a Collision Between Two Motor Vehicles in Transport,No,Stop Signs,6,1,Non-Incapacitating
800132,10/20/19,5:05 PM,2019-00107234,60 VALLEY ST,SAN SOUCI DR ,60 VALLEY ST / SAN SOUCI DR ,Joseph Lopes,227,20-Oct-19,Vehicle - Pedestrian,,,,"Two-Way , Not Divided",Dry,Unknown,Clear,1,Unknown,"Yes, M/V and Driver Left Scene",No Controls,1,1,Complains Of Pain
800245,10/21/19,3:31 PM,2019-00107533,380 HOPE ST,CARRINGTON AVE ,380 HOPE ST / CARRINGTON AVE ,Joseph Lopes,227,21-Oct-19,Vehicle - Pedestrian,,,,"Two-Way , Not Divided",Dry,Daylight,Clear,1,Not a Collision Between Two Motor Vehicles in Transport,"Yes, M/V and Driver Left Scene",No Controls,1,1,Complains Of Pain
800269,10/21/19,5:38 PM,2019-00107596,347 W FOUNTAIN ST,CARGILL ST ,347 W FOUNTAIN ST / CARGILL ST ,Joseph Lopes,227,21-Oct-19,Vehicle - Pedestrian,,,,"Two-Way , Not Divided",Dry,Daylight,Clear,2,Unknown,"Yes, M/V and Driver Left Scene",No Controls,2,0,Unknown
800520,10/23/19,4:04 PM,2019-00108323,EDDY ST,EDDY ST EXIT ,EDDY ST / EDDY ST EXIT ,Donald Castigliego,287,23-Oct-19,Vehicle - Pedestrian,X,,,"Two-Way , Not Divided",Dry,Daylight,Clear,1,Not a Collision Between Two Motor Vehicles in Transport,"Yes, M/V and Driver Left Scene",No Controls,1,0,No Injury
800606,10/24/19,2:50 PM,2019-00108629,533 ELMWOOD AVE,533 ELMWOOD AVE ,533 ELMWOOD AVE / 533 ELMWOOD AVE ,Jose Buten,322,24-Oct-19,Vehicle - Pedestrian,X,,,"Two-Way , Not Divided",Dry,Daylight,Clear,1,Angle (Front - to - Side) Opposite Direction,No,No Controls,2,1,Complains Of Pain
800651,10/24/19,8:20 PM,2019-00108755,ATWELLS AVE,HANNAH ST ,ATWELLS AVE / HANNAH ST ,Joshua Cascione,225,24-Oct-19,Vehicle - Pedestrian,,,,"Two-Way , Not Divided",Dry,Dark - Lighted,Clear,2,"Sideswipe, Same Direction",No,No Controls,3,0,No Injury
800676,10/24/19,11:13 PM,2019-00108810,SWIFT ST,JOB ST ,SWIFT ST / JOB ST ,David Forte,518,25-Oct-19,Vehicle - Pedestrian,,,,"Two-Way , Not Divided",Dry,Dark - Lighted,Clear,2,Angle (Front - to - Side) Same Direction,"Yes, M/V and Driver Left Scene",No Controls,2,0,No Injury
800693,10/25/19,7:51 AM,2019-00108898,ACADEMY AVE,REGENT AVE ,ACADEMY AVE / REGENT AVE ,Jin O,147,25-Oct-19,Vehicle - Pedestrian,,,,"Two-Way , Not Divided",Dry,Daylight,Clear,1,Not a Collision Between Two Motor Vehicles in Transport,"Yes, M/V and Driver Left Scene",Person,2,1,Complains Of Pain
800745,10/25/19,5:43 PM,2019-00109076,CLEMATIS ST,MOLLOY ST ,CLEMATIS ST / MOLLOY ST ,Joshua Cascione,225,25-Oct-19,Vehicle - Pedestrian,,,,"Two-Way , Not Divided",Dry,Dark - Lighted,Clear,1,Rear End(Front-to-Rear),No,No Controls,2,1,Incapacitating
800876,10/27/19,3:35 AM,2019-00109721,Oakland Ave,Higgins Ave,Oakland Ave / Higgins Ave,Robert Ballinger,520,27-Oct-19,Vehicle - Pedestrian,,,,"Two-Way , Not Divided",Dry,Dark - Lighted,Clear,2,"Sidwswipe, Opposite Direction","Yes, M/V and Driver Left Scene",No Controls,3,1,Complains Of Pain
801148,10/29/19,5:13 PM,2019-00110582,537 BROAD STREET,,537 BROAD STREET / ,Donald Castigliego,287,29-Oct-19,Vehicle - Pedestrian,X,,,"Two-Way , Not Divided",Dry,Daylight,Cloudy,1,Not a Collision Between Two Motor Vehicles in Transport,No,No Controls,3,0,No Injury
801151,10/29/19,6:00 PM,2019-00110596,SMITH ST,GENTIAN AVE ,SMITH ST / GENTIAN AVE ,Joshua Cascione,225,29-Oct-19,Vehicle - Pedestrian,,,,"Two-Way , Not Divided",Dry,Dark - Lighted,Cloudy,1,Not a Collision Between Two Motor Vehicles in Transport,No,Traffic Control Signal,5,0,No Injury
801206,10/30/19,2:43 PM,2019-00110902,COLLEGE ST,BENEFIT ST ,COLLEGE ST / BENEFIT ST ,Donald Castigliego,287,30-Oct-19,Vehicle - Pedestrian,,,,One-Way Trafficway,Wet,Daylight,Rain,1,Not a Collision Between Two Motor Vehicles in Transport,No,Traffic Control Signal,2,1,Complains Of Pain
801281,10/31/19,2:15 PM,2019-00111247,SORRENTO ST,LINWOOD AVE ,SORRENTO ST / LINWOOD AVE ,Thiago Gomes,532,31-Oct-19,Vehicle - Pedestrian,X,,,"Two-Way , Not Divided",Wet,Daylight,Rain,1,"Sidwswipe, Opposite Direction",No,Stop Signs,3,1,Complains Of Pain
801300,10/31/19,6:03 PM,2019-00111359,ATWELLS AVE,TUXEDO AVE ,ATWELLS AVE / TUXEDO AVE ,Joshua Cascione,225,31-Oct-19,Vehicle - Pedestrian,,,,"Two-Way , Not Divided",Wet,Dark - Lighted,Rain,1,Not a Collision Between Two Motor Vehicles in Transport,No,Other,2,1,Incapacitating
801320,10/31/19,8:58 PM,2019-00111406,ATWELLS AVE,CUTLER ST ,ATWELLS AVE / CUTLER ST ,Joshua Cascione,225,31-Oct-19,Vehicle - Pedestrian,,,,"Two-Way , Not Divided",Wet,Dark - Lighted,Rain,1,Not a Collision Between Two Motor Vehicles in Transport,"Yes, M/V and Driver Left Scene",No Controls,1,1,Incapacitating
801327,10/31/19,9:45 PM,2019-00111425,NEWARK ST,VALLEY ST ,NEWARK ST / VALLEY ST ,Michael Sepe,367,31-Oct-19,Vehicle - Pedestrian,,,,"Two-Way, Divided, Unprotected (painted>4feet) Medium",Wet,Dark - Lighted,Rain,2,Angle (Front - to - Side) Right Angle (Includes Broadside),"Yes, M/V and Driver Left Scene",Stop Signs,3,2,Complains Of Pain
801458,11/1/19,5:57 PM,2019-00111898,HARTFORD AVE,HARTFORD AVE ,HARTFORD AVE / HARTFORD AVE ,Brendan McKenna,314,01-Nov-19,Vehicle - Pedestrian,,,,"Two-Way, Divided, Unprotected (painted>4feet) Medium",Dry,Daylight,Clear,1,Head-On (Front - to - Front),"Yes, M/V and Driver Left Scene",Unknown,2,1,Complains Of Pain
801460,11/1/19,3:36 PM,2019-00111878,Dean St,W EXCHANGE ST ,Dean St / W EXCHANGE ST ,Deanna Johnson,408,01-Nov-19,Vehicle - Pedestrian,,,,"Two-Way, Divided, Positive Median Barrier",Dry,Daylight,Clear,1,Not a Collision Between Two Motor Vehicles in Transport,"Yes, M/V and Driver Left Scene",Traffic Control Signal,1,1,Complains Of Pain
801586,11/3/19,1:59 PM,2019-00112651,Dean St,KINSLEY AVE ,Dean St / KINSLEY AVE ,Alex Diaz,420,03-Nov-19,Vehicle - Pedestrian,,,,"Two-Way, Divided, Unprotected (painted>4feet) Medium",Dry,Daylight,Clear,0,Unknown,,Unknown,2,1,Complains Of Pain
802737,11/4/19,2:16 PM,2019-00112995,BROADWAY,HARRIS AVE ,BROADWAY / HARRIS AVE ,Lucio Andreozzi,381,05-Nov-19,Vehicle - Pedestrian,,,,"Two-Way, Divided, Unprotected (painted>4feet) Medium",Dry,Daylight,Clear,1,Other,No,No Controls,3,1,Complains Of Pain
802806,11/5/19,4:59 PM,2019-00113400,DUPONT DR,NIANTIC AVE ,DUPONT DR / NIANTIC AVE ,Joshua Cascione,225,05-Nov-19,Vehicle - Pedestrian,X,,,"Two-Way , Not Divided",Wet,Dark - Lighted,Rain,1,Angle (Front - to - Side) Right Angle (Includes Broadside),No,Traffic Control Signal,2,1,Complains Of Pain
802844,11/5/19,7:53 PM,2019-00113448,BROAD ST,BROAD ST ,BROAD ST / BROAD ST ,Cory Vingi,237,05-Nov-19,Vehicle - Pedestrian,X,,,"Two-Way , Not Divided",Dry,Dark - Lighted,Clear,1,Not a Collision Between Two Motor Vehicles in Transport,"Yes, M/V and Driver Left Scene",Pavement Markings,2,1,Complains Of Pain
802873,11/6/19,3:55 PM,2019-00113727,19 Preston St,GOVERNOR ST ,19 Preston St / GOVERNOR ST ,Andrew In,540,06-Nov-19,Vehicle - Pedestrian,X,,,"Two-Way , Not Divided",Dry,Dusk,Clear,2,Not a Collision Between Two Motor Vehicles in Transport,No,No Controls,2,0,No Injury
802933,11/7/19,5:47 PM,2019-00114131,DOYLE AVE,PROCTOR PL ,DOYLE AVE / PROCTOR PL ,Joshua Cascione,225,07-Nov-19,Vehicle - Pedestrian,,,,"Two-Way , Not Divided",Wet,Dark - Lighted,Rain,1,Not a Collision Between Two Motor Vehicles in Transport,"Yes, M/V and Driver Left Scene",No Controls,2,1,Complains Of Pain
802957,11/7/19,3:55 PM,2019-00114090,Point ,Eddy,Point  / Eddy,Shawn Kennedy,547,07-Nov-19,Vehicle - Pedestrian,,,,"Two-Way , Not Divided",Dry,Daylight,Clear,1,Angle (Front - to - Side) Same Direction,No,Traffic Control Signal,2,1,Complains Of Pain
803027,11/8/19,11:31 PM,2019-00114600,N MAIN ST,RANDALL ST ,N MAIN ST / RANDALL ST ,Victor Tavarez,564,09-Nov-19,Vehicle - Pedestrian,,,,"Two-Way, Divided, Positive Median Barrier",Dry,Dusk,Clear,1,Angle - Direction Not Specified,No,No Controls,5,1,Non-Incapacitating
803047,11/8/19,8:47 AM,2019-00114326,HOPE STREET,BOWEN ST ,HOPE STREET / BOWEN ST ,Raymond King,633,09-Nov-19,Vehicle - Pedestrian,,,,"Two-Way , Not Divided",Dry,Daylight,Clear,2,"Sideswipe, Same Direction","Yes, M/V and Driver Left Scene",No Controls,2,0,Unknown
802963,11/8/19,1:23 AM,2019-00114259,VALLEY ST,DELAINE ST ,VALLEY ST / DELAINE ST ,Ajay Subramaniam,569,08-Nov-19,Vehicle - Pedestrian,X,,,"Two-Way , Not Divided",Wet,Dark - Lighted,Rain,1,Not a Collision Between Two Motor Vehicles in Transport,No,Stop Signs,2,1,Non-Incapacitating
805194,11/11/19,4:30 PM,2019-00115614,OAKWOOD AVE,CHALKSTONE AVE ,OAKWOOD AVE / CHALKSTONE AVE ,Joshua Cascione,225,11-Nov-19,Vehicle - Pedestrian,,,,"Two-Way , Not Divided",Dry,Dark - Lighted,Cloudy,1,Not a Collision Between Two Motor Vehicles in Transport,No,No Controls,4,1,Incapacitating
805704,11/13/19,3:16 PM,2019-00116263,BROAD ST,FRICKER ST ,BROAD ST / FRICKER ST ,Joshua Cascione,225,13-Nov-19,Vehicle - Pedestrian,,,,"Two-Way , Not Divided",Dry,Daylight,Clear,1,Not a Collision Between Two Motor Vehicles in Transport,No,Pavement Markings,3,1,Complains Of Pain
805387,11/13/19,3:57 PM,2019-00116283,UNION AVE,RICOM WAY ,UNION AVE / RICOM WAY ,Joseph Lopes,227,13-Nov-19,Vehicle - Pedestrian,,,,"Two-Way , Not Divided",Dry,Daylight,Clear,1,Not a Collision Between Two Motor Vehicles in Transport,No,No Controls,3,1,Complains Of Pain
805597,11/15/19,9:50 AM,2019-00116900,ROUTE 10 SOUTH RESERVOIR AVE EXIT,RESERVOIR AVE ,ROUTE 10 SOUTH RESERVOIR AVE EXIT / RESERVOIR AVE ,Fernando Lopez,156,15-Nov-19,Vehicle - Pedestrian,,,,One-Way Trafficway,Dry,Daylight,Clear,1,Not a Collision Between Two Motor Vehicles in Transport,No,Pavement Markings,3,1,Complains Of Pain
805662,11/15/19,4:45 PM,2019-00117033,MEMORIAL BLVD,FRANCIS ST ,MEMORIAL BLVD / FRANCIS ST ,Cory Vingi,237,15-Nov-19,Vehicle - Pedestrian,,,,"Two-Way , Not Divided",Dry,Dark - Lighted,Clear,1,Not a Collision Between Two Motor Vehicles in Transport,No,Traffic Control Signal,3,1,Incapacitating
805674,11/15/19,7:43 PM,2019-00117096,742 POTTERS AVE,CALHOUN AVE ,742 POTTERS AVE / CALHOUN AVE ,Joseph Lopes,227,15-Nov-19,Vehicle - Pedestrian,,,,"Two-Way , Not Divided",Dry,Dark - Lighted,Clear,2,Not a Collision Between Two Motor Vehicles in Transport,"Yes, M/V and Driver Left Scene",No Controls,2,0,Unknown
805915,11/18/19,2:57 PM,2019-00118094,CHARLES ST,SILVER SPRING ST ,CHARLES ST / SILVER SPRING ST ,Andrew In,540,18-Nov-19,Vehicle - Pedestrian,,,,"Two-Way , Not Divided",Wet,Dusk,Rain,2,Rear End(Front-to-Rear),"Yes, M/V and Driver Left Scene",Traffic Control Signal,3,1,Complains Of Pain
805939,11/19/19,9:43 AM,2019-00118376,MEMORIAL BLVD,COLLEGE ST ,MEMORIAL BLVD / COLLEGE ST ,Fernando Lopez,156,19-Nov-19,Vehicle - Pedestrian,,,,"Two-Way , Not Divided",Wet,Daylight,Rain,1,Not a Collision Between Two Motor Vehicles in Transport,No,Pavement Markings,3,1,Complains Of Pain
805961,11/19/19,2:47 PM,2019-00118461,Fairmount Ave,MOUNT PLEASANT AVE ,Fairmount Ave / MOUNT PLEASANT AVE ,Christopher Castagliuolo,351,19-Nov-19,Vehicle - Pedestrian,,,,"Two-Way , Not Divided",Dry,Daylight,Cloudy,2,Not a Collision Between Two Motor Vehicles in Transport,"Yes, M/V and Driver Left Scene",No Controls,3,0,Unknown
805971,11/19/19,3:26 PM,2019-00118477,BARTON ST,WESTMINSTER ST ,BARTON ST / WESTMINSTER ST ,Deanna Johnson,408,19-Nov-19,Vehicle - Pedestrian,,,,"Two-Way , Not Divided",Dry,Daylight,Clear,1,Other,No,School Zone Signs,4,0,No Injury
805972,11/19/19,5:00 PM,2019-00118518,SOMERSET STREET,BROAD STREET,SOMERSET STREET / BROAD STREET,Giuseppe Scarcello,485,19-Nov-19,Vehicle - Pedestrian,,,,"Two-Way , Not Divided",Dry,Dark - Lighted,Clear,1,Not a Collision Between Two Motor Vehicles in Transport,"Yes, M/V and Driver Left Scene",No Controls,1,1,Non-Incapacitating
806008,11/20/19,9:38 AM,2019-00118737,WESTMINSTER ST,SNOW ST ,WESTMINSTER ST / SNOW ST ,Fernando Lopez,156,20-Nov-19,Vehicle - Pedestrian,,,,"Two-Way , Not Divided",Wet,Daylight,Rain,2,"Sidwswipe, Opposite Direction","Yes, M/V and Driver Left Scene",No Controls,2,0,Unknown
806138,11/21/19,1:35 PM,2019-00119165,FRANCIS ST,MEMORIAL BLVD ,FRANCIS ST / MEMORIAL BLVD ,Wayne Mann,563,21-Nov-19,Vehicle - Pedestrian,,,,"Two-Way , Not Divided",Dry,Daylight,Clear,1,Other,No,Traffic Control Signal,4,1,Complains Of Pain
806162,11/21/19,5:29 PM,2019-00119257,175 RIDGE ST,TOBEY ST ,175 RIDGE ST / TOBEY ST ,Joseph Lopes,227,21-Nov-19,Vehicle - Pedestrian,,,,One-Way Trafficway,Dry,Dark - Lighted,Clear,2,Not a Collision Between Two Motor Vehicles in Transport,No,No Controls,4,0,No Injury
806236,11/23/19,1:18 AM,2019-00119784,307 Manton Ave,ANDERSON ST ,307 Manton Ave / ANDERSON ST ,Lucas Ramalho,507,23-Nov-19,Vehicle - Pedestrian,,,,"Two-Way , Not Divided",Dry,Dark - Lighted,Clear,2,Rear End(Front-to-Rear),"Yes, M/V and Driver Left Scene",No Controls,3,1,Non-Incapacitating
806319,11/23/19,10:03 PM,2019-00120084,WESTMINSTER ST,STOKES ST ,WESTMINSTER ST / STOKES ST ,Joshua Cascione,225,23-Nov-19,Vehicle - Pedestrian,,,,"Two-Way , Not Divided",Dry,Dark - Lighted,Clear,1,Not a Collision Between Two Motor Vehicles in Transport,No,No Controls,4,1,Complains Of Pain
806355,11/24/19,8:04 AM,2019-00120218,HAWKINS ST,ADMIRAL ST ,HAWKINS ST / ADMIRAL ST ,Fernando Lopez,156,24-Nov-19,Vehicle - Pedestrian,,,,"Two-Way , Not Divided",Wet,Daylight,Rain,1,Not a Collision Between Two Motor Vehicles in Transport,"Yes, M/V and Driver Left Scene",Stop Signs,1,1,Complains Of Pain
806362,11/24/19,1:47 PM,2019-00120279,MIDDLE DR,WEST DR ,MIDDLE DR / WEST DR ,Andrew In,540,24-Nov-19,Vehicle - Pedestrian,,,,"Two-Way , Not Divided",Wet,Daylight,Rain,3,"Sidwswipe, Opposite Direction","Yes, M/V and Driver Left Scene",No Controls,3,0,No Injury
806494,11/25/19,6:32 PM,2019-00120721, FRANCIS ST,AMERICAN EXPRESS PLZ , FRANCIS ST / AMERICAN EXPRESS PLZ ,Joseph Lopes,227,25-Nov-19,Vehicle - Pedestrian,,,,"Two-Way , Not Divided",Dry,Dark - Lighted,Clear,1,Not a Collision Between Two Motor Vehicles in Transport,No,Traffic Control Signal,4,1,Non-Incapacitating
806651,11/26/19,8:36 PM,2019-00121162,BROADWAY,HARRIS AVE ,BROADWAY / HARRIS AVE ,Donald Castigliego,287,26-Nov-19,Vehicle - Pedestrian,,,,"Two-Way , Not Divided",Dry,Daylight,Clear,1,Not a Collision Between Two Motor Vehicles in Transport,No,Pavement Markings,3,1,Complains Of Pain
806764,11/27/19,8:05 PM,2019-00121507,WALLACE ST,WEBSTER AVE ,WALLACE ST / WEBSTER AVE ,Donald Castigliego,287,27-Nov-19,Vehicle - Pedestrian,X,,,"Two-Way , Not Divided",Wet,Dark - Lighted,Rain,1,Not a Collision Between Two Motor Vehicles in Transport,"Yes, M/V and Driver Left Scene",Stop Signs,2,0,No Injury
806766,11/27/19,7:28 PM,2019-00121497,ELMWOOD AVE,POTTERS AVE ,ELMWOOD AVE / POTTERS AVE ,Adrian Francis,239,27-Nov-19,Vehicle - Pedestrian,,,,"Two-Way, Divided, Unprotected (painted>4feet) Medium",Wet,Daylight,Rain,1,Not a Collision Between Two Motor Vehicles in Transport,"Yes, M/V and Driver Left Scene",Traffic Control Signal,1,1,Complains Of Pain
807420,12/5/19,10:52 PM,2019-00124153,CHARLES ST,SILVER SPRING ST ,CHARLES ST / SILVER SPRING ST ,Waldorf Pognon,501,06-Dec-19,Vehicle - Pedestrian,,,,"Two-Way , Not Divided",Dry,Dark - Lighted,Cloudy,1,Not a Collision Between Two Motor Vehicles in Transport,No,No Controls,2,1,Complains Of Pain
807337,12/5/19,7:45 PM,2019-00124118,EXIT 22A (RT ),FRANCIS ST ,EXIT 22A (RT ) / FRANCIS ST ,Donald Castigliego,287,05-Dec-19,Vehicle - Pedestrian,,,,"Two-Way, Divided, Positive Median Barrier",Dry,Dark - Lighted,Clear,1,Not a Collision Between Two Motor Vehicles in Transport,No,Traffic Control Signal,4,1,Incapacitating
807356,12/6/19,10:05 AM,2019-00124244,HOPE ST,MANNING ST ,HOPE ST / MANNING ST ,Fernando Lopez,156,06-Dec-19,Vehicle - Pedestrian,X,,,"Two-Way , Not Divided",Dry,Daylight,Clear,1,Not a Collision Between Two Motor Vehicles in Transport,No,No Controls,4,1,Complains Of Pain
807529,12/7/19,11:03 PM,2019-00124850,DEAN ST,CAHIR ST ,DEAN ST / CAHIR ST ,Erick Ramos,554,08-Dec-19,Vehicle - Pedestrian,,,,"Two-Way , Not Divided",Dry,Dark - Lighted,Clear,1,Not a Collision Between Two Motor Vehicles in Transport,"Yes, M/V and Driver Left Scene",No Controls,2,1,Complains Of Pain
807531,12/8/19,9:36 AM,2019-00124998,HARTFORD AVE,BOWLETT ST,HARTFORD AVE / BOWLETT ST,Fernando Lopez,156,08-Dec-19,Vehicle - Pedestrian,X,,,"Two-Way , Not Divided",Dry,Daylight,Clear,1,Not a Collision Between Two Motor Vehicles in Transport,"Yes, M/V and Driver Left Scene",No Controls,1,1,Complains Of Pain
807722,12/9/19,4:48 PM,2019-00125434,51 Silver Spring St,Touro St,51 Silver Spring St / Touro St,Shaun Marmas,216,10-Dec-19,Vehicle - Pedestrian,,,,Unknown,Dry,Dark - Lighted,Clear,1,Not a Collision Between Two Motor Vehicles in Transport,No,No Controls,2,1,Complains Of Pain
807600,12/9/19,10:28 AM,2019-00125307,CHALKSTONE AVE,ACADEMY AVE ,CHALKSTONE AVE / ACADEMY AVE ,Fernando Lopez,156,09-Dec-19,Vehicle - Pedestrian,,,,"Two-Way , Not Divided",Wet,Daylight,Rain,1,Not a Collision Between Two Motor Vehicles in Transport,No,Pavement Markings,4,1,Complains Of Pain
807602,12/9/19,10:47 AM,2019-00125312,Weybosset St,Dorrance St ,Weybosset St / Dorrance St ,Gary Slater,365,09-Dec-19,Vehicle - Pedestrian,,,,"Two-Way , Not Divided",Wet,Daylight,Rain,1,Not a Collision Between Two Motor Vehicles in Transport,No,Traffic Control Signal,3,1,Complains Of Pain
807648,12/9/19,5:34 PM,2019-00125446,MEMORIAL BLVD,FRANICS ST,MEMORIAL BLVD / FRANICS ST,Joseph Lopes,227,09-Dec-19,Vehicle - Pedestrian,,,,"Two-Way, Divided, Positive Median Barrier",Wet,Dark - Lighted,Rain,1,Not a Collision Between Two Motor Vehicles in Transport,No,Traffic Control Signal,2,1,Non-Incapacitating
807656,12/9/19,6:46 PM,2019-00125463,CUSHING ST,HOPE ST ,CUSHING ST / HOPE ST ,Joseph Lopes,227,09-Dec-19,Vehicle - Pedestrian,,,,"Two-Way , Not Divided",Wet,Dark - Lighted,Rain,2,Not a Collision Between Two Motor Vehicles in Transport,"Yes, M/V and Driver Left Scene",Stop Signs,3,0,Unknown
807712,12/10/19,4:11 PM,2019-00125748,FRANCIS ST,AMERICAN EXPRESS PLZ ,FRANCIS ST / AMERICAN EXPRESS PLZ ,Cameron Clift,524,10-Dec-19,Vehicle - Pedestrian,,,,"Two-Way , Not Divided",Wet,Dark - Lighted,Rain,1,Not a Collision Between Two Motor Vehicles in Transport,No,Traffic Control Signal,2,1,Complains Of Pain
808064,12/13/19,8:19 PM,2019-00126835,WHIPPLE ST ,ADMIRAL ST,WHIPPLE ST  / ADMIRAL ST,Joseph Lopes,227,13-Dec-19,Vehicle - Pedestrian,,,,"Two-Way , Not Divided",Wet,Dark - Lighted,Rain,1,Not a Collision Between Two Motor Vehicles in Transport,No,No Controls,2,1,Complains Of Pain
808072,12/13/19,4:54 PM,2019-00126774,HAYWARD ST,PEARL ST ,HAYWARD ST / PEARL ST ,Jonathyn Pirolli,385,13-Dec-19,Vehicle - Pedestrian,,,,"Two-Way , Not Divided",Wet,Dark - Lighted,Rain,2,Angle (Front - to - Side) Right Angle (Includes Broadside),"Yes, M/V and Driver Left Scene",No Controls,3,0,No Injury
808086,12/13/19,8:00 PM,2019-00126792,FRIENDSHIP ST,CHESTNUT ST ,FRIENDSHIP ST / CHESTNUT ST ,Shawn Kennedy,547,13-Dec-19,Vehicle - Pedestrian,,,,"Two-Way , Not Divided",Wet,Dark - Lighted,Rain,1,Angle (Front - to - Side) Right Angle (Includes Broadside),No,Traffic Control Signal,2,1,Complains Of Pain
808094,12/14/19,2:00 AM,2019-00126965,727 Cranston Street,ANTHONY AVE ,727 Cranston Street / ANTHONY AVE ,Alexander Wagoner,541,14-Dec-19,Vehicle - Pedestrian,,,,"Two-Way , Not Divided",Wet,Dark - Lighted,Rain,1,Not a Collision Between Two Motor Vehicles in Transport,No,No Controls,3,1,Incapacitating