CrashReportId,CrashDate,CrashTime,ReportNumber,StreetOrHighway,NearestIntersection,Location,Officer,Badge,ReportDate,TypeOfCollision,Bicycle,Scooter,Wheel Chair,TypeOfRoadway,RoadSurfaceCondition,LightCondition,WeatherCondition,NumberofVehicles,MannerofImpact,HitAndRun,TrafficControl,PersonCount,InjuryCount,MostSeriousInjury
808257,12/16/19,4:45 PM,2019-00127862,MOUNT PLEASANT AVE,BASSWOOD AVE ,MOUNT PLEASANT AVE / BASSWOOD AVE ,Michael Sepe,367,16-Dec-19,Vehicle - Pedestrian,,,,"Two-Way, Divided, Unprotected (painted>4feet) Medium",Dry,Dark - Lighted,Clear,2,"Sideswipe, Same Direction","Yes, M/V and Driver Left Scene",No Controls,2,0,No Injury
808283,12/17/19,5:45 AM,2019-00128034,244 smith street,SMITH ST ,244 smith street / SMITH ST ,David Forte,518,17-Dec-19,Vehicle - Pedestrian,,,,"Two-Way , Not Divided",Wet,Dark - Lighted,"Sleet, Hail (Freezing Rain or Drizzle)",1,Not a Collision Between Two Motor Vehicles in Transport,No,No Controls,3,1,Complains Of Pain
808330,12/17/19,5:50 PM,2019-00128178,BENEVOLENT ST,BROWN ST ,BENEVOLENT ST / BROWN ST ,Gargar Grimes,323,17-Dec-19,Vehicle - Pedestrian,,,,"Two-Way, Not Divided With a Continuous Left Turn Lane",Wet,Dark - Lighted,"Sleet, Hail (Freezing Rain or Drizzle)",1,Not a Collision Between Two Motor Vehicles in Transport,No,No Controls,2,1,Complains Of Pain
808495,12/19/19,10:52 AM,2019-00128684,LEO AVE,CHARLES ST ,LEO AVE / CHARLES ST ,Fernando Lopez,156,19-Dec-19,Vehicle - Pedestrian,,,,"Two-Way , Not Divided",Dry,Daylight,Clear,2,Rear - to - Side,No,No Controls,4,0,No Injury
808497,12/19/19,11:54 AM,2019-00128702,Pine St,DYER ST ,Pine St / DYER ST ,Michelle Chasse,264,19-Dec-19,Vehicle - Pedestrian,,,,One-Way Trafficway,Dry,Daylight,Clear,1,Not a Collision Between Two Motor Vehicles in Transport,"Yes, M/V and Driver Left Scene",No Controls,2,1,Complains Of Pain
808527,12/19/19,4:33 PM,2019-00128780,BROADWAY,AMERICA ST ,BROADWAY / AMERICA ST ,Joshua Cascione,225,19-Dec-19,Vehicle - Pedestrian,,,,"Two-Way , Not Divided",Dry,Dark - Lighted,Clear,1,Not a Collision Between Two Motor Vehicles in Transport,No,Pavement Markings,3,1,Complains Of Pain
808628,12/20/19,10:19 AM,2019-00129007,PLAINFIELD ST,DIKE ST ,PLAINFIELD ST / DIKE ST ,Fernando Lopez,156,20-Dec-19,Vehicle - Pedestrian,,,,"Two-Way , Not Divided",Dry,Daylight,Clear,1,Not a Collision Between Two Motor Vehicles in Transport,No,No Controls,3,1,Complains Of Pain
808791,12/23/19,4:43 PM,2019-00130197,LEDGE ST,PETER ST ,LEDGE ST / PETER ST ,Joshua Cascione,225,23-Dec-19,Vehicle - Pedestrian,,,,"Two-Way , Not Divided",Dry,Dark - Lighted,Clear,1,Not a Collision Between Two Motor Vehicles in Transport,No,No Controls,2,1,Complains Of Pain
808792,12/23/19,4:56 PM,2019-00130201,RICHMOND STREET,EDDY STREET,RICHMOND STREET / EDDY STREET,Joseph Madeira,552,23-Dec-19,Vehicle - Pedestrian,,,,"Two-Way , Not Divided",Dry,Dark - Not Lighted,Clear,1,Other,No,No Controls,3,0,No Injury
808799,12/23/19,6:28 PM,2019-00130232,LORETO ST,TOURO ST ,LORETO ST / TOURO ST ,Joshua Cascione,225,23-Dec-19,Vehicle - Pedestrian,,,,"Two-Way , Not Divided",Dry,Dark - Lighted,Clear,1,Not a Collision Between Two Motor Vehicles in Transport,"Yes, M/V and Driver Left Scene",Stop Signs,1,1,Complains Of Pain
808813,12/24/19,9:47 AM,2019-00130413,BROOK ST,POWER ST ,BROOK ST / POWER ST ,Ajay Subramaniam,569,24-Dec-19,Vehicle - Pedestrian,,,,"Two-Way , Not Divided",Dry,Daylight,Clear,2,Rear - to - Side,No,No Controls,3,0,No Injury
808871,12/25/19,1:38 AM,2019-00130648,SMITH ST,OAKLAND AVE ,SMITH ST / OAKLAND AVE ,Robert Ballinger,520,25-Dec-19,Vehicle - Pedestrian,,,,"Two-Way , Not Divided",Dry,Dark - Lighted,Clear,2,Rear End(Front-to-Rear),No,No Controls,4,0,No Injury
808930,12/25/19,5:46 PM,2019-00130787,HARTFORD AVE ,HARTFORD AVE ,HARTFORD AVE  / HARTFORD AVE ,Joseph Lopes,227,25-Dec-19,Vehicle - Pedestrian,X,,,"Two-Way , Not Divided",Dry,Dark - Lighted,Clear,1,Not a Collision Between Two Motor Vehicles in Transport,"Yes, M/V and Driver Left Scene",No Controls,7,1,Non-Incapacitating
809071,12/27/19,5:13 PM,2019-00131313,DEAN ST,ATWELLS AVE ,DEAN ST / ATWELLS AVE ,Joseph Lopes,227,27-Dec-19,Vehicle - Pedestrian,,,,"Two-Way , Not Divided",Dry,Dark - Lighted,Clear,1,Not a Collision Between Two Motor Vehicles in Transport,No,Traffic Control Signal,3,1,Non-Incapacitating
809302,12/30/19,10:17 PM,2019-00132323,BROAD ST,LENOX AVE,BROAD ST / LENOX AVE,Raymond Criner,340,31-Dec-19,Vehicle - Pedestrian,,,,"Two-Way , Not Divided",Wet,Dark - Lighted,Rain,1,Not a Collision Between Two Motor Vehicles in Transport,No,Pavement Markings,2,1,Complains Of Pain
809378,1/1/20,3:35 AM,2020-00000129,YALE AVE,LYNCH ST ,YALE AVE / LYNCH ST ,Jenna Heeder,557,01-Jan-20,Vehicle - Pedestrian,,,,"Two-Way , Not Divided",Dry,Dark - Lighted,Clear,1,Unknown,"Yes, M/V and Driver Left Scene",Stop Signs,1,1,Complains Of Pain
809603,1/1/20,2:43 AM,2020-00000102,WEYBOSSET STREET,ABBOTT PARK PL ,WEYBOSSET STREET / ABBOTT PARK PL ,Gargar Grimes,323,03-Jan-20,Vehicle - Pedestrian,,,,"Two-Way, Divided, Unprotected (painted>4feet) Medium",Dry,Dark - Lighted,Clear,2,Not a Collision Between Two Motor Vehicles in Transport,"Yes, M/V and Driver Left Scene",No Controls,2,0,Unknown
809726,1/6/20,1:12 PM,2020-00001857,WATERMAN ST,IVES ST ,WATERMAN ST / IVES ST ,Fernando Lopez,156,06-Jan-20,Vehicle - Pedestrian,,,,One-Way Trafficway,Dry,Daylight,Clear,2,"Sideswipe, Same Direction","Yes, M/V and Driver Left Scene",No Controls,2,0,Unknown
809737,1/6/20,3:30 PM,2020-00001889,PLAINFIELD ST,PLAINFIELD ST ,PLAINFIELD ST / PLAINFIELD ST ,Joshua Cascione,225,06-Jan-20,Vehicle - Pedestrian,,,,"Two-Way , Not Divided",Dry,Daylight,Clear,1,Not a Collision Between Two Motor Vehicles in Transport,No,No Controls,3,1,Complains Of Pain
809880,1/8/20,3:17 PM,2020-00002489,FRICKER STREET,CRANSTON ST ,FRICKER STREET / CRANSTON ST ,Kirsten Doldoorian,221,08-Jan-20,Vehicle - Pedestrian,,,,One-Way Trafficway,Snow,Daylight,Snow,1,Not a Collision Between Two Motor Vehicles in Transport,"Yes, M/V and Driver Left Scene",No Controls,1,1,Complains Of Pain
809986,1/10/20,10:09 PM,2020-00003245,PLAINFIELD ST,PLAINFIELD ST ,PLAINFIELD ST / PLAINFIELD ST ,Cory Vingi,237,10-Jan-20,Vehicle - Pedestrian,,,,"Two-Way , Not Divided",Dry,Dark - Lighted,Clear,2,Unknown,No,No Controls,3,0,Unknown
810317,1/11/20,12:28 PM,2020-00003453,Manton Ave ,Aleppo St,Manton Ave  / Aleppo St,Juan Rodrigues,194,15-Jan-20,Vehicle - Pedestrian,X,,,"Two-Way , Not Divided",Dry,Daylight,Clear,1,Other,No,No Controls,3,1,Complains Of Pain
810423,1/16/20,2:57 PM,2020-00005176,CHALKSTONE AVE,RIVER AVE ,CHALKSTONE AVE / RIVER AVE ,Joshua Cascione,225,16-Jan-20,Vehicle - Pedestrian,,,,"Two-Way , Not Divided",Dry,Daylight,Clear,1,Not a Collision Between Two Motor Vehicles in Transport,No,No Controls,5,1,Complains Of Pain
810467,1/17/20,7:40 AM,2020-00005424,BROAD ST,THURBERS AVE ,BROAD ST / THURBERS AVE ,Fernando Lopez,156,17-Jan-20,Vehicle - Pedestrian,,,,"Two-Way , Not Divided",Dry,Daylight,Clear,1,Not a Collision Between Two Motor Vehicles in Transport,No,Pavement Markings,4,1,Complains Of Pain
810505,1/17/20,6:05 PM,2020-00005618,THURBERS AVE ,OCEAN ST ,THURBERS AVE  / OCEAN ST ,Joseph Lopes,227,17-Jan-20,Vehicle - Pedestrian,,,,"Two-Way , Not Divided",Dry,Dark - Lighted,Clear,1,Not a Collision Between Two Motor Vehicles in Transport,No,No Controls,3,1,Complains Of Pain
810614,1/18/20,10:10 PM,2020-00005985,oakland ave,SMITH ST ,oakland ave / SMITH ST ,Thomas Savard,335,18-Jan-20,Vehicle - Pedestrian,,,,"Two-Way , Not Divided",Snow,Dark - Lighted,Snow,1,Not a Collision Between Two Motor Vehicles in Transport,"Yes, M/V and Driver Left Scene",No Controls,1,1,Complains Of Pain
810635,1/18/20,11:03 PM,2020-00005996,Elmwood Ave,CARTER ST ,Elmwood Ave / CARTER ST ,Christopher Hines,537,19-Jan-20,Vehicle - Pedestrian,,,,"Two-Way , Not Divided",Snow,Dark - Lighted,Snow,1,"Sideswipe, Same Direction",No,No Controls,3,1,Complains Of Pain
810849,1/21/20,6:29 PM,2020-00006849,WILLARD AVE,PLAIN ST ,WILLARD AVE / PLAIN ST ,Joshua Cascione,225,21-Jan-20,Vehicle - Pedestrian,,,,"Two-Way , Not Divided",Dry,Dark - Lighted,Clear,1,Not a Collision Between Two Motor Vehicles in Transport,No,Stop Signs,3,1,Complains Of Pain
810989,1/23/20,7:21 PM,2020-00007523,POCASSET AVE,MAGNOLIA ST ,POCASSET AVE / MAGNOLIA ST ,Joshua Cascione,225,23-Jan-20,Vehicle - Pedestrian,,,,"Two-Way , Not Divided",Dry,Dark - Lighted,Clear,1,Not a Collision Between Two Motor Vehicles in Transport,"Yes, M/V and Driver Left Scene",No Controls,1,1,Complains Of Pain
811069,1/24/20,3:59 PM,2020-00007820,ELMWOOD AVE,POTTERS AVE ,ELMWOOD AVE / POTTERS AVE ,Joshua Cascione,225,24-Jan-20,Vehicle - Pedestrian,,,,"Two-Way , Not Divided",Dry,Daylight,Clear,1,Not a Collision Between Two Motor Vehicles in Transport,"Yes, M/V and Driver Left Scene",Traffic Control Signal,2,1,Complains Of Pain
811082,1/24/20,7:25 PM,2020-00007881,STEEPLE ST,CANAL ST ,STEEPLE ST / CANAL ST ,Joshua Cascione,225,24-Jan-20,Vehicle - Pedestrian,X,,,"Two-Way , Not Divided",Dry,Dark - Lighted,Cloudy,1,Angle (Front - to - Side) Right Angle (Includes Broadside),No,Traffic Control Signal,2,1,Complains Of Pain
811090,1/24/20,8:48 PM,2020-00007908,PEARL ST ,PINE ST ,PEARL ST  / PINE ST ,Joseph Lopes,227,24-Jan-20,Vehicle - Pedestrian,,,,"Two-Way , Not Divided",Dry,Dark - Lighted,Clear,1,Not a Collision Between Two Motor Vehicles in Transport,No,No Controls,2,1,Complains Of Pain
811153,1/25/20,6:04 PM,2020-00008264,NARRAGANSETT BLVD,OHIO AVE ,NARRAGANSETT BLVD / OHIO AVE ,Nicholas Manfredi,343,25-Jan-20,Vehicle - Pedestrian,,,,"Two-Way , Not Divided",Wet,Dark - Lighted,Rain,1,Not a Collision Between Two Motor Vehicles in Transport,No,No Controls,3,1,Incapacitating
811190,1/26/20,3:34 PM,2020-00008561,WHIPPLE ST,ADMIRAL ST ,WHIPPLE ST / ADMIRAL ST ,Donald Castigliego,287,26-Jan-20,Vehicle - Pedestrian,,,,"Two-Way , Not Divided",Dry,Daylight,Clear,1,Not a Collision Between Two Motor Vehicles in Transport,No,Traffic Control Signal,7,1,Incapacitating
811216,1/26/20,1:24 PM,2020-00008530,261 WATERMAN STREET,BUTLER AVE ,261 WATERMAN STREET / BUTLER AVE ,George Pereira,421,27-Jan-20,Vehicle - Pedestrian,,,,"Two-Way , Not Divided",Dry,Daylight,Clear,2,Rear - to - Rear,"Yes, M/V and Driver Left Scene",No Controls,4,0,No Injury
811272,1/27/20,8:32 AM,2020-00008756,EXCHANGE TER,EXCHANGE ST ,EXCHANGE TER / EXCHANGE ST ,Gary Slater,365,28-Jan-20,Vehicle - Pedestrian,,,,One-Way Trafficway,Dry,Daylight,Cloudy,1,Not a Collision Between Two Motor Vehicles in Transport,No,Stop Signs,3,1,Complains Of Pain
811324,1/29/20,6:37 PM,2020-00009590,SERVICE ROAD 7,BROAD ST ,SERVICE ROAD 7 / BROAD ST ,Southavout Im,382,29-Jan-20,Vehicle - Pedestrian,,,,One-Way Trafficway,Dry,Dark - Lighted,Clear,1,Other,"Yes, M/V and Driver Left Scene",Traffic Control Signal,1,1,Complains Of Pain
811476,2/1/20,12:58 AM,2020-00010416,Summit Ave,BURLINGTON ST ,Summit Ave / BURLINGTON ST ,Daniel Gonzalez,469,01-Feb-20,Vehicle - Pedestrian,,,,"Two-Way , Not Divided",Wet,Dark - Not Lighted,Rain,2,Angle (Front - to - Side) Opposite Direction,No,No Controls,2,0,No Injury
811518,2/1/20,10:24 AM,2020-00010550,CHALKSTONE AVE,FALLON AVE ,CHALKSTONE AVE / FALLON AVE ,Fernando Lopez,156,01-Feb-20,Vehicle - Pedestrian,,,,"Two-Way , Not Divided",Dry,Daylight,Clear,1,Not a Collision Between Two Motor Vehicles in Transport,"Yes, M/V and Driver Left Scene",Pavement Markings,1,1,Complains Of Pain
811556,2/1/20,7:20 PM,2020-00010706,CRANSTON ST,HUNTINGTON AVE ,CRANSTON ST / HUNTINGTON AVE ,Cory Vingi,237,01-Feb-20,Vehicle - Pedestrian,,,,"Two-Way , Not Divided",Dry,Dark - Lighted,Clear,1,Not a Collision Between Two Motor Vehicles in Transport,No,Traffic Control Signal,2,0,No Injury
811574,2/2/20,12:19 AM,2020-00020806,WESTMINSTER ST,EMPIRE ST ,WESTMINSTER ST / EMPIRE ST ,Darrin Anderson,550,02-Feb-20,Vehicle - Pedestrian,,,,"Two-Way, Divided, Unprotected (painted>4feet) Medium",Dry,Dark - Lighted,Clear,1,Not a Collision Between Two Motor Vehicles in Transport,"Yes, M/V and Driver Left Scene",Traffic Control Signal,2,1,Complains Of Pain
811683,2/4/20,4:43 PM,2020-00011639,CHAD BROWN ST,PEMBROKE AVE ,CHAD BROWN ST / PEMBROKE AVE ,Joseph Lopes,227,04-Feb-20,Vehicle - Pedestrian,,,,"Two-Way , Not Divided",Dry,Daylight,Clear,2,"Sideswipe, Same Direction","Yes, M/V and Driver Left Scene",No Controls,2,0,Unknown
811700,2/4/20,11:05 PM,2020-00011752,460 SMITH ST,CHALKSTONE AVE ,460 SMITH ST / CHALKSTONE AVE ,Casey Correia,521,05-Feb-20,Vehicle - Pedestrian,,,X,"Two-Way , Not Divided",Wet,Dark - Lighted,Rain,2,Rear End(Front-to-Rear),No,No Controls,4,1,Complains Of Pain
811915,2/9/20,2:17 AM,2020-00013248,33 DIXON ST,ELMWOOD AVE ,33 DIXON ST / ELMWOOD AVE ,William Sherrill,363,09-Feb-20,Vehicle - Pedestrian,,,,"Two-Way , Not Divided",Dry,Dark - Lighted,Clear,1,Not a Collision Between Two Motor Vehicles in Transport,"Yes, Driver Left Scene",No Controls,3,0,Unknown
812015,2/11/20,8:13 AM,2020-00013921,BROAD ST ,ADELAIDE AVE ,BROAD ST  / ADELAIDE AVE ,Fernando Lopez,156,11-Feb-20,Vehicle - Pedestrian,,,,"Two-Way , Not Divided",Wet,Daylight,Rain,1,Not a Collision Between Two Motor Vehicles in Transport,No,Pavement Markings,3,1,Complains Of Pain
812072,2/11/20,7:05 PM,2020-00014091,FRANCIS ST,FINANCE WAY,FRANCIS ST / FINANCE WAY,Joseph Lopes,227,11-Feb-20,Vehicle - Pedestrian,,,,"Two-Way , Not Divided",Wet,Dark - Lighted,Rain,1,Not a Collision Between Two Motor Vehicles in Transport,No,Traffic Control Signal,3,1,Incapacitating
812166,2/13/20,9:06 AM,2020-00014636,JOSLIN ST,KOSSUTH ST ,JOSLIN ST / KOSSUTH ST ,Fernando Lopez,156,13-Feb-20,Vehicle - Pedestrian,,,,"Two-Way , Not Divided",Wet,Daylight,Rain,2,"Sideswipe, Same Direction","Yes, M/V and Driver Left Scene",No Controls,2,0,Unknown
812169,2/13/20,6:32 AM,2020-00014614,Plain Street,Lockwood Street,Plain Street / Lockwood Street,Kristen Barth,247,13-Feb-20,Vehicle - Pedestrian,,,,"Two-Way , Not Divided",Wet,Dark - Unknown Lighting,Rain,1,Not a Collision Between Two Motor Vehicles in Transport,No,No Controls,3,1,Incapacitating
812260,2/13/20,9:09 PM,2020-00014851,Smith St,Orms St,Smith St / Orms St,Kyle Richards,209,13-Feb-20,Vehicle - Pedestrian,,,,"Two-Way, Divided, Unprotected (painted>4feet) Medium",Wet,Dark - Lighted,Cloudy,1,Not a Collision Between Two Motor Vehicles in Transport,"Yes, M/V and Driver Left Scene",No Controls,1,1,Complains Of Pain
812530,2/17/20,11:50 PM,2020-00016248,,CRANSTON ST , / CRANSTON ST ,Kristen Barth,247,17-Feb-20,Vehicle - Pedestrian,,,,"Two-Way , Not Divided",Dry,Dark - Lighted,Clear,1,Not a Collision Between Two Motor Vehicles in Transport,"Yes, M/V and Driver Left Scene",Traffic Control Signal,1,1,Complains Of Pain
812579,2/18/20,6:10 PM,2020-00016478,EMPIRE ST,WASHINGTON ST ,EMPIRE ST / WASHINGTON ST ,Joseph Lopes,227,18-Feb-20,Vehicle - Pedestrian,,,,"Two-Way , Not Divided",Wet,Dark - Lighted,Rain,2,Angle (Front - to - Side) Same Direction,No,Traffic Control Signal,6,0,No Injury
812675,2/19/20,3:49 PM,2020-00016781,ROCHAMBEAU AVE,HOPE ST ,ROCHAMBEAU AVE / HOPE ST ,Joseph Lopes,227,19-Feb-20,Vehicle - Pedestrian,,,,"Two-Way , Not Divided",Dry,Daylight,Clear,1,Not a Collision Between Two Motor Vehicles in Transport,No,Traffic Control Signal,2,1,Complains Of Pain
812757,2/20/20,6:49 PM,2020-00017150,Wayland Ave,Waterman St,Wayland Ave / Waterman St,Noel Field,260,20-Feb-20,Vehicle - Pedestrian,,,,"Two-Way , Not Divided",Dry,Dark - Lighted,Clear,1,Not a Collision Between Two Motor Vehicles in Transport,No,Traffic Control Signal,4,1,Complains Of Pain
812856,2/21/20,4:00 PM,2020-00017407,SERVICE ROAD 3,WESTMINSTER ST ,SERVICE ROAD 3 / WESTMINSTER ST ,Shawn Kennedy,547,22-Feb-20,Vehicle - Pedestrian,X,,,"Two-Way , Not Divided",Dry,Daylight,Clear,1,"Sidwswipe, Opposite Direction","Yes, M/V and Driver Left Scene",No Controls,1,1,Complains Of Pain
812837,2/22/20,2:03 PM,2020-00017713,WEST FRIENDSHIP ST,ELMWOOD,WEST FRIENDSHIP ST / ELMWOOD,Fernando Lopez,156,22-Feb-20,Vehicle - Pedestrian,,,,One-Way Trafficway,Dry,Daylight,Clear,2,"Sideswipe, Same Direction","Yes, M/V and Driver Left Scene",No Controls,2,0,Unknown
812899,2/23/20,12:15 AM,2020-00017903,987 NORTH MAIN ST ,DEXTERDALE RD,987 NORTH MAIN ST  / DEXTERDALE RD,Joseph Lopes,227,23-Feb-20,Vehicle - Pedestrian,,,,"Two-Way, Divided, Positive Median Barrier",Dry,Dark - Lighted,Clear,1,Not a Collision Between Two Motor Vehicles in Transport,No,No Controls,3,1,Non-Incapacitating
812919,2/23/20,1:40 PM,2020-00018058,HOPE ST,CHACE AVE ,HOPE ST / CHACE AVE ,Fernando Lopez,156,23-Feb-20,Vehicle - Pedestrian,,,,"Two-Way , Not Divided",Dry,Daylight,Clear,2,Rear End(Front-to-Rear),"Yes, M/V and Driver Left Scene",No Controls,2,0,Unknown
812957,2/23/20,9:11 PM,2020-00018184,BROAD ST,BROAD ST ,BROAD ST / BROAD ST ,Joshua Cascione,225,23-Feb-20,Vehicle - Pedestrian,,,,"Two-Way , Not Divided",Dry,Daylight,Clear,1,Not a Collision Between Two Motor Vehicles in Transport,No,No Controls,2,1,Complains Of Pain
812958,2/23/20,9:22 PM,2020-00018186,Westminster Street,SERVICE ROAD 7 ,Westminster Street / SERVICE ROAD 7 ,Abraham Lugo,525,23-Feb-20,Vehicle - Pedestrian,,,,"Two-Way , Not Divided",Dry,Dark - Lighted,Clear,2,Rear End(Front-to-Rear),"Yes, M/V and Driver Left Scene",Traffic Control Signal,2,0,No Injury
813010,2/24/20,1:28 PM,2020-00018362,CRANSTON ST,HANOVER ST ,CRANSTON ST / HANOVER ST ,Fernando Lopez,156,24-Feb-20,Vehicle - Pedestrian,,,,"Two-Way , Not Divided",Dry,Daylight,Clear,2,Rear End(Front-to-Rear),No,No Controls,4,0,No Injury
813200,2/26/20,8:26 PM,2020-00019176,LIEGE ST,DOUGLAS AVE ,LIEGE ST / DOUGLAS AVE ,Erik Breault,226,26-Feb-20,Vehicle - Pedestrian,,,,"Two-Way, Divided, Unprotected (painted>4feet) Medium",Wet,Dark - Lighted,Clear,1,Unknown,No,No Controls,5,1,Complains Of Pain
813232,2/27/20,9:11 AM,2020-00019293,RUGGLES ST,Smith Street,RUGGLES ST / Smith Street,Ybelis Gonzalez,376,27-Feb-20,Vehicle - Pedestrian,,,,"Two-Way , Not Divided",Wet,Daylight,Rain,1,Not a Collision Between Two Motor Vehicles in Transport,No,Stop Signs,3,1,Complains Of Pain
813256,2/27/20,7:25 PM,2020-00019495,4TH ST,HIGHLAND AVE ,4TH ST / HIGHLAND AVE ,Cory Vingi,237,27-Feb-20,Vehicle - Pedestrian,,,,"Two-Way , Not Divided",Dry,Dark - Lighted,Clear,1,Not a Collision Between Two Motor Vehicles in Transport,No,Stop Signs,2,0,No Injury
813257,2/27/20,7:36 PM,2020-00019499,pearl st,LOCKWOOD ST ,pearl st / LOCKWOOD ST ,Alex Schneider,411,27-Feb-20,Vehicle - Pedestrian,,,,"Two-Way , Not Divided",Dry,Dark - Lighted,Clear,2,"Sideswipe, Same Direction","Yes, M/V and Driver Left Scene",No Controls,3,0,No Injury
813355,2/28/20,4:12 PM,2020-00019787,douglas ave,DOUGLAS AVE ,douglas ave / DOUGLAS AVE ,Thomas Savard,335,28-Feb-20,Vehicle - Pedestrian,,,,"Two-Way , Not Divided",Dry,Daylight,Clear,1,Not a Collision Between Two Motor Vehicles in Transport,No,No Controls,2,1,Complains Of Pain
813383,2/29/20,11:32 AM,2020-00020044,CARLETON ST,CHALKSTONE AVE ,CARLETON ST / CHALKSTONE AVE ,Fernando Lopez,156,29-Feb-20,Vehicle - Pedestrian,,,,"Two-Way , Not Divided",Dry,Daylight,Clear,2,Rear - to - Side,No,No Controls,4,0,No Injury
813409,2/29/20,6:40 PM,2020-00020203,MEMORIAL BLVD,FRANCIS ST ,MEMORIAL BLVD / FRANCIS ST ,Kristen Barth,247,29-Feb-20,Vehicle - Pedestrian,,,,One-Way Trafficway,Dry,Dark - Lighted,Clear,1,Not a Collision Between Two Motor Vehicles in Transport,No,Traffic Control Signal,4,1,Complains Of Pain
814513,3/2/20,9:20 AM,2020-00020714,GEORGE ST,BENEFIT ST ,GEORGE ST / BENEFIT ST ,Fernando Lopez,156,02-Mar-20,Vehicle - Pedestrian,,,,"Two-Way , Not Divided",Dry,Daylight,Clear,1,Not a Collision Between Two Motor Vehicles in Transport,No,Pavement Markings,2,1,Complains Of Pain
814563,3/2/20,4:03 PM,2020-00020835,George St,Brown St,George St / Brown St,Noel Field,260,02-Mar-20,Vehicle - Pedestrian,,,,"Two-Way , Not Divided",Dry,Daylight,Clear,1,Not a Collision Between Two Motor Vehicles in Transport,No,Pavement Markings,4,1,Complains Of Pain
814571,3/2/20,4:19 PM,2020-00020841,BARRY RD,BARRY RD ,BARRY RD / BARRY RD ,Ryan Malloy,311,02-Mar-20,Vehicle - Pedestrian,,,,"Two-Way , Not Divided",Dry,Daylight,Clear,1,Not a Collision Between Two Motor Vehicles in Transport,"Yes, M/V and Driver Left Scene",No Controls,2,1,Incapacitating
815286,3/3/20,8:30 AM,2020-00021125,CRANSTON ST,FRICKER ST ,CRANSTON ST / FRICKER ST ,Christopher Brown,259,11-Mar-20,Vehicle - Pedestrian,,,,"Two-Way , Not Divided",Dry,Daylight,Clear,1,Not a Collision Between Two Motor Vehicles in Transport,"Yes, M/V and Driver Left Scene",Traffic Control Signal,1,1,Complains Of Pain
814758,3/5/20,1:42 PM,2020-00021834,UNION ST,WASHINGTON ST ,UNION ST / WASHINGTON ST ,Fernando Lopez,156,05-Mar-20,Vehicle - Pedestrian,,,,"Two-Way , Not Divided",Dry,Daylight,Clear,1,Not a Collision Between Two Motor Vehicles in Transport,"Yes, M/V and Driver Left Scene",No Controls,1,1,Complains Of Pain
815010,3/7/20,4:25 PM,2020-00022610,Angell St,Hope St,Angell St / Hope St,Noel Field,260,07-Mar-20,Vehicle - Pedestrian,,,,One-Way Trafficway,Dry,Daylight,Clear,1,Not a Collision Between Two Motor Vehicles in Transport,No,Traffic Control Signal,4,1,Complains Of Pain
815092,3/8/20,3:02 PM,2020-00022894,BROAD ST,ADELAIDE AVE ,BROAD ST / ADELAIDE AVE ,Donald Castigliego,287,08-Mar-20,Vehicle - Pedestrian,,,,"Two-Way , Not Divided",Dry,Daylight,Clear,1,Not a Collision Between Two Motor Vehicles in Transport,No,No Controls,2,1,Complains Of Pain
815171,3/9/20,1:28 PM,2020-00023189,ROGER WILLIAMS CT,ELMWOOD AVE ,ROGER WILLIAMS CT / ELMWOOD AVE ,Albert Deschamps,527,09-Mar-20,Vehicle - Pedestrian,,,,"Two-Way, Divided, Positive Median Barrier",Dry,Daylight,Clear,1,Not a Collision Between Two Motor Vehicles in Transport,No,No Controls,2,1,Non-Incapacitating
815181,3/9/20,2:41 PM,2020-00023209,FOUNTAIN ST,DORRANCE ST ,FOUNTAIN ST / DORRANCE ST ,Donald Castigliego,287,09-Mar-20,Vehicle - Pedestrian,,,,One-Way Trafficway,Dry,Daylight,Clear,1,Not a Collision Between Two Motor Vehicles in Transport,No,Traffic Control Signal,3,1,Complains Of Pain
815196,3/9/20,5:02 PM,2020-00023255,ACADEMY AVENUE,ARMINGTON AVE ,ACADEMY AVENUE / ARMINGTON AVE ,Gargar Grimes,323,09-Mar-20,Vehicle - Pedestrian,,,,"Two-Way, Divided, Unprotected (painted>4feet) Medium",Dry,Daylight,Clear,1,Not a Collision Between Two Motor Vehicles in Transport,No,No Controls,3,1,Complains Of Pain
815226,3/10/20,10:15 AM,2020-00023508,WASHINGTON ST,SERVICE ROAD 8 ,WASHINGTON ST / SERVICE ROAD 8 ,Thomas Rose,465,10-Mar-20,Vehicle - Pedestrian,,,,"Two-Way , Not Divided",Dry,Daylight,Clear,1,Angle (Front - to - Side) Right Angle (Includes Broadside),No,No Controls,2,1,Complains Of Pain
815261,3/10/20,8:12 PM,2020-00023736,PITMAN ST,BUTLER AVE ,PITMAN ST / BUTLER AVE ,Joshua Cascione,225,10-Mar-20,Vehicle - Pedestrian,,,,"Two-Way , Not Divided",Dry,Dark - Lighted,Cloudy,1,Not a Collision Between Two Motor Vehicles in Transport,No,Pavement Markings,5,1,Fatal