CrashReportId,CrashDate,CrashTime,ReportNumber,StreetOrHighway,NearestIntersection,Location,Officer,Badge,ReportDate,TypeOfCollision,Bicycle,Scooter,Wheel Chair,TypeOfRoadway,RoadSurfaceCondition,LightCondition,WeatherCondition,NumberofVehicles,MannerofImpact,HitAndRun,TrafficControl,PersonCount,InjuryCount,MostSeriousInjury
815306,3/11/20,2:42 PM,2020-00023941,BRANCH AVE,VANDEWATER ST ,BRANCH AVE / VANDEWATER ST ,Tyler Calandra,418,11-Mar-20,Vehicle - Pedestrian,,,,"Two-Way, Divided, Unprotected (painted>4feet) Medium",Dry,Daylight,Clear,1,Other,"Yes, M/V and Driver Left Scene",No Controls,1,1,Complains Of Pain
815321,3/11/20,4:40 PM,2020-00024028,13 HARRIS AVE,HELME ST ,13 HARRIS AVE / HELME ST ,Joseph Lopes,227,11-Mar-20,Vehicle - Pedestrian,,,,"Two-Way , Not Divided",Dry,Daylight,Clear,2,Not a Collision Between Two Motor Vehicles in Transport,"Yes, M/V and Driver Left Scene",No Controls,5,0,No Injury
815401,3/12/20,4:39 PM,2020-00024342,MANTON AVE ,POPE ST ,MANTON AVE  / POPE ST ,Joseph Lopes,227,12-Mar-20,Vehicle - Pedestrian,,,,"Two-Way , Not Divided",Dry,Daylight,Clear,1,Not a Collision Between Two Motor Vehicles in Transport,"Yes, M/V and Driver Left Scene",No Controls,1,1,Complains Of Pain
815433,3/13/20,7:05 AM,2020-00024525,STEUBEN ST,ATWELLS AVE ,STEUBEN ST / ATWELLS AVE ,Fernando Lopez,156,13-Mar-20,Vehicle - Pedestrian,,,,"Two-Way , Not Divided",Wet,Daylight,Rain,1,Not a Collision Between Two Motor Vehicles in Transport,No,Pavement Markings,5,1,Complains Of Pain
815437,3/13/20,11:10 AM,2020-00024567,BELMONT AVE,ACADEMY AVE ,BELMONT AVE / ACADEMY AVE ,Fernando Lopez,156,13-Mar-20,Vehicle - Pedestrian,,,,"Two-Way , Not Divided",Wet,Daylight,Rain,2,"Sideswipe, Same Direction",No,No Controls,3,0,No Injury
815512,3/14/20,12:11 PM,2020-00024896,BILTMORE AVE,CHALKSTONE AVE ,BILTMORE AVE / CHALKSTONE AVE ,Fernando Lopez,156,14-Mar-20,Vehicle - Pedestrian,,,,"Two-Way , Not Divided",Dry,Daylight,Clear,2,Unknown,"Yes, M/V and Driver Left Scene",No Controls,2,0,No Injury
815555,3/14/20,9:11 PM,2020-00025048,MEMORIAL BLVD,FRANCIS ST ,MEMORIAL BLVD / FRANCIS ST ,Donald Castigliego,287,14-Mar-20,Vehicle - Pedestrian,,,,"Two-Way, Divided, Positive Median Barrier",Dry,Dark - Lighted,Clear,1,Not a Collision Between Two Motor Vehicles in Transport,No,Traffic Control Signal,3,1,Complains Of Pain
815569,3/15/20,12:48 AM,2020-00025122,RIVER AVE,DOUGLAS AVE ,RIVER AVE / DOUGLAS AVE ,Cory Vingi,237,15-Mar-20,Vehicle - Pedestrian,,,,"Two-Way , Not Divided",Dry,Dark - Lighted,Clear,3,Angle (Front - to - Side) Right Angle (Includes Broadside),"Yes, M/V and Driver Left Scene",No Controls,8,4,Incapacitating
815590,3/15/20,12:39 PM,2020-00025217,ALDEN ST,SAMOSET AVE ,ALDEN ST / SAMOSET AVE ,Jessica Leone,258,15-Mar-20,Vehicle - Pedestrian,,,,"Two-Way , Not Divided",Dry,Daylight,Clear,2,Head-On (Front - to - Front),No,No Controls,5,0,No Injury
815612,3/16/20,4:18 AM,2020-00025443,EAST DR,MIDDLE DR ,EAST DR / MIDDLE DR ,David Forte,518,16-Mar-20,Vehicle - Pedestrian,,,,"Two-Way , Not Divided",Dry,Dark - Lighted,Clear,1,Not a Collision Between Two Motor Vehicles in Transport,"Yes, M/V and Driver Left Scene",No Controls,2,1,Non-Incapacitating
815736,3/19/20,6:08 PM,2020-00026047,MANTON AVE,SHERIDAN ST ,MANTON AVE / SHERIDAN ST ,Joseph Lopes,227,19-Mar-20,Vehicle - Pedestrian,,,,"Two-Way , Not Divided",Wet,Daylight,Cloudy,1,Not a Collision Between Two Motor Vehicles in Transport,No,No Controls,5,2,Non-Incapacitating
815752,3/20/20,3:07 PM,2020-00026179,BROAD STREET,MARLBOROUGH AVE,BROAD STREET / MARLBOROUGH AVE,Donald Castigliego,287,20-Mar-20,Vehicle - Pedestrian,,,,"Two-Way , Not Divided",Dry,Daylight,Clear,1,Not a Collision Between Two Motor Vehicles in Transport,No,No Controls,3,1,Complains Of Pain
815828,3/20/20,1:37 PM,2020-00026164,231 Roosevelt Street,LAUREL HILL AVE ,231 Roosevelt Street / LAUREL HILL AVE ,Ptlm. Dalton,257,24-Mar-20,Vehicle - Pedestrian,,,,"Two-Way , Not Divided",Dry,Daylight,Clear,2,"Sideswipe, Same Direction",No,No Controls,3,0,No Injury
815849,3/24/20,5:12 PM,2020-00026917,POCASSET AVE,MERCY ST ,POCASSET AVE / MERCY ST ,Joshua Cascione,225,24-Mar-20,Vehicle - Pedestrian,,,,"Two-Way , Not Divided",Dry,Daylight,Cloudy,1,Not a Collision Between Two Motor Vehicles in Transport,"Yes, M/V and Driver Left Scene",No Controls,2,1,Complains Of Pain
815865,3/26/20,8:34 AM,2020-00027182,SOUTH MAIN ST,COLLEGE ST ,SOUTH MAIN ST / COLLEGE ST ,Fernando Lopez,156,26-Mar-20,Vehicle - Pedestrian,,,,One-Way Trafficway,Dry,Daylight,Clear,2,"Sideswipe, Same Direction","Yes, M/V and Driver Left Scene",No Controls,2,0,Unknown
815897,3/28/20,11:51 AM,2020-00027564,POCASSET AVE,LAUREL HILL AVE ,POCASSET AVE / LAUREL HILL AVE ,Ivan Tavarez,204,28-Mar-20,Vehicle - Pedestrian,X,,,"Two-Way, Divided, Unprotected (painted>4feet) Medium",Dry,Daylight,Clear,1,Angle (Front - to - Side) Right Angle (Includes Broadside),No,Traffic Control Signal,2,0,No Injury
815925,3/29/20,3:01 PM,2020-00027755,FLORENCE ST,AMHERST ST ,FLORENCE ST / AMHERST ST ,Joseph Lopes,227,29-Mar-20,Vehicle - Pedestrian,,,,"Two-Way , Not Divided",Wet,Daylight,Cloudy,1,Not a Collision Between Two Motor Vehicles in Transport,"Yes, Driver Left Scene",No Controls,2,0,Unknown
815989,4/2/20,5:06 PM,2020-00028357,ATWELLS AVE,BRADFORD ST ,ATWELLS AVE / BRADFORD ST ,Joshua Cascione,225,02-Apr-20,Vehicle - Pedestrian,,,,"Two-Way , Not Divided",Dry,Daylight,Cloudy,1,Not a Collision Between Two Motor Vehicles in Transport,No,Pavement Markings,3,1,Complains Of Pain
816018,4/3/20,8:30 PM,2020-00028541,GLENBRIDGE AVE,LARK ST ,GLENBRIDGE AVE / LARK ST ,Cory Vingi,237,03-Apr-20,Vehicle - Pedestrian,,,,"Two-Way , Not Divided",Wet,Dark - Lighted,Rain,1,Not a Collision Between Two Motor Vehicles in Transport,No,No Controls,2,1,Complains Of Pain
816048,4/6/20,8:10 PM,2020-00029041,PLAINFIELD ST EXIT,PLAINFIELD ST ,PLAINFIELD ST EXIT / PLAINFIELD ST ,Cory Vingi,237,06-Apr-20,Vehicle - Pedestrian,X,,,"Two-Way , Not Divided",Dry,Dark - Lighted,Clear,1,Not a Collision Between Two Motor Vehicles in Transport,No,Pavement Markings,3,1,Complains Of Pain
816135,4/8/20,1:26 AM,2020-00029258,ATLANTIC AVE,Broad Street,ATLANTIC AVE / Broad Street,Kristen Barth,247,10-Apr-20,Vehicle - Pedestrian,,,,"Two-Way , Not Divided",Dry,Dark - Lighted,Clear,1,Not a Collision Between Two Motor Vehicles in Transport,"Yes, M/V and Driver Left Scene",No Controls,1,1,Complains Of Pain
816124,4/10/20,7:30 AM,2020-00029609,ORMS ST,SMITH ST ,ORMS ST / SMITH ST ,Alex Diaz,420,10-Apr-20,Vehicle - Pedestrian,X,,,"Two-Way, Divided, Positive Median Barrier",Dry,Daylight,Clear,1,Not a Collision Between Two Motor Vehicles in Transport,No,Traffic Control Signal,2,0,No Injury
816148,4/11/20,1:06 PM,2020-00029830,NORTH MAIN ST,WHITE ST ,NORTH MAIN ST / WHITE ST ,Fernando Lopez,156,11-Apr-20,Vehicle - Pedestrian,,,,"Two-Way , Not Divided",Dry,Daylight,Clear,1,Not a Collision Between Two Motor Vehicles in Transport,No,Traffic Control Signal,4,1,Complains Of Pain
816204,4/13/20,2:10 PM,2020-00030159,WESTMINSTER ST,BOUGH ST ,WESTMINSTER ST / BOUGH ST ,Jason Andrade,200,14-Apr-20,Vehicle - Pedestrian,,,,"Two-Way, Divided, Positive Median Barrier",Dry,Daylight,Rain,1,Head-On (Front - to - Front),"Yes, M/V and Driver Left Scene",No Controls,2,1,Complains Of Pain
816215,4/14/20,9:17 PM,2020-00030401,CRANSTON STREET,HANOVER ST ,CRANSTON STREET / HANOVER ST ,Donald Castigliego,287,14-Apr-20,Vehicle - Pedestrian,,,,"Two-Way , Not Divided",Dry,Dark - Lighted,Clear,1,Not a Collision Between Two Motor Vehicles in Transport,"Yes, M/V and Driver Left Scene",No Controls,1,1,Non-Incapacitating
816246,4/18/20,9:59 AM,2020-00031003,NORTH MAIN ST,RANDALL ST ,NORTH MAIN ST / RANDALL ST ,Fernando Lopez,156,18-Apr-20,Vehicle - Pedestrian,,,,"Two-Way, Divided, Positive Median Barrier",Wet,Daylight,Snow,1,Not a Collision Between Two Motor Vehicles in Transport,No,Pavement Markings,2,1,Complains Of Pain
816329,4/21/20,5:00 PM,2020-00031586,broad street,SACKETT ST ,broad street / SACKETT ST ,Ptlw. Levesque,248,21-Apr-20,Vehicle - Pedestrian,,,,"Two-Way , Not Divided",Wet,Daylight,Rain,1,Not a Collision Between Two Motor Vehicles in Transport,"Yes, M/V and Driver Left Scene",No Controls,1,1,Complains Of Pain
816391,4/22/20,5:47 PM,2020-00031762,22 LONGMONT ST ,SUSSEX ST ,22 LONGMONT ST  / SUSSEX ST ,Joseph Lopes,227,22-Apr-20,Vehicle - Pedestrian,,,,"Two-Way , Not Divided",Dry,Daylight,Clear,2,Unknown,"Yes, M/V and Driver Left Scene",No Controls,2,0,Unknown
816489,4/24/20,8:53 AM,2020-00032060,TERRACE AVE,WALLACE ST ,TERRACE AVE / WALLACE ST ,Fernando Lopez,156,24-Apr-20,Vehicle - Pedestrian,,,,"Two-Way , Not Divided",Wet,Daylight,Rain,2,Rear End(Front-to-Rear),No,No Controls,3,0,No Injury
816558,4/25/20,12:21 AM,2020-00032214,BROAD ST,BROAD ST ,BROAD ST / BROAD ST ,Kyle Endres,220,25-Apr-20,Vehicle - Pedestrian,,,,"Two-Way , Not Divided",Dry,Dark - Lighted,Clear,1,Not a Collision Between Two Motor Vehicles in Transport,"Yes, M/V and Driver Left Scene",No Controls,1,0,No Injury
817611,4/25/20,8:38 PM,2020-00032454,ELMWOOD AVENUE,PARKIS AVE ,ELMWOOD AVENUE / PARKIS AVE ,Kirsten Doldoorian,221,25-Apr-20,Vehicle - Pedestrian,,,,"Two-Way , Not Divided",Dry,Dark - Lighted,Clear,1,Not a Collision Between Two Motor Vehicles in Transport,No,No Controls,2,1,Incapacitating
817636,4/26/20,10:47 PM,2020-00032485,OLMSTEAD WAY,BRANCH AVE ,OLMSTEAD WAY / BRANCH AVE ,David Forte,518,26-Apr-20,Vehicle - Pedestrian,,,,Unknown,Dry,Dark - Lighted,Clear,2,Unknown,"Yes, M/V and Driver Left Scene",No Controls,3,0,Unknown
817665,4/26/20,4:09 PM,2020-00032622,ORMS ST,SMITH ST ,ORMS ST / SMITH ST ,Jeann Lugo,543,26-Apr-20,Vehicle - Pedestrian,,,,"Two-Way , Not Divided",Wet,Daylight,Rain,2,Rear End(Front-to-Rear),"Yes, M/V and Driver Left Scene",Traffic Control Signal,3,0,No Injury
817780,4/28/20,3:30 PM,2020-00032943,288 THAYER ST,BOWEN ST ,288 THAYER ST / BOWEN ST ,Joseph Lopes,227,28-Apr-20,Vehicle - Pedestrian,,,,One-Way Trafficway,Dry,Daylight,Clear,2,Unknown,"Yes, M/V and Driver Left Scene",No Controls,2,0,Unknown
817956,5/1/20,8:33 AM,2020-00033445,CAMP ST,DOYLE AVE ,CAMP ST / DOYLE AVE ,Jose Deschamps,419,01-May-20,Vehicle - Pedestrian,,,,"Two-Way , Not Divided",Wet,Daylight,"Sleet, Hail (Freezing Rain or Drizzle)",1,Not a Collision Between Two Motor Vehicles in Transport,"Yes, Driver Left Scene",Stop Signs,8,2,Incapacitating
817962,5/1/20,2:28 PM,2020-00033511,OLMSTEAD WAY,BRANCH AVE ,OLMSTEAD WAY / BRANCH AVE ,Jeann Lugo,543,01-May-20,Vehicle - Pedestrian,,,,"Two-Way , Not Divided",Dry,Daylight,Clear,2,Rear End(Front-to-Rear),"Yes, M/V and Driver Left Scene",No Controls,3,2,Complains Of Pain
817990,5/1/20,1:19 PM,2020-00033491,42 Vaughan Street,NORTHUP AVE ,42 Vaughan Street / NORTHUP AVE ,Paul Caminero,339,02-May-20,Vehicle - Pedestrian,,,,"Two-Way , Not Divided",Dry,Daylight,Clear,2,"Sideswipe, Same Direction","Yes, M/V and Driver Left Scene",No Controls,2,0,Unknown
818021,5/3/20,1:17 PM,2020-00034114,PRESIDENT AVE,ELMGROVE AVE ,PRESIDENT AVE / ELMGROVE AVE ,George Pereira,421,03-May-20,Vehicle - Pedestrian,,,,"Two-Way , Not Divided",Dry,Daylight,Clear,1,Not a Collision Between Two Motor Vehicles in Transport,No,Stop Signs,2,1,Complains Of Pain
818037,5/3/20,9:15 PM,2020-00034313,CRANSTON ST,BRIDGHAM ST ,CRANSTON ST / BRIDGHAM ST ,Joshua Cascione,225,03-May-20,Vehicle - Pedestrian,,,,"Two-Way , Not Divided",Dry,Dark - Lighted,Clear,1,Not a Collision Between Two Motor Vehicles in Transport,"Yes, M/V and Driver Left Scene",Traffic Control Signal,3,1,Incapacitating
818165,5/5/20,1:46 PM,2020-00034664,REGENT AVE,ACADEMY AVE ,REGENT AVE / ACADEMY AVE ,Fernando Lopez,156,05-May-20,Vehicle - Pedestrian,,,,"Two-Way , Not Divided",Dry,Daylight,Clear,1,Not a Collision Between Two Motor Vehicles in Transport,No,No Controls,2,1,Complains Of Pain
818181,5/5/20,2:42 PM,2020-00034676,ADELAIDE AVE,ELMWOOD AVE ,ADELAIDE AVE / ELMWOOD AVE ,Joseph Lopes,227,05-May-20,Vehicle - Pedestrian,,,,"Two-Way, Divided, Positive Median Barrier",Dry,Daylight,Clear,2,Angle (Front - to - Side) Right Angle (Includes Broadside),No,Traffic Control Signal,6,2,Complains Of Pain
818378,5/8/20,2:17 PM,2020-00035356,903 Providence Place ,,903 Providence Place  / ,Ybelis Gonzalez,376,09-May-20,Vehicle - Pedestrian,,,,"Two-Way , Not Divided",Dry,Daylight,Clear,2,Not a Collision Between Two Motor Vehicles in Transport,"Yes, M/V and Driver Left Scene",No Controls,2,0,Unknown
818499,5/12/20,12:47 PM,2020-00036216,N MAIN ST,OLNEY ST ,N MAIN ST / OLNEY ST ,Raymond King,633,13-May-20,Vehicle - Pedestrian,,,,One-Way Trafficway,Dry,Daylight,Clear,2,Angle (Front - to - Side) Same Direction,No,No Controls,4,0,No Injury
818498,5/13/20,8:58 AM,2020-00036423,460 SMITH ST,CHALKSTONE AVE ,460 SMITH ST / CHALKSTONE AVE ,Jose Deschamps,419,13-May-20,Vehicle - Pedestrian,,,,"Two-Way, Divided, Unprotected (painted>4feet) Medium",Dry,Daylight,Clear,1,Not a Collision Between Two Motor Vehicles in Transport,"Yes, M/V and Driver Left Scene",No Controls,3,1,Non-Incapacitating
818504,5/13/20,1:33 PM,2020-00036476,KILLINGLY ST,PLAINFIELD ST ,KILLINGLY ST / PLAINFIELD ST ,Jason Andrade,200,13-May-20,Vehicle - Pedestrian,,,,Unknown,Dry,Daylight,Clear,2,Rear End(Front-to-Rear),"Yes, M/V and Driver Left Scene",No Controls,3,0,Unknown
818685,5/17/20,2:00 PM,2020-00037715,CAROLINA AVE,VIRGINIA AVE ,CAROLINA AVE / VIRGINIA AVE ,Fernando Lopez,156,17-May-20,Vehicle - Pedestrian,X,,,"Two-Way , Not Divided",Dry,Daylight,Clear,2,Angle (Front - to - Side) Right Angle (Includes Broadside),No,No Controls,4,3,Complains Of Pain
818695,5/17/20,2:13 PM,2020-00037717,110 Harold Street ,Regent Avenue ,110 Harold Street  / Regent Avenue ,Joseph Amoroso,613,17-May-20,Vehicle - Pedestrian,,,,"Two-Way , Not Divided",Dry,Daylight,Clear,2,Not a Collision Between Two Motor Vehicles in Transport,"Yes, M/V and Driver Left Scene",No Controls,4,1,Fatal
818766,5/19/20,3:23 AM,2020-00038167,Cranston Street,Highway on ramp,Cranston Street / Highway on ramp,Kristen Barth,247,19-May-20,Vehicle - Pedestrian,,,,Unknown,Dry,Dark - Lighted,Clear,2,Unknown,"Yes, Driver Left Scene",No Controls,3,1,Complains Of Pain
819000,5/22/20,12:11 PM,2020-00039024,HARTFORD AVE,SPRINGFIELD ST ,HARTFORD AVE / SPRINGFIELD ST ,Fernando Lopez,156,22-May-20,Vehicle - Pedestrian,,,,"Two-Way , Not Divided",Dry,Daylight,Clear,2,"Sideswipe, Same Direction",No,No Controls,3,0,No Injury
819048,5/23/20,9:59 AM,2020-00039394,LAUREL HILL AVE,DORCHESTER AVE ,LAUREL HILL AVE / DORCHESTER AVE ,Fernando Lopez,156,23-May-20,Vehicle - Pedestrian,,,,One-Way Trafficway,Dry,Daylight,Clear,2,"Sideswipe, Same Direction","Yes, M/V and Driver Left Scene",No Controls,2,0,Unknown
819090,5/23/20,11:46 AM,2020-00039408,CALLAN ST,MOUNT PLEASANT AVE ,CALLAN ST / MOUNT PLEASANT AVE ,Fernando Lopez,156,23-May-20,Vehicle - Pedestrian,,,,"Two-Way , Not Divided",Dry,Daylight,Clear,2,Rear - to - Side,No,No Controls,3,0,No Injury
819160,5/24/20,4:52 PM,2020-00039731,PLAINFIELD ST,GIFFORD ST,PLAINFIELD ST / GIFFORD ST,Joseph Lopes,227,24-May-20,Vehicle - Pedestrian,X,,,"Two-Way , Not Divided",Dry,Daylight,Clear,1,Not a Collision Between Two Motor Vehicles in Transport,No,Other,2,1,Complains Of Pain
819207,5/25/20,1:49 PM,2020-00039992,WEYBOSSET ST,SNOW ST ,WEYBOSSET ST / SNOW ST ,Fernando Lopez,156,25-May-20,Vehicle - Pedestrian,,,,"Two-Way , Not Divided",Dry,Daylight,Clear,2,"Sideswipe, Same Direction","Yes, M/V and Driver Left Scene",No Controls,2,0,No Injury
819216,5/25/20,4:20 PM,2020-00040030,DOVER ST,PEMBERTON ST ,DOVER ST / PEMBERTON ST ,Donald Castigliego,287,25-May-20,Vehicle - Pedestrian,X,,,"Two-Way , Not Divided",Dry,Daylight,Cloudy,1,Not a Collision Between Two Motor Vehicles in Transport,No,No Controls,2,0,No Injury
819235,5/25/20,11:05 AM,2020-00040172,College st,MEMORIAL BLVD ,College st / MEMORIAL BLVD ,Corey Brown,581,26-May-20,Vehicle - Pedestrian,,,,"Two-Way, Divided, Unprotected (painted>4feet) Medium",Dry,Dusk,Clear,1,Not a Collision Between Two Motor Vehicles in Transport,"Yes, Driver Left Scene",No Controls,1,0,Unknown
819314,5/26/20,7:21 PM,2020-00040496,SMITH ST,RUGGLES ST ,SMITH ST / RUGGLES ST ,Donald Castigliego,287,26-May-20,Vehicle - Pedestrian,,,,"Two-Way , Not Divided",Dry,Dusk,Clear,1,Not a Collision Between Two Motor Vehicles in Transport,No,No Controls,5,1,Complains Of Pain
819364,5/27/20,4:28 PM,2020-00040796,WEBSTER AVE,WHITTIER AVE ,WEBSTER AVE / WHITTIER AVE ,Ryan Malloy,311,27-May-20,Vehicle - Pedestrian,,,,"Two-Way , Not Divided",Dry,Daylight,Clear,2,"Sideswipe, Same Direction","Yes, M/V and Driver Left Scene",No Controls,3,1,Complains Of Pain
819369,5/27/20,4:29 PM,2020-00040794,CHARLES ST,HAWKINS ST ,CHARLES ST / HAWKINS ST ,Jose Deschamps,419,27-May-20,Vehicle - Pedestrian,,,,"Two-Way, Divided, Unprotected (painted>4feet) Medium",Dry,Daylight,Clear,1,Not a Collision Between Two Motor Vehicles in Transport,No,No Controls,2,1,Incapacitating
819423,5/28/20,4:38 PM,2020-00041156,BROOK ST,WILLIAMS ST ,BROOK ST / WILLIAMS ST ,Miguel Castillo,489,28-May-20,Vehicle - Pedestrian,X,,,"Two-Way , Not Divided",Dry,Daylight,Cloudy,1,Angle (Front - to - Side) Right Angle (Includes Broadside),No,Stop Signs,3,1,Complains Of Pain
819586,5/31/20,10:48 AM,2020-00042174,CRANSTON ST,DEXTER ST ,CRANSTON ST / DEXTER ST ,Fernando Lopez,156,31-May-20,Vehicle - Pedestrian,,,,"Two-Way , Not Divided",Dry,Daylight,Clear,1,Not a Collision Between Two Motor Vehicles in Transport,No,Pavement Markings,2,1,Complains Of Pain
819624,5/31/20,8:09 PM,2020-00042347,213 JEWETT ST,BATH ST ,213 JEWETT ST / BATH ST ,Joseph Lopes,227,31-May-20,Vehicle - Pedestrian,,,,"Two-Way , Not Divided",Dry,Daylight,Clear,2,Not a Collision Between Two Motor Vehicles in Transport,"Yes, M/V and Driver Left Scene",No Controls,2,0,Unknown
819705,6/1/20,11:30 PM,2020-00042710,77 Union Ave,SORRENTO ST ,77 Union Ave / SORRENTO ST ,Cory Vingi,237,02-Jun-20,Vehicle - Pedestrian,,,,"Two-Way , Not Divided",Dry,Dark - Lighted,Clear,1,Not a Collision Between Two Motor Vehicles in Transport,No,No Controls,2,1,Incapacitating
819708,6/2/20,9:25 PM,2020-00043075,EDDY ST,BROOM ST ,EDDY ST / BROOM ST ,Joshua Cascione,225,02-Jun-20,Vehicle - Pedestrian,,,,"Two-Way , Not Divided",Dry,Dark - Lighted,Clear,1,Not a Collision Between Two Motor Vehicles in Transport,"Yes, M/V and Driver Left Scene",No Controls,4,1,Complains Of Pain
819725,6/3/20,10:45 AM,2020-00043210,EDDY ST EXIT 19,EXIT  (RT ),EDDY ST EXIT 19 / EXIT  (RT ),Joshua Cascione,225,03-Jun-20,Vehicle - Pedestrian,,,,One-Way Trafficway,Dry,Daylight,Clear,2,Rear End(Front-to-Rear),No,No Controls,4,1,Incapacitating
819732,6/3/20,1:43 PM,2020-00043263,HARTFORD AVE,STELLA ST,HARTFORD AVE / STELLA ST,Fernando Lopez,156,03-Jun-20,Vehicle - Pedestrian,,,,"Two-Way , Not Divided",Dry,Daylight,Clear,2,Rear End(Front-to-Rear),No,No Controls,4,0,No Injury
819777,6/3/20,6:00 PM,2020-00043353,598 HARTFORD AVE ,HARTFORD AVE ,598 HARTFORD AVE  / HARTFORD AVE ,Joseph Lopes,227,03-Jun-20,Vehicle - Pedestrian,,,,"Two-Way , Not Divided",Dry,Daylight,Clear,2,"Sideswipe, Same Direction","Yes, M/V and Driver Left Scene",No Controls,2,0,Unknown
819863,6/5/20,2:28 PM,2020-00043918,OPPER STREET,SOCIAL STREET,OPPER STREET / SOCIAL STREET,Joseph Madeira,552,05-Jun-20,Vehicle - Pedestrian,X,,,"Two-Way , Not Divided",Dry,Daylight,Clear,1,Angle (Front - to - Side) Right Angle (Includes Broadside),No,Stop Signs,3,0,No Injury
819873,6/5/20,9:00 PM,2020-00044022,ROCHAMBEAU AVE,HOPE ST ,ROCHAMBEAU AVE / HOPE ST ,Jessica Salmeron,356,05-Jun-20,Vehicle - Pedestrian,,,,"Two-Way, Not Divided With a Continuous Left Turn Lane",Wet,Dusk,Clear,1,Not a Collision Between Two Motor Vehicles in Transport,"Yes, Driver Left Scene",Traffic Control Signal,2,1,Complains Of Pain
819963,6/7/20,1:12 PM,2020-00044519,BROAD ST,ALDRICH ST ,BROAD ST / ALDRICH ST ,Joshua Cascione,225,07-Jun-20,Vehicle - Pedestrian,X,,,"Two-Way , Not Divided",Dry,Daylight,Clear,1,Not a Collision Between Two Motor Vehicles in Transport,No,No Controls,2,0,No Injury
820038,6/9/20,2:25 AM,2020-00045058,JEWETT ST,CALVERLY ST ,JEWETT ST / CALVERLY ST ,Kyle Endres,220,09-Jun-20,Vehicle - Pedestrian,,,,"Two-Way , Not Divided",Dry,Dark - Lighted,Clear,1,Not a Collision Between Two Motor Vehicles in Transport,"Yes, M/V and Driver Left Scene",No Controls,2,1,Complains Of Pain
820249,6/13/20,5:55 PM,2020-00046492,CHARLES ST,CORLISS ST ,CHARLES ST / CORLISS ST ,Donald Castigliego,287,13-Jun-20,Vehicle - Pedestrian,X,,,One-Way Trafficway,Dry,Daylight,Clear,1,Not a Collision Between Two Motor Vehicles in Transport,No,No Controls,4,1,Complains Of Pain
820252,6/13/20,7:10 PM,2020-00046520,94 MANOMET ST,VICTORIA ST ,94 MANOMET ST / VICTORIA ST ,Michael Sepe,367,13-Jun-20,Vehicle - Pedestrian,,,,"Two-Way , Not Divided",Dry,Daylight,Clear,2,Angle (Front - to - Side) Opposite Direction,"Yes, M/V and Driver Left Scene",No Controls,2,0,No Injury
820440,6/16/20,4:13 PM,2020-00047469,Broadway ,SERVICE ROAD 7 ,Broadway  / SERVICE ROAD 7 ,Darrin Anderson,550,16-Jun-20,Vehicle - Pedestrian,,,,"Two-Way, Divided, Unprotected (painted>4feet) Medium",Dry,Daylight,Clear,2,Angle (Front - to - Side) Right Angle (Includes Broadside),"Yes, M/V and Driver Left Scene",Traffic Control Signal,4,0,No Injury
820583,6/17/20,12:23 PM,2020-00047698,1271 Broad St,BROAD ST ,1271 Broad St / BROAD ST ,Michelle Chasse,264,18-Jun-20,Vehicle - Pedestrian,,X,,"Two-Way , Not Divided",Dry,Daylight,Clear,1,Not a Collision Between Two Motor Vehicles in Transport,"Yes, M/V and Driver Left Scene",No Controls,2,1,Complains Of Pain
820596,6/17/20,4:30 PM,2020-00047778,POTTERS AVE,BROAD ST ,POTTERS AVE / BROAD ST ,Nicholas Manfredi,343,18-Jun-20,Vehicle - Pedestrian,X,,,"Two-Way , Not Divided",Dry,Daylight,Clear,1,Not a Collision Between Two Motor Vehicles in Transport,"Yes, M/V and Driver Left Scene",No Controls,1,1,Complains Of Pain
820495,6/17/20,10:40 AM,2020-00047677,CAMBRIDGE ST,ACADEMY AVE ,CAMBRIDGE ST / ACADEMY AVE ,Ptlm. Elie,167,17-Jun-20,Vehicle - Pedestrian,,,,"Two-Way , Not Divided",Dry,Daylight,Clear,1,Angle - Direction Not Specified,"Yes, M/V and Driver Left Scene",No Controls,1,1,Complains Of Pain
820509,6/17/20,1:03 PM,2020-00047710,501 SILVER SPRING STREET,SMITHFIELD AVE ,501 SILVER SPRING STREET / SMITHFIELD AVE ,Gargar Grimes,323,17-Jun-20,Vehicle - Pedestrian,,X,,"Two-Way, Divided, Unprotected (painted>4feet) Medium",Dry,Daylight,Clear,1,Not a Collision Between Two Motor Vehicles in Transport,No,No Controls,3,1,Complains Of Pain
820567,6/18/20,3:29 AM,2020-00047944,SORRENTO ST,WADSWORTH ST ,SORRENTO ST / WADSWORTH ST ,Ryan Fedo,,18-Jun-20,Vehicle - Pedestrian,,,,Unknown,Dry,Dark - Lighted,Clear,1,Not a Collision Between Two Motor Vehicles in Transport,"Yes, M/V and Driver Left Scene",Unknown,1,1,Non-Incapacitating
820799,6/20/20,6:29 PM,2020-00048792,LLOYD AVE,ELMGROVE AVE ,LLOYD AVE / ELMGROVE AVE ,Noel Field,260,20-Jun-20,Vehicle - Pedestrian,X,,,"Two-Way , Not Divided",Dry,Daylight,Clear,1,Not a Collision Between Two Motor Vehicles in Transport,No,Stop Signs,6,1,Incapacitating
820992,6/23/20,11:30 AM,2020-00049784,WICKENDEN ST,BROOK ST ,WICKENDEN ST / BROOK ST ,Fernando Lopez,156,23-Jun-20,Vehicle - Pedestrian,,,,"Two-Way , Not Divided",Dry,Daylight,Clear,2,"Sideswipe, Same Direction",No,No Controls,4,0,No Injury