CrashReportId,CrashDate,CrashTime,ReportNumber,StreetOrHighway,NearestIntersection,Location,Officer,Badge,ReportDate,TypeOfCollision,Bicycle,Scooter,Wheel Chair,TypeOfRoadway,RoadSurfaceCondition,LightCondition,WeatherCondition,NumberofVehicles,MannerofImpact,HitAndRun,TrafficControl,PersonCount,InjuryCount,MostSeriousInjury
821099,6/24/20,3:12 PM,2020-00050156,BORDEN ST,PLAIN ST ,BORDEN ST / PLAIN ST ,Joseph Lopes,227,24-Jun-20,Vehicle - Pedestrian,,,,"Two-Way , Not Divided",Dry,Daylight,Clear,1,Not a Collision Between Two Motor Vehicles in Transport,No,No Controls,2,1,Complains Of Pain
821230,6/26/20,3:09 AM,2020-00050715,CASS ST,BROAD ST,CASS ST / BROAD ST,Matthew Fadale,214,26-Jun-20,Vehicle - Pedestrian,,,,"Two-Way , Not Divided",Dry,Dark - Not Lighted,Clear,1,Not a Collision Between Two Motor Vehicles in Transport,"Yes, M/V and Driver Left Scene",No Controls,1,1,Incapacitating
821405,6/27/20,7:53 PM,2020-00051319,HARTFORD AVE,MERINO ST,HARTFORD AVE / MERINO ST,Brendan McKenna,314,28-Jun-20,Vehicle - Pedestrian,,,,Unknown,Wet,Dark - Lighted,Clear,2,"Sideswipe, Same Direction","Yes, M/V and Driver Left Scene",Unknown,2,0,Unknown
821321,6/27/20,3:25 PM,2020-00051242,GALLATIN ST,EMERSON ST ,GALLATIN ST / EMERSON ST ,John Benros,481,27-Jun-20,Vehicle - Pedestrian,,,,"Two-Way , Not Divided",Wet,Daylight,Rain,1,Other,No,No Controls,2,0,No Injury
821347,6/27/20,11:16 PM,2020-00051394,315 BROAD STREET,,315 BROAD STREET / ,Donald Castigliego,287,28-Jun-20,Vehicle - Pedestrian,,,,"Two-Way , Not Divided",Other,Dark - Lighted,Cloudy,1,Not a Collision Between Two Motor Vehicles in Transport,No,No Controls,3,1,Incapacitating
821352,6/27/20,11:07 PM,2020-00051389,Webster Ave,Dora Street,Webster Ave / Dora Street,Kristen Barth,247,28-Jun-20,Vehicle - Pedestrian,,,,"Two-Way , Not Divided",Wet,Dark - Lighted,Rain,1,Rear End(Front-to-Rear),No,No Controls,3,1,Incapacitating
821360,6/28/20,2:00 AM,2020-00051473,155 ORMS ST,JEFFERSON ST ,155 ORMS ST / JEFFERSON ST ,Casey Correia,521,28-Jun-20,Vehicle - Pedestrian,,,,"Two-Way , Not Divided",Wet,Dark - Lighted,Cloudy,2,Not a Collision Between Two Motor Vehicles in Transport,"Yes, M/V and Driver Left Scene",No Controls,2,0,No Injury
821373,6/28/20,10:38 AM,2020-00051552,PINEHURST AVE,CHAD BROWN ST ,PINEHURST AVE / CHAD BROWN ST ,Taft Manzotti,377,28-Jun-20,Vehicle - Pedestrian,,,,"Two-Way , Not Divided",Dry,Daylight,Clear,2,Unknown,"Yes, M/V and Driver Left Scene",No Controls,2,0,Unknown
821406,6/28/20,5:33 PM,2020-00051656,COLFAX ST,OCEAN ST ,COLFAX ST / OCEAN ST ,John Benros,481,28-Jun-20,Vehicle - Pedestrian,,,,"Two-Way , Not Divided",Dry,Daylight,Clear,1,Other,"Yes, M/V and Driver Left Scene",No Controls,1,0,Unknown
821414,6/28/20,9:17 PM,2020-00051729,FLORA ST,ASHTON ST ,FLORA ST / ASHTON ST ,Taft Manzotti,377,28-Jun-20,Vehicle - Pedestrian,,,,"Two-Way , Not Divided",Wet,Dark - Lighted,Rain,1,"Sideswipe, Same Direction","Yes, M/V and Driver Left Scene",No Controls,1,1,Complains Of Pain
821420,6/28/20,10:56 PM,2020-00051770,Thayer Street,Bowen Street,Thayer Street / Bowen Street,Kristen Barth,247,28-Jun-20,Vehicle - Pedestrian,,,,One-Way Trafficway,Wet,Dark - Lighted,Clear,1,Not a Collision Between Two Motor Vehicles in Transport,No,Stop Signs,3,1,Complains Of Pain
821625,7/1/20,7:30 PM,2020-00052654,ADMIRAL ST,HAWKINS ST ,ADMIRAL ST / HAWKINS ST ,Cory Vingi,237,01-Jul-20,Vehicle - Pedestrian,,,,"Two-Way , Not Divided",Dry,Daylight,Clear,1,Not a Collision Between Two Motor Vehicles in Transport,No,No Controls,2,1,Complains Of Pain
821855,7/4/20,2:42 AM,2020-00053576,Broad street ,THURBERS AVE ,Broad street  / THURBERS AVE ,Manuel Vlaun,551,04-Jul-20,Vehicle - Pedestrian,,,,One-Way Trafficway,Dry,Dark - Lighted,Clear,1,Not a Collision Between Two Motor Vehicles in Transport,No,Traffic Control Signal,3,1,Complains Of Pain
821934,7/4/20,8:12 PM,2020-00053827,Sassafras Street ,NIAGARA ST ,Sassafras Street  / NIAGARA ST ,Alex Schneider,411,04-Jul-20,Vehicle - Pedestrian,,,,"Two-Way , Not Divided",Dry,Daylight,Clear,2,"Sideswipe, Same Direction","Yes, M/V and Driver Left Scene",No Controls,2,0,No Injury
821951,7/5/20,12:02 AM,2020-00053927,GROSVENOR AVE,CHALKSTONE AVE ,GROSVENOR AVE / CHALKSTONE AVE ,Robert Savage,238,05-Jul-20,Vehicle - Pedestrian,,,,"Two-Way, Divided, Unprotected (painted>4feet) Medium",Dry,Dark - Lighted,Clear,1,Not a Collision Between Two Motor Vehicles in Transport,No,No Controls,6,1,Non-Incapacitating
821969,7/5/20,11:33 AM,2020-00054121,PENN ST,ALMY ST ,PENN ST / ALMY ST ,Fernando Lopez,156,05-Jul-20,Vehicle - Pedestrian,,,,"Two-Way , Not Divided",Dry,Daylight,Clear,2,"Sideswipe, Same Direction","Yes, M/V and Driver Left Scene",No Controls,2,0,Unknown
822102,7/6/20,3:03 PM,2020-00054491,Charles St,W River St,Charles St / W River St,Shaun Marmas,216,06-Jul-20,Vehicle - Pedestrian,,,,"Two-Way, Divided, Unprotected (painted>4feet) Medium",Dry,Daylight,Clear,1,Not a Collision Between Two Motor Vehicles in Transport,No,No Controls,2,1,Complains Of Pain
822165,7/6/20,9:20 PM,2020-00054604,73 AYRAULT ST,CHALKSTONE AVE ,73 AYRAULT ST / CHALKSTONE AVE ,Joseph Lopes,227,06-Jul-20,Vehicle - Pedestrian,,,,One-Way Trafficway,Dry,Dark - Lighted,Clear,1,Not a Collision Between Two Motor Vehicles in Transport,"Yes, M/V and Driver Left Scene",No Controls,2,1,Incapacitating
822281,7/8/20,6:19 PM,2020-00055182,ADELAIDE AVE,RESERVOIR AVE ,ADELAIDE AVE / RESERVOIR AVE ,Jose Buten,322,08-Jul-20,Vehicle - Pedestrian,,,,"Two-Way, Divided, Unprotected (painted>4feet) Medium",Dry,Daylight,Clear,1,Not a Collision Between Two Motor Vehicles in Transport,No,Traffic Control Signal,4,1,Incapacitating
822283,7/8/20,5:52 PM,2020-00055176,31 Croyland Road ,POTTERS AVE ,31 Croyland Road  / POTTERS AVE ,Alex Schneider,411,08-Jul-20,Vehicle - Pedestrian,,,,"Two-Way , Not Divided",Dry,Daylight,Clear,1,Not a Collision Between Two Motor Vehicles in Transport,"Yes, M/V and Driver Left Scene",No Controls,3,1,Complains Of Pain
822339,7/8/20,8:56 PM,2020-00055227,EXCHANGE TER,MEMORIAL BLVD ,EXCHANGE TER / MEMORIAL BLVD ,ENDRES,220,08-Jul-20,Vehicle - Pedestrian,,,,"Two-Way , Not Divided",Dry,Dark - Lighted,Clear,1,Other,No,Traffic Control Signal,2,1,Non-Incapacitating
822390,7/9/20,1:58 PM,2020-00055429,HOPE ST ,4TH ST ,HOPE ST  / 4TH ST ,Kyana Williams,426,10-Jul-20,Vehicle - Pedestrian,,,,"Two-Way , Not Divided",Dry,Daylight,Clear,1,Not a Collision Between Two Motor Vehicles in Transport,No,No Controls,4,1,Complains Of Pain
822636,7/13/20,1:43 PM,2020-00056734,GOVERNOR ST,POWER ST ,GOVERNOR ST / POWER ST ,Joshua Cascione,225,13-Jul-20,Vehicle - Pedestrian,,,,"Two-Way , Not Divided",Dry,Daylight,Clear,1,Not a Collision Between Two Motor Vehicles in Transport,No,Other,6,1,Incapacitating
822697,7/14/20,1:41 AM,2020-00056919,GREENWICH ST,PUBLIC ST ,GREENWICH ST / PUBLIC ST ,Damaris Sanchez,566,14-Jul-20,Vehicle - Pedestrian,,,,"Two-Way , Not Divided",Dry,Dark - Lighted,Clear,1,Head-On (Front - to - Front),"Yes, Driver Left Scene",No Controls,1,0,Unknown
822723,7/14/20,1:34 PM,2020-00057029,HARRIS AVE,ACORN ST ,HARRIS AVE / ACORN ST ,Joshua Cascione,225,14-Jul-20,Vehicle - Pedestrian,X,,,"Two-Way , Not Divided",Dry,Daylight,Clear,1,Not a Collision Between Two Motor Vehicles in Transport,No,No Controls,3,0,No Injury
822753,7/15/20,5:39 AM,2020-00057202,Valley STREET,RIVER AVE ,Valley STREET / RIVER AVE ,Louis Prete,522,15-Jul-20,Vehicle - Pedestrian,,,,"Two-Way , Not Divided",Dry,Dawn,Cloudy,1,Not a Collision Between Two Motor Vehicles in Transport,"Yes, M/V and Driver Left Scene",Traffic Control Signal,2,0,No Injury
822757,7/15/20,11:39 AM,2020-00057253,ATWELLS AVE,VALLEY ST ,ATWELLS AVE / VALLEY ST ,Joshua Cascione,225,15-Jul-20,Vehicle - Pedestrian,,,,"Two-Way , Not Divided",Dry,Daylight,Clear,1,Not a Collision Between Two Motor Vehicles in Transport,"Yes, M/V and Driver Left Scene",No Controls,1,1,Complains Of Pain
822802,7/15/20,3:58 PM,2020-00057325,PARKIS AVE,BROAD ST ,PARKIS AVE / BROAD ST ,Wilkens Georges,548,15-Jul-20,Vehicle - Pedestrian,,,,"Two-Way, Divided, Unprotected (painted>4feet) Medium",Dry,Daylight,Clear,1,Not a Collision Between Two Motor Vehicles in Transport,"Yes, M/V and Driver Left Scene",Traffic Control Signal,1,1,Complains Of Pain
822897,7/16/20,5:19 PM,2020-00057636,60 FAIRFIELD AVE ,MANTON AVE ,60 FAIRFIELD AVE  / MANTON AVE ,Joseph Lopes,227,16-Jul-20,Vehicle - Pedestrian,,,,"Two-Way , Not Divided",Dry,Daylight,Clear,2,Angle (Front - to - Side) Right Angle (Includes Broadside),No,No Controls,3,1,Complains Of Pain
823018,7/18/20,1:40 AM,2020-00058108,BROAD ST,SACKETT ST ,BROAD ST / SACKETT ST ,Cory Vingi,237,18-Jul-20,Vehicle - Pedestrian,,,,"Two-Way , Not Divided",Dry,Dark - Lighted,Clear,1,Not a Collision Between Two Motor Vehicles in Transport,"Yes, M/V and Driver Left Scene",No Controls,2,2,Incapacitating
823036,7/18/20,10:43 AM,2020-00058203,WILLARD AVE,BROAD ST ,WILLARD AVE / BROAD ST ,Erick Fernandez,228,18-Jul-20,Vehicle - Pedestrian,,,,"Two-Way , Not Divided",Dry,Daylight,Clear,1,Not a Collision Between Two Motor Vehicles in Transport,No,No Controls,3,1,Complains Of Pain
823149,7/19/20,3:10 PM,2020-00058669,Sassafras St,SAVINGS ST ,Sassafras St / SAVINGS ST ,Alex Schneider,411,19-Jul-20,Vehicle - Pedestrian,,,,"Two-Way , Not Divided",Dry,Daylight,Clear,2,Unknown,"Yes, M/V and Driver Left Scene",No Controls,2,0,Unknown
827532,7/20/20,2:26 PM,2020-00058971,UNION AVE,WEBSTER AVE ,UNION AVE / WEBSTER AVE ,Alex Diaz,420,31-Aug-20,Vehicle - Pedestrian,,,,"Two-Way , Not Divided",Dry,Daylight,Clear,1,"Sidwswipe, Opposite Direction",No,No Controls,2,1,Complains Of Pain
823236,7/21/20,3:33 PM,2020-00059290,CHARLES ST ,CANAL ST ,CHARLES ST  / CANAL ST ,Joseph Lopes,227,21-Jul-20,Vehicle - Pedestrian,X,,,"Two-Way , Not Divided",Dry,Daylight,Clear,1,Not a Collision Between Two Motor Vehicles in Transport,No,No Controls,3,1,Complains Of Pain
823312,7/21/20,8:12 PM,2020-00059367,DOUGLAS AVE,WHIPPLE ST ,DOUGLAS AVE / WHIPPLE ST ,Joseph Lopes,227,22-Jul-20,Vehicle - Pedestrian,,,,"Two-Way , Not Divided",Dry,Dark - Lighted,Clear,1,Not a Collision Between Two Motor Vehicles in Transport,"Yes, M/V and Driver Left Scene",No Controls,1,1,Complains Of Pain
823326,7/22/20,4:03 PM,2020-00059577,BODELL AVE,WHELAN RD ,BODELL AVE / WHELAN RD ,Raymond Hull,094,22-Jul-20,Vehicle - Pedestrian,,,,Unknown,Dry,Daylight,Clear,1,"Sidwswipe, Opposite Direction",No,No Controls,4,1,Complains Of Pain
823463,7/24/20,4:56 PM,2020-00060144,VALLEY ST ,RIVER AVE ,VALLEY ST  / RIVER AVE ,Joseph Lopes,227,24-Jul-20,Vehicle - Pedestrian,X,,,"Two-Way , Not Divided",Dry,Daylight,Clear,1,Not a Collision Between Two Motor Vehicles in Transport,No,Traffic Control Signal,4,1,Complains Of Pain
823477,7/25/20,12:05 AM,2020-00060268,CRANSTON ST,ALTHEA ST ,CRANSTON ST / ALTHEA ST ,Cory Vingi,237,25-Jul-20,Vehicle - Pedestrian,X,,,"Two-Way , Not Divided",Dry,Dark - Lighted,Clear,1,Not a Collision Between Two Motor Vehicles in Transport,No,No Controls,2,1,Complains Of Pain
823498,7/25/20,11:00 PM,2020-00060536,306 SMITH ST,SMITH ST ,306 SMITH ST / SMITH ST ,Cory Vingi,237,25-Jul-20,Vehicle - Pedestrian,,,,"Two-Way , Not Divided",Dry,Dark - Lighted,Clear,2,Not a Collision Between Two Motor Vehicles in Transport,No,No Controls,7,1,Incapacitating
823580,7/26/20,7:24 PM,2020-00060848,PLAINFIELD ST,LABAN ST ,PLAINFIELD ST / LABAN ST ,Donald Castigliego,287,26-Jul-20,Vehicle - Pedestrian,X,,,"Two-Way , Not Divided",Dry,Dusk,Clear,1,Not a Collision Between Two Motor Vehicles in Transport,No,No Controls,3,0,No Injury
823618,7/27/20,12:42 PM,2020-00061062,KINGSTON AVE,LLOYD AVE ,KINGSTON AVE / LLOYD AVE ,Raymond King,633,27-Jul-20,Vehicle - Pedestrian,,,,"Two-Way , Not Divided",Dry,Daylight,Clear,2,Rear - to - Side,No,No Controls,6,0,No Injury
823867,7/29/20,12:18 PM,2020-00061618,60 Marion Ave,F C GREENE MEMORIAL BLVD ,60 Marion Ave / F C GREENE MEMORIAL BLVD ,James Annis,454,29-Jul-20,Vehicle - Pedestrian,,,,"Two-Way , Not Divided",Dry,Daylight,Clear,2,"Sideswipe, Same Direction",No,No Controls,5,1,Complains Of Pain
823950,7/30/20,12:08 PM,2020-00061891,343 BROAD ST,343 BROAD ST ,343 BROAD ST / 343 BROAD ST ,Jose Buten,322,30-Jul-20,Vehicle - Pedestrian,,,,"Two-Way, Divided, Unprotected (painted>4feet) Medium",Dry,Daylight,Cloudy,1,Not a Collision Between Two Motor Vehicles in Transport,"Yes, M/V and Driver Left Scene",No Controls,1,1,Complains Of Pain
824017,7/31/20,6:27 AM,2020-00062138,141 Ortoleva Dr,ADA ST ,141 Ortoleva Dr / ADA ST ,Andrew In,540,31-Jul-20,Vehicle - Pedestrian,,,,"Two-Way , Not Divided",Wet,Dawn,Rain,2,Not a Collision Between Two Motor Vehicles in Transport,"Yes, M/V and Driver Left Scene",No Controls,3,0,No Injury
824041,7/31/20,12:49 PM,2020-00062209,DOUGLAS AVENUE,ADMIRAL STREET,DOUGLAS AVENUE / ADMIRAL STREET,Ybelis Gonzalez,376,31-Jul-20,Vehicle - Pedestrian,X,,,"Two-Way , Not Divided",Dry,Daylight,Clear,1,Angle (Front - to - Side) Right Angle (Includes Broadside),No,Traffic Control Signal,2,1,Complains Of Pain
824083,7/31/20,6:36 PM,2020-00062305,61 AMERICA ST,FEDERAL ST ,61 AMERICA ST / FEDERAL ST ,Deanna Johnson,408,31-Jul-20,Vehicle - Pedestrian,,,,One-Way Trafficway,Dry,Daylight,Clear,1,Not a Collision Between Two Motor Vehicles in Transport,No,Traffic Control Signal,3,1,Complains Of Pain
824113,7/31/20,8:03 PM,2020-00062334,CRANSTON ST AT MESSER ST,CRANSTON ST ,CRANSTON ST AT MESSER ST / CRANSTON ST ,ENDRES,220,31-Jul-20,Vehicle - Pedestrian,,,,"Two-Way , Not Divided",Dry,Dark - Lighted,Clear,2,Rear End(Front-to-Rear),"Yes, M/V and Driver Left Scene",No Controls,2,0,Unknown
824158,8/1/20,5:13 PM,2020-00062625,roger williams ave,NARRAGANSEtt                     ,roger williams ave / NARRAGANSEtt                     ,Albert Deschamps,527,01-Aug-20,Vehicle - Pedestrian,,,,"Two-Way , Not Divided",Dry,Daylight,Clear,2,Rear End(Front-to-Rear),"Yes, M/V and Driver Left Scene",Stop Signs,6,0,No Injury
824206,8/2/20,12:28 PM,2020-00062921,DOYLE AVE,N MAIN ST ,DOYLE AVE / N MAIN ST ,Joshua Cascione,225,02-Aug-20,Vehicle - Pedestrian,,X,,"Two-Way , Not Divided",Dry,Daylight,Clear,1,Not a Collision Between Two Motor Vehicles in Transport,No,No Controls,3,1,Complains Of Pain
824225,8/3/20,8:44 AM,2020-00063147,GANO ST EXIT,GANO ST ,GANO ST EXIT / GANO ST ,Joshua Cascione,225,03-Aug-20,Vehicle - Pedestrian,X,,,One-Way Trafficway,Dry,Daylight,Clear,1,Not a Collision Between Two Motor Vehicles in Transport,No,Traffic Control Signal,2,0,No Injury
824536,8/6/20,7:39 AM,2020-00064157,MUTUAL PL,ROCHAMBEAU AVE ,MUTUAL PL / ROCHAMBEAU AVE ,Joshua Cascione,225,06-Aug-20,Vehicle - Pedestrian,X,,,"Two-Way , Not Divided",Dry,Daylight,Clear,1,Not a Collision Between Two Motor Vehicles in Transport,"Yes, M/V and Driver Left Scene",No Controls,1,0,No Injury
824563,8/6/20,4:04 PM,2020-00064284,INDIA STREET,,INDIA STREET / ,Donald Castigliego,287,06-Aug-20,Vehicle - Pedestrian,X,,,"Two-Way , Not Divided",Dry,Daylight,Clear,1,Not a Collision Between Two Motor Vehicles in Transport,"Yes, M/V and Driver Left Scene",No Controls,2,1,Complains Of Pain
824576,8/6/20,9:00 PM,2020-00064367,F C GREENE MEMORIAL BLVD,F C GREENE MEMORIAL BLVD ,F C GREENE MEMORIAL BLVD / F C GREENE MEMORIAL BLVD ,Matthew Fadale,214,06-Aug-20,Vehicle - Pedestrian,X,,,"Two-Way , Not Divided",Dry,Dark - Not Lighted,Clear,1,Not a Collision Between Two Motor Vehicles in Transport,No,No Controls,2,1,Complains Of Pain
824716,8/9/20,1:56 AM,2020-00065039,OAKLAND AVE,CHAD BROWN ST ,OAKLAND AVE / CHAD BROWN ST ,Daviniel Urizar,555,09-Aug-20,Vehicle - Pedestrian,,,,"Two-Way , Not Divided",Dry,Dark - Lighted,Clear,1,Not a Collision Between Two Motor Vehicles in Transport,"Yes, M/V and Driver Left Scene",Stop Signs,1,1,Incapacitating
824749,8/9/20,11:19 AM,2020-00065184,W RIVER ST,CHARLES ST ,W RIVER ST / CHARLES ST ,Ybelis Gonzalez,376,09-Aug-20,Vehicle - Pedestrian,,,,"Two-Way , Not Divided",Dry,Daylight,Clear,1,Not a Collision Between Two Motor Vehicles in Transport,No,Stop Signs,3,1,Complains Of Pain
824782,8/9/20,10:11 PM,2020-00065336,Atwells ave,DE PASQUALE AVE ,Atwells ave / DE PASQUALE AVE ,Jan Delle Johnson,529,09-Aug-20,Vehicle - Pedestrian,,,,"Two-Way, Divided, Unprotected (painted>4feet) Medium",Dry,Dark - Lighted,Clear,1,Not a Collision Between Two Motor Vehicles in Transport,No,Traffic Control Signal,3,1,Complains Of Pain
824791,8/9/20,7:09 PM,2020-00065286,SMITH ST,CHALKSTONE AVE ,SMITH ST / CHALKSTONE AVE ,Raymond Criner,340,10-Aug-20,Vehicle - Pedestrian,,,,"Two-Way , Not Divided",Dry,Daylight,Clear,1,Not a Collision Between Two Motor Vehicles in Transport,No,Traffic Control Signal,2,1,Complains Of Pain
824815,8/10/20,7:30 PM,2020-00065582,GANO ST,,GANO ST / ,Alexandre Santos,502,10-Aug-20,Vehicle - Pedestrian,,,,"Two-Way , Not Divided",Dry,Daylight,Clear,1,Not a Collision Between Two Motor Vehicles in Transport,No,No Controls,2,2,Non-Incapacitating
824824,8/10/20,11:40 PM,2020-00065643,BROAD ST,PARKSIDE CIR ,BROAD ST / PARKSIDE CIR ,Cory Vingi,237,11-Aug-20,Vehicle - Pedestrian,X,,,"Two-Way , Not Divided",Dry,Dark - Lighted,Clear,1,Not a Collision Between Two Motor Vehicles in Transport,No,Stop Signs,3,1,Complains Of Pain
825498,8/10/20,4:49 PM,2020-00065536,VALLEY ST,DEAN ST ,VALLEY ST / DEAN ST ,Gargar Grimes,323,19-Aug-20,Vehicle - Pedestrian,,,,One-Way Trafficway,Dry,Daylight,Clear,1,Not a Collision Between Two Motor Vehicles in Transport,No,No Controls,2,1,Complains Of Pain
824854,8/11/20,11:00 AM,2020-00065750,336 Admiral Street ,336 Admiral Street,336 Admiral Street  / 336 Admiral Street,Michele Tella,668,11-Aug-20,Vehicle - Pedestrian,X,,,"Two-Way , Not Divided",Dry,Daylight,Clear,1,Other,No,No Controls,2,1,Complains Of Pain
824883,8/11/20,11:17 PM,2020-00065947,GENEVA ST,CHALKSTONE AVE ,GENEVA ST / CHALKSTONE AVE ,Andrew In,540,12-Aug-20,Vehicle - Pedestrian,,,,"Two-Way , Not Divided",Dry,Dark - Lighted,Clear,2,Head-On (Front - to - Front),"Yes, M/V and Driver Left Scene",Stop Signs,5,0,No Injury
825021,8/13/20,7:27 PM,2020-00066462,292 VERMONT AVE,EDDY ST ,292 VERMONT AVE / EDDY ST ,Nicholas Manfredi,343,13-Aug-20,Vehicle - Pedestrian,,,,"Two-Way , Not Divided",Dry,Daylight,Clear,2,"Sideswipe, Same Direction","Yes, M/V and Driver Left Scene",No Controls,4,0,Unknown
825097,8/14/20,5:41 PM,2020-00066730,3 Social Street,RUSSO ST ,3 Social Street / RUSSO ST ,Matthew Sandorse,508,14-Aug-20,Vehicle - Pedestrian,,,,Unknown,Dry,Daylight,Clear,2,Angle - Direction Not Specified,No,No Controls,3,0,No Injury
825107,8/14/20,9:32 PM,2020-00066797,BROADWAY,SERVICE ROAD 7 ,BROADWAY / SERVICE ROAD 7 ,Irvin Torres,346,14-Aug-20,Vehicle - Pedestrian,,,,"Two-Way , Not Divided",Dry,Dark - Not Lighted,Clear,1,Head-On (Front - to - Front),No,Traffic Control Signal,2,1,Complains Of Pain
825128,8/15/20,1:33 PM,2020-00067019,FRUIT HILL AVE,HUBER AVE ,FRUIT HILL AVE / HUBER AVE ,Fernando Lopez,156,15-Aug-20,Vehicle - Pedestrian,,X,,"Two-Way , Not Divided",Dry,Daylight,Clear,1,Not a Collision Between Two Motor Vehicles in Transport,No,No Controls,3,1,Complains Of Pain
825143,8/15/20,1:44 PM,2020-00067023,HUMES ST,CRESCENT ST ,HUMES ST / CRESCENT ST ,Joshua Cascione,225,15-Aug-20,Vehicle - Pedestrian,,,,"Two-Way , Not Divided",Dry,Daylight,Clear,1,Not a Collision Between Two Motor Vehicles in Transport,No,No Controls,6,2,Complains Of Pain
825278,8/17/20,10:54 AM,2020-00067634,66 Laban St,GIFFORD ST ,66 Laban St / GIFFORD ST ,James Annis,454,17-Aug-20,Vehicle - Pedestrian,,,,"Two-Way , Not Divided",Dry,Daylight,Cloudy,2,Head-On (Front - to - Front),No,No Controls,6,1,Complains Of Pain
825354,8/18/20,12:43 AM,2020-00067866,Whipple St,DOUGLAS AVE ,Whipple St / DOUGLAS AVE ,Robert Ballinger,520,18-Aug-20,Vehicle - Pedestrian,,,,"Two-Way , Not Divided",Wet,Dark - Lighted,Rain,2,Head-On (Front - to - Front),"Yes, Driver Left Scene",No Controls,3,1,Complains Of Pain
825398,8/18/20,8:30 PM,2020-00068115,TRENTON ST,IVES ST ,TRENTON ST / IVES ST ,Cory Vingi,237,18-Aug-20,Vehicle - Pedestrian,,,,"Two-Way , Not Divided",Dry,Dark - Lighted,Clear,1,Not a Collision Between Two Motor Vehicles in Transport,No,Stop Signs,2,1,Incapacitating
825518,8/19/20,3:46 PM,2020-00068342,Potters Ave,SEABURY ST ,Potters Ave / SEABURY ST ,Guillermo Vargas,404,19-Aug-20,Vehicle - Pedestrian,,,,"Two-Way, Divided, Positive Median Barrier",Dry,Daylight,Clear,1,Angle (Front - to - Side) Opposite Direction,"Yes, M/V and Driver Left Scene",No Controls,1,1,Complains Of Pain
825708,8/21/20,8:02 PM,2020-00068999,DEAN ST,SOLAR ST ,DEAN ST / SOLAR ST ,Domingo Diaz,519,21-Aug-20,Vehicle - Pedestrian,,,,"Two-Way, Divided, Unprotected (painted>4feet) Medium",Dry,Dark - Lighted,Clear,2,Angle (Front - to - Side) Opposite Direction,No,Stop Signs,8,0,No Injury
825730,8/22/20,5:22 AM,2020-00069187,223 union ave,WHITEHALL ST ,223 union ave / WHITEHALL ST ,Hansel Ventura,570,22-Aug-20,Vehicle - Pedestrian,,,,"Two-Way , Not Divided",Dry,Dark - Lighted,Clear,3,Rear End(Front-to-Rear),No,No Controls,5,0,No Injury
825814,8/22/20,9:40 PM,2020-00069409,BODELL AVE,ETNA ST ,BODELL AVE / ETNA ST ,Cory Vingi,237,22-Aug-20,Vehicle - Pedestrian,,,,"Two-Way , Not Divided",Dry,Dark - Lighted,Clear,1,Not a Collision Between Two Motor Vehicles in Transport,No,No Controls,3,1,Complains Of Pain
825910,8/24/20,5:25 AM,2020-00069859,Byfield St.,RUGBY ST ,Byfield St. / RUGBY ST ,Omar Castro,422,24-Aug-20,Vehicle - Pedestrian,,,,"Two-Way, Divided, Positive Median Barrier",Dry,Daylight,Clear,2,Rear End(Front-to-Rear),No,No Controls,2,0,No Injury
826106,8/26/20,7:38 PM,2020-00070672,GLENHAM ST,PRAIRIE AVE ,GLENHAM ST / PRAIRIE AVE ,Patrick Hourahan,243,26-Aug-20,Vehicle - Pedestrian,,,,"Two-Way , Not Divided",Dry,Dusk,Clear,1,Not a Collision Between Two Motor Vehicles in Transport,"Yes, M/V and Driver Left Scene",No Controls,1,1,Complains Of Pain
826197,8/28/20,11:13 AM,2020-00071075,431 CRANSTON ST ,HOLLIS ST ,431 CRANSTON ST  / HOLLIS ST ,Joseph Lopes,227,28-Aug-20,Vehicle - Pedestrian,,,,"Two-Way , Not Divided",Dry,Daylight,Clear,2,Other,"Yes, M/V and Driver Left Scene",No Controls,2,0,Unknown
827401,8/30/20,2:10 AM,2020-00071715,WESLEYAN AVE,WESLEYAN AVE ,WESLEYAN AVE / WESLEYAN AVE ,Cory Vingi,237,30-Aug-20,Vehicle - Pedestrian,,,,"Two-Way , Not Divided",Dry,Dark - Lighted,Clear,0,Not a Collision Between Two Motor Vehicles in Transport,,No Controls,1,1,Incapacitating
827571,8/31/20,5:51 PM,2020-00072250,BLACKSTONE BLVD,HARWICH RD ,BLACKSTONE BLVD / HARWICH RD ,Donald Castigliego,287,31-Aug-20,Vehicle - Pedestrian,X,,,"Two-Way, Divided, Positive Median Barrier",Dry,Daylight,Clear,0,Not a Collision Between Two Motor Vehicles in Transport,,No Controls,3,2,Complains Of Pain
827672,9/1/20,8:09 PM,2020-00072615,481 ANGELL ST,S ANGELL ST ,481 ANGELL ST / S ANGELL ST ,Miguel Castillo,489,01-Sep-20,Vehicle - Pedestrian,,,,One-Way Trafficway,Dry,Dark - Lighted,Clear,2,"Sideswipe, Same Direction",No,No Controls,3,0,No Injury