CrashReportId,CrashDate,CrashTime,ReportNumber,StreetOrHighway,NearestIntersection,Location,Officer,Badge,ReportDate,TypeOfCollision,Bicycle,Scooter,Wheel Chair,TypeOfRoadway,RoadSurfaceCondition,LightCondition,WeatherCondition,NumberofVehicles,MannerofImpact,HitAndRun,TrafficControl,PersonCount,InjuryCount,MostSeriousInjury
827692,9/1/20,11:17 PM,2020-00072665,129 BURNS ST,MANILA ST ,129 BURNS ST / MANILA ST ,Kyle Endres,220,02-Sep-20,Vehicle - Pedestrian,,,,"Two-Way , Not Divided",Dry,Dark - Lighted,Clear,1,Not a Collision Between Two Motor Vehicles in Transport,"Yes, M/V and Driver Left Scene",No Controls,2,1,Complains Of Pain
827769,9/2/20,3:12 PM,2020-00072850,CHARLES ST,CORLISS ST ,CHARLES ST / CORLISS ST ,Erik Breault,226,02-Sep-20,Vehicle - Pedestrian,,,,"Two-Way, Divided, Unprotected (painted>4feet) Medium",Wet,Daylight,Rain,1,Not a Collision Between Two Motor Vehicles in Transport,No,Stop Signs,2,1,Complains Of Pain
827821,9/3/20,2:18 PM,2020-00073127,CANDACE ST,GODDARD ST ,CANDACE ST / GODDARD ST ,Fernando Lopez,156,03-Sep-20,Vehicle - Pedestrian,,,,"Two-Way , Not Divided",Dry,Daylight,Clear,1,Not a Collision Between Two Motor Vehicles in Transport,"Yes, M/V and Driver Left Scene",No Controls,2,1,Complains Of Pain
827875,9/3/20,1:15 PM,2020-00073105,Penn Street ,Vinton Street ,Penn Street  / Vinton Street ,Michael Caraccia,624,04-Sep-20,Vehicle - Pedestrian,,,,"Two-Way , Not Divided",Dry,Daylight,Clear,1,Other,No,No Controls,3,0,No Injury
827883,9/4/20,7:54 AM,2020-00073343,PINEHURST AVE,CHAD BROWN ST ,PINEHURST AVE / CHAD BROWN ST ,Fernando Lopez,156,04-Sep-20,Vehicle - Pedestrian,,,,"Two-Way , Not Divided",Wet,Daylight,Cloudy,2,Rear - to - Side,No,No Controls,4,0,No Injury
827893,9/4/20,10:25 AM,2020-00073375,BROAD ST,FRICKER ST ,BROAD ST / FRICKER ST ,Christopher Benoit,206,04-Sep-20,Vehicle - Pedestrian,,,,"Two-Way , Not Divided",Dry,Daylight,Clear,1,Not a Collision Between Two Motor Vehicles in Transport,"Yes, M/V and Driver Left Scene",No Controls,1,1,Complains Of Pain
827952,9/4/20,9:28 PM,2020-00073566,271 RESERVOIR AVE,271 RESERVOIR AVE ,271 RESERVOIR AVE / 271 RESERVOIR AVE ,Jose Buten,322,04-Sep-20,Vehicle - Pedestrian,X,,,"Two-Way, Divided, Unprotected (painted>4feet) Medium",Dry,Dark - Lighted,Clear,1,Not a Collision Between Two Motor Vehicles in Transport,"Yes, M/V and Driver Left Scene",No Controls,1,1,Complains Of Pain
828056,9/6/20,2:43 AM,2020-00074094,BROAD ST,CENTRAL ST ,BROAD ST / CENTRAL ST ,John Najarian,417,06-Sep-20,Vehicle - Pedestrian,,,,"Two-Way , Not Divided",Dry,Dark - Lighted,Clear,1,Not a Collision Between Two Motor Vehicles in Transport,No,No Controls,3,1,Complains Of Pain
828270,9/7/20,8:23 PM,2020-00074611,HARTFORD AVE AT PONAGANSETT,HARTFORD AVE ,HARTFORD AVE AT PONAGANSETT / HARTFORD AVE ,ENDRES,220,07-Sep-20,Vehicle - Pedestrian,,,,"Two-Way , Not Divided",Dry,Dark - Lighted,Clear,2,Rear End(Front-to-Rear),"Yes, M/V and Driver Left Scene",No Controls,3,0,No Injury
828143,9/7/20,3:22 AM,2020-00074448,NARRAGANSETT BLVD,WASHINGTON AVE ,NARRAGANSETT BLVD / WASHINGTON AVE ,Jose Deschamps,419,07-Sep-20,Vehicle - Pedestrian,,,,"Two-Way, Divided, Unprotected (painted>4feet) Medium",Dry,Dark - Lighted,Clear,1,Not a Collision Between Two Motor Vehicles in Transport,"Yes, M/V and Driver Left Scene",No Controls,1,1,Fatal
828239,9/8/20,2:22 PM,2020-00074803,9 HAMLIN ST,STAMFORD AVE ,9 HAMLIN ST / STAMFORD AVE ,Michael Sepe,367,08-Sep-20,Vehicle - Pedestrian,,,,"Two-Way , Not Divided",Dry,Daylight,Clear,1,Not a Collision Between Two Motor Vehicles in Transport,"Yes, Driver Left Scene",No Controls,1,0,Unknown
828392,9/10/20,8:38 AM,2020-00075292,621 Academy Ave,SMITH ST ,621 Academy Ave / SMITH ST ,James Annis,454,10-Sep-20,Vehicle - Pedestrian,,,,"Two-Way , Not Divided",Dry,Daylight,Clear,1,Not a Collision Between Two Motor Vehicles in Transport,No,Other,3,1,Complains Of Pain
828395,9/10/20,10:46 AM,2020-00075312,LENOX AVE,EMERSON ST ,LENOX AVE / EMERSON ST ,Fernando Lopez,156,10-Sep-20,Vehicle - Pedestrian,,,,"Two-Way , Not Divided",Dry,Daylight,Cloudy,2,"Sidwswipe, Opposite Direction",No,No Controls,4,0,No Injury
828467,9/11/20,6:40 AM,2020-00075569,N MAIN ST,5TH ST ,N MAIN ST / 5TH ST ,Joshua Cascione,225,11-Sep-20,Vehicle - Pedestrian,,,,"Two-Way , Not Divided",Dry,Daylight,Cloudy,1,Not a Collision Between Two Motor Vehicles in Transport,No,No Controls,3,1,Complains Of Pain
828565,9/12/20,7:00 AM,2020-00075935,CHALKSTONE AVE,GENEVA ST ,CHALKSTONE AVE / GENEVA ST ,Joshua Cascione,225,12-Sep-20,Vehicle - Pedestrian,,,,"Two-Way , Not Divided",Dry,Daylight,Clear,1,Not a Collision Between Two Motor Vehicles in Transport,No,No Controls,2,1,Incapacitating
828619,9/12/20,8:58 PM,2020-00076128,299 RIVER AVE,PLEASANT VALLEY PKWY ,299 RIVER AVE / PLEASANT VALLEY PKWY ,Kyle Endres,220,12-Sep-20,Vehicle - Pedestrian,,,,"Two-Way , Not Divided",Dry,Dark - Lighted,Clear,2,Rear End(Front-to-Rear),"Yes, M/V and Driver Left Scene",No Controls,2,0,Unknown
828641,9/13/20,2:04 AM,2020-00076265,SORRENTO ST,LINWOOD AVE ,SORRENTO ST / LINWOOD AVE ,Jenna Heeder,557,13-Sep-20,Vehicle - Pedestrian,,,,"Two-Way , Not Divided",Dry,Dark - Lighted,Clear,2,Angle (Front - to - Side) Same Direction,No,No Controls,3,1,Complains Of Pain
828713,9/13/20,3:49 PM,2020-00076438,233 LOWELL AVE,NYE ST ,233 LOWELL AVE / NYE ST ,Brendan McKenna,314,13-Sep-20,Vehicle - Pedestrian,,,,"Two-Way, Divided, Unprotected (painted>4feet) Medium",Dry,Daylight,Clear,3,"Sideswipe, Same Direction","Yes, Driver Left Scene",No Controls,4,0,No Injury
828735,9/13/20,6:25 AM,2020-00076328,chalkstone ave,FREDERICK ST ,chalkstone ave / FREDERICK ST ,Jenna Heeder,557,13-Sep-20,Vehicle - Pedestrian,,,,"Two-Way , Not Divided",Dry,Daylight,Clear,1,Not a Collision Between Two Motor Vehicles in Transport,"Yes, Driver Left Scene",No Controls,2,0,Unknown
828763,9/13/20,11:19 PM,2020-00076569,ALABAMA AVE,VIRGINIA AVE ,ALABAMA AVE / VIRGINIA AVE ,Damaris Sanchez,566,14-Sep-20,Vehicle - Pedestrian,,,,"Two-Way , Not Divided",Dry,Dark - Lighted,Clear,2,Angle (Front - to - Side) Right Angle (Includes Broadside),"Yes, M/V and Driver Left Scene",Traffic Control Signal,3,0,Unknown
828766,9/14/20,7:14 AM,2020-00076622,BROAD ST,WICKHAM ST ,BROAD ST / WICKHAM ST ,Joshua Cascione,225,14-Sep-20,Vehicle - Pedestrian,,,,"Two-Way , Not Divided",Dry,Daylight,Clear,2,Angle (Front - to - Side) Right Angle (Includes Broadside),"Yes, Driver Left Scene",No Controls,3,1,Complains Of Pain
828793,9/14/20,10:42 PM,2020-00076840,PUBLIC ST,PRAIRIE AVE ,PUBLIC ST / PRAIRIE AVE ,Damaris Sanchez,566,14-Sep-20,Vehicle - Pedestrian,,,,"Two-Way , Not Divided",Dry,Dark - Lighted,Clear,2,Rear End(Front-to-Rear),"Yes, M/V and Driver Left Scene",Traffic Control Signal,3,2,Complains Of Pain
828886,9/15/20,9:54 PM,2020-00077099,Candace St,CHALKSTONE AVE ,Candace St / CHALKSTONE AVE ,Jan Delle Johnson,529,15-Sep-20,Vehicle - Pedestrian,,,,"Two-Way, Divided, Unprotected (painted>4feet) Medium",Dry,Dark - Not Lighted,Clear,1,Not a Collision Between Two Motor Vehicles in Transport,"Yes, Driver Left Scene",Stop Signs,1,0,Unknown
828918,9/16/20,7:18 AM,2020-00077153,NARRAGANSETT AVE,ROUNDS AVE ,NARRAGANSETT AVE / ROUNDS AVE ,Fernando Lopez,156,16-Sep-20,Vehicle - Pedestrian,,,,"Two-Way , Not Divided",Dry,Daylight,Clear,2,Rear End(Front-to-Rear),"Yes, M/V and Driver Left Scene",No Controls,2,0,Unknown
828949,9/16/20,11:25 AM,2020-00077204,WESTMINSTER ST EXIT,WESTMINSTER ST ,WESTMINSTER ST EXIT / WESTMINSTER ST ,Michele Rudolph,512,16-Sep-20,Vehicle - Pedestrian,,,,One-Way Trafficway,Dry,Daylight,Clear,2,Other,No,Traffic Control Signal,6,1,Complains Of Pain
828976,9/16/20,5:14 PM,2020-00077282,DEXTER ST ,WALDO ST ,DEXTER ST  / WALDO ST ,Joseph Lopes,227,16-Sep-20,Vehicle - Pedestrian,X,,,"Two-Way , Not Divided",Dry,Daylight,Clear,1,Not a Collision Between Two Motor Vehicles in Transport,No,No Controls,3,1,Complains Of Pain
829010,9/17/20,12:13 PM,2020-00077483,JILLSON ST,EDDY ST ,JILLSON ST / EDDY ST ,Joshua Cascione,225,17-Sep-20,Vehicle - Pedestrian,,,,"Two-Way , Not Divided",Dry,Daylight,Clear,1,Not a Collision Between Two Motor Vehicles in Transport,"Yes, M/V and Driver Left Scene",No Controls,1,1,Complains Of Pain
829095,9/18/20,11:29 PM,2020-00077997,GAY ST,DUDLEY ST ,GAY ST / DUDLEY ST ,Louis Prete,522,18-Sep-20,Vehicle - Pedestrian,,,,"Two-Way , Not Divided",Dry,Dark - Lighted,Clear,1,Not a Collision Between Two Motor Vehicles in Transport,"Yes, M/V and Driver Left Scene",Pavement Markings,1,1,Complains Of Pain
829308,9/20/20,8:00 PM,2020-00078529,175 MANTON AVE,HILLARD ST ,175 MANTON AVE / HILLARD ST ,Brendan McKenna,314,21-Sep-20,Vehicle - Pedestrian,,,,"Two-Way, Divided, Unprotected (painted>4feet) Medium",Dry,Dusk,Clear,2,Other,"Yes, M/V and Driver Left Scene",No Controls,2,0,Unknown
829511,9/22/20,5:09 PM,2020-00079017,PRAIRIE AVE ,PAVILION AVE ,PRAIRIE AVE  / PAVILION AVE ,Joseph Lopes,227,22-Sep-20,Vehicle - Pedestrian,,,,"Two-Way , Not Divided",Dry,Daylight,Clear,2,Not a Collision Between Two Motor Vehicles in Transport,"Yes, M/V and Driver Left Scene",No Controls,2,0,Unknown
829641,9/24/20,1:27 PM,2020-00079510,WHITMARSH ST,UPDIKE ST ,WHITMARSH ST / UPDIKE ST ,Joshua Cascione,225,24-Sep-20,Vehicle - Pedestrian,,,,"Two-Way , Not Divided",Dry,Daylight,Clear,1,Not a Collision Between Two Motor Vehicles in Transport,"Yes, M/V and Driver Left Scene",No Controls,1,1,Complains Of Pain
829660,9/24/20,4:20 PM,2020-00079557,Vandewater st,BRANCH AVE ,Vandewater st / BRANCH AVE ,Nicholas O'Malley,506,24-Sep-20,Vehicle - Pedestrian,,,,"Two-Way, Divided, Unprotected (painted>4feet) Medium",Dry,Daylight,Clear,2,Angle (Front - to - Side) Right Angle (Includes Broadside),"Yes, M/V and Driver Left Scene",No Controls,2,0,No Injury
829771,9/25/20,7:31 PM,2020-00079936,ORMS ST,BATH ST ,ORMS ST / BATH ST ,Irvin Torres,346,25-Sep-20,Vehicle - Pedestrian,,,,"Two-Way , Not Divided",Dry,Dark - Lighted,Clear,1,Head-On (Front - to - Front),No,Stop Signs,2,0,No Injury
829774,9/25/20,9:15 PM,2020-00079980,Westminster Street,ORANGE ST ,Westminster Street / ORANGE ST ,Jan Delle Johnson,529,25-Sep-20,Vehicle - Pedestrian,,,,One-Way Trafficway,Dry,Dark - Lighted,Clear,2,Not a Collision Between Two Motor Vehicles in Transport,No,Traffic Control Signal,2,0,No Injury
829781,9/25/20,10:45 PM,2020-00080007,CARPENTER ST,KNIGHT ST ,CARPENTER ST / KNIGHT ST ,Kyle Endres,220,25-Sep-20,Vehicle - Pedestrian,X,,,"Two-Way , Not Divided",Dry,Dark - Lighted,Clear,1,Not a Collision Between Two Motor Vehicles in Transport,No,Stop Signs,3,1,Incapacitating
829916,9/27/20,7:32 PM,2020-00080653,ACADEMY AVE ,HEALTH AVE ,ACADEMY AVE  / HEALTH AVE ,Joseph Lopes,227,27-Sep-20,Vehicle - Pedestrian,,,,"Two-Way , Not Divided",Dry,Dark - Lighted,Clear,1,Not a Collision Between Two Motor Vehicles in Transport,No,No Controls,3,1,Incapacitating
829968,9/28/20,7:26 AM,2020-00080792,HOPE ST,BLACKSTONE BLVD,HOPE ST / BLACKSTONE BLVD,Jin O,147,28-Sep-20,Vehicle - Pedestrian,X,,,One-Way Trafficway,Dry,Daylight,Clear,1,Not a Collision Between Two Motor Vehicles in Transport,No,Stop Signs,3,1,Complains Of Pain
829997,9/28/20,3:24 PM,2020-00080921,TOBEY ST ,BROADWAY ,TOBEY ST  / BROADWAY ,Joseph Lopes,227,28-Sep-20,Vehicle - Pedestrian,,,,"Two-Way , Not Divided",Dry,Daylight,Clear,2,Not a Collision Between Two Motor Vehicles in Transport,"Yes, M/V and Driver Left Scene",No Controls,2,0,Unknown
830022,9/28/20,7:31 PM,2020-00081011,MESSER ST,CRANSTON ST ,MESSER ST / CRANSTON ST ,Cory Vingi,237,28-Sep-20,Vehicle - Pedestrian,,,,"Two-Way , Not Divided",Dry,Dark - Lighted,Clear,1,Not a Collision Between Two Motor Vehicles in Transport,No,No Controls,2,1,Complains Of Pain
830080,9/29/20,7:21 PM,2020-00081319,MEMORIAL BLVD,STEEPLE ST ,MEMORIAL BLVD / STEEPLE ST ,Anthony Moore,390,29-Sep-20,Vehicle - Pedestrian,,,,"Two-Way, Divided, Unprotected (painted>4feet) Medium",Dry,Dark - Lighted,Clear,1,Not a Collision Between Two Motor Vehicles in Transport,No,Traffic Control Signal,4,1,Complains Of Pain
830152,9/30/20,5:02 PM,2020-00081630,685 Charles St,CHARLES ST ,685 Charles St / CHARLES ST ,Tyler Calandra,418,30-Sep-20,Vehicle - Pedestrian,,,,"Two-Way , Not Divided",Dry,Daylight,Clear,2,Rear End(Front-to-Rear),"Yes, M/V and Driver Left Scene",No Controls,2,0,Unknown
830210,10/1/20,9:24 AM,2020-00081817,314 BROAD ST,BROAD ST ,314 BROAD ST / BROAD ST ,Joshua Cascione,225,01-Oct-20,Vehicle - Pedestrian,,,,"Two-Way , Not Divided",Dry,Daylight,Clear,1,Not a Collision Between Two Motor Vehicles in Transport,No,No Controls,2,1,Complains Of Pain
830286,10/1/20,5:52 PM,2020-00081939,FLORA ST,BRANCH AVE ,FLORA ST / BRANCH AVE ,Erik Breault,226,02-Oct-20,Vehicle - Pedestrian,,,,"Two-Way, Divided, Unprotected (painted>4feet) Medium",Dry,Daylight,Clear,2,"Sideswipe, Same Direction",No,No Controls,6,0,No Injury
830375,10/3/20,2:36 PM,2020-00082521,Rushmore Ave,ADA ST ,Rushmore Ave / ADA ST ,Christopher Castagliuolo,351,03-Oct-20,Vehicle - Pedestrian,,,,"Two-Way , Not Divided",Dry,Daylight,Clear,2,"Sideswipe, Same Direction",No,No Controls,3,0,No Injury
830409,10/3/20,8:40 PM,2020-00082621,Broad Street,Gallup Street,Broad Street / Gallup Street,Cory Vingi,237,03-Oct-20,Vehicle - Pedestrian,,,,"Two-Way , Not Divided",Dry,Dark - Lighted,Clear,1,Not a Collision Between Two Motor Vehicles in Transport,"Yes, M/V and Driver Left Scene",No Controls,2,1,Complains Of Pain
830767,10/6/20,2:04 PM,2020-00083435,765 Charles Street,CHARLES ST ,765 Charles Street / CHARLES ST ,Paul Caminero,339,06-Oct-20,Vehicle - Pedestrian,,,,"Two-Way, Divided, Unprotected (painted>4feet) Medium",Dry,Daylight,Clear,2,Rear End(Front-to-Rear),No,No Controls,4,0,No Injury
830802,10/6/20,5:48 PM,2020-00083512,WESTMINSTER ST,MESSER ST ,WESTMINSTER ST / MESSER ST ,Donald Castigliego,287,06-Oct-20,Vehicle - Pedestrian,,,,"Two-Way , Not Divided",Dry,Daylight,Clear,1,Not a Collision Between Two Motor Vehicles in Transport,No,No Controls,3,1,Complains Of Pain
830812,10/6/20,6:33 PM,2020-00083523,sackett st,HAMILTON ST ,sackett st / HAMILTON ST ,Ptlw. Levesque,248,06-Oct-20,Vehicle - Pedestrian,,,,"Two-Way , Not Divided",Dry,Dark - Lighted,Clear,1,Not a Collision Between Two Motor Vehicles in Transport,No,No Controls,7,1,Non-Incapacitating
830887,10/7/20,5:48 PM,2020-00083769,WASHINGTON ST,EMPIRE ST ,WASHINGTON ST / EMPIRE ST ,Jan Delle Johnson,529,07-Oct-20,Vehicle - Pedestrian,,,,"Two-Way, Divided, Positive Median Barrier",Wet,Dark - Lighted,Rain,1,Not a Collision Between Two Motor Vehicles in Transport,No,Traffic Control Signal,2,0,No Injury
831123,10/8/20,11:00 AM,2020-00083948,53 Governor St,ARNOLD ST ,53 Governor St / ARNOLD ST ,Frank Moody,328,10-Oct-20,Vehicle - Pedestrian,X,,,"Two-Way , Not Divided",Dry,Daylight,Clear,1,Not a Collision Between Two Motor Vehicles in Transport,No,No Controls,2,1,Complains Of Pain
830902,10/8/20,10:29 AM,2020-00083935,HEATH ST,EASTWOOD AVE ,HEATH ST / EASTWOOD AVE ,Joshua Cascione,225,08-Oct-20,Vehicle - Pedestrian,X,,,"Two-Way , Not Divided",Dry,Daylight,Clear,1,Not a Collision Between Two Motor Vehicles in Transport,No,No Controls,3,1,Complains Of Pain
831153,10/9/20,5:58 PM,2020-00084325,N MAIN ST,CYPRESS ST ,N MAIN ST / CYPRESS ST ,Donald Castigliego,287,09-Oct-20,Vehicle - Pedestrian,,,,"Two-Way, Divided, Positive Median Barrier",Dry,Dusk,Clear,0,Angle (Front - to - Side) Right Angle (Includes Broadside),,Traffic Control Signal,3,0,Unknown
831103,10/9/20,10:38 PM,2020-00084387,575 Broad Street,Dartmouth Ave,575 Broad Street / Dartmouth Ave,Kristen Barth,247,09-Oct-20,Vehicle - Pedestrian,,,,"Two-Way , Not Divided",Dry,Dark - Lighted,Clear,1,Not a Collision Between Two Motor Vehicles in Transport,"Yes, M/V and Driver Left Scene",No Controls,2,1,Incapacitating
831140,10/10/20,1:58 PM,2020-00084559,34 Peter Street,LEDGE ST ,34 Peter Street / LEDGE ST ,Paul Caminero,339,10-Oct-20,Vehicle - Pedestrian,,,,"Two-Way , Not Divided",Dry,Daylight,Clear,2,Angle - Direction Not Specified,"Yes, M/V and Driver Left Scene",No Controls,2,0,Unknown
831148,10/10/20,3:02 PM,2020-00084570,GANO ST ,PITMAN ST ,GANO ST  / PITMAN ST ,Joseph Lopes,227,10-Oct-20,Vehicle - Pedestrian,X,,,"Two-Way , Not Divided",Dry,Daylight,Clear,1,Not a Collision Between Two Motor Vehicles in Transport,No,Traffic Control Signal,4,1,Non-Incapacitating
831110,10/10/20,2:37 AM,2020-00084444,211 PAVILION AVE,PRAIRIE AVE ,211 PAVILION AVE / PRAIRIE AVE ,Raleek Byfield,375,10-Oct-20,Vehicle - Pedestrian,,,,"Two-Way , Not Divided",Dry,Dark - Lighted,Clear,2,Not a Collision Between Two Motor Vehicles in Transport,"Yes, M/V and Driver Left Scene",No Controls,2,0,No Injury
831265,10/11/20,11:20 AM,2020-00084849,LA VAUGHN ST,AMHERST ST ,LA VAUGHN ST / AMHERST ST ,Michael Sepe,367,11-Oct-20,Vehicle - Pedestrian,,,,Unknown,Dry,Daylight,Clear,2,Unknown,"Yes, M/V and Driver Left Scene",No Controls,2,0,No Injury
831486,10/14/20,12:08 PM,2020-00085616,WASHINGTON ST,EMPIRE ST ,WASHINGTON ST / EMPIRE ST ,Rosemarie Chin,494,14-Oct-20,Vehicle - Pedestrian,,,,"Two-Way , Not Divided",Dry,Daylight,Clear,1,Other,No,No Controls,2,1,Incapacitating
831566,10/15/20,1:29 PM,2020-00085921,TABER AVE,ANGEL STREET,TABER AVE / ANGEL STREET,Raymond King,633,15-Oct-20,Vehicle - Pedestrian,,,,One-Way Trafficway,Dry,Daylight,Clear,2,Angle (Front - to - Side) Right Angle (Includes Broadside),No,Traffic Control Signal,4,1,Complains Of Pain
831806,10/17/20,2:11 PM,2020-00086480,stokes st,WESTMINSTER ST ,stokes st / WESTMINSTER ST ,Michael Camardo,357,17-Oct-20,Vehicle - Pedestrian,,,,"Two-Way , Not Divided",Dry,Daylight,Clear,1,Not a Collision Between Two Motor Vehicles in Transport,No,No Controls,2,1,Non-Incapacitating
831839,10/17/20,8:53 PM,2020-00086604,LASALLE SQUARE,FOUNTAIN ST ,LASALLE SQUARE / FOUNTAIN ST ,Irvin Torres,346,17-Oct-20,Vehicle - Pedestrian,,,,One-Way Trafficway,Dry,Dark - Lighted,Clear,2,"Sideswipe, Same Direction",No,No Controls,4,1,Complains Of Pain
831971,10/19/20,3:00 PM,2020-00087105,ANGELL ST,BROWN ST ,ANGELL ST / BROWN ST ,Miguel Castillo,489,19-Oct-20,Vehicle - Pedestrian,,,,One-Way Trafficway,Dry,Daylight,Clear,1,Head-On (Front - to - Front),No,Stop Signs,3,1,Non-Incapacitating
832051,10/20/20,3:17 PM,2020-00087360,NIANTIC AVE,DUPONT DR ,NIANTIC AVE / DUPONT DR ,Matthew Fadale,214,20-Oct-20,Vehicle - Pedestrian,,,,Unknown,Wet,Daylight,Rain,2,Angle (Front - to - Side) Same Direction,No,No Controls,6,2,Complains Of Pain
832114,10/21/20,2:52 PM,2020-00087595,23 CALLA ST,BROAD ST ,23 CALLA ST / BROAD ST ,Nicholas Manfredi,343,21-Oct-20,Vehicle - Pedestrian,,,,"Two-Way , Not Divided",Dry,Daylight,Clear,2,Rear End(Front-to-Rear),No,No Controls,2,0,No Injury
832157,10/22/20,11:22 PM,2020-00087718,GANO ST,I 195 E ,GANO ST / I 195 E ,Andrew In,540,22-Oct-20,Vehicle - Pedestrian,,,,"Two-Way , Not Divided",Dry,Dark - Lighted,Clear,1,Not a Collision Between Two Motor Vehicles in Transport,No,No Controls,2,0,Unknown
832181,10/22/20,1:00 PM,2020-00087856,SOUTH WATER ST,,SOUTH WATER ST / ,Thomas Rose,465,22-Oct-20,Vehicle - Pedestrian,,,,One-Way Trafficway,Dry,Daylight,Clear,1,"Sideswipe, Same Direction",No,No Controls,2,1,Non-Incapacitating
832302,10/24/20,12:43 AM,2020-00088411,133 PEMBROKE AVE ,EATON ST ,133 PEMBROKE AVE  / EATON ST ,Joseph Lopes,227,24-Oct-20,Vehicle - Pedestrian,,,,"Two-Way , Not Divided",Dry,Dark - Lighted,Clear,1,Not a Collision Between Two Motor Vehicles in Transport,"Yes, M/V and Driver Left Scene",No Controls,2,1,Non-Incapacitating
832320,10/24/20,1:39 PM,2020-00088573,482 Cranston St,FORD ST ,482 Cranston St / FORD ST ,Jessica Leone,258,24-Oct-20,Vehicle - Pedestrian,,,,"Two-Way , Not Divided",Dry,Daylight,Cloudy,2,"Sideswipe, Same Direction","Yes, M/V and Driver Left Scene",No Controls,2,0,Unknown
832371,10/25/20,2:02 PM,2020-00088884,207 Wickenden St.,TRAVERSE ST ,207 Wickenden St. / TRAVERSE ST ,Frank Moody,328,25-Oct-20,Vehicle - Pedestrian,X,,,"Two-Way , Not Divided",Dry,Daylight,Clear,1,Not a Collision Between Two Motor Vehicles in Transport,No,No Controls,2,1,Complains Of Pain
832641,10/29/20,7:56 PM,2020-00089981,609 ELMWOOD AVE,LENOX AVE ,609 ELMWOOD AVE / LENOX AVE ,Jose Deschamps,419,29-Oct-20,Vehicle - Pedestrian,,,,"Two-Way, Divided, Positive Median Barrier",Wet,Dark - Lighted,Rain,1,"Sidwswipe, Opposite Direction",No,No Controls,2,1,Incapacitating
832735,10/30/20,6:17 PM,2020-00090181,CATHERDAL AVE,SMITH ST,CATHERDAL AVE / SMITH ST,Jose Deschamps,419,30-Oct-20,Vehicle - Pedestrian,,,,"Two-Way , Not Divided",Wet,Dark - Lighted,Clear,1,Other,No,No Controls,3,1,Non-Incapacitating
832761,10/31/20,5:35 AM,2020-00090327,UNION AVE,WEBSTER AVE ,UNION AVE / WEBSTER AVE ,Andrew Calle,574,31-Oct-20,Vehicle - Pedestrian,,,,Unknown,Ice/Frost,Dark - Lighted,Clear,1,Unknown,"Yes, M/V and Driver Left Scene",Traffic Control Signal,1,1,Complains Of Pain
832779,10/31/20,10:24 AM,2020-00090373,SMITH STREET,PINEHURST AVE ,SMITH STREET / PINEHURST AVE ,Taft Manzotti,377,31-Oct-20,Vehicle - Pedestrian,,,,"Two-Way , Not Divided",Wet,Daylight,Clear,1,Not a Collision Between Two Motor Vehicles in Transport,No,No Controls,2,1,Complains Of Pain
833065,11/3/20,12:00 PM,2020-00091202,90 Rosedale Street,ELLERY ST ,90 Rosedale Street / ELLERY ST ,Michele Rudolph,512,03-Nov-20,Vehicle - Pedestrian,,,,"Two-Way , Not Divided",Dry,Daylight,Clear,1,Not a Collision Between Two Motor Vehicles in Transport,No,No Controls,5,0,No Injury
833102,11/4/20,7:29 AM,2020-00091368,ONEIL ST,DOUGLAS AVE ,ONEIL ST / DOUGLAS AVE ,Joshua Cascione,225,04-Nov-20,Vehicle - Pedestrian,,,,"Two-Way , Not Divided",Dry,Daylight,Clear,1,Not a Collision Between Two Motor Vehicles in Transport,No,Pavement Markings,2,1,Complains Of Pain
833155,11/4/20,4:05 PM,2020-00091489,CRANSTON ST,BRIDGHAM ST ,CRANSTON ST / BRIDGHAM ST ,Donald Castigliego,287,04-Nov-20,Vehicle - Pedestrian,,,,"Two-Way , Not Divided",Dry,Daylight,Clear,1,Not a Collision Between Two Motor Vehicles in Transport,No,No Controls,3,1,Complains Of Pain
833308,11/6/20,4:39 PM,2020-00092014,Smith St,SMITH ST ,Smith St / SMITH ST ,Damaris Sanchez,566,06-Nov-20,Vehicle - Pedestrian,,,,"Two-Way , Not Divided",Dry,Daylight,Clear,2,Angle (Front - to - Side) Opposite Direction,"Yes, M/V and Driver Left Scene",No Controls,4,0,No Injury
833322,11/6/20,6:31 PM,2020-00092041,Academy Ave,NEWARK ST ,Academy Ave / NEWARK ST ,David Liu,318,06-Nov-20,Vehicle - Pedestrian,,,,"Two-Way , Not Divided",Dry,Dark - Lighted,Clear,1,Not a Collision Between Two Motor Vehicles in Transport,No,No Controls,2,1,Complains Of Pain
833364,11/7/20,7:45 PM,2020-00092404,Broad Street ,OXFORD ST ,Broad Street  / OXFORD ST ,Alex Schneider,411,07-Nov-20,Vehicle - Pedestrian,,,,"Two-Way , Not Divided",Dry,Dark - Lighted,Clear,1,Not a Collision Between Two Motor Vehicles in Transport,No,Traffic Control Signal,3,1,Complains Of Pain
833529,11/9/20,8:18 PM,2020-00092987,SPRUCE ST,DE PASQUALE AVE ,SPRUCE ST / DE PASQUALE AVE ,Cory Vingi,237,09-Nov-20,Vehicle - Pedestrian,,,,One-Way Trafficway,Dry,Dark - Lighted,Clear,2,Unknown,"Yes, M/V and Driver Left Scene",No Controls,2,0,Unknown