CrashReportId,CrashDate,CrashTime,ReportNumber,StreetOrHighway,NearestIntersection,Location,Officer,Badge,ReportDate,TypeOfCollision,Bicycle,Scooter,Wheel Chair,TypeOfRoadway,RoadSurfaceCondition,LightCondition,WeatherCondition,NumberofVehicles,MannerofImpact,HitAndRun,TrafficControl,PersonCount,InjuryCount,MostSeriousInjury
833655,11/11/20,8:39 PM,2020-00093496,WESTMINSTER ST,DORRANCE ST ,WESTMINSTER ST / DORRANCE ST ,Cory Vingi,237,11-Nov-20,Vehicle - Pedestrian,,,,"Two-Way , Not Divided",Dry,Dark - Lighted,Clear,4,Angle (Front - to - Side) Right Angle (Includes Broadside),No,Traffic Control Signal,9,0,No Injury
833750,11/12/20,4:04 PM,2020-00093681,Manton Ave,FRUIT HILL AVE ,Manton Ave / FRUIT HILL AVE ,Christopher Castagliuolo,351,12-Nov-20,Vehicle - Pedestrian,X,,,"Two-Way , Not Divided",Dry,Daylight,Clear,1,Not a Collision Between Two Motor Vehicles in Transport,No,Traffic Control Signal,3,1,Complains Of Pain
833822,11/13/20,11:56 AM,2020-00093855,CHARLES ST,W RIVER ST ,CHARLES ST / W RIVER ST ,Dormica Waters,427,13-Nov-20,Vehicle - Pedestrian,,,,"Two-Way , Not Divided",Wet,Daylight,Rain,2,Rear End(Front-to-Rear),"Yes, Driver Left Scene",No Controls,7,0,No Injury
834055,11/17/20,7:16 AM,2020-00094768,820 HOPE ST,4TH ST ,820 HOPE ST / 4TH ST ,Joshua Cascione,225,17-Nov-20,Vehicle - Pedestrian,,,,"Two-Way , Not Divided",Dry,Daylight,Clear,1,Not a Collision Between Two Motor Vehicles in Transport,No,No Controls,2,1,Complains Of Pain
834062,11/17/20,8:40 AM,2020-00094777,WASHINGTON ST,DORRANCE ST ,WASHINGTON ST / DORRANCE ST ,Joshua Cascione,225,17-Nov-20,Vehicle - Pedestrian,,,,"Two-Way , Not Divided",Dry,Daylight,Clear,1,Not a Collision Between Two Motor Vehicles in Transport,"Yes, M/V and Driver Left Scene",Flashing Traffic Control Signal,1,1,Complains Of Pain
834072,11/17/20,11:32 AM,2020-00094809,ADMIRAL ST,CHAD BROWN ST ,ADMIRAL ST / CHAD BROWN ST ,Joshua Cascione,225,17-Nov-20,Vehicle - Pedestrian,,,,"Two-Way , Not Divided",Dry,Daylight,Clear,1,Not a Collision Between Two Motor Vehicles in Transport,No,Person,4,1,Incapacitating
834089,11/17/20,5:51 PM,2020-00094902,WATERMAN ST,PROSPECT ST ,WATERMAN ST / PROSPECT ST ,Cameron Clift,524,17-Nov-20,Vehicle - Pedestrian,,X,,"Two-Way , Not Divided",Dry,Dark - Lighted,Clear,1,"Sidwswipe, Opposite Direction",No,Traffic Control Signal,4,1,Complains Of Pain
834147,11/19/20,5:43 AM,2020-00095234,460 Smith St,CHALKSTONE AVE ,460 Smith St / CHALKSTONE AVE ,Casey Correia,521,19-Nov-20,Vehicle - Pedestrian,,,,Unknown,Dry,Dawn,Clear,1,Not a Collision Between Two Motor Vehicles in Transport,"Yes, M/V and Driver Left Scene",No Controls,1,0,No Injury
834229,11/20/20,3:02 PM,2020-00095548,ANGELL ST,BUTLER AVE ,ANGELL ST / BUTLER AVE ,Donald Castigliego,287,20-Nov-20,Vehicle - Pedestrian,,X,,"Two-Way , Not Divided",Dry,Daylight,Clear,1,Not a Collision Between Two Motor Vehicles in Transport,No,Stop Signs,3,0,Unknown
834308,11/22/20,2:48 AM,2020-00096009,DUDLEY ST,TANNER ST ,DUDLEY ST / TANNER ST ,Raleek Byfield,375,22-Nov-20,Vehicle - Pedestrian,,,,"Two-Way, Divided, Unprotected (painted>4feet) Medium",Dry,Dark - Lighted,Clear,1,Not a Collision Between Two Motor Vehicles in Transport,"Yes, Driver Left Scene",Pavement Markings,1,0,Unknown
834320,11/22/20,1:04 PM,2020-00096094,PRAIRIE AVE,REYNOLDS AVE ,PRAIRIE AVE / REYNOLDS AVE ,Michael Sepe,367,22-Nov-20,Vehicle - Pedestrian,,,,"Two-Way, Divided, Unprotected (painted>4feet) Medium",Dry,Daylight,Clear,2,Rear End(Front-to-Rear),"Yes, M/V and Driver Left Scene",No Controls,2,1,Complains Of Pain
834334,11/22/20,4:50 PM,2020-00096130,CHARLESFIELD ST,HOPE ST ,CHARLESFIELD ST / HOPE ST ,Cory Vingi,237,22-Nov-20,Vehicle - Pedestrian,X,,,"Two-Way , Not Divided",Dry,Dark - Lighted,Clear,1,Angle (Front - to - Side) Right Angle (Includes Broadside),No,Stop Signs,3,1,Non-Incapacitating
834347,11/23/20,6:57 AM,2020-00096219,DUDLEY ST,PRAIRIE AVE ,DUDLEY ST / PRAIRIE AVE ,Erick Fernandez,228,23-Nov-20,Vehicle - Pedestrian,,,,"Two-Way , Not Divided",Wet,Daylight,Rain,1,Not a Collision Between Two Motor Vehicles in Transport,No,No Controls,2,1,Complains Of Pain
834470,11/24/20,4:56 PM,2020-00096557,ORMS ST,JEFFERSON ST ,ORMS ST / JEFFERSON ST ,Darrin Anderson,550,24-Nov-20,Vehicle - Pedestrian,,,,"Two-Way , Not Divided",Dry,Dark - Lighted,Clear,1,Not a Collision Between Two Motor Vehicles in Transport,"Yes, M/V and Driver Left Scene",No Controls,3,1,Complains Of Pain
834503,11/25/20,4:54 PM,2020-00096760,CAMBRIDGE ST,ACADEMY AVE ,CAMBRIDGE ST / ACADEMY AVE ,Joseph Lopes,227,25-Nov-20,Vehicle - Pedestrian,X,,,"Two-Way , Not Divided",Wet,Dark - Lighted,Rain,1,Not a Collision Between Two Motor Vehicles in Transport,"Yes, M/V and Driver Left Scene",Stop Signs,2,1,Complains Of Pain
835002,11/25/20,4:59 PM,2020-00096764,EATON ST,SMITH ST ,EATON ST / SMITH ST ,David Liu,318,04-Dec-20,Vehicle - Pedestrian,,,,"Two-Way , Not Divided",Wet,Dark - Not Lighted,Cloudy,1,Not a Collision Between Two Motor Vehicles in Transport,No,No Controls,2,0,No Injury
834726,11/29/20,3:36 PM,2020-00097746,BROAD STREET,,BROAD STREET / ,Donald Castigliego,287,29-Nov-20,Vehicle - Pedestrian,,,,"Two-Way , Not Divided",Dry,Daylight,Clear,1,Not a Collision Between Two Motor Vehicles in Transport,"Yes, M/V and Driver Left Scene",No Controls,3,1,Incapacitating
834888,12/2/20,8:26 AM,2020-00098378,CHALKSTONE AVE,ACADEMY AVE ,CHALKSTONE AVE / ACADEMY AVE ,Jose Deschamps,419,02-Dec-20,Vehicle - Pedestrian,,,,"Two-Way, Divided, Unprotected (painted>4feet) Medium",Dry,Daylight,Clear,1,Not a Collision Between Two Motor Vehicles in Transport,No,Traffic Control Signal,3,0,No Injury
835050,12/4/20,11:21 PM,2020-00099087,DOUGLAS AVE,DOUGLAS AVE ,DOUGLAS AVE / DOUGLAS AVE ,Cory Vingi,237,04-Dec-20,Vehicle - Pedestrian,,,,"Two-Way , Not Divided",Wet,Dark - Lighted,Rain,1,Not a Collision Between Two Motor Vehicles in Transport,"Yes, M/V and Driver Left Scene",No Controls,1,0,Unknown
835065,12/5/20,6:11 AM,2020-00099143,HUNTINGTON AVE,CRANSTON ST ,HUNTINGTON AVE / CRANSTON ST ,Joshua Cascione,225,05-Dec-20,Vehicle - Pedestrian,,,,"Two-Way, Divided, Positive Median Barrier",Wet,Dawn,Rain,1,Not a Collision Between Two Motor Vehicles in Transport,"Yes, M/V and Driver Left Scene",Traffic Control Signal,1,1,Non-Incapacitating
835101,12/5/20,6:54 PM,2020-00099285,ELMWOOD AVE,PARKIS AVE ,ELMWOOD AVE / PARKIS AVE ,Jeann Lugo,543,05-Dec-20,Vehicle - Pedestrian,,,,"Two-Way , Not Divided",Wet,Dark - Lighted,Rain,2,Angle (Front - to - Side) Same Direction,"Yes, M/V and Driver Left Scene",No Controls,2,0,No Injury
835132,12/7/20,1:42 PM,2020-00099619,BUTLER AVE,ORIOLE AVE ,BUTLER AVE / ORIOLE AVE ,Joshua Cascione,225,07-Dec-20,Vehicle - Pedestrian,,,,"Two-Way , Not Divided",Dry,Daylight,Clear,1,Not a Collision Between Two Motor Vehicles in Transport,No,No Controls,2,1,Complains Of Pain
835204,12/8/20,6:49 PM,2020-00099894,936 NARRAGANSETT BLVD,CALIFORNIA AVE,936 NARRAGANSETT BLVD / CALIFORNIA AVE,Nicholas Manfredi,343,08-Dec-20,Vehicle - Pedestrian,,,,"Two-Way , Not Divided",Dry,Dark - Lighted,Clear,3,Rear End(Front-to-Rear),"Yes, M/V and Driver Left Scene",No Controls,4,0,Unknown
835407,12/11/20,8:47 PM,2020-00100644,205 OAKLAND AVE,SWEETBRIAR ST ,205 OAKLAND AVE / SWEETBRIAR ST ,Erik Breault,226,11-Dec-20,Vehicle - Pedestrian,,,,"Two-Way , Not Divided",Wet,Dark - Lighted,Clear,3,Angle (Front - to - Side) Right Angle (Includes Broadside),No,No Controls,6,1,Complains Of Pain
837114,12/11/20,9:06 PM,2020-00100649,CARTER ST,ELMWOOD AVE ,CARTER ST / ELMWOOD AVE ,Irvin Torres,346,10-Jan-21,Vehicle - Pedestrian,,,,"Two-Way , Not Divided",Dry,Dark - Lighted,Clear,1,Other,No,No Controls,2,1,Complains Of Pain
835508,12/14/20,5:38 PM,2020-00101314,broad st,BROAD ST ,broad st / BROAD ST ,Ptlw. Levesque,248,14-Dec-20,Vehicle - Pedestrian,,,,"Two-Way , Not Divided",Wet,Daylight,Rain,1,Not a Collision Between Two Motor Vehicles in Transport,"Yes, M/V and Driver Left Scene",No Controls,1,1,Complains Of Pain
835571,12/15/20,9:26 AM,2020-00101418,OLNEYVILLE SQ,MANTON AVE ,OLNEYVILLE SQ / MANTON AVE ,Luis Taveras,399,15-Dec-20,Vehicle - Pedestrian,,,,"Two-Way, Divided, Unprotected (painted>4feet) Medium",Dry,Daylight,Clear,1,Head-On (Front - to - Front),"Yes, M/V and Driver Left Scene",No Controls,1,1,Complains Of Pain
835970,12/19/20,7:07 PM,2020-00102483,1027 Broad Street,BROAD ST ,1027 Broad Street / BROAD ST ,Jan Delle Johnson,529,19-Dec-20,Vehicle - Pedestrian,,,,"Two-Way, Divided, Unprotected (painted>4feet) Medium",Slush,Dark - Lighted,Clear,2,Angle (Front - to - Side) Right Angle (Includes Broadside),"Yes, M/V and Driver Left Scene",Unknown,3,0,No Injury
836068,12/21/20,12:47 PM,2020-00102818,spruce st,ACORN ST ,spruce st / ACORN ST ,David Schiavulli,651,21-Dec-20,Vehicle - Pedestrian,,,,"Two-Way , Not Divided",Dry,Daylight,Clear,1,Other,No,No Controls,3,1,Complains Of Pain
836074,12/21/20,4:44 PM,2020-00102871,100 HARTFORD AVE,EDNA ST ,100 HARTFORD AVE / EDNA ST ,Ryan Malloy,311,21-Dec-20,Vehicle - Pedestrian,,,,"Two-Way , Not Divided",Wet,Dark - Lighted,Clear,2,Rear End(Front-to-Rear),"Yes, M/V and Driver Left Scene",No Controls,3,1,Complains Of Pain
837416,12/23/20,5:37 PM,2020-00103341,449 SMITH ST,CHALKSTONE AVE ,449 SMITH ST / CHALKSTONE AVE ,Erik Breault,226,15-Jan-21,Vehicle - Pedestrian,,,,"Two-Way, Divided, Unprotected (painted>4feet) Medium",Dry,Dark - Lighted,Clear,2,"Sideswipe, Same Direction","Yes, M/V and Driver Left Scene",No Controls,2,0,Unknown
836212,12/24/20,6:47 AM,2020-00103454,DIKE ST,TROY ST ,DIKE ST / TROY ST ,Joshua Cascione,225,24-Dec-20,Vehicle - Pedestrian,,,,"Two-Way , Not Divided",Dry,Daylight,Clear,1,Not a Collision Between Two Motor Vehicles in Transport,"Yes, M/V and Driver Left Scene",No Controls,1,1,Complains Of Pain
836241,12/24/20,3:36 PM,2020-00103539,Washington Street,GREENE ST ,Washington Street / GREENE ST ,Darrin Anderson,550,24-Dec-20,Vehicle - Pedestrian,,,,"Two-Way, Divided, Unprotected (painted>4feet) Medium",Wet,Daylight,Cloudy,2,Rear End(Front-to-Rear),"Yes, M/V and Driver Left Scene",Traffic Control Signal,2,0,No Injury
835614,12/25/20,4:00 PM,2020-00101519,EDDY ST,OXFORD ST ,EDDY ST / OXFORD ST ,Adrian Francis,239,15-Dec-20,Vehicle - Pedestrian,,,,"Two-Way, Divided, Unprotected (painted>4feet) Medium",Dry,Daylight,Clear,2,"Sidwswipe, Opposite Direction","Yes, M/V and Driver Left Scene",No Controls,4,0,No Injury
836366,12/28/20,8:06 PM,2020-00104412,DORCHESTER AVE,RYE ST ,DORCHESTER AVE / RYE ST ,Jeffrey Gagnon,317,28-Dec-20,Vehicle - Pedestrian,,,,"Two-Way , Not Divided",Dry,Dark - Lighted,Clear,2,Rear - to - Side,No,No Controls,3,1,Complains Of Pain
836585,1/1/21,6:40 AM,2021-00000099,ERASTUS ST,ATWELLS AVE ,ERASTUS ST / ATWELLS AVE ,Luis Boror,575,01-Jan-21,Vehicle - Pedestrian,,,,"Two-Way , Not Divided",Dry,Dawn,Clear,2,Rear End(Front-to-Rear),"Yes, M/V and Driver Left Scene",No Controls,2,0,No Injury
836659,1/3/21,1:36 PM,2021-00000541,Glenbridge Ave,MANTON AVE ,Glenbridge Ave / MANTON AVE ,Juan Rodrigues,194,03-Jan-21,Vehicle - Pedestrian,,,X,"Two-Way, Divided, Unprotected (painted>4feet) Medium",Dry,Daylight,Clear,1,Angle (Front - to - Side) Right Angle (Includes Broadside),No,Traffic Control Signal,3,1,Complains Of Pain
836745,1/4/21,8:38 PM,2021-00000844,PUBLIC ST,PRAIRIE AVE ,PUBLIC ST / PRAIRIE AVE ,Cory Vingi,237,04-Jan-21,Vehicle - Pedestrian,,,,"Two-Way , Not Divided",Dry,Dark - Lighted,Clear,2,Rear End(Front-to-Rear),No,No Controls,5,0,No Injury
837289,1/13/21,11:48 AM,2021-00002805,ELMWOOD AVE,LENOX AVE ,ELMWOOD AVE / LENOX AVE ,Albert Deschamps,527,13-Jan-21,Vehicle - Pedestrian,,,X,"Two-Way, Divided, Positive Median Barrier",Dry,Daylight,Clear,1,Not a Collision Between Two Motor Vehicles in Transport,No,Stop Signs,3,1,Non-Incapacitating
837449,1/16/21,12:17 AM,2021-00003430,11 BOWDOIN ST,AUDREY ST ,11 BOWDOIN ST / AUDREY ST ,Sean Cooney,523,16-Jan-21,Vehicle - Pedestrian,,,,"Two-Way , Not Divided",Dry,Dark - Lighted,Clear,2,Rear End(Front-to-Rear),"Yes, M/V and Driver Left Scene",No Controls,2,0,Unknown
838538,1/18/21,3:12 AM,2021-00003937,Pocasset ave,PLAINFIELD ST ,Pocasset ave / PLAINFIELD ST ,Andrew Calle,574,18-Jan-21,Vehicle - Pedestrian,,,,Unknown,Dry,Dark - Lighted,Clear,1,Other,"Yes, M/V and Driver Left Scene",No Controls,1,1,Complains Of Pain
838622,1/19/21,2:28 PM,2021-00004229,BROAD ST,HARVARD AVE ,BROAD ST / HARVARD AVE ,Donald Castigliego,287,19-Jan-21,Vehicle - Pedestrian,,,,"Two-Way , Not Divided",Dry,Daylight,Clear,1,Not a Collision Between Two Motor Vehicles in Transport,No,No Controls,3,1,Complains Of Pain
838630,1/19/21,5:55 PM,2021-00004272,BROAD ST,CHESTNUT ST ,BROAD ST / CHESTNUT ST ,Donald Castigliego,287,19-Jan-21,Vehicle - Pedestrian,,,,"Two-Way , Not Divided",Wet,Dark - Lighted,Cloudy,1,Not a Collision Between Two Motor Vehicles in Transport,No,Traffic Control Signal,6,1,Complains Of Pain
838746,1/20/21,4:11 PM,2021-00004475,CUSTOM HOUSE ST,DYER ST ,CUSTOM HOUSE ST / DYER ST ,Vincent Lopez,219,21-Jan-21,Vehicle - Pedestrian,,,,"Two-Way , Not Divided",Dry,Daylight,Clear,1,Not a Collision Between Two Motor Vehicles in Transport,No,No Controls,3,0,No Injury
838930,1/23/21,7:43 PM,2021-00005252,Mathewson street,MAIDEN LN ,Mathewson street / MAIDEN LN ,Jan Delle Johnson,529,23-Jan-21,Vehicle - Pedestrian,,,,One-Way Trafficway,Dry,Dark - Lighted,Clear,1,Not a Collision Between Two Motor Vehicles in Transport,"Yes, Driver Left Scene",No Controls,1,0,Unknown
839310,1/26/21,7:52 AM,2021-00005855,OWEN ST,MANTON AVE ,OWEN ST / MANTON AVE ,Lucio Andreozzi,381,27-Jan-21,Vehicle - Pedestrian,,,,"Two-Way , Not Divided",Dry,Daylight,Clear,2,Angle (Front - to - Side) Right Angle (Includes Broadside),No,No Controls,3,0,Unknown
839472,1/30/21,8:44 AM,2021-00006856,4 Osborn Street ,4 Osborn Street ,4 Osborn Street  / 4 Osborn Street ,Michele Tella,668,30-Jan-21,Vehicle - Pedestrian,,,,"Two-Way , Not Divided",Dry,Daylight,Clear,2,"Sideswipe, Same Direction","Yes, M/V and Driver Left Scene",No Controls,2,0,Unknown
839542,1/31/21,4:32 PM,2021-00007187,550 Douglas Ave,DOUGLAS AVE ,550 Douglas Ave / DOUGLAS AVE ,Christopher Castagliuolo,351,31-Jan-21,Vehicle - Pedestrian,,,,Unknown,Dry,Daylight,Clear,2,Not a Collision Between Two Motor Vehicles in Transport,No,No Controls,2,0,Unknown
839629,2/2/21,6:02 PM,2021-00007609,CYR ST,BROAD STREET,CYR ST / BROAD STREET,Donald Castigliego,287,02-Feb-21,Vehicle - Pedestrian,,,,"Two-Way , Not Divided",Dry,Dark - Lighted,Cloudy,1,Not a Collision Between Two Motor Vehicles in Transport,"Yes, M/V and Driver Left Scene",No Controls,1,0,No Injury
839631,2/2/21,7:54 PM,2021-00007630,BRIDGHAM ST,ELMWOOD AVE ,BRIDGHAM ST / ELMWOOD AVE ,Deanna Johnson,408,02-Feb-21,Vehicle - Pedestrian,,,,"Two-Way, Not Divided With a Continuous Left Turn Lane",Dry,Dark - Lighted,Clear,1,Not a Collision Between Two Motor Vehicles in Transport,"Yes, M/V and Driver Left Scene",Traffic Control Signal,2,1,Complains Of Pain
839700,2/3/21,7:21 PM,2021-00007839,WESTMINSTER ST,WESTMINSTER ST EXIT ,WESTMINSTER ST / WESTMINSTER ST EXIT ,Donald Castigliego,287,03-Feb-21,Vehicle - Pedestrian,,,,"Two-Way , Not Divided",Sand,Dark - Not Lighted,Cloudy,1,Not a Collision Between Two Motor Vehicles in Transport,No,No Controls,2,1,Non-Incapacitating
839740,2/4/21,5:46 PM,2021-00008060,Broadway,KNIGHT ST ,Broadway / KNIGHT ST ,Christopher Castagliuolo,351,04-Feb-21,Vehicle - Pedestrian,,,,"Two-Way , Not Divided",Dry,Dark - Lighted,Clear,1,Not a Collision Between Two Motor Vehicles in Transport,"Yes, M/V and Driver Left Scene",Traffic Control Signal,3,1,Incapacitating
841069,2/7/21,4:00 PM,2021-00009113,PEARL ST,LOCKWOOD ST ,PEARL ST / LOCKWOOD ST ,Jason Andrade,200,09-Feb-21,Vehicle - Pedestrian,,,,Unknown,Snow,Dark - Lighted,Snow,2,"Sideswipe, Same Direction","Yes, M/V and Driver Left Scene",No Controls,2,0,Unknown
841107,2/9/21,2:32 PM,2021-00009171,500 PLAINFIELD ST,LAUREL HILL AVE ,500 PLAINFIELD ST / LAUREL HILL AVE ,Jason Andrade,200,09-Feb-21,Vehicle - Pedestrian,,,,"Two-Way, Divided, Positive Median Barrier",Snow,Daylight,Snow,2,Rear End(Front-to-Rear),No,No Controls,3,0,No Injury
841122,2/9/21,8:03 PM,2021-00009239,CHARLES ST,CHARLES ST ,CHARLES ST / CHARLES ST ,Donald Castigliego,287,09-Feb-21,Vehicle - Pedestrian,,,,One-Way Trafficway,Wet,Dark - Lighted,"Sleet, Hail (Freezing Rain or Drizzle)",1,Not a Collision Between Two Motor Vehicles in Transport,"Yes, M/V and Driver Left Scene",No Controls,1,1,Complains Of Pain
841527,2/14/21,6:45 AM,2021-00010258,UNION AVE,SORRENTO ST ,UNION AVE / SORRENTO ST ,Jessica Leone,258,14-Feb-21,Vehicle - Pedestrian,,,,Unknown,Dry,Dark - Not Lighted,Clear,2,Unknown,"Yes, Driver Left Scene",No Controls,2,0,Unknown
842871,2/18/21,9:50 PM,2021-00011276,Elmwood Ave,Mawney St,Elmwood Ave / Mawney St,Gerry Kue,393,18-Feb-21,Vehicle - Pedestrian,,,,"Two-Way , Not Divided",Wet,Dark - Lighted,Snow,2,Rear End(Front-to-Rear),"Yes, M/V and Driver Left Scene",No Controls,2,0,Unknown
844340,2/24/21,6:58 PM,2021-00012715,WESTMINSTER ST,HAMMOND ST ,WESTMINSTER ST / HAMMOND ST ,Cory Vingi,237,24-Feb-21,Vehicle - Pedestrian,,,,"Two-Way , Not Divided",Dry,Dark - Lighted,Clear,1,Not a Collision Between Two Motor Vehicles in Transport,No,No Controls,2,1,Non-Incapacitating
844417,2/26/21,10:02 AM,2021-00013130,PLAINFIELD ST,MERINO ST ,PLAINFIELD ST / MERINO ST ,Joshua Cascione,225,26-Feb-21,Vehicle - Pedestrian,,,,"Two-Way , Not Divided",Dry,Daylight,Clear,1,Not a Collision Between Two Motor Vehicles in Transport,No,No Controls,3,1,Incapacitating
844466,2/27/21,12:44 PM,2021-00013482,ACADEMY AVE,HEALTH AVE ,ACADEMY AVE / HEALTH AVE ,Joshua Cascione,225,27-Feb-21,Vehicle - Pedestrian,,,,"Two-Way , Not Divided",Wet,Daylight,Rain,1,Not a Collision Between Two Motor Vehicles in Transport,"Yes, M/V and Driver Left Scene",No Controls,2,1,Complains Of Pain
844485,2/27/21,5:04 PM,2021-00013540,WESTMINSTER ST,CAHIR ST ,WESTMINSTER ST / CAHIR ST ,Donald Castigliego,287,27-Feb-21,Vehicle - Pedestrian,,,,"Two-Way , Not Divided",Wet,Daylight,Cloudy,1,Not a Collision Between Two Motor Vehicles in Transport,No,Traffic Control Signal,3,1,Complains Of Pain
844595,3/1/21,6:44 PM,2021-00014074,SMITH ST,NELSON ST ,SMITH ST / NELSON ST ,Christopher Castagliuolo,351,01-Mar-21,Vehicle - Pedestrian,,,,"Two-Way , Not Divided",Dry,Dark - Lighted,Clear,1,Not a Collision Between Two Motor Vehicles in Transport,No,Pavement Markings,4,1,Non-Incapacitating
844644,3/2/21,6:32 AM,2021-00014244,West River St,CHARLES ST ,West River St / CHARLES ST ,Lucas Ramalho,507,02-Mar-21,Vehicle - Pedestrian,,,,"Two-Way , Not Divided",Dry,Daylight,Clear,1,Not a Collision Between Two Motor Vehicles in Transport,No,No Controls,3,1,Complains Of Pain
844706,3/2/21,7:36 PM,2021-00014422,WEST FOUNTAIN ST,DEAN ST ,WEST FOUNTAIN ST / DEAN ST ,Christopher Castagliuolo,351,02-Mar-21,Vehicle - Pedestrian,,,,Unknown,Dry,Dark - Lighted,Clear,2,Not a Collision Between Two Motor Vehicles in Transport,No,No Controls,4,0,No Injury
844784,3/3/21,3:23 PM,2021-00014611,BLACKSTONE ST,CULVER ST ,BLACKSTONE ST / CULVER ST ,Christopher Castagliuolo,351,03-Mar-21,Vehicle - Pedestrian,,,,"Two-Way , Not Divided",Dry,Daylight,Clear,1,Not a Collision Between Two Motor Vehicles in Transport,No,Stop Signs,2,1,Complains Of Pain
844829,3/4/21,8:25 AM,2021-00014769,BRANCH AVE,TOURO ST ,BRANCH AVE / TOURO ST ,Joshua Cascione,225,04-Mar-21,Vehicle - Pedestrian,,,,"Two-Way , Not Divided",Dry,Daylight,Clear,1,Not a Collision Between Two Motor Vehicles in Transport,No,No Controls,3,1,Complains Of Pain
844862,3/4/21,4:02 PM,2021-00014873,Waldo Street,CRANSTON ST ,Waldo Street / CRANSTON ST ,John Najarian,417,04-Mar-21,Vehicle - Pedestrian,,,,"Two-Way , Not Divided",Dry,Daylight,Clear,1,Other,No,No Controls,6,1,Complains Of Pain
844867,3/4/21,4:58 PM,2021-00013551,ANGELL ST,WAYLAND AVE ,ANGELL ST / WAYLAND AVE ,Robert Carlin,309,04-Mar-21,Vehicle - Pedestrian,,,,"Two-Way , Not Divided",Dry,Daylight,Clear,1,Head-On (Front - to - Front),"Yes, M/V and Driver Left Scene",Traffic Control Signal,1,1,Complains Of Pain
844904,3/4/21,8:53 AM,2021-00014747,BAKER ST,EDDY ST ,BAKER ST / EDDY ST ,Michael Sepe,367,05-Mar-21,Vehicle - Pedestrian,,,,"Two-Way, Divided, Unprotected (painted>4feet) Medium",Dry,Daylight,Clear,2,Rear End(Front-to-Rear),"Yes, M/V and Driver Left Scene",Other,2,0,No Injury
844993,3/5/21,5:27 PM,2021-00015189,AYRAULT ST,RAYMOND ST ,AYRAULT ST / RAYMOND ST ,Raymond Criner,340,05-Mar-21,Vehicle - Pedestrian,,,,"Two-Way , Not Divided",Dry,Dark - Lighted,Clear,2,"Sideswipe, Same Direction",No,No Controls,5,0,No Injury
845096,3/6/21,5:56 PM,2021-00015458,BROAD ST,CAHIR ST ,BROAD ST / CAHIR ST ,Christopher Castagliuolo,351,06-Mar-21,Vehicle - Pedestrian,,,,"Two-Way , Not Divided",Dry,Dark - Lighted,Clear,1,Not a Collision Between Two Motor Vehicles in Transport,"Yes, M/V and Driver Left Scene",Traffic Control Signal,1,1,Non-Incapacitating
845231,3/8/21,12:28 PM,2021-00015912,MANTON AVE,ALEPPO ST ,MANTON AVE / ALEPPO ST ,Joseph Lopes,227,08-Mar-21,Vehicle - Pedestrian,,,,"Two-Way , Not Divided",Dry,Daylight,Clear,1,Not a Collision Between Two Motor Vehicles in Transport,"Yes, M/V and Driver Left Scene",No Controls,2,1,Incapacitating
845268,3/8/21,5:02 PM,2021-00015993,DOUGLAS AVE,WHIPPLE ST ,DOUGLAS AVE / WHIPPLE ST ,Jan Delle Johnson,529,08-Mar-21,Vehicle - Pedestrian,,,,"Two-Way, Divided, Unprotected (painted>4feet) Medium",Dry,Daylight,Clear,2,Angle (Front - to - Side) Same Direction,"Yes, M/V and Driver Left Scene",Stop Signs,3,0,No Injury
845275,3/8/21,5:26 PM,2021-00016001,15 Harris Ave ,HARRIS AVE EXIT 22C ,15 Harris Ave  / HARRIS AVE EXIT 22C ,Jan Delle Johnson,529,08-Mar-21,Vehicle - Pedestrian,,,,"Two-Way , Not Divided",Dry,Daylight,Clear,2,"Sideswipe, Same Direction","Yes, M/V and Driver Left Scene",No Controls,3,0,No Injury
845577,3/12/21,3:10 PM,2021-00017084,257 THAYER ST,EUCLID AVE ,257 THAYER ST / EUCLID AVE ,Cameron Clift,524,12-Mar-21,Vehicle - Pedestrian,,,,One-Way Trafficway,Dry,Daylight,Clear,1,Not a Collision Between Two Motor Vehicles in Transport,No,No Controls,2,0,No Injury
848085,3/19/21,4:49 PM,2021-00018998,165 Windmill St,Smart ST ,165 Windmill St / Smart ST ,Christopher Castagliuolo,351,19-Mar-21,Vehicle - Pedestrian,,,,"Two-Way , Not Divided",Dry,Daylight,Clear,1,Not a Collision Between Two Motor Vehicles in Transport,No,Stop Signs,3,1,Non-Incapacitating
848123,3/20/21,3:00 PM,2021-00019251,WICKENDEN ST,TRAVERSE ST ,WICKENDEN ST / TRAVERSE ST ,Miguel Castillo,489,20-Mar-21,Vehicle - Pedestrian,,,,Unknown,Dry,Daylight,Clear,2,Unknown,"Yes, M/V and Driver Left Scene",No Controls,2,0,Unknown
848228,3/21/21,3:20 PM,2021-00019548,BAKER ST,OCONNOR ST ,BAKER ST / OCONNOR ST ,Christopher Castagliuolo,351,21-Mar-21,Vehicle - Pedestrian,,,,"Two-Way , Not Divided",Dry,Daylight,Clear,1,Not a Collision Between Two Motor Vehicles in Transport,"Yes, M/V and Driver Left Scene",No Controls,1,1,Non-Incapacitating
848292,3/22/21,4:02 PM,2021-00019839,CANAL ST,SMITH ST ,CANAL ST / SMITH ST ,Robert Gaudiana,579,22-Mar-21,Vehicle - Pedestrian,X,,,One-Way Trafficway,Dry,Daylight,Clear,1,Not a Collision Between Two Motor Vehicles in Transport,No,No Controls,2,0,No Injury