CrashReportId,CrashDate,CrashTime,ReportNumber,StreetOrHighway,NearestIntersection,Location,Officer,Badge,ReportDate,TypeOfCollision,Bicycle,Scooter,Wheel Chair,TypeOfRoadway,RoadSurfaceCondition,LightCondition,WeatherCondition,NumberofVehicles,MannerofImpact,HitAndRun,TrafficControl,PersonCount,InjuryCount,MostSeriousInjury
848356,3/23/21,2:30 PM,2021-00020106,Allston St.,Robin St.,Allston St. / Robin St.,Harrison Northup,232,23-Mar-21,Vehicle - Pedestrian,,,,"Two-Way , Not Divided",Dry,Daylight,Clear,2,Rear End(Front-to-Rear),"Yes, M/V and Driver Left Scene",No Controls,2,0,Unknown
848391,3/23/21,2:19 PM,2021-00020078,N MAIN STREET,7TH ST ,N MAIN STREET / 7TH ST ,Dormica Waters,427,24-Mar-21,Vehicle - Pedestrian,,,,"Two-Way, Divided, Positive Median Barrier",Dry,Daylight,Clear,1,Not a Collision Between Two Motor Vehicles in Transport,No,No Controls,2,0,No Injury
848393,3/23/21,11:36 AM,2021-00020029,norwich ave,BAXTER ST ,norwich ave / BAXTER ST ,Michael Sepe,367,24-Mar-21,Vehicle - Pedestrian,,,,"Two-Way, Divided, Unprotected (painted>4feet) Medium",Dry,Daylight,Clear,2,"Sideswipe, Same Direction","Yes, M/V and Driver Left Scene",No Controls,2,0,No Injury
848492,3/25/21,8:47 PM,2021-00020770,MEMORIAL BLVD,FRANCIS ST ,MEMORIAL BLVD / FRANCIS ST ,Christopher Castagliuolo,351,25-Mar-21,Vehicle - Pedestrian,,,,"Two-Way , Not Divided",Dry,Dark - Lighted,Clear,1,Not a Collision Between Two Motor Vehicles in Transport,No,Traffic Control Signal,3,1,Complains Of Pain
848583,3/26/21,8:30 PM,2021-00021065,W RIVER ST,BRANCH AVE ,W RIVER ST / BRANCH AVE ,Cory Vingi,237,26-Mar-21,Vehicle - Pedestrian,,,,"Two-Way , Not Divided",Dry,Dark - Lighted,Clear,1,Not a Collision Between Two Motor Vehicles in Transport,"Yes, M/V and Driver Left Scene",No Controls,1,1,Complains Of Pain
848640,3/27/21,11:53 AM,2021-00021229,850 Manton Ave ,MANTON CT ,850 Manton Ave  / MANTON CT ,James Annis,454,27-Mar-21,Vehicle - Pedestrian,,,,"Two-Way , Not Divided",Dry,Daylight,Clear,1,Not a Collision Between Two Motor Vehicles in Transport,"Yes, M/V and Driver Left Scene",Unknown,1,1,Complains Of Pain
848788,3/29/21,12:54 PM,2021-00021816,WASHINGTON ST,DAVE GAVITT WAY,WASHINGTON ST / DAVE GAVITT WAY,Joshua Cascione,225,29-Mar-21,Vehicle - Pedestrian,,,,"Two-Way , Not Divided",Dry,Daylight,Clear,1,Not a Collision Between Two Motor Vehicles in Transport,No,Traffic Control Signal,3,1,Complains Of Pain
848792,3/29/21,12:56 PM,2021-00021818,ORMS ST,SMITH ST ,ORMS ST / SMITH ST ,Kaitlin Coogan,234,29-Mar-21,Vehicle - Pedestrian,,,,"Two-Way , Not Divided",Dry,Daylight,Clear,1,Not a Collision Between Two Motor Vehicles in Transport,"Yes, M/V and Driver Left Scene",No Controls,1,1,Complains Of Pain
848959,3/31/21,3:04 PM,2021-00022443,BROOK ST,WILLIAMS ST ,BROOK ST / WILLIAMS ST ,SERGEANT MICHAEL R. TROIA / PATROL BUREAU,60,31-Mar-21,Vehicle - Pedestrian,X,,,"Two-Way , Not Divided",Dry,Daylight,Clear,1,Angle (Front - to - Side) Right Angle (Includes Broadside),No,Stop Signs,3,1,Complains Of Pain
848969,3/31/21,7:57 PM,2021-00022522,PLAINFIELD ST,WEBSTER AVE ,PLAINFIELD ST / WEBSTER AVE ,William Sherrill,363,31-Mar-21,Vehicle - Pedestrian,,,,"Two-Way, Divided, Unprotected (painted>4feet) Medium",Wet,Dark - Lighted,Rain,1,Head-On (Front - to - Front),"Yes, M/V and Driver Left Scene",Traffic Control Signal,1,1,Complains Of Pain
849204,4/4/21,4:35 PM,2021-00023539,ACADEMY AVENUE,NEWARK ST ,ACADEMY AVENUE / NEWARK ST ,Gargar Grimes,323,04-Apr-21,Vehicle - Pedestrian,,,,"Two-Way, Divided, Unprotected (painted>4feet) Medium",Dry,Daylight,Clear,1,Not a Collision Between Two Motor Vehicles in Transport,No,No Controls,2,1,Complains Of Pain
849334,4/6/21,11:49 AM,2021-00023979,VALLEY ST ,HAROLD ST ,VALLEY ST  / HAROLD ST ,Joseph Lopes,227,06-Apr-21,Vehicle - Pedestrian,X,,,"Two-Way , Not Divided",Dry,Daylight,Clear,1,Not a Collision Between Two Motor Vehicles in Transport,No,Stop Signs,2,1,Non-Incapacitating
849373,4/6/21,8:00 PM,2021-00024109,72 Goddard St,CANDACE ST ,72 Goddard St / CANDACE ST ,Kyle Endres,220,06-Apr-21,Vehicle - Pedestrian,X,,,"Two-Way , Not Divided",Dry,Dark - Lighted,Clear,1,Not a Collision Between Two Motor Vehicles in Transport,No,No Controls,3,1,Incapacitating
849381,4/6/21,8:52 PM,2021-00024127,BROAD ST,FRICKER ST ,BROAD ST / FRICKER ST ,Christopher Castagliuolo,351,06-Apr-21,Vehicle - Pedestrian,,X,,"Two-Way , Not Divided",Dry,Dark - Lighted,Clear,1,Not a Collision Between Two Motor Vehicles in Transport,No,Pavement Markings,2,1,Non-Incapacitating
849419,4/7/21,5:38 PM,2021-00024374,NORTH MAIN STREET,CHURCH ST ,NORTH MAIN STREET / CHURCH ST ,Donald Castigliego,287,07-Apr-21,Vehicle - Pedestrian,X,,,One-Way Trafficway,Dry,Daylight,Clear,1,Not a Collision Between Two Motor Vehicles in Transport,No,No Controls,6,1,Non-Incapacitating
849507,4/8/21,5:21 PM,2021-00024636,FLORAL AVE,CLADRASH'S AVE ,FLORAL AVE / CLADRASH'S AVE ,Jason Cotugno,173,08-Apr-21,Vehicle - Pedestrian,,,,"Two-Way , Not Divided",Dry,Daylight,Clear,1,Not a Collision Between Two Motor Vehicles in Transport,"Yes, M/V and Driver Left Scene",No Controls,2,1,Non-Incapacitating
849580,4/10/21,1:04 PM,2021-00025204,BROAD ST,MASSACHUSETTS AVE ,BROAD ST / MASSACHUSETTS AVE ,Michael Sepe,367,10-Apr-21,Vehicle - Pedestrian,,,,Unknown,Dry,Daylight,Clear,2,Rear End(Front-to-Rear),"Yes, M/V and Driver Left Scene",No Controls,2,1,Complains Of Pain
849644,4/12/21,2:57 PM,2021-00025843,BROAD ST,BROAD ST ,BROAD ST / BROAD ST ,Ptlm. Castagliuolo,351,12-Apr-21,Vehicle - Pedestrian,X,,,"Two-Way , Not Divided",Dry,Daylight,Clear,1,Not a Collision Between Two Motor Vehicles in Transport,No,Pavement Markings,3,0,No Injury
849748,4/14/21,4:05 PM,2021-00026388,CLEVELAND ST,LAUREL HILL AVE ,CLEVELAND ST / LAUREL HILL AVE ,Ptlm. Castagliuolo,351,14-Apr-21,Vehicle - Pedestrian,X,,,"Two-Way , Not Divided",Dry,Daylight,Clear,1,Not a Collision Between Two Motor Vehicles in Transport,No,No Controls,2,1,Non-Incapacitating
849752,4/14/21,6:07 PM,2021-00026429,VANDEWATER ST,BRANCH AVE ,VANDEWATER ST / BRANCH AVE ,Donald Castigliego,287,14-Apr-21,Vehicle - Pedestrian,X,,,"Two-Way , Not Divided",Dry,Daylight,Clear,1,Not a Collision Between Two Motor Vehicles in Transport,No,No Controls,4,1,Complains Of Pain
849775,4/15/21,11:25 AM,2021-00026593,BLACKSTONE ST,EDDY ST ,BLACKSTONE ST / EDDY ST ,Erick Fernandez,228,15-Apr-21,Vehicle - Pedestrian,,,,"Two-Way , Not Divided",Dry,Daylight,Cloudy,1,Not a Collision Between Two Motor Vehicles in Transport,No,No Controls,2,1,Complains Of Pain
849821,4/15/21,3:25 PM,2021-00266511,PUBLIC ST,BROAD ST ,PUBLIC ST / BROAD ST ,Erick Fernandez,228,16-Apr-21,Vehicle - Pedestrian,,,,"Two-Way , Not Divided",Dry,Daylight,Cloudy,1,Not a Collision Between Two Motor Vehicles in Transport,"Yes, M/V and Driver Left Scene",No Controls,1,1,Complains Of Pain
849939,4/17/21,2:07 PM,2021-00027093,CARTER ST,ELMWOOD AVE ,CARTER ST / ELMWOOD AVE ,Michael Sepe,367,17-Apr-21,Vehicle - Pedestrian,,,,"Two-Way, Divided, Unprotected (painted>4feet) Medium",Dry,Daylight,Clear,3,"Sideswipe, Same Direction","Yes, M/V and Driver Left Scene",No Controls,4,2,Complains Of Pain
849936,4/18/21,1:50 PM,2021-00027084,SMITH ST,ORMS ST ,SMITH ST / ORMS ST ,Michael Camardo,357,17-Apr-21,Vehicle - Pedestrian,,,,"Two-Way, Divided, Unprotected (painted>4feet) Medium",Dry,Daylight,Clear,4,Rear End(Front-to-Rear),No,No Controls,7,1,Non-Incapacitating
850109,4/20/21,2:43 PM,2021-00028029,DEXTER ST,CRANSTON ST ,DEXTER ST / CRANSTON ST ,Ptlm. Castagliuolo,351,20-Apr-21,Vehicle - Pedestrian,,,,"Two-Way , Not Divided",Dry,Daylight,Clear,1,Not a Collision Between Two Motor Vehicles in Transport,No,No Controls,2,1,Non-Incapacitating
850123,4/20/21,12:19 PM,2021-00027994,5 BRANCH AVE,DRYDEN LN ,5 BRANCH AVE / DRYDEN LN ,Jin O,147,20-Apr-21,Vehicle - Pedestrian,X,,,"Two-Way , Not Divided",Dry,Daylight,Clear,1,Not a Collision Between Two Motor Vehicles in Transport,No,No Controls,3,0,No Injury
850172,4/21/21,6:25 PM,2021-00028347,32 BRANCH AVE,CYPRESS ST ,32 BRANCH AVE / CYPRESS ST ,Robert Carlin,309,21-Apr-21,Vehicle - Pedestrian,,,,"Two-Way , Not Divided",Wet,Daylight,Rain,2,Rear End(Front-to-Rear),"Yes, M/V and Driver Left Scene",No Controls,2,0,No Injury
850258,4/22/21,12:39 PM,2021-00028524,LISI LN,LANGDON ST ,LISI LN / LANGDON ST ,Robert Gaudiana,579,22-Apr-21,Vehicle - Pedestrian,,,,"Two-Way , Not Divided",Dry,Daylight,Clear,1,Not a Collision Between Two Motor Vehicles in Transport,No,No Controls,3,1,Complains Of Pain
850305,4/24/21,8:57 AM,2021-00029087,ALGER AVE,CARLISLE ST ,ALGER AVE / CARLISLE ST ,Damaris Sanchez,566,24-Apr-21,Vehicle - Pedestrian,,,,"Two-Way, Not Divided With a Continuous Left Turn Lane",Dry,Daylight,Clear,2,"Sidwswipe, Opposite Direction","Yes, M/V and Driver Left Scene",No Controls,2,0,Unknown
850317,4/24/21,2:30 PM,2021-00029143,WAVERLY ST,KENWOOD ST ,WAVERLY ST / KENWOOD ST ,Thiago Gomes,532,24-Apr-21,Vehicle - Pedestrian,,,,"Two-Way , Not Divided",Dry,Daylight,Clear,1,Not a Collision Between Two Motor Vehicles in Transport,No,No Controls,4,1,Non-Incapacitating
850400,4/26/21,1:16 AM,2021-00029633,Plain St,FRIENDSHIP ST ,Plain St / FRIENDSHIP ST ,Raleek Byfield,375,26-Apr-21,Vehicle - Pedestrian,,,,One-Way Trafficway,Dry,Dark - Lighted,Clear,2,Angle (Front - to - Side) Same Direction,"Yes, M/V and Driver Left Scene",Traffic Control Signal,3,0,No Injury
850500,4/27/21,2:24 PM,2021-00029967,VALLEY ST,HEMLOCK ST ,VALLEY ST / HEMLOCK ST ,Ptlm.  Elie,167,27-Apr-21,Vehicle - Pedestrian,X,,,"Two-Way , Not Divided",Dry,Daylight,Clear,1,Angle (Front - to - Side) Right Angle (Includes Broadside),No,Stop Signs,3,1,Complains Of Pain
851124,5/2/21,8:08 AM,2021-00031362,UNION AVE,PRINCESS AVE ,UNION AVE / PRINCESS AVE ,Giana Valletta,396,05-May-21,Vehicle - Pedestrian,,,,"Two-Way, Divided, Unprotected (painted>4feet) Medium",Dry,Daylight,Clear,2,Angle (Front - to - Side) Right Angle (Includes Broadside),"Yes, M/V and Driver Left Scene",No Controls,2,0,Unknown
850928,5/3/21,1:40 AM,2021-00031558,162 BURNSIDE ST,OXFORD ST ,162 BURNSIDE ST / OXFORD ST ,Cory Vingi,237,03-May-21,Vehicle - Pedestrian,,,,One-Way Trafficway,Wet,Dark - Lighted,Cloudy,2,Other,"Yes, M/V and Driver Left Scene",No Controls,3,1,Incapacitating
850978,5/3/21,3:28 PM,2021-00031717,460 SMITH ST,CHALKSTONE AVE ,460 SMITH ST / CHALKSTONE AVE ,Erik Breault,226,03-May-21,Vehicle - Pedestrian,,,,"Two-Way, Divided, Unprotected (painted>4feet) Medium",Dry,Daylight,Clear,2,Rear End(Front-to-Rear),"Yes, Driver Left Scene",Traffic Control Signal,7,0,No Injury
851095,5/4/21,8:59 PM,2021-00032064,ATWELLS AVE AT DEAN ST,DEAN ST ,ATWELLS AVE AT DEAN ST / DEAN ST ,Kyle Endres,220,04-May-21,Vehicle - Pedestrian,,,,"Two-Way , Not Divided",Dry,Dark - Lighted,Clear,1,Not a Collision Between Two Motor Vehicles in Transport,No,Traffic Control Signal,3,1,Incapacitating
851191,5/5/21,12:00 PM,2021-00032219,Broad St,SACKETT ST ,Broad St / SACKETT ST ,Brittany Boudreau,236,06-May-21,Vehicle - Pedestrian,,,,"Two-Way, Divided, Unprotected (painted>4feet) Medium",Dry,Daylight,Rain,1,Not a Collision Between Two Motor Vehicles in Transport,"Yes, M/V and Driver Left Scene",No Controls,1,0,No Injury
851151,5/5/21,5:10 PM,2021-00032256,BROADWAY,EMPIRE ST ,BROADWAY / EMPIRE ST ,Ptlm. Castagliuolo,351,05-May-21,Vehicle - Pedestrian,,,,"Two-Way , Not Divided",Wet,Daylight,Rain,1,Not a Collision Between Two Motor Vehicles in Transport,No,Pavement Markings,2,1,Complains Of Pain
851187,5/6/21,8:12 AM,2021-00032379,POCASSET AVE,LOWELL AVE ,POCASSET AVE / LOWELL AVE ,Joseph Lopes,227,06-May-21,Vehicle - Pedestrian,,X,,"Two-Way , Not Divided",Dry,Daylight,Clear,1,Not a Collision Between Two Motor Vehicles in Transport,No,Stop Signs,2,1,Non-Incapacitating
851393,5/9/21,2:31 AM,2021-00033292,8 Gifford St,WHITTIER AVE ,8 Gifford St / WHITTIER AVE ,Andrew In,540,09-May-21,Vehicle - Pedestrian,,,,"Two-Way , Not Divided",Dry,Dark - Lighted,Clear,2,"Sideswipe, Same Direction",No,No Controls,3,0,No Injury
851493,5/9/21,11:00 PM,2021-00033569,160 Benedict St,CRANSTON ST ,160 Benedict St / CRANSTON ST ,Louis Prete,522,10-May-21,Vehicle - Pedestrian,,,,Unknown,Wet,Dark - Lighted,Rain,1,Not a Collision Between Two Motor Vehicles in Transport,"Yes, M/V and Driver Left Scene",No Controls,2,2,Complains Of Pain
851513,5/10/21,2:07 PM,2021-00033659,POTTERS AVE,BROAD ST ,POTTERS AVE / BROAD ST ,Joshua Cascione,225,10-May-21,Vehicle - Pedestrian,,,,"Two-Way , Not Divided",Dry,Daylight,Clear,1,Not a Collision Between Two Motor Vehicles in Transport,No,Traffic Control Signal,2,0,No Injury
851564,5/10/21,5:00 PM,2021-00033844,MERINO ST,EASTWOOD AVE ,MERINO ST / EASTWOOD AVE ,Ivan Tavarez,204,11-May-21,Vehicle - Pedestrian,X,,,"Two-Way , Not Divided",Dry,Daylight,Clear,1,Angle (Front - to - Side) Right Angle (Includes Broadside),"Yes, M/V and Driver Left Scene",No Controls,2,1,Complains Of Pain
851603,5/11/21,3:58 PM,2021-00033945,SORRENTO ST,WADSWORTH ST ,SORRENTO ST / WADSWORTH ST ,Abraham Lugo,525,11-May-21,Vehicle - Pedestrian,,,X,"Two-Way , Not Divided",Dry,Daylight,Clear,1,Not a Collision Between Two Motor Vehicles in Transport,No,No Controls,2,1,Complains Of Pain
851670,5/12/21,3:26 PM,2021-00034218,Manton ave,TANYARD LN ,Manton ave / TANYARD LN ,Jan Delle Johnson,529,12-May-21,Vehicle - Pedestrian,X,,,"Two-Way, Divided, Unprotected (painted>4feet) Medium",Dry,Daylight,Clear,1,"Sideswipe, Same Direction",No,No Controls,3,1,Complains Of Pain
851784,5/14/21,9:15 AM,2021-00034723,40 Montrose St,RIDGELAND ST ,40 Montrose St / RIDGELAND ST ,James Annis,454,14-May-21,Vehicle - Pedestrian,,,,"Two-Way , Not Divided",Dry,Daylight,Clear,2,Unknown,"Yes, M/V and Driver Left Scene",No Controls,2,0,Unknown
852927,5/15/21,7:44 PM,2021-00035227,Lowell Ave,NYE ST ,Lowell Ave / NYE ST ,Larissa Vadney,401,16-May-21,Vehicle - Pedestrian,,,,"Two-Way , Not Divided",Dry,Dark - Lighted,Clear,1,Not a Collision Between Two Motor Vehicles in Transport,"Yes, M/V and Driver Left Scene",No Controls,2,0,No Injury
852929,5/15/21,9:57 PM,2021-00035286,741 RIVER AVE,ADMIRAL ST ,741 RIVER AVE / ADMIRAL ST ,Erik Breault,226,16-May-21,Vehicle - Pedestrian,,,,"Two-Way, Divided, Unprotected (painted>4feet) Medium",Dry,Dark - Lighted,Clear,1,Not a Collision Between Two Motor Vehicles in Transport,"Yes, M/V and Driver Left Scene",No Controls,1,0,No Injury
852911,5/16/21,1:14 PM,2021-00035510,325 VALLEY ST,TURNER ST ,325 VALLEY ST / TURNER ST ,Joshua Cascione,225,16-May-21,Vehicle - Pedestrian,,,,"Two-Way , Not Divided",Dry,Daylight,Cloudy,1,Not a Collision Between Two Motor Vehicles in Transport,No,No Controls,3,1,Complains Of Pain
852950,5/17/21,1:46 AM,2021-00035704,MANTON AVE,PANAY ST ,MANTON AVE / PANAY ST ,Sean Cooney,523,17-May-21,Vehicle - Pedestrian,,,,"Two-Way , Not Divided",Dry,Dark - Lighted,Clear,2,"Sideswipe, Same Direction",No,No Controls,3,0,No Injury
853078,5/19/21,7:45 PM,2021-00036549,HANOVER ST,CRANSTON ST ,HANOVER ST / CRANSTON ST ,Cory Vingi,237,19-May-21,Vehicle - Pedestrian,,,,"Two-Way , Not Divided",Dry,Dusk,Clear,3,Other,No,No Controls,7,1,Incapacitating
853093,5/20/21,2:56 PM,2021-00036782,CLARENCE ST,WEBSTER AVE ,CLARENCE ST / WEBSTER AVE ,Ptlm. Castagliuolo,351,20-May-21,Vehicle - Pedestrian,,,,"Two-Way , Not Divided",Dry,Daylight,Clear,1,Not a Collision Between Two Motor Vehicles in Transport,No,Pavement Markings,3,1,Complains Of Pain
853135,5/20/21,7:54 PM,2021-00036868,Houghton St,Veazie St,Houghton St / Veazie St,Ptlm. Castagliuolo,351,20-May-21,Vehicle - Pedestrian,,,,"Two-Way , Not Divided",Dry,Daylight,Clear,1,Not a Collision Between Two Motor Vehicles in Transport,"Yes, M/V and Driver Left Scene",No Controls,1,1,Non-Incapacitating
853281,5/24/21,2:41 PM,2021-00038230,CAMP ST,DOYLE AVE ,CAMP ST / DOYLE AVE ,Ptlm. Castagliuolo,351,24-May-21,Vehicle - Pedestrian,,,,"Two-Way , Not Divided",Dry,Daylight,Clear,1,Not a Collision Between Two Motor Vehicles in Transport,No,Stop Signs,2,1,Complains Of Pain
853283,5/24/21,4:23 PM,2021-00038255,N MAIN ST,DOYLE AVE ,N MAIN ST / DOYLE AVE ,Robert Gaudiana,579,24-May-21,Vehicle - Pedestrian,,X,,"Two-Way , Not Divided",Dry,Daylight,Clear,1,Not a Collision Between Two Motor Vehicles in Transport,No,Traffic Control Signal,2,1,Complains Of Pain
853318,5/25/21,4:07 PM,2021-00038522,WASHINGTON ST,EDDY ST ,WASHINGTON ST / EDDY ST ,Ptlm. Castagliuolo,351,25-May-21,Vehicle - Pedestrian,,,,"Two-Way , Not Divided",Dry,Daylight,Clear,1,Not a Collision Between Two Motor Vehicles in Transport,No,Pavement Markings,2,1,Non-Incapacitating
853375,5/27/21,10:44 AM,2021-00038994,SMITH ST,ORMS ST ,SMITH ST / ORMS ST ,Dormica Waters,427,27-May-21,Vehicle - Pedestrian,,,,"Two-Way , Not Divided",Dry,Daylight,Clear,1,Other,No,Traffic Control Signal,3,1,Complains Of Pain
853479,5/30/21,12:19 AM,2021-00039819,Francis Street,Fountain Street,Francis Street / Fountain Street,Kristen Barth,247,30-May-21,Vehicle - Pedestrian,,,,"Two-Way , Not Divided",Wet,Dark - Lighted,Clear,1,Not a Collision Between Two Motor Vehicles in Transport,"Yes, M/V and Driver Left Scene",Traffic Control Signal,2,1,Incapacitating
853488,5/30/21,10:09 AM,2021-00039908,205 WATERMAN ST ,GANO ST ,205 WATERMAN ST  / GANO ST ,Joseph Lopes,227,30-May-21,Vehicle - Pedestrian,,,,One-Way Trafficway,Wet,Unknown,Rain,2,Not a Collision Between Two Motor Vehicles in Transport,"Yes, M/V and Driver Left Scene",No Controls,2,0,Unknown
853631,6/2/21,2:26 PM,2021-00040764,MANTON AVE,OLNEYVILLE SQ ,MANTON AVE / OLNEYVILLE SQ ,Donald Castigliego,287,02-Jun-21,Vehicle - Pedestrian,,,X,"Two-Way, Divided, Positive Median Barrier",Dry,Daylight,Clear,1,Not a Collision Between Two Motor Vehicles in Transport,"Yes, M/V and Driver Left Scene",Pavement Markings,2,1,Complains Of Pain
853644,6/2/21,4:31 PM,2021-00040792,BROADWAY,WESTMINSTER ST ,BROADWAY / WESTMINSTER ST ,Ryan Malloy,311,02-Jun-21,Vehicle - Pedestrian,,,,"Two-Way , Not Divided",Dry,Daylight,Clear,1,"Sideswipe, Same Direction",No,No Controls,2,1,Complains Of Pain
853647,6/3/21,4:23 AM,2021-00040964,I 95 S,POINT ST ,I 95 S / POINT ST ,Raleek Byfield,375,03-Jun-21,Vehicle - Pedestrian,,,,One-Way Trafficway,Dry,Dawn,Cloudy,2,Angle (Front - to - Side) Right Angle (Includes Broadside),"Yes, Driver Left Scene",Railway Crossing Device,3,1,Complains Of Pain
853666,6/3/21,6:36 PM,2021-00041147,ROSEDALE ST,MESSER ST ,ROSEDALE ST / MESSER ST ,Kyle Endres,220,03-Jun-21,Vehicle - Pedestrian,,,,"Two-Way , Not Divided",Dry,Daylight,Clear,1,Not a Collision Between Two Motor Vehicles in Transport,No,No Controls,4,0,No Injury
853749,6/5/21,6:29 AM,2021-00041681,CRANSTON ST,POTTERS AVE ,CRANSTON ST / POTTERS AVE ,Victor Tavarez,564,05-Jun-21,Vehicle - Pedestrian,,,,"Two-Way, Divided, Unprotected (painted>4feet) Medium",Dry,Daylight,Clear,1,Not a Collision Between Two Motor Vehicles in Transport,"Yes, Driver Left Scene",No Controls,3,2,Incapacitating
853801,6/6/21,1:53 AM,2021-00042061,SILVER SPRING ST,CHARLES ST ,SILVER SPRING ST / CHARLES ST ,Daviniel Urizar,555,06-Jun-21,Vehicle - Pedestrian,,,,"Two-Way, Not Divided With a Continuous Left Turn Lane",Dry,Dark - Lighted,Clear,1,Not a Collision Between Two Motor Vehicles in Transport,"Yes, M/V and Driver Left Scene",Traffic Control Signal,3,1,Complains Of Pain
853952,6/8/21,7:13 PM,2021-00042900,CHAFFEE ST,BAILEY CT ,CHAFFEE ST / BAILEY CT ,Cory Vingi,237,08-Jun-21,Vehicle - Pedestrian,X,,,"Two-Way , Not Divided",Dry,Daylight,Clear,1,Not a Collision Between Two Motor Vehicles in Transport,No,No Controls,2,1,Non-Incapacitating
854148,6/12/21,10:48 PM,2021-00044142,Broad Street,Stewart Street,Broad Street / Stewart Street,Kristen Barth,247,12-Jun-21,Vehicle - Pedestrian,,,,"Two-Way , Not Divided",Dry,Dark - Lighted,Clear,1,Not a Collision Between Two Motor Vehicles in Transport,"Yes, M/V and Driver Left Scene",Traffic Control Signal,1,1,Complains Of Pain
854220,6/14/21,3:06 PM,2021-00044667,River Ave.,Smith St.,River Ave. / Smith St.,Harrison Northup,232,14-Jun-21,Vehicle - Pedestrian,,,,"Two-Way , Not Divided",Wet,Daylight,Rain,1,Not a Collision Between Two Motor Vehicles in Transport,No,Traffic Control Signal,2,1,Complains Of Pain
854273,6/15/21,8:04 PM,2021-00045021,500 BRANCH AVE,HAWKINS ST ,500 BRANCH AVE / HAWKINS ST ,Cory Vingi,237,15-Jun-21,Vehicle - Pedestrian,,,,"Two-Way , Not Divided",Dry,Dusk,Clear,1,Not a Collision Between Two Motor Vehicles in Transport,No,No Controls,3,1,Complains Of Pain
854337,6/18/21,2:10 AM,2021-00045787,51 Silver Spring Street,Charles Street,51 Silver Spring Street / Charles Street,Kristen Barth,247,18-Jun-21,Vehicle - Pedestrian,,,,Unknown,Dry,Dark - Lighted,Clear,1,Not a Collision Between Two Motor Vehicles in Transport,"Yes, M/V and Driver Left Scene",No Controls,1,1,Incapacitating
854356,6/18/21,8:06 PM,2021-00045997,FRANCIS ST,AMERICAN EXPRESS PLZ ,FRANCIS ST / AMERICAN EXPRESS PLZ ,Jonathyn Pirolli,385,18-Jun-21,Vehicle - Pedestrian,,,,"Two-Way , Not Divided",Dry,Dark - Lighted,Clear,1,Head-On (Front - to - Front),"Yes, M/V and Driver Left Scene",No Controls,1,1,Complains Of Pain
854362,6/18/21,11:05 PM,2021-00046060,Broad Street,Fricker Street,Broad Street / Fricker Street,Kristen Barth,247,18-Jun-21,Vehicle - Pedestrian,,,,"Two-Way , Not Divided",Dry,Dark - Lighted,Clear,1,Not a Collision Between Two Motor Vehicles in Transport,"Yes, M/V and Driver Left Scene",No Controls,1,1,Complains Of Pain
854367,6/19/21,3:08 AM,2021-00046169,FRANCIS ST,SMITH ST ,FRANCIS ST / SMITH ST ,Alberto DaCruz,205,19-Jun-21,Vehicle - Pedestrian,,,,"Two-Way , Not Divided",Dry,Dark - Lighted,Cloudy,1,Not a Collision Between Two Motor Vehicles in Transport,No,No Controls,2,0,Unknown
854422,6/20/21,2:11 AM,2021-00046498,BERGEN ST,CHALKSTONE AVE ,BERGEN ST / CHALKSTONE AVE ,Renauld Joseph,398,20-Jun-21,Vehicle - Pedestrian,,,,"Two-Way , Not Divided",Wet,Dark - Lighted,Rain,1,Not a Collision Between Two Motor Vehicles in Transport,"Yes, M/V and Driver Left Scene",No Controls,3,1,Complains Of Pain
854436,6/20/21,7:53 AM,2021-00046555,Charles St.,CHARLES ST ,Charles St. / CHARLES ST ,Nathaniel Colicci,534,20-Jun-21,Vehicle - Pedestrian,,,,"Two-Way , Not Divided",Dry,Daylight,Clear,2,"Sideswipe, Same Direction","Yes, M/V and Driver Left Scene",No Controls,2,0,No Injury
854593,6/22/21,2:03 PM,2021-00047264,ABBOTT ST,ROYAL ST,ABBOTT ST / ROYAL ST,Kyana Williams,426,23-Jun-21,Vehicle - Pedestrian,,,,One-Way Trafficway,Wet,Daylight,Rain,1,Not a Collision Between Two Motor Vehicles in Transport,No,No Controls,2,1,Complains Of Pain
854527,6/22/21,6:27 AM,2021-00047173,PROMENADE ST,KINSLEY AVE ,PROMENADE ST / KINSLEY AVE ,Kyle Endres,220,22-Jun-21,Vehicle - Pedestrian,,,,"Two-Way , Not Divided",Dry,Daylight,Clear,1,Not a Collision Between Two Motor Vehicles in Transport,No,Stop Signs,2,1,Complains Of Pain
854579,6/23/21,10:41 AM,2021-00047465,IRVING AVE,BLACKSTONE BLVD ,IRVING AVE / BLACKSTONE BLVD ,Joseph Lopes,227,23-Jun-21,Vehicle - Pedestrian,X,,,"Two-Way, Divided, Positive Median Barrier",Dry,Daylight,Clear,1,Not a Collision Between Two Motor Vehicles in Transport,No,Pavement Markings,4,1,Incapacitating