CrashReportId,CrashDate,CrashTime,ReportNumber,StreetOrHighway,NearestIntersection,Location,Officer,Badge,ReportDate,TypeOfCollision,Bicycle,Scooter,Wheel Chair,TypeOfRoadway,RoadSurfaceCondition,LightCondition,WeatherCondition,NumberofVehicles,MannerofImpact,HitAndRun,TrafficControl,PersonCount,InjuryCount,MostSeriousInjury
854584,6/23/21,12:45 PM,2021-00047491,POTTERS AVE,ELMWOOD AVE ,POTTERS AVE / ELMWOOD AVE ,Michael Maycock,281,23-Jun-21,Vehicle - Pedestrian,,,,"Two-Way , Not Divided",Dry,Daylight,Clear,1,Not a Collision Between Two Motor Vehicles in Transport,No,Traffic Control Signal,3,1,Incapacitating
854645,6/24/21,12:29 PM,2021-00047795,198 Manton Ave,HILLARD ST ,198 Manton Ave / HILLARD ST ,James Annis,454,24-Jun-21,Vehicle - Pedestrian,,,,"Two-Way , Not Divided",Dry,Daylight,Clear,2,Rear - to - Side,"Yes, Driver Left Scene",No Controls,3,0,Unknown
854647,6/24/21,1:21 PM,2021-00047794,POTTERS AVE,BROAD ST ,POTTERS AVE / BROAD ST ,Joseph Lopes,227,24-Jun-21,Vehicle - Pedestrian,,,,"Two-Way , Not Divided",Dry,Daylight,Clear,1,Not a Collision Between Two Motor Vehicles in Transport,No,Traffic Control Signal,4,1,Non-Incapacitating
854656,6/24/21,3:46 PM,2021-00047840,CYPRESS ST,CAMP ST ,CYPRESS ST / CAMP ST ,Christopher Castagliuolo,351,24-Jun-21,Vehicle - Pedestrian,,,,"Two-Way , Not Divided",Dry,Daylight,Clear,2,"Sideswipe, Same Direction","Yes, M/V and Driver Left Scene",No Controls,2,0,Unknown
854757,6/26/21,9:05 AM,2021-00048409,TEMPLE ST,POTTERS AVE ,TEMPLE ST / POTTERS AVE ,Michael Sepe,367,26-Jun-21,Vehicle - Pedestrian,,,,"Two-Way , Not Divided",Dry,Daylight,Clear,2,Unknown,"Yes, M/V and Driver Left Scene",No Controls,2,0,No Injury
854775,6/27/21,1:00 AM,2021-00048689,POWER ST,POWER ST ,POWER ST / POWER ST ,Shaolin Herr,556,27-Jun-21,Vehicle - Pedestrian,,,,One-Way Trafficway,Dry,Dark - Lighted,Clear,1,Not a Collision Between Two Motor Vehicles in Transport,"Yes, M/V and Driver Left Scene",No Controls,3,0,Unknown
854829,6/28/21,10:53 AM,2021-00049173,LENOX AVE,NIAGARA ST ,LENOX AVE / NIAGARA ST ,Joseph Lopes,227,28-Jun-21,Vehicle - Pedestrian,X,,,"Two-Way , Not Divided",Dry,Daylight,Clear,2,Not a Collision Between Two Motor Vehicles in Transport,No,Stop Signs,4,2,Incapacitating
854901,6/29/21,7:39 PM,2021-00049602,185 INDIANA AVE ,VIRGINIA AVE ,185 INDIANA AVE  / VIRGINIA AVE ,Joseph Lopes,227,29-Jun-21,Vehicle - Pedestrian,,,,"Two-Way , Not Divided",Dry,Daylight,Clear,2,"Sideswipe, Same Direction","Yes, M/V and Driver Left Scene",No Controls,2,0,Unknown
854911,6/29/21,10:44 PM,2021-00049628,Smith Street,Chalkstone Ave,Smith Street / Chalkstone Ave,Kristen Barth,247,29-Jun-21,Vehicle - Pedestrian,,,,"Two-Way , Not Divided",Dry,Dark - Lighted,Clear,1,Not a Collision Between Two Motor Vehicles in Transport,"Yes, M/V and Driver Left Scene",Traffic Control Signal,1,1,Complains Of Pain
854967,6/30/21,4:59 PM,2021-00049820,ATWELLS AVE,WEEDEN ST ,ATWELLS AVE / WEEDEN ST ,Ptlm. Castagliuolo,351,30-Jun-21,Vehicle - Pedestrian,X,X,,"Two-Way , Not Divided",Dry,Daylight,Clear,1,Not a Collision Between Two Motor Vehicles in Transport,"Yes, M/V and Driver Left Scene",No Controls,3,1,Non-Incapacitating
855165,7/4/21,11:50 PM,2021-00051056,UNION AVE,TERRACE AVE ,UNION AVE / TERRACE AVE ,Jessica Perez,414,06-Jul-21,Vehicle - Pedestrian,,,,"Two-Way , Not Divided",Dry,Dark - Lighted,Clear,2,Rear End(Front-to-Rear),"Yes, Driver Left Scene",Stop Signs,4,1,Complains Of Pain
855177,7/6/21,3:04 PM,2021-00051579,CRANSTON ST,FRICKER ST ,CRANSTON ST / FRICKER ST ,Waldorf Pognon,501,06-Jul-21,Vehicle - Pedestrian,X,,,"Two-Way , Not Divided",Dry,Daylight,Clear,1,Angle (Front - to - Side) Same Direction,No,No Controls,3,1,Complains Of Pain
855180,7/6/21,5:54 PM,2021-00051628,ATWELLS AVE,JULIAN ST ,ATWELLS AVE / JULIAN ST ,Ptlm. Castagliuolo,351,06-Jul-21,Vehicle - Pedestrian,,,,"Two-Way , Not Divided",Dry,Daylight,Cloudy,1,Not a Collision Between Two Motor Vehicles in Transport,No,No Controls,3,1,Non-Incapacitating
855195,7/7/21,1:06 AM,2021-00051736,Hartford Ave,Olneyville Sq,Hartford Ave / Olneyville Sq,Kristen Barth,247,07-Jul-21,Vehicle - Pedestrian,,,,One-Way Trafficway,Dry,Dark - Lighted,Clear,1,Not a Collision Between Two Motor Vehicles in Transport,"Yes, M/V and Driver Left Scene",No Controls,1,1,Complains Of Pain
855272,7/8/21,6:50 PM,2021-00052224,HAWKINS ST,BRANCH AVE ,HAWKINS ST / BRANCH AVE ,Cory Vingi,237,08-Jul-21,Vehicle - Pedestrian,,,,"Two-Way , Not Divided",Wet,Dusk,Rain,1,Not a Collision Between Two Motor Vehicles in Transport,No,Traffic Control Signal,4,1,Incapacitating
855309,7/9/21,7:44 PM,2021-00052481,BELLEVUE AVE,DEXTER ST ,BELLEVUE AVE / DEXTER ST ,Guillermo Vargas,404,09-Jul-21,Vehicle - Pedestrian,,,,"Two-Way , Not Divided",Dry,Daylight,Clear,2,"Sideswipe, Same Direction",No,No Controls,4,1,Complains Of Pain
855348,7/10/21,1:09 PM,2021-00052687,CRANSTON ST,ALTHEA ST ,CRANSTON ST / ALTHEA ST ,Jessica Leone,258,10-Jul-21,Vehicle - Pedestrian,,,,"Two-Way , Not Divided",Dry,Daylight,Clear,1,Not a Collision Between Two Motor Vehicles in Transport,No,No Controls,2,1,Complains Of Pain
855394,7/11/21,9:28 AM,2021-00053018,LEDGE ST,CHARLES ST ,LEDGE ST / CHARLES ST ,Joshua Cascione,225,11-Jul-21,Vehicle - Pedestrian,X,,,"Two-Way , Not Divided",Dry,Daylight,Cloudy,1,Not a Collision Between Two Motor Vehicles in Transport,"Yes, M/V and Driver Left Scene",No Controls,2,1,Complains Of Pain
855401,7/11/21,4:48 PM,2021-00053104,WESTMINSTER ST,EDDY ST ,WESTMINSTER ST / EDDY ST ,Ptlm. Castagliuolo,351,11-Jul-21,Vehicle - Pedestrian,,,,One-Way Trafficway,Dry,Daylight,Clear,2,"Sideswipe, Same Direction",No,No Controls,4,0,No Injury
855448,7/12/21,8:36 PM,2021-00053426,Broad St,Potters Ave,Broad St / Potters Ave,Gerry Kue,393,12-Jul-21,Vehicle - Pedestrian,X,,,"Two-Way , Not Divided",Dry,Dark - Lighted,Clear,1,Angle (Front - to - Side) Right Angle (Includes Broadside),No,Traffic Control Signal,2,1,Complains Of Pain
855449,7/12/21,7:43 PM,2021-00053420,BENEDICT ST,SORRENTO ST ,BENEDICT ST / SORRENTO ST ,Ptlm. Castagliuolo,351,12-Jul-21,Vehicle - Pedestrian,,,,"Two-Way , Not Divided",Dry,Daylight,Cloudy,1,Not a Collision Between Two Motor Vehicles in Transport,"Yes, M/V and Driver Left Scene",No Controls,1,1,Complains Of Pain
855537,7/14/21,3:44 PM,2021-00053909,ARLINGTON AVE,IRVING AVE ,ARLINGTON AVE / IRVING AVE ,Donald Castigliego,287,14-Jul-21,Vehicle - Pedestrian,,,,"Two-Way , Not Divided",Dry,Daylight,Clear,1,Not a Collision Between Two Motor Vehicles in Transport,"Yes, M/V and Driver Left Scene",No Controls,4,1,Incapacitating
855554,7/14/21,10:05 PM,2021-00054039,99 KENNEDY PLAZA,DORRANCE ST ,99 KENNEDY PLAZA / DORRANCE ST ,Cory Vingi,237,14-Jul-21,Vehicle - Pedestrian,,,,"Two-Way , Not Divided",Dry,Dark - Lighted,Clear,1,Unknown,"Yes, M/V and Driver Left Scene",No Controls,1,1,Complains Of Pain
855555,7/14/21,10:50 PM,2021-00054045,CRANSTON ST,DEXTER ST ,CRANSTON ST / DEXTER ST ,Cory Vingi,237,14-Jul-21,Vehicle - Pedestrian,,,,"Two-Way , Not Divided",Dry,Dark - Lighted,Clear,1,Unknown,"Yes, M/V and Driver Left Scene",No Controls,1,1,Non-Incapacitating
855638,7/16/21,1:29 PM,2021-00054477,BRANCH AVE,OPPER ST ,BRANCH AVE / OPPER ST ,Ybelis Gonzalez,376,16-Jul-21,Vehicle - Pedestrian,X,,,"Two-Way, Divided, Unprotected (painted>4feet) Medium",Dry,Daylight,Clear,1,Not a Collision Between Two Motor Vehicles in Transport,No,Traffic Control Signal,2,1,Complains Of Pain
855639,7/16/21,2:49 PM,2021-00054503,BROAD ST,PEARL ST ,BROAD ST / PEARL ST ,Ptlm. Castagliuolo,351,16-Jul-21,Vehicle - Pedestrian,X,,,"Two-Way , Not Divided",Dry,Daylight,Clear,2,Not a Collision Between Two Motor Vehicles in Transport,"Yes, M/V and Driver Left Scene",No Controls,3,2,Incapacitating
855652,7/16/21,9:47 PM,2021-00054632,WASHINGTON ST,DEAN ST ,WASHINGTON ST / DEAN ST ,Jan Delle Johnson,529,16-Jul-21,Vehicle - Pedestrian,,,,"Two-Way , Not Divided",Dry,Dark - Lighted,Clear,2,"Sideswipe, Same Direction","Yes, M/V and Driver Left Scene",No Controls,2,0,No Injury
855689,7/16/21,11:24 PM,2021-00054654,PLAINFIELD ST,WEBSTER AVE ,PLAINFIELD ST / WEBSTER AVE ,Cory Vingi,237,17-Jul-21,Vehicle - Pedestrian,X,,,"Two-Way , Not Divided",Dry,Dark - Lighted,Clear,1,Angle (Front - to - Side) Right Angle (Includes Broadside),No,Traffic Control Signal,5,1,Fatal
855728,7/18/21,11:21 PM,2021-00055317,451 SMITH ST,CHALKSTONE AVE ,451 SMITH ST / CHALKSTONE AVE ,Jose Deschamps,419,19-Jul-21,Vehicle - Pedestrian,,,,"Two-Way, Divided, Unprotected (painted>4feet) Medium",Dry,Dark - Lighted,Clear,1,Other,No,Traffic Control Signal,2,1,Fatal
855762,7/19/21,11:06 PM,2021-00055574,ELMWOOD AVE,PUBLIC ST ,ELMWOOD AVE / PUBLIC ST ,Kyle Endres,220,20-Jul-21,Vehicle - Pedestrian,,,,"Two-Way , Not Divided",Dry,Dark - Lighted,Clear,4,"Sideswipe, Same Direction",No,No Controls,7,3,Incapacitating
855831,7/21/21,2:36 PM,2021-00056008,Cranston St,POTTERS AVE ,Cranston St / POTTERS AVE ,Guillermo Vargas,404,21-Jul-21,Vehicle - Pedestrian,X,,,"Two-Way, Divided, Positive Median Barrier",Dry,Daylight,Clear,1,Other,No,No Controls,5,1,Complains Of Pain
855908,7/23/21,10:12 PM,2021-00056768,SERVICE ROAD 8,ATWELLS AVE ,SERVICE ROAD 8 / ATWELLS AVE ,Ptlm. Castagliuolo,351,23-Jul-21,Vehicle - Pedestrian,,,,"Two-Way , Not Divided",Dry,Daylight,Clear,3,Angle (Front - to - Side) Same Direction,"Yes, M/V and Driver Left Scene",Pavement Markings,4,1,Complains Of Pain
855913,7/23/21,10:52 PM,2021-00056773,HARTFORD AVE,BODELL AVE,HARTFORD AVE / BODELL AVE,Ibrahim Yousif,196,23-Jul-21,Vehicle - Pedestrian,,,,"Two-Way, Divided, Unprotected (painted>4feet) Medium",Wet,Dark - Lighted,Clear,1,Not a Collision Between Two Motor Vehicles in Transport,"Yes, M/V and Driver Left Scene",Traffic Control Signal,1,1,Complains Of Pain
855959,7/24/21,9:30 PM,2021-00057086,CHALKSTONE AVE,SMITH ST ,CHALKSTONE AVE / SMITH ST ,Andrew In,540,24-Jul-21,Vehicle - Pedestrian,X,,,"Two-Way , Not Divided",Dry,Dark - Lighted,Clear,1,Not a Collision Between Two Motor Vehicles in Transport,"Yes, M/V and Driver Left Scene",Traffic Control Signal,1,0,No Injury
856112,7/28/21,9:35 PM,2021-00058163,ASHBURTON ST,CHARLES ST,ASHBURTON ST / CHARLES ST,Ptlm. Castagliuolo,351,28-Jul-21,Vehicle - Pedestrian,,,,One-Way Trafficway,Dry,Daylight,Clear,2,Not a Collision Between Two Motor Vehicles in Transport,"Yes, M/V and Driver Left Scene",No Controls,1,1,Non-Incapacitating
856179,7/30/21,8:55 PM,2021-00058708,Broad Street,FRICKER ST ,Broad Street / FRICKER ST ,John Najarian,417,30-Jul-21,Vehicle - Pedestrian,,,,"Two-Way , Not Divided",Dry,Dark - Lighted,Clear,1,Not a Collision Between Two Motor Vehicles in Transport,No,No Controls,3,1,Complains Of Pain
856204,7/31/21,1:04 PM,2021-00058932,FREMONT ST,IVES ST ,FREMONT ST / IVES ST ,Joseph Lopes,227,31-Jul-21,Vehicle - Pedestrian,,,,"Two-Way , Not Divided",Dry,Daylight,Clear,1,Not a Collision Between Two Motor Vehicles in Transport,No,Other,3,1,Non-Incapacitating
856207,7/31/21,4:09 PM,2021-00058973,LOCKWOOD ST,HAYWARD ST ,LOCKWOOD ST / HAYWARD ST ,John Benros,481,31-Jul-21,Vehicle - Pedestrian,,X,,Unknown,Dry,Daylight,Clear,1,Unknown,Unknown,Unknown,2,1,Complains Of Pain
856378,7/31/21,9:12 PM,2021-00059066,247 Lockwood St.,W CLIFFORD ST ,247 Lockwood St. / W CLIFFORD ST ,Alexandre Santos,502,03-Aug-21,Vehicle - Pedestrian,,,,"Two-Way , Not Divided",Dry,Dark - Lighted,Clear,2,Not a Collision Between Two Motor Vehicles in Transport,No,No Controls,3,1,Complains Of Pain
856251,8/1/21,11:59 AM,2021-00059314,ALMY ST ,WESTMINSTER ST ,ALMY ST  / WESTMINSTER ST ,Joseph Lopes,227,01-Aug-21,Vehicle - Pedestrian,,,,One-Way Trafficway,Dry,Daylight,Clear,2,Not a Collision Between Two Motor Vehicles in Transport,"Yes, M/V and Driver Left Scene",No Controls,2,0,Unknown
856290,8/2/21,1:48 PM,2021-00059620,Power St,IVES ST ,Power St / IVES ST ,Michael Camardo,357,02-Aug-21,Vehicle - Pedestrian,,,,"Two-Way, Divided, Unprotected (painted>4feet) Medium",Dry,Daylight,Clear,2,Angle (Front - to - Side) Right Angle (Includes Broadside),No,Stop Signs,3,0,No Injury
856314,8/2/21,9:10 PM,2021-00059735,BROAD ST,SACKETT ST ,BROAD ST / SACKETT ST ,Donald Castigliego,287,02-Aug-21,Vehicle - Pedestrian,,,,"Two-Way , Not Divided",Dry,Dark - Lighted,Clear,1,Not a Collision Between Two Motor Vehicles in Transport,No,Traffic Control Signal,4,1,Fatal
856367,8/3/21,5:04 PM,2021-00059961,Academy Ave,HEALTH AVE ,Academy Ave / HEALTH AVE ,David Liu,318,03-Aug-21,Vehicle - Pedestrian,,,,"Two-Way , Not Divided",Dry,Daylight,Clear,1,Head-On (Front - to - Front),No,No Controls,4,1,Complains Of Pain
856449,8/6/21,4:31 PM,2021-00060718,LEDGE ST,BROCKTON ST ,LEDGE ST / BROCKTON ST ,Ptlm. Castagliuolo,351,06-Aug-21,Vehicle - Pedestrian,,,,"Two-Way , Not Divided",Dry,Daylight,Clear,2,Not a Collision Between Two Motor Vehicles in Transport,No,No Controls,3,1,Non-Incapacitating
856479,8/7/21,2:43 PM,2021-00061019,N MAIN ST,DOYLE AVE ,N MAIN ST / DOYLE AVE ,Robert Gaudiana,579,07-Aug-21,Vehicle - Pedestrian,,,,"Two-Way, Divided, Positive Median Barrier",Dry,Daylight,Clear,1,Not a Collision Between Two Motor Vehicles in Transport,"Yes, M/V and Driver Left Scene",Traffic Control Signal,1,1,Complains Of Pain
856563,8/10/21,1:46 PM,2021-00061952,CUSHING ST,BROOK STREET,CUSHING ST / BROOK STREET,Raymond King,633,10-Aug-21,Vehicle - Pedestrian,,,,"Two-Way , Not Divided",Dry,Daylight,Clear,1,Head-On (Front - to - Front),No,Stop Signs,5,1,Complains Of Pain
856619,8/11/21,7:39 PM,2021-00062336,MEMORIAL BLVD,FRACIS STREET,MEMORIAL BLVD / FRACIS STREET,Donald Castigliego,287,11-Aug-21,Vehicle - Pedestrian,,,,"Two-Way, Divided, Positive Median Barrier",Dry,Dusk,Clear,1,Not a Collision Between Two Motor Vehicles in Transport,No,Traffic Control Signal,3,1,Non-Incapacitating
856622,8/11/21,9:09 PM,2021-00062361,ADELAIDE AVE,BROAD ST ,ADELAIDE AVE / BROAD ST ,Donald Castigliego,287,11-Aug-21,Vehicle - Pedestrian,,,,"Two-Way , Not Divided",Dry,Dark - Lighted,Clear,1,Not a Collision Between Two Motor Vehicles in Transport,"Yes, M/V and Driver Left Scene",No Controls,2,1,Non-Incapacitating
856630,8/12/21,12:44 AM,2021-00062416,NIANTIC AVE,,NIANTIC AVE / ,Damaris Sanchez,566,12-Aug-21,Vehicle - Pedestrian,,,,Unknown,Dry,Dark - Lighted,Clear,1,Other,No,No Controls,3,1,Complains Of Pain
856661,8/12/21,3:00 PM,2021-00062557,CAMP ST,DOYLE AVE ,CAMP ST / DOYLE AVE ,David Forte,518,12-Aug-21,Vehicle - Pedestrian,X,,,"Two-Way , Not Divided",Dry,Daylight,Clear,2,Not a Collision Between Two Motor Vehicles in Transport,No,Stop Signs,4,0,No Injury
856694,8/13/21,11:51 AM,2021-00062791,BLACKSTONE BLVD,HARTSHORN RD,BLACKSTONE BLVD / HARTSHORN RD,Kyana Williams,426,13-Aug-21,Vehicle - Pedestrian,,,,"Two-Way , Not Divided",Dry,Daylight,Clear,1,Not a Collision Between Two Motor Vehicles in Transport,No,No Controls,2,0,No Injury
856699,8/13/21,10:00 AM,2021-00062786,BROADWAY,VALLEY ST ,BROADWAY / VALLEY ST ,Juan Rodrigues,194,13-Aug-21,Vehicle - Pedestrian,,,,"Two-Way, Divided, Unprotected (painted>4feet) Medium",Dry,Daylight,Clear,1,Other,No,No Controls,2,1,Complains Of Pain
856716,8/13/21,7:00 PM,2021-00062845,DOUGLAS AVE,DOUGLAS AVE ,DOUGLAS AVE / DOUGLAS AVE ,David Forte,518,13-Aug-21,Vehicle - Pedestrian,,,,"Two-Way , Not Divided",Dry,Daylight,Clear,2,Angle (Front - to - Side) Opposite Direction,"Yes, Driver Left Scene",Stop Signs,2,1,Complains Of Pain
856729,8/14/21,1:53 AM,2021-00063031,HAYES STREET,FRANCIS ST ,HAYES STREET / FRANCIS ST ,Sarita Fernandez,403,14-Aug-21,Vehicle - Pedestrian,,,,Unknown,Dry,Dark - Lighted,Clear,1,Not a Collision Between Two Motor Vehicles in Transport,"Yes, M/V and Driver Left Scene",No Controls,1,0,No Injury
856789,8/14/21,9:13 PM,2021-00063284,CRANSTON ST,HANOVER ST ,CRANSTON ST / HANOVER ST ,Cory Vingi,237,14-Aug-21,Vehicle - Pedestrian,,,,"Two-Way , Not Divided",Dry,Dark - Lighted,Clear,1,Not a Collision Between Two Motor Vehicles in Transport,No,Pavement Markings,3,1,Complains Of Pain
856850,8/16/21,4:05 PM,2021-00063842,BROAD ST,EARLY ST,BROAD ST / EARLY ST,Ptlm. Castagliuolo,351,16-Aug-21,Vehicle - Pedestrian,X,,,"Two-Way , Not Divided",Dry,Daylight,Cloudy,1,Not a Collision Between Two Motor Vehicles in Transport,No,Pavement Markings,2,1,Complains Of Pain
856892,8/17/21,12:38 PM,2021-00064051,355 Reservoir Ave,PONTIAC AVE ,355 Reservoir Ave / PONTIAC AVE ,James Annis,454,17-Aug-21,Vehicle - Pedestrian,,,,"Two-Way , Not Divided",Dry,Daylight,Clear,1,Not a Collision Between Two Motor Vehicles in Transport,No,Traffic Control Signal,3,1,Complains Of Pain
856893,8/17/21,12:20 PM,2021-00064046,BARBARA LEONARD WAY,N MAIN ST ,BARBARA LEONARD WAY / N MAIN ST ,Jin O,147,17-Aug-21,Vehicle - Pedestrian,,X,,"Two-Way , Not Divided",Dry,Daylight,Clear,1,Not a Collision Between Two Motor Vehicles in Transport,No,Traffic Control Signal,4,0,No Injury
856906,8/17/21,9:58 PM,2021-00064198,BROAD ST,BAKER ST ,BROAD ST / BAKER ST ,Cory Vingi,237,17-Aug-21,Vehicle - Pedestrian,X,,,"Two-Way , Not Divided",Dry,Dark - Lighted,Clear,1,Not a Collision Between Two Motor Vehicles in Transport,"Yes, M/V and Driver Left Scene",Traffic Control Signal,4,1,Non-Incapacitating
856941,8/18/21,2:53 PM,2021-00064389,ORMS ST,SMITH ST ,ORMS ST / SMITH ST ,Ptlm. Castagliuolo,351,18-Aug-21,Vehicle - Pedestrian,,,,"Two-Way , Not Divided",Dry,Daylight,Clear,1,Not a Collision Between Two Motor Vehicles in Transport,No,Traffic Control Signal,4,1,Complains Of Pain
857040,8/20/21,4:58 PM,2021-00064954,63 MAUDE STREET,CONVENT ST ,63 MAUDE STREET / CONVENT ST ,Gargar Grimes,323,20-Aug-21,Vehicle - Pedestrian,,,,"Two-Way , Not Divided",Dry,Daylight,Clear,2,Not a Collision Between Two Motor Vehicles in Transport,No,No Controls,3,0,No Injury
857149,8/23/21,12:31 PM,2021-00065804,274 BENEFIT ST ,GEORGE ST ,274 BENEFIT ST  / GEORGE ST ,Joseph Lopes,227,23-Aug-21,Vehicle - Pedestrian,,,,"Two-Way , Not Divided",Dry,Daylight,Clear,1,Not a Collision Between Two Motor Vehicles in Transport,"Yes, M/V and Driver Left Scene",No Controls,2,1,Complains Of Pain
857265,8/26/21,6:33 AM,2021-00066517,CHAPIN AVE,PARADE ST ,CHAPIN AVE / PARADE ST ,Kyle Endres,220,26-Aug-21,Vehicle - Pedestrian,,,,"Two-Way , Not Divided",Dry,Daylight,Clear,1,Not a Collision Between Two Motor Vehicles in Transport,No,Stop Signs,2,1,Non-Incapacitating
857301,8/26/21,7:15 PM,2021-00066678,BROAD ST,PARKIS AVE ,BROAD ST / PARKIS AVE ,Donald Castigliego,287,26-Aug-21,Vehicle - Pedestrian,,,,"Two-Way , Not Divided",Dry,Dusk,Clear,1,Not a Collision Between Two Motor Vehicles in Transport,"Yes, M/V and Driver Left Scene",No Controls,1,1,Complains Of Pain
857352,8/28/21,2:44 AM,2021-00067093,Smith St,ORMS ST ,Smith St / ORMS ST ,Andrew In,540,28-Aug-21,Vehicle - Pedestrian,,,,"Two-Way , Not Divided",Dry,Dark - Lighted,Clear,5,Head-On (Front - to - Front),"Yes, Driver Left Scene",Traffic Control Signal,8,2,Complains Of Pain
857428,8/29/21,2:45 PM,2021-00067641,HILLWOOD ST,WHITEHALL ST ,HILLWOOD ST / WHITEHALL ST ,Ptlm. Castagliuolo,351,29-Aug-21,Vehicle - Pedestrian,,,,"Two-Way , Not Divided",Dry,Daylight,Cloudy,2,Not a Collision Between Two Motor Vehicles in Transport,"Yes, M/V and Driver Left Scene",No Controls,2,0,Unknown
857431,8/29/21,2:20 PM,2021-00067625,Cranston Street,BRIDGHAM ST ,Cranston Street / BRIDGHAM ST ,Michele Rudolph,512,29-Aug-21,Vehicle - Pedestrian,,,,"Two-Way, Divided, Unprotected (painted>4feet) Medium",Dry,Daylight,Clear,2,Rear End(Front-to-Rear),"Yes, M/V and Driver Left Scene",No Controls,5,0,No Injury
857470,8/30/21,4:10 PM,2021-00067984,HOPE ST,ARNOLD ST ,HOPE ST / ARNOLD ST ,Miguel Castillo,489,30-Aug-21,Vehicle - Pedestrian,,,,"Two-Way, Divided, Unprotected (painted>4feet) Medium",Dry,Daylight,Clear,2,"Sidwswipe, Opposite Direction","Yes, M/V and Driver Left Scene",No Controls,2,0,Unknown
857475,8/30/21,5:15 PM,2021-00067999,HOPE STREET,4TH ST ,HOPE STREET / 4TH ST ,Jan Delle Johnson,529,30-Aug-21,Vehicle - Pedestrian,,,,"Two-Way , Not Divided",Dry,Daylight,Clear,1,Not a Collision Between Two Motor Vehicles in Transport,No,No Controls,3,1,Complains Of Pain
857480,8/30/21,7:17 PM,2021-00068031,MEMORIAL BLVD,FRANCIS ST ,MEMORIAL BLVD / FRANCIS ST ,Ptlm. Castagliuolo,351,30-Aug-21,Vehicle - Pedestrian,X,,,"Two-Way , Not Divided",Dry,Daylight,Clear,1,Not a Collision Between Two Motor Vehicles in Transport,No,Traffic Control Signal,2,1,Non-Incapacitating
857484,8/30/21,9:28 PM,2021-00068064,Cranston Street,DEXTER ST ,Cranston Street / DEXTER ST ,John Najarian,417,30-Aug-21,Vehicle - Pedestrian,X,,,"Two-Way , Not Divided",Dry,Dark - Lighted,Clear,1,Not a Collision Between Two Motor Vehicles in Transport,No,Traffic Control Signal,2,0,No Injury
857498,8/31/21,12:45 PM,2021-00068207,BOWDITCH PL,DEAN ST ,BOWDITCH PL / DEAN ST ,David Schiavulli,651,31-Aug-21,Vehicle - Pedestrian,,,,"Two-Way , Not Divided",Dry,Daylight,Clear,1,Other,No,No Controls,2,1,Complains Of Pain
857612,9/2/21,11:07 AM,2021-00068792,391 CHARLES ST ,SILVER SPRING ST ,391 CHARLES ST  / SILVER SPRING ST ,Joseph Lopes,227,02-Sep-21,Vehicle - Pedestrian,,,,"Two-Way , Not Divided",Dry,Daylight,Clear,1,Not a Collision Between Two Motor Vehicles in Transport,No,No Controls,4,1,Complains Of Pain
857672,9/3/21,8:52 PM,2021-00069228,PLEASANT ST,PLEASANT CT ,PLEASANT ST / PLEASANT CT ,Ptlm. Castagliuolo,351,03-Sep-21,Vehicle - Pedestrian,,X,,One-Way Trafficway,Dry,Daylight,Clear,1,Not a Collision Between Two Motor Vehicles in Transport,"Yes, M/V and Driver Left Scene",Warning Signs,2,0,No Injury
858239,9/5/21,10:00 AM,2021-00069825,850 Eddy street,SWAN ST ,850 Eddy street / SWAN ST ,Corey Brown,581,20-Sep-21,Vehicle - Pedestrian,,,,"Two-Way, Divided, Unprotected (painted>4feet) Medium",Dry,Daylight,Clear,2,Angle - Direction Not Specified,No,No Controls,3,1,Complains Of Pain
857830,9/8/21,5:43 PM,2021-00070843,S WATER ST,,S WATER ST / ,Miguel Castillo,489,08-Sep-21,Vehicle - Pedestrian,X,,,One-Way Trafficway,Dry,Daylight,Clear,1,Angle - Direction Not Specified,No,Traffic Control Signal,2,1,Complains Of Pain
857914,9/11/21,10:38 AM,2021-00071657,ATWELLS AVE,EAGLE ST ,ATWELLS AVE / EAGLE ST ,Ptlm. Elie,167,11-Sep-21,Vehicle - Pedestrian,,,,Unknown,Dry,Daylight,Clear,1,Other,"Yes, M/V and Driver Left Scene",No Controls,1,0,No Injury
857917,9/11/21,4:36 PM,2021-00071742,MEMORIAL BLVD,WASHINGTON ST ,MEMORIAL BLVD / WASHINGTON ST ,Ralph Abenante,511,11-Sep-21,Vehicle - Pedestrian,,,,"Two-Way, Divided, Positive Median Barrier",Dry,Daylight,Clear,1,Other,No,Traffic Control Signal,3,1,Complains Of Pain
857938,9/12/21,1:15 PM,2021-00072077,Killingly st,PLAINFIELD ST ,Killingly st / PLAINFIELD ST ,Juan Rodrigues,194,12-Sep-21,Vehicle - Pedestrian,X,,,"Two-Way, Divided, Unprotected (painted>4feet) Medium",Dry,Daylight,Clear,1,Not a Collision Between Two Motor Vehicles in Transport,No,No Controls,2,1,Complains Of Pain
857942,9/12/21,2:43 PM,2021-00072108,1049 ATWELLS AVENUE,LYNCH ST ,1049 ATWELLS AVENUE / LYNCH ST ,Gargar Grimes,323,12-Sep-21,Vehicle - Pedestrian,,,,"Two-Way, Divided, Unprotected (painted>4feet) Medium",Dry,Daylight,Clear,1,Not a Collision Between Two Motor Vehicles in Transport,No,No Controls,3,1,Incapacitating