CrashReportId,CrashDate,CrashTime,ReportNumber,StreetOrHighway,NearestIntersection,Location,Officer,Badge,ReportDate,TypeOfCollision,Bicycle,Scooter,Wheel Chair,TypeOfRoadway,RoadSurfaceCondition,LightCondition,WeatherCondition,NumberofVehicles,MannerofImpact,HitAndRun,TrafficControl,PersonCount,InjuryCount,MostSeriousInjury
858005,9/13/21,9:43 PM,2021-00072508,N MAIN ST,CEMETERY ST ,N MAIN ST / CEMETERY ST ,Robert Gaudiana,579,13-Sep-21,Vehicle - Pedestrian,,,,"Two-Way, Divided, Positive Median Barrier",Dry,Dark - Lighted,Clear,1,Other,"Yes, M/V and Driver Left Scene",No Controls,1,1,Complains Of Pain
858048,9/15/21,7:18 AM,2021-00072682,KNIGHT STREET,BROADWAY ,KNIGHT STREET / BROADWAY ,Michele Rudolph,512,15-Sep-21,Vehicle - Pedestrian,,,,One-Way Trafficway,Dry,Daylight,Clear,2,"Sideswipe, Same Direction",No,No Controls,5,0,No Injury
858083,9/15/21,6:42 PM,2021-00073048,CHARLES ST,W RIVER ST ,CHARLES ST / W RIVER ST ,Jose Deschamps,419,15-Sep-21,Vehicle - Pedestrian,,,,"Two-Way, Divided, Unprotected (painted>4feet) Medium",Dry,Dark - Lighted,Clear,1,Not a Collision Between Two Motor Vehicles in Transport,No,Stop Signs,5,1,Incapacitating
858208,9/15/21,3:49 PM,2021-00072988,STEEPLE ST,CANAL ST ,STEEPLE ST / CANAL ST ,Luis Pelaez,336,19-Sep-21,Vehicle - Pedestrian,,,,One-Way Trafficway,Dry,Daylight,Clear,1,Not a Collision Between Two Motor Vehicles in Transport,"Yes, M/V and Driver Left Scene",Traffic Control Signal,1,0,No Injury
858115,9/16/21,11:32 PM,2021-00073384,BENEVOLENT ST,BROOK ST ,BENEVOLENT ST / BROOK ST ,Dayshantell Ramirez,571,17-Sep-21,Vehicle - Pedestrian,X,,,"Two-Way , Not Divided",Dry,Dark - Lighted,Clear,1,Not a Collision Between Two Motor Vehicles in Transport,"Yes, M/V and Driver Left Scene",Stop Signs,1,1,Complains Of Pain
858119,9/17/21,7:47 AM,2021-00073451,Kenyon Street,DEAN ST ,Kenyon Street / DEAN ST ,Michele Rudolph,512,17-Sep-21,Vehicle - Pedestrian,,,,"Two-Way , Not Divided",Dry,Daylight,Clear,2,Rear - to - Rear,No,No Controls,3,0,No Injury
858430,9/17/21,3:30 PM,2021-00075390,EUCLID AVE,THAYER ST ,EUCLID AVE / THAYER ST ,Ptlm. Castagliuolo,351,23-Sep-21,Vehicle - Pedestrian,,,,One-Way Trafficway,Dry,Daylight,Clear,2,Not a Collision Between Two Motor Vehicles in Transport,"Yes, M/V and Driver Left Scene",Warning Signs,2,0,Unknown
858172,9/18/21,9:15 PM,2021-00074012,THURBERS AVE,PRAIRIE AVE ,THURBERS AVE / PRAIRIE AVE ,David Sepe,504,18-Sep-21,Vehicle - Pedestrian,X,,,"Two-Way , Not Divided",Dry,Dark - Lighted,Clear,1,Angle (Front - to - Side) Right Angle (Includes Broadside),No,Traffic Control Signal,2,0,No Injury
858210,9/19/21,6:00 PM,2021-00074319,NORTH MAIN ST,DOYLE AVE ,NORTH MAIN ST / DOYLE AVE ,Robert Carlin,309,19-Sep-21,Vehicle - Pedestrian,,,,"Two-Way, Divided, Positive Median Barrier",Dry,Daylight,Clear,1,Angle (Front - to - Side) Right Angle (Includes Broadside),No,Traffic Control Signal,9,1,Non-Incapacitating
858272,9/20/21,2:01 PM,2021-00074528,HARRISON ST,WESTFIELD ST ,HARRISON ST / WESTFIELD ST ,Jessica Leone,258,20-Sep-21,Vehicle - Pedestrian,,,,"Two-Way , Not Divided",Dry,Daylight,Clear,5,Rear End(Front-to-Rear),"Yes, M/V and Driver Left Scene",No Controls,7,1,Complains Of Pain
858283,9/20/21,7:16 PM,2021-00074624,BROAD ST,COLFAX ST,BROAD ST / COLFAX ST,Ptlm. Castagliuolo,351,20-Sep-21,Vehicle - Pedestrian,,,,"Two-Way , Not Divided",Dry,Daylight,Clear,1,Not a Collision Between Two Motor Vehicles in Transport,"Yes, M/V and Driver Left Scene",No Controls,1,1,Complains Of Pain
858324,9/21/21,12:19 PM,2021-00074793,CHALKSTONE AVE,ROSEBANK AVE ,CHALKSTONE AVE / ROSEBANK AVE ,Joseph Lopes,227,21-Sep-21,Vehicle - Pedestrian,,,,"Two-Way , Not Divided",Dry,Daylight,Clear,1,Not a Collision Between Two Motor Vehicles in Transport,"Yes, M/V and Driver Left Scene",Stop Signs,3,1,Non-Incapacitating
858401,9/22/21,4:09 PM,2021-00075121,EUROPE ST,DE PASQUALE AVE ,EUROPE ST / DE PASQUALE AVE ,David Forte,518,22-Sep-21,Vehicle - Pedestrian,,,,"Two-Way , Not Divided",Dry,Daylight,Clear,2,"Sideswipe, Same Direction",No,No Controls,2,0,No Injury
858444,9/23/21,5:43 AM,2021-00075271,Grosvenor Ave,Chalkstone Ave,Grosvenor Ave / Chalkstone Ave,Kristen Barth,247,23-Sep-21,Vehicle - Pedestrian,,,,"Two-Way , Not Divided",Dry,Dark - Lighted,Clear,1,Not a Collision Between Two Motor Vehicles in Transport,No,Stop Signs,3,1,Complains Of Pain
860540,9/27/21,7:26 AM,2021-00076560,ATWELLS AVE,BRADFORD ST ,ATWELLS AVE / BRADFORD ST ,Joshua Cascione,225,27-Sep-21,Vehicle - Pedestrian,,,,"Two-Way , Not Divided",Dry,Daylight,Clear,1,Not a Collision Between Two Motor Vehicles in Transport,No,Flashing Traffic Control Signal,4,1,Incapacitating
860604,9/27/21,10:22 PM,2021-00076823,Plain St,PUBLIC ST ,Plain St / PUBLIC ST ,Anthony Moore,390,27-Sep-21,Vehicle - Pedestrian,,,,"Two-Way , Not Divided",Dry,Dark - Lighted,Clear,1,Unknown,"Yes, M/V and Driver Left Scene",Stop Signs,1,1,Non-Incapacitating
860829,10/1/21,4:53 PM,2021-00077860,FRANCIS ST,GASPEE ST ,FRANCIS ST / GASPEE ST ,Albert Deschamps,527,01-Oct-21,Vehicle - Pedestrian,,,,"Two-Way, Divided, Positive Median Barrier",Dry,Daylight,Clear,1,Not a Collision Between Two Motor Vehicles in Transport,No,Traffic Control Signal,2,0,No Injury
860830,10/1/21,4:48 PM,2021-00077859,EXIT 22A (RT ),FRANCIS ST ,EXIT 22A (RT ) / FRANCIS ST ,Jeann Lugo,543,01-Oct-21,Vehicle - Pedestrian,,,,"Two-Way, Divided, Positive Median Barrier",Dry,Daylight,Clear,1,Not a Collision Between Two Motor Vehicles in Transport,"Yes, M/V and Driver Left Scene",Traffic Control Signal,1,1,Complains Of Pain
860837,10/1/21,8:40 PM,2021-00077930,WESTMINSTER ST,BATTEY ST ,WESTMINSTER ST / BATTEY ST ,Donald Castigliego,287,01-Oct-21,Vehicle - Pedestrian,X,,,"Two-Way , Not Divided",Dry,Dark - Lighted,Clear,1,Not a Collision Between Two Motor Vehicles in Transport,"Yes, M/V and Driver Left Scene",No Controls,2,1,Incapacitating
860842,10/1/21,10:36 PM,2021-00077965,Smith st,CHALKSTONE AVE ,Smith st / CHALKSTONE AVE ,Yesenia Caba,549,02-Oct-21,Vehicle - Pedestrian,,,,"Two-Way , Not Divided",Dry,Dark - Lighted,Clear,1,Not a Collision Between Two Motor Vehicles in Transport,No,Traffic Control Signal,2,1,Complains Of Pain
860857,10/2/21,3:46 PM,2021-00078182,DOUGLAS AVE,WHIPPLE ST ,DOUGLAS AVE / WHIPPLE ST ,Ptlm. Castagliuolo,351,02-Oct-21,Vehicle - Pedestrian,,,,"Two-Way , Not Divided",Dry,Daylight,Clear,1,Not a Collision Between Two Motor Vehicles in Transport,No,Pavement Markings,2,1,Non-Incapacitating
860899,10/3/21,8:42 PM,2021-00078640,Admiral St,CHARLES ST ,Admiral St / CHARLES ST ,PTLM. Ballinger,520,03-Oct-21,Vehicle - Pedestrian,,,,"Two-Way , Not Divided",Wet,Dark - Lighted,Rain,2,Rear End(Front-to-Rear),"Yes, M/V and Driver Left Scene",Traffic Control Signal,4,0,No Injury
861020,10/5/21,7:09 PM,2021-00079131,VALLEY ST,RIVER AVE ,VALLEY ST / RIVER AVE ,Gargar Grimes,323,05-Oct-21,Vehicle - Pedestrian,,,,"Two-Way, Divided, Unprotected (painted>4feet) Medium",Dry,Dark - Lighted,Clear,1,Not a Collision Between Two Motor Vehicles in Transport,"Yes, M/V and Driver Left Scene",No Controls,1,1,Complains Of Pain
861146,10/8/21,6:32 PM,2021-00079959,COLLEGE ST,SOUTH MAIN ST,COLLEGE ST / SOUTH MAIN ST,Ptlm. Castagliuolo,351,08-Oct-21,Vehicle - Pedestrian,,X,,"Two-Way , Not Divided",Dry,Daylight,Clear,2,"Sideswipe, Same Direction","Yes, M/V and Driver Left Scene",Pavement Markings,6,1,Non-Incapacitating
861242,10/11/21,12:57 PM,2021-00080805,ELMWOOD AVE,ELMWOOD AVE ,ELMWOOD AVE / ELMWOOD AVE ,Ptlm. Castagliuolo,351,11-Oct-21,Vehicle - Pedestrian,,,,"Two-Way , Not Divided",Dry,Daylight,Clear,3,Rear End(Front-to-Rear),No,Pavement Markings,5,0,No Injury
861250,10/11/21,8:39 PM,2021-00080902,ADELAIDE AVE,BROAD ST ,ADELAIDE AVE / BROAD ST ,Ptlm. Castagliuolo,351,11-Oct-21,Vehicle - Pedestrian,,,,"Two-Way , Not Divided",Dry,Dark - Not Lighted,Clear,2,Angle (Front - to - Side) Same Direction,No,Pavement Markings,3,0,No Injury
861288,10/12/21,7:02 PM,2021-00081181,ELMWOOD AVE,DARTMOUTH AVE ,ELMWOOD AVE / DARTMOUTH AVE ,Donald Castigliego,287,12-Oct-21,Vehicle - Pedestrian,,,,"Two-Way , Not Divided",Dry,Dark - Lighted,Clear,1,Not a Collision Between Two Motor Vehicles in Transport,No,No Controls,2,0,No Injury
861306,10/13/21,9:26 AM,2021-00081308,BURLINGTON ST,HOPE ST ,BURLINGTON ST / HOPE ST ,Dormica Waters,427,13-Oct-21,Vehicle - Pedestrian,,,,"Two-Way , Not Divided",Dry,Daylight,Clear,2,Rear End(Front-to-Rear),No,No Controls,2,0,No Injury
861308,10/13/21,1:33 PM,2021-00081362,WICKHAM ST,BROAD ST ,WICKHAM ST / BROAD ST ,Joshua Cascione,225,13-Oct-21,Vehicle - Pedestrian,,,,"Two-Way , Not Divided",Dry,Daylight,Clear,1,Not a Collision Between Two Motor Vehicles in Transport,No,Stop Signs,3,1,Complains Of Pain
861328,10/13/21,4:39 PM,2021-00081418,PUBLIC ST,TAYLOR ST ,PUBLIC ST / TAYLOR ST ,Donald Castigliego,287,13-Oct-21,Vehicle - Pedestrian,,X,,"Two-Way , Not Divided",Dry,Daylight,Clear,1,Not a Collision Between Two Motor Vehicles in Transport,No,No Controls,2,1,Complains Of Pain
861388,10/14/21,6:24 PM,2021-00081753,CRANSTON ST,WAVERLY ST ,CRANSTON ST / WAVERLY ST ,Ptlm. Castagliuolo,351,14-Oct-21,Vehicle - Pedestrian,X,,,"Two-Way , Not Divided",Dry,Dark - Lighted,Clear,1,Not a Collision Between Two Motor Vehicles in Transport,No,Pavement Markings,4,1,Non-Incapacitating
861449,10/16/21,5:49 PM,2021-00082338,74 CONCORD ST,CONCORD ST ,74 CONCORD ST / CONCORD ST ,Ptlm. Castagliuolo,351,16-Oct-21,Vehicle - Pedestrian,,,,"Two-Way , Not Divided",Dry,Daylight,Cloudy,1,Not a Collision Between Two Motor Vehicles in Transport,No,No Controls,2,1,Non-Incapacitating
861508,10/17/21,9:39 PM,2021-00082694,Dexter Street,SPRAGUE ST ,Dexter Street / SPRAGUE ST ,John Najarian,417,17-Oct-21,Vehicle - Pedestrian,,,,"Two-Way , Not Divided",Dry,Dark - Lighted,Clear,1,Not a Collision Between Two Motor Vehicles in Transport,"Yes, M/V and Driver Left Scene",No Controls,1,1,Complains Of Pain
861509,10/17/21,9:08 PM,2021-00082686,227 WALLACE ST,TERRACE AVE ,227 WALLACE ST / TERRACE AVE ,Cory Vingi,237,17-Oct-21,Vehicle - Pedestrian,,,,"Two-Way , Not Divided",Dry,Dark - Lighted,Clear,2,Unknown,"Yes, M/V and Driver Left Scene",No Controls,3,1,Non-Incapacitating
861534,10/18/21,1:05 PM,2021-00082836,ELMWOOD AVE,ROGER WILLIAMS AVE ,ELMWOOD AVE / ROGER WILLIAMS AVE ,Joshua Cascione,225,18-Oct-21,Vehicle - Pedestrian,,,X,"Two-Way, Divided, Positive Median Barrier",Dry,Daylight,Clear,1,Not a Collision Between Two Motor Vehicles in Transport,No,Traffic Control Signal,3,1,Complains Of Pain
861536,10/18/21,2:24 PM,2021-00082863,ELMWOOD AVE,PRINCETON AVE ,ELMWOOD AVE / PRINCETON AVE ,Joshua Cascione,225,18-Oct-21,Vehicle - Pedestrian,X,,,"Two-Way , Not Divided",Dry,Daylight,Clear,1,Not a Collision Between Two Motor Vehicles in Transport,No,No Controls,3,1,Complains Of Pain
861566,10/18/21,6:01 PM,2021-00082908,ROGER WILLIAMS AVE,ELMWOOD AVE ,ROGER WILLIAMS AVE / ELMWOOD AVE ,Donald Castigliego,287,18-Oct-21,Vehicle - Pedestrian,,,,"Two-Way , Not Divided",Dry,Dusk,Clear,1,Not a Collision Between Two Motor Vehicles in Transport,"Yes, M/V and Driver Left Scene",Traffic Control Signal,1,1,Complains Of Pain
861659,10/20/21,5:51 PM,2021-00083430,WASHINGTON ST,EMPIRE ST ,WASHINGTON ST / EMPIRE ST ,Jonathyn Pirolli,385,20-Oct-21,Vehicle - Pedestrian,,,,"Two-Way , Not Divided",Dry,Dark - Lighted,Clear,1,"Sideswipe, Same Direction",No,Traffic Control Signal,2,1,Complains Of Pain
861720,10/22/21,9:03 PM,2021-00084075,THAYER ST,ANGELL ST ,THAYER ST / ANGELL ST ,Jan Delle Johnson,529,22-Oct-21,Vehicle - Pedestrian,,,,One-Way Trafficway,Dry,Dark - Lighted,Clear,1,Not a Collision Between Two Motor Vehicles in Transport,"Yes, M/V and Driver Left Scene",Traffic Control Signal,1,1,Complains Of Pain
861454,10/23/21,8:14 PM,2021-00082366,WESTMINSTER ST,DEXTER ST ,WESTMINSTER ST / DEXTER ST ,Ptlm. Castagliuolo,351,16-Oct-21,Vehicle - Pedestrian,X,,,"Two-Way , Not Divided",Dry,Dark - Lighted,Clear,1,Not a Collision Between Two Motor Vehicles in Transport,No,Other,2,1,Non-Incapacitating
861861,10/26/21,11:18 AM,2021-00085133,SUTTON ST,FEDERAL ST ,SUTTON ST / FEDERAL ST ,Michael Camardo,357,26-Oct-21,Vehicle - Pedestrian,,,,One-Way Trafficway,Wet,Daylight,Rain,2,Rear End(Front-to-Rear),"Yes, M/V and Driver Left Scene",No Controls,2,0,Unknown
863666,10/29/21,1:00 PM,2021-00086075,BRANCH AVE,SILVER SPRING ST ,BRANCH AVE / SILVER SPRING ST ,Elizabeth Pedchenko,498,25-Nov-21,Vehicle - Pedestrian,,,,"Two-Way , Not Divided",Dry,Daylight,Clear,1,Other,"Yes, M/V and Driver Left Scene",No Controls,2,1,Complains Of Pain
862064,10/30/21,6:33 PM,2021-00086432,OAKLAND AVE,SMITH ST ,OAKLAND AVE / SMITH ST ,Donald Castigliego,287,30-Oct-21,Vehicle - Pedestrian,,,,"Two-Way , Not Divided",Wet,Dark - Lighted,Rain,1,Not a Collision Between Two Motor Vehicles in Transport,No,Traffic Control Signal,2,1,Complains Of Pain
862096,10/30/21,10:54 PM,2021-00086493,SMITHFIELD AVE,SMITHFIELD AVE ,SMITHFIELD AVE / SMITHFIELD AVE ,Daviniel Urizar,555,31-Oct-21,Vehicle - Pedestrian,,,,One-Way Trafficway,Wet,Dark - Lighted,Rain,1,Not a Collision Between Two Motor Vehicles in Transport,"Yes, M/V and Driver Left Scene",Traffic Control Signal,1,1,Complains Of Pain
862100,10/31/21,3:00 AM,2021-00086584,212 Huxley Ave,VENTURA ST ,212 Huxley Ave / VENTURA ST ,Louis Prete,522,31-Oct-21,Vehicle - Pedestrian,,,,"Two-Way , Not Divided",Wet,Dark - Lighted,Rain,2,"Sidwswipe, Opposite Direction","Yes, M/V and Driver Left Scene",No Controls,3,2,Complains Of Pain
862162,11/1/21,3:18 PM,2021-00087048,KILLINGLY ST,HARTFORD AVE ,KILLINGLY ST / HARTFORD AVE ,Ptlm. Castagliuolo,351,01-Nov-21,Vehicle - Pedestrian,X,,,"Two-Way , Not Divided",Dry,Daylight,Clear,1,Not a Collision Between Two Motor Vehicles in Transport,No,No Controls,3,0,No Injury
862164,11/1/21,4:01 PM,2021-00087061,HARVARD AVE,TAYLOR ST ,HARVARD AVE / TAYLOR ST ,Ptlm. Castagliuolo,351,01-Nov-21,Vehicle - Pedestrian,X,,,"Two-Way , Not Divided",Dry,Daylight,Clear,1,Not a Collision Between Two Motor Vehicles in Transport,"Yes, M/V and Driver Left Scene",No Controls,3,1,Non-Incapacitating
862189,11/2/21,7:35 AM,2021-00087183,20 Derry street,GEOFFREYS CT ,20 Derry street / GEOFFREYS CT ,Michael Cifuentes,330,02-Nov-21,Vehicle - Pedestrian,,,,"Two-Way , Not Divided",Dry,Daylight,Clear,2,Rear - to - Side,No,No Controls,2,0,No Injury
862247,11/3/21,11:29 AM,2021-00087543,HOPKINS ST,BENEFIT ST ,HOPKINS ST / BENEFIT ST ,George Pereira,421,03-Nov-21,Vehicle - Pedestrian,,,,"Two-Way , Not Divided",Dry,Daylight,Clear,1,Not a Collision Between Two Motor Vehicles in Transport,No,No Controls,3,1,Complains Of Pain
862329,11/4/21,8:09 PM,2021-00087933,DOUGLAS AVE,HENRIETTA ST ,DOUGLAS AVE / HENRIETTA ST ,Ptlm. Castagliuolo,351,04-Nov-21,Vehicle - Pedestrian,,,,"Two-Way , Not Divided",Dry,Dark - Lighted,Clear,2,Rear End(Front-to-Rear),"Yes, Driver Left Scene",No Controls,4,1,Complains Of Pain
862372,11/5/21,4:10 PM,2021-00088142,HARTFORD AVE,HARTFORD AVE ,HARTFORD AVE / HARTFORD AVE ,Larissa Vadney,401,05-Nov-21,Vehicle - Pedestrian,,,,"Two-Way , Not Divided",Dry,Daylight,Clear,1,Not a Collision Between Two Motor Vehicles in Transport,No,No Controls,3,0,No Injury
862376,11/5/21,9:06 PM,2021-00088208,SAYLES ST,PRAIRIE AVE ,SAYLES ST / PRAIRIE AVE ,Alex Schneider,411,05-Nov-21,Vehicle - Pedestrian,,,,"Two-Way , Not Divided",Dry,Dark - Lighted,Clear,1,Not a Collision Between Two Motor Vehicles in Transport,No,No Controls,3,1,Complains Of Pain
862395,11/6/21,3:40 PM,2021-00088433,EDGEHILL RD,SUMMIT AVE ,EDGEHILL RD / SUMMIT AVE ,Michael Gammino,491,06-Nov-21,Vehicle - Pedestrian,,,,"Two-Way , Not Divided",Dry,Daylight,Clear,1,Angle (Front - to - Side) Right Angle (Includes Broadside),No,No Controls,3,1,Complains Of Pain
862410,11/7/21,8:29 AM,2021-00088639,ATWELLS AVE,DEAN ST ,ATWELLS AVE / DEAN ST ,Joshua Cascione,225,07-Nov-21,Vehicle - Pedestrian,,,,"Two-Way , Not Divided",Dry,Daylight,Clear,1,Not a Collision Between Two Motor Vehicles in Transport,No,Traffic Control Signal,2,1,Incapacitating
862438,11/7/21,3:11 PM,2021-00088725,RUGGLES ST,CHALKSTONE AVE ,RUGGLES ST / CHALKSTONE AVE ,Ptlm. Castagliuolo,351,07-Nov-21,Vehicle - Pedestrian,,,,"Two-Way , Not Divided",Dry,Daylight,Clear,2,"Sideswipe, Same Direction",No,No Controls,3,0,No Injury
862467,11/8/21,8:10 AM,2021-00088908,BLACKSTONE BLVD,EAST AVE ,BLACKSTONE BLVD / EAST AVE ,Michael Cifuentes,330,08-Nov-21,Vehicle - Pedestrian,X,,,"Two-Way, Divided, Positive Median Barrier",Dry,Daylight,Clear,1,Not a Collision Between Two Motor Vehicles in Transport,No,No Controls,3,1,Complains Of Pain
862480,11/8/21,3:03 PM,2021-00089020,FRIENDSHIP ST,ORANGE ST ,FRIENDSHIP ST / ORANGE ST ,Ptlm. Castagliuolo,351,08-Nov-21,Vehicle - Pedestrian,,,,"Two-Way , Not Divided",Dry,Daylight,Clear,2,Not a Collision Between Two Motor Vehicles in Transport,No,No Controls,3,0,No Injury
862511,11/9/21,6:04 AM,2021-00089190,Hartford Ave,Plainfield Street,Hartford Ave / Plainfield Street,Kristen Barth,247,09-Nov-21,Vehicle - Pedestrian,,X,,"Two-Way , Not Divided",Dry,Dawn,Clear,1,Not a Collision Between Two Motor Vehicles in Transport,No,No Controls,3,1,Complains Of Pain
862555,11/9/21,5:47 PM,2021-00089398,ADELAIDE AVE,HAMILTON ST,ADELAIDE AVE / HAMILTON ST,Jose Buten,322,09-Nov-21,Vehicle - Pedestrian,,,,"Two-Way , Not Divided",Dry,Dark - Not Lighted,Clear,1,Not a Collision Between Two Motor Vehicles in Transport,No,Stop Signs,3,1,Complains Of Pain
862561,11/9/21,8:51 PM,2021-00089454,7 Pemberton St.,Roanoke St.,7 Pemberton St. / Roanoke St.,Harrison Northup,232,09-Nov-21,Vehicle - Pedestrian,,,,"Two-Way , Not Divided",Dry,Dark - Lighted,Clear,1,Not a Collision Between Two Motor Vehicles in Transport,"Yes, M/V and Driver Left Scene",No Controls,2,1,Complains Of Pain
862566,11/9/21,9:45 PM,2021-00089463,HAGAN ST,MENDON ST ,HAGAN ST / MENDON ST ,Cory Vingi,237,09-Nov-21,Vehicle - Pedestrian,,,,"Two-Way , Not Divided",Dry,Dark - Lighted,Clear,1,Not a Collision Between Two Motor Vehicles in Transport,"Yes, M/V and Driver Left Scene",No Controls,1,1,Complains Of Pain
862644,11/10/21,5:22 PM,2021-00089713,Waterman St,WAYLAND AVE ,Waterman St / WAYLAND AVE ,Matthew Fadale,214,10-Nov-21,Vehicle - Pedestrian,,,,"Two-Way , Not Divided",Dry,Dark - Lighted,Clear,1,Not a Collision Between Two Motor Vehicles in Transport,"Yes, M/V and Driver Left Scene",Traffic Control Signal,1,1,Non-Incapacitating
862867,11/14/21,5:32 AM,2021-00090856,Atwells Ave,Manton Ave,Atwells Ave / Manton Ave,Kristen Barth,247,14-Nov-21,Vehicle - Pedestrian,,,,"Two-Way , Not Divided",Dry,Dark - Lighted,Clear,1,Not a Collision Between Two Motor Vehicles in Transport,"Yes, Driver Left Scene",Traffic Control Signal,2,1,Complains Of Pain
863053,11/16/21,9:13 PM,2021-00091640,SEABURY ST,POTTERS AVE ,SEABURY ST / POTTERS AVE ,Ptlm. Castagliuolo,351,16-Nov-21,Vehicle - Pedestrian,,,,"Two-Way , Not Divided",Dry,Dark - Lighted,Clear,2,Rear - to - Rear,"Yes, M/V and Driver Left Scene",No Controls,2,0,Unknown
863090,11/17/21,8:53 AM,2021-00091723,POINT ST,CHESTNUT ST ,POINT ST / CHESTNUT ST ,Jose Deschamps,419,17-Nov-21,Vehicle - Pedestrian,,,,"Two-Way , Not Divided",Dry,Daylight,Clear,1,Not a Collision Between Two Motor Vehicles in Transport,No,Stop Signs,3,1,Complains Of Pain
863136,11/17/21,7:24 PM,2021-00091906,ELMWOOD AVE,ARCH ST ,ELMWOOD AVE / ARCH ST ,Atanael Lara,129,18-Nov-21,Vehicle - Pedestrian,,,,"Two-Way , Not Divided",Dry,Dark - Lighted,Clear,1,Not a Collision Between Two Motor Vehicles in Transport,"Yes, M/V and Driver Left Scene",No Controls,1,1,Complains Of Pain
863175,11/18/21,8:28 AM,2021-00092027,POWER ST,THAYER ST ,POWER ST / THAYER ST ,Anthony Hampton,681,18-Nov-21,Vehicle - Pedestrian,,,,"Two-Way , Not Divided",Dry,Daylight,Clear,1,Not a Collision Between Two Motor Vehicles in Transport,No,Stop Signs,3,1,Complains Of Pain
863341,11/20/21,2:05 PM,2021-00092803,ACADEMY AVE,LINTON ST ,ACADEMY AVE / LINTON ST ,Alexander Caraballo,134,20-Nov-21,Vehicle - Pedestrian,,,,"Two-Way , Not Divided",Dry,Daylight,Clear,1,Not a Collision Between Two Motor Vehicles in Transport,No,No Controls,3,1,Complains Of Pain
863553,11/23/21,12:59 PM,2021-00093698,65 Weybosset St,DELTA ST ,65 Weybosset St / DELTA ST ,James Annis,454,23-Nov-21,Vehicle - Pedestrian,,,,"Two-Way , Not Divided",Dry,Daylight,Clear,2,Rear End(Front-to-Rear),No,No Controls,4,0,No Injury
863608,11/24/21,2:12 PM,2021-00093998,DORRANCE ST,EXCHANGE TER ,DORRANCE ST / EXCHANGE TER ,Alexander Caraballo,134,24-Nov-21,Vehicle - Pedestrian,,,,"Two-Way , Not Divided",Dry,Daylight,Clear,1,Other,"Yes, M/V and Driver Left Scene",Traffic Control Signal,2,1,Complains Of Pain
863626,11/24/21,3:37 PM,2021-00094019,Broad St,FENNER ST ,Broad St / FENNER ST ,Jenna Heeder,557,24-Nov-21,Vehicle - Pedestrian,,,,"Two-Way , Not Divided",Dry,Daylight,Clear,1,Not a Collision Between Two Motor Vehicles in Transport,No,No Controls,4,1,Complains Of Pain
863654,11/24/21,9:07 PM,2021-00094092,DOUGLAS AVE,COGGESHALL ST,DOUGLAS AVE / COGGESHALL ST,Cory Vingi,237,24-Nov-21,Vehicle - Pedestrian,,,,"Two-Way , Not Divided",Dry,Dark - Lighted,Clear,2,Not a Collision Between Two Motor Vehicles in Transport,"Yes, M/V and Driver Left Scene",No Controls,3,1,Incapacitating
863655,11/24/21,8:15 PM,21-00094076,POINT ST,CHESTNUT ST ,POINT ST / CHESTNUT ST ,Jephte Wagnac,141,24-Nov-21,Vehicle - Pedestrian,,,,"Two-Way , Not Divided",Dry,Dark - Lighted,Clear,1,Not a Collision Between Two Motor Vehicles in Transport,No,Traffic Control Signal,2,1,Complains Of Pain
863718,11/26/21,4:58 PM,2021-00094502,124 FILLMORE STREET,OREGON ST ,124 FILLMORE STREET / OREGON ST ,Jan Delle Johnson,529,26-Nov-21,Vehicle - Pedestrian,,,,"Two-Way , Not Divided",Dry,Dark - Lighted,Cloudy,4,Other,"Yes, M/V and Driver Left Scene",No Controls,4,1,Complains Of Pain
863720,11/26/21,8:56 PM,2021-00094560,PUBLIC ST,BROAD ST ,PUBLIC ST / BROAD ST ,Ptlm. Castagliuolo,351,26-Nov-21,Vehicle - Pedestrian,X,,,"Two-Way , Not Divided",Dry,Dark - Lighted,Clear,1,Not a Collision Between Two Motor Vehicles in Transport,"Yes, M/V and Driver Left Scene",Traffic Control Signal,2,2,Complains Of Pain
863816,11/28/21,9:39 PM,2021-00094842,WASHINGTON AVE,NARRAGANSETT BLVD,WASHINGTON AVE / NARRAGANSETT BLVD,Nicholas Manfredi,343,28-Nov-21,Vehicle - Pedestrian,,,,"Two-Way , Not Divided",Dry,Dark - Lighted,Clear,2,Not a Collision Between Two Motor Vehicles in Transport,"Yes, Driver Left Scene",No Controls,3,0,Unknown
863823,11/28/21,6:17 PM,2021-00095073,BROAD ST,ADELAIDE AVE ,BROAD ST / ADELAIDE AVE ,Ptlm. Castagliuolo,351,28-Nov-21,Vehicle - Pedestrian,,,,"Two-Way , Not Divided",Dry,Dark - Lighted,Clear,2,"Sideswipe, Same Direction",No,No Controls,3,0,No Injury
863985,11/30/21,5:21 PM,2021-00095617,CHARLES ST,EXIT  (RT 146N ),CHARLES ST / EXIT  (RT 146N ),Donald Castigliego,287,30-Nov-21,Vehicle - Pedestrian,,,,"Two-Way , Not Divided",Dry,Dark - Lighted,Clear,1,Not a Collision Between Two Motor Vehicles in Transport,No,Pavement Markings,3,1,Non-Incapacitating
864037,12/1/21,3:23 PM,2021-00095869,HARTFORD AVE,LAUREL HILL AVE ,HARTFORD AVE / LAUREL HILL AVE ,Darlin Hernandez,148,01-Dec-21,Vehicle - Pedestrian,,,,"Two-Way , Not Divided",Dry,Daylight,Clear,1,Not a Collision Between Two Motor Vehicles in Transport,No,School Zone Signs,3,1,Complains Of Pain