CrashReportId,CrashDate,CrashTime,ReportNumber,StreetOrHighway,NearestIntersection,Location,Officer,Badge,ReportDate,TypeOfCollision,Bicycle,Scooter,Wheel Chair,TypeOfRoadway,RoadSurfaceCondition,LightCondition,WeatherCondition,NumberofVehicles,MannerofImpact,HitAndRun,TrafficControl,PersonCount,InjuryCount,MostSeriousInjury
864202,12/4/21,9:18 AM,2021-00096687,312 Orms St,SMITH ST ,312 Orms St / SMITH ST ,James Annis,454,04-Dec-21,Vehicle - Pedestrian,,,,"Two-Way , Not Divided",Dry,Daylight,Clear,2,"Sideswipe, Same Direction","Yes, M/V and Driver Left Scene",No Controls,2,0,Unknown
864350,12/6/21,9:37 PM,2021-00097443,ANGELL ST,BROOK ST ,ANGELL ST / BROOK ST ,Carlos Gordillo Perez,144,06-Dec-21,Vehicle - Pedestrian,,,,"Two-Way , Not Divided",Wet,Dark - Lighted,Rain,1,Not a Collision Between Two Motor Vehicles in Transport,"Yes, M/V and Driver Left Scene",Pavement Markings,1,1,Non-Incapacitating
864370,12/7/21,1:00 PM,2021-00097577,SEEKONK ST,WAYLAND AVE ,SEEKONK ST / WAYLAND AVE ,Anthony Hampton,681,07-Dec-21,Vehicle - Pedestrian,,,,"Two-Way , Not Divided",Dry,Daylight,Clear,2,Unknown,"Yes, M/V and Driver Left Scene",No Controls,2,0,Unknown
864372,12/7/21,2:06 PM,2021-00097598,ELMWOOD AVE,ADELAIDE AVE ,ELMWOOD AVE / ADELAIDE AVE ,Joshua Cascione,225,07-Dec-21,Vehicle - Pedestrian,,,,"Two-Way, Divided, Positive Median Barrier",Dry,Daylight,Clear,1,Not a Collision Between Two Motor Vehicles in Transport,No,Traffic Control Signal,2,1,Complains Of Pain
864413,12/8/21,8:12 AM,2021-00097803,WEYBOSSET ST,EDDY ST ,WEYBOSSET ST / EDDY ST ,Mark Roman,120,08-Dec-21,Vehicle - Pedestrian,,,,"Two-Way , Not Divided",Dry,Daylight,Clear,2,"Sideswipe, Same Direction",No,No Controls,3,0,No Injury
864434,12/8/21,4:55 PM,2021-00097916,FRUIT HILL AVE,EDENDALE AVE ,FRUIT HILL AVE / EDENDALE AVE ,Ptlm. Carias,127,08-Dec-21,Vehicle - Pedestrian,,,,"Two-Way, Divided, Unprotected (painted>4feet) Medium",Dry,Dark - Lighted,Clear,1,Not a Collision Between Two Motor Vehicles in Transport,No,Pavement Markings,3,1,Complains Of Pain
864553,12/10/21,2:56 PM,2021-00098414,BAINBRIDGE AVE,BROADWAY ,BAINBRIDGE AVE / BROADWAY ,Ptlm. Carias,127,10-Dec-21,Vehicle - Pedestrian,,,,"Two-Way, Divided, Unprotected (painted>4feet) Medium",Dry,Daylight,Clear,1,Not a Collision Between Two Motor Vehicles in Transport,No,No Controls,3,1,Complains Of Pain
864567,12/10/21,6:07 PM,2021-00098472,GEORGE ST,BROOK ST ,GEORGE ST / BROOK ST ,Ptlm. Carias,127,10-Dec-21,Vehicle - Pedestrian,,X,,"Two-Way, Divided, Unprotected (painted>4feet) Medium",Dry,Dark - Lighted,Clear,1,Not a Collision Between Two Motor Vehicles in Transport,No,Stop Signs,3,1,Complains Of Pain
864591,12/11/21,3:17 AM,2021-00098634,COLFAX ST,BURNSIDE ST ,COLFAX ST / BURNSIDE ST ,Eder Delgado,580,11-Dec-21,Vehicle - Pedestrian,,,,"Two-Way , Not Divided",Dry,Dark - Lighted,Clear,2,Angle (Front - to - Side) Opposite Direction,"Yes, M/V and Driver Left Scene",No Controls,2,1,Complains Of Pain
864693,12/11/21,10:49 PM,2021-00098861,Atwells Avenue,DEAN ST ,Atwells Avenue / DEAN ST ,Brian Aucoin,113,12-Dec-21,Vehicle - Pedestrian,,,,"Two-Way , Not Divided",Wet,Dark - Lighted,Rain,1,Other,No,Flashing Traffic Control Signal,5,1,Incapacitating
864722,12/12/21,4:18 PM,2021-00099096,116 Whitehall Street,PROGRESS AVE ,116 Whitehall Street / PROGRESS AVE ,Jephte Wagnac,141,12-Dec-21,Vehicle - Pedestrian,,,,"Two-Way , Not Divided",Dry,Daylight,Clear,2,Not a Collision Between Two Motor Vehicles in Transport,"Yes, M/V and Driver Left Scene",No Controls,2,0,Unknown
864850,12/14/21,5:20 PM,2021-00099655,WESTMINSTER ST,STOKES ST ,WESTMINSTER ST / STOKES ST ,Serge Bouyssou,105,14-Dec-21,Vehicle - Pedestrian,,,,"Two-Way , Not Divided",Dry,Dark - Lighted,Clear,1,Not a Collision Between Two Motor Vehicles in Transport,No,No Controls,2,0,No Injury
864894,12/15/21,11:22 AM,2021-00099847,325 WASHINGTON ST,,325 WASHINGTON ST / ,Christian Main,145,15-Dec-21,Vehicle - Pedestrian,,,,Unknown,Dry,Daylight,Clear,2,Rear - to - Side,No,No Controls,5,0,No Injury
869745,12/17/21,9:48 AM,2021-00100426,BROADWAY,VALLEY ST ,BROADWAY / VALLEY ST ,Luis Garcia Colon,128,01-Mar-22,Vehicle - Pedestrian,,,,Unknown,Dry,Daylight,Clear,1,Not a Collision Between Two Motor Vehicles in Transport,No,Traffic Control Signal,2,1,Complains Of Pain
865034,12/18/21,1:15 AM,2021-00100694,WASHINGTON ST,DORRANCE ST ,WASHINGTON ST / DORRANCE ST ,Igor Barbosa,114,18-Dec-21,Vehicle - Pedestrian,,,,One-Way Trafficway,Dry,Dark - Lighted,Clear,1,Not a Collision Between Two Motor Vehicles in Transport,"Yes, M/V and Driver Left Scene",Unknown,1,1,Complains Of Pain
865091,12/18/21,6:47 PM,2021-00100855,PUBLIC ST,BROAD ST ,PUBLIC ST / BROAD ST ,Erik Lane,109,18-Dec-21,Vehicle - Pedestrian,,,,"Two-Way , Not Divided",Wet,Dark - Lighted,Rain,1,Other,No,No Controls,2,1,Complains Of Pain
865167,12/20/21,10:15 AM,2021-00101289,GREENWICH ST,BUCKLIN ST ,GREENWICH ST / BUCKLIN ST ,Joshua Cascione,225,20-Dec-21,Vehicle - Pedestrian,,,,"Two-Way , Not Divided",Dry,Daylight,Clear,1,Not a Collision Between Two Motor Vehicles in Transport,No,Stop Signs,3,2,Complains Of Pain
865190,12/20/21,5:10 PM,2021-00101410,ATWELLS AVE,MCAVOY ST ,ATWELLS AVE / MCAVOY ST ,Mario Andrade,130,20-Dec-21,Vehicle - Pedestrian,,,,"Two-Way, Divided, Unprotected (painted>4feet) Medium",Dry,Dark - Lighted,Clear,3,"Sideswipe, Same Direction","Yes, M/V and Driver Left Scene",No Controls,4,0,No Injury
865191,12/20/21,7:04 PM,2021-00101443,academy ave,HEALTH AVE ,academy ave / HEALTH AVE ,Jan Delle Johnson,529,20-Dec-21,Vehicle - Pedestrian,,,,"Two-Way, Divided, Unprotected (painted>4feet) Medium",Dry,Dark - Lighted,Clear,1,Other,"Yes, M/V and Driver Left Scene",No Controls,1,1,Complains Of Pain
865202,12/20/21,9:48 PM,2021-00101470,BELLEVUE AVE,CRANSTON ST ,BELLEVUE AVE / CRANSTON ST ,Ptlm.  Carias,127,20-Dec-21,Vehicle - Pedestrian,,,,"Two-Way, Divided, Unprotected (painted>4feet) Medium",Dry,Dark - Lighted,Clear,1,Not a Collision Between Two Motor Vehicles in Transport,"Yes, M/V and Driver Left Scene",No Controls,1,1,Complains Of Pain
865229,12/21/21,1:04 PM,2021-00101597,BROAD ST,BROAD ST ,BROAD ST / BROAD ST ,Kenneth Demarco,176,21-Dec-21,Vehicle - Pedestrian,,,,"Two-Way , Not Divided",Dry,Daylight,Cloudy,1,Not a Collision Between Two Motor Vehicles in Transport,"Yes, M/V and Driver Left Scene",Pavement Markings,1,1,Non-Incapacitating
865261,12/22/21,6:43 AM,2021-00101770,elmwood ave,CADILLAC DR ,elmwood ave / CADILLAC DR ,Nicholas Ayala,122,22-Dec-21,Vehicle - Pedestrian,,,,"Two-Way , Not Divided",Dry,Dawn,Clear,1,Other,No,No Controls,2,1,Complains Of Pain
865287,12/22/21,5:38 PM,2021-00101893,90 Westminster Street,WEYBOSSET ST ,90 Westminster Street / WEYBOSSET ST ,Kristen Barth,247,22-Dec-21,Vehicle - Pedestrian,,,,One-Way Trafficway,Dry,Dark - Lighted,Clear,1,Not a Collision Between Two Motor Vehicles in Transport,No,No Controls,2,1,Complains Of Pain
865295,12/22/21,5:54 PM,2021-00101905,51 SILVER SPRING ST,CHATHAM ST ,51 SILVER SPRING ST / CHATHAM ST ,Kristen Barth,247,22-Dec-21,Vehicle - Pedestrian,,,,"Two-Way , Not Divided",Dry,Dark - Lighted,Clear,1,Not a Collision Between Two Motor Vehicles in Transport,No,No Controls,2,1,Complains Of Pain
865310,12/23/21,12:20 PM,2021-00102098,ANGELL ST,ELMGROVE AVE ,ANGELL ST / ELMGROVE AVE ,Mark Roman,120,23-Dec-21,Vehicle - Pedestrian,,,,"Two-Way , Not Divided",Dry,Daylight,Clear,2,"Sideswipe, Same Direction",No,No Controls,2,0,No Injury
865378,12/24/21,11:42 PM,2021-00102386,SILVER LAKE AVE,UNION AVE ,SILVER LAKE AVE / UNION AVE ,Evan Alarcon,131,24-Dec-21,Vehicle - Pedestrian,,,,"Two-Way , Not Divided",Wet,Daylight,Cloudy,1,Not a Collision Between Two Motor Vehicles in Transport,No,Stop Signs,3,1,Non-Incapacitating
865397,12/24/21,4:49 PM,2021-00102430,HAYES ST,FRANCIS ST ,HAYES ST / FRANCIS ST ,Jenna Heeder,557,24-Dec-21,Vehicle - Pedestrian,,,,"Two-Way , Not Divided",Snow,Daylight,Snow,1,Not a Collision Between Two Motor Vehicles in Transport,No,Traffic Control Signal,2,0,No Injury
865548,12/28/21,1:54 PM,2021-00103254,Ring Street,ALMY ST ,Ring Street / ALMY ST ,Michele Rudolph,512,28-Dec-21,Vehicle - Pedestrian,,,,"Two-Way , Not Divided",Wet,Daylight,Clear,3,Angle (Front - to - Side) Right Angle (Includes Broadside),No,Stop Signs,6,0,No Injury
865647,12/30/21,8:21 PM,2021-00103836,RESERVOIR AVE,ELMWOOD AVE ,RESERVOIR AVE / ELMWOOD AVE ,Carlos Gordillo Perez,144,30-Dec-21,Vehicle - Pedestrian,,,,"Two-Way, Divided, Unprotected (painted>4feet) Medium",Wet,Dark - Lighted,Clear,2,Angle (Front - to - Side) Right Angle (Includes Broadside),"Yes, M/V and Driver Left Scene",No Controls,2,0,No Injury
865747,1/1/22,1:24 AM,2022-00000027,ACORN ST,SPRUCE ST ,ACORN ST / SPRUCE ST ,Brian Aucoin,113,01-Jan-22,Vehicle - Pedestrian,,,,"Two-Way , Not Divided",Wet,Dark - Lighted,Clear,1,Not a Collision Between Two Motor Vehicles in Transport,"Yes, M/V and Driver Left Scene",No Controls,1,1,Complains Of Pain
865793,1/1/22,1:02 AM,2022-00000021,Bridgham St,LESTER ST ,Bridgham St / LESTER ST ,Ajay Subramaniam ,569,02-Jan-22,Vehicle - Pedestrian,,,,"Two-Way , Not Divided",Wet,Dark - Lighted,Cloudy,2,Not a Collision Between Two Motor Vehicles in Transport,"Yes, Driver Left Scene",No Controls,2,0,Unknown
865966,1/5/22,4:53 PM,2022-00001106,N MAIN ST,3RD ST ,N MAIN ST / 3RD ST ,Donald Castigliego,287,05-Jan-22,Vehicle - Pedestrian,,,,"Two-Way , Not Divided",Wet,Dark - Lighted,"Sleet, Hail (Freezing Rain or Drizzle)",1,Not a Collision Between Two Motor Vehicles in Transport,"Yes, M/V and Driver Left Scene",Traffic Control Signal,1,0,No Injury
866101,1/7/22,7:54 PM,2022-00001566,JOHN ST,BROOK ST ,JOHN ST / BROOK ST ,Miguel Castillo,489,07-Jan-22,Vehicle - Pedestrian,,,,"Two-Way , Not Divided",Snow,Daylight,Clear,2,Unknown,"Yes, M/V and Driver Left Scene",No Controls,2,0,Unknown
866350,1/10/22,10:26 PM,2022-00002277,PLAINFIELD ST,PLAINFIELD ST ,PLAINFIELD ST / PLAINFIELD ST ,Jephte Wagnac,141,10-Jan-22,Vehicle - Pedestrian,,,,"Two-Way , Not Divided",Dry,Dark - Lighted,Clear,1,Not a Collision Between Two Motor Vehicles in Transport,No,No Controls,2,1,Complains Of Pain
866356,1/10/22,10:10 PM,2022-00002275,LAUREL HILL AVE,ROOSEVELT ST ,LAUREL HILL AVE / ROOSEVELT ST ,Damaris Sanchez,566,11-Jan-22,Vehicle - Pedestrian,,,,"Two-Way, Not Divided With a Continuous Left Turn Lane",Dry,Dark - Lighted,Clear,2,Angle (Front - to - Side) Same Direction,"Yes, M/V and Driver Left Scene",Stop Signs,4,0,No Injury
866501,1/14/22,4:07 PM,2022-00003142,CAMBRIDGE ST,ACADEMY AVE ,CAMBRIDGE ST / ACADEMY AVE ,Ryan Fernandes,125,14-Jan-22,Vehicle - Pedestrian,,,,"Two-Way, Divided, Unprotected (painted>4feet) Medium",Dry,Daylight,Clear,1,Not a Collision Between Two Motor Vehicles in Transport,"Yes, M/V and Driver Left Scene",No Controls,2,1,Complains Of Pain
866710,1/19/22,3:02 PM,2022-00004430,SEEKONK ST,BUTLER AVE ,SEEKONK ST / BUTLER AVE ,Ptlm. Castagliuolo,351,19-Jan-22,Vehicle - Pedestrian,,,,Unknown,Dry,Daylight,Clear,2,"Sideswipe, Same Direction","Yes, M/V and Driver Left Scene",No Controls,2,0,Unknown
866716,1/19/22,5:42 PM,2022-00004473,BROADWAY,DEAN ST ,BROADWAY / DEAN ST ,Ptlm. Castagliuolo,351,19-Jan-22,Vehicle - Pedestrian,,,,"Two-Way , Not Divided",Dry,Dark - Lighted,Clear,1,Not a Collision Between Two Motor Vehicles in Transport,No,Traffic Control Signal,3,1,Complains Of Pain
866738,1/20/22,2:40 PM,2022-00004662,CHARLES ST,BRANCH AVE ,CHARLES ST / BRANCH AVE ,Donald Castigliego,287,20-Jan-22,Vehicle - Pedestrian,,,,"Two-Way , Not Divided",Wet,Daylight,Cloudy,1,Not a Collision Between Two Motor Vehicles in Transport,No,No Controls,4,0,No Injury
866740,1/20/22,3:44 PM,2022-00004679,36 POTTERS AVE,TEMPLE ST ,36 POTTERS AVE / TEMPLE ST ,Jose Deschamps,419,20-Jan-22,Vehicle - Pedestrian,,,,"Two-Way , Not Divided",Wet,Daylight,Clear,1,Other,No,No Controls,3,1,Complains Of Pain
868006,1/25/22,9:18 PM,2022-00006135,STEEPLE ST,N MAIN ST ,STEEPLE ST / N MAIN ST ,Samantha Kawejsza,118,25-Jan-22,Vehicle - Pedestrian,,,,One-Way Trafficway,Dry,Dark - Lighted,Clear,1,Not a Collision Between Two Motor Vehicles in Transport,No,Traffic Control Signal,3,1,Complains Of Pain
868023,1/26/22,9:26 AM,2022-00006246,SMITHFIELD AVE,FOCH AVE ,SMITHFIELD AVE / FOCH AVE ,Paul Caminero,339,26-Jan-22,Vehicle - Pedestrian,,,,Unknown,Dry,Daylight,Clear,2,"Sideswipe, Same Direction","Yes, M/V and Driver Left Scene",No Controls,2,0,Unknown
868050,1/27/22,7:44 AM,2022-00006482,SMITH ST,CALVERLY ST ,SMITH ST / CALVERLY ST ,Elizabeth Pedchenko,498,27-Jan-22,Vehicle - Pedestrian,,,,"Two-Way , Not Divided",Dry,Daylight,Clear,1,Not a Collision Between Two Motor Vehicles in Transport,No,No Controls,2,1,Complains Of Pain
868061,1/27/22,11:26 AM,2022-00006528,LLOYD AVE,TABER AVE ,LLOYD AVE / TABER AVE ,Jose Deschamps,419,27-Jan-22,Vehicle - Pedestrian,,X,,"Two-Way, Divided, Unprotected (painted>4feet) Medium",Dry,Daylight,Clear,1,Head-On (Front - to - Front),No,Stop Signs,3,1,Complains Of Pain
868664,2/6/22,3:53 PM,2022-00009316,375 RESERVOIR AVE,,375 RESERVOIR AVE / ,Luis Garcia Colon,128,06-Feb-22,Vehicle - Pedestrian,,,,Unknown,Dry,Daylight,Clear,1,Not a Collision Between Two Motor Vehicles in Transport,No,No Controls,2,1,Complains Of Pain
868699,2/7/22,1:10 PM,2022-00009554,CHARLES ST,SILVER SPRING ST ,CHARLES ST / SILVER SPRING ST ,Paul Caminero,339,07-Feb-22,Vehicle - Pedestrian,,,,Unknown,Wet,Daylight,Cloudy,2,Unknown,"Yes, M/V and Driver Left Scene",No Controls,2,0,Unknown
868727,2/8/22,7:07 AM,2022-00009718,THAYER STREET,GEORGE ST ,THAYER STREET / GEORGE ST ,George Pereira,421,08-Feb-22,Vehicle - Pedestrian,,,,One-Way Trafficway,Wet,Daylight,Rain,2,"Sideswipe, Same Direction","Yes, M/V and Driver Left Scene",Traffic Control Signal,2,0,No Injury
868807,2/10/22,2:05 PM,2022-00010310,POWER ST,HOPE ST ,POWER ST / HOPE ST ,Anthony Hampton,681,10-Feb-22,Vehicle - Pedestrian,,,,"Two-Way , Not Divided",Dry,Daylight,Clear,1,Not a Collision Between Two Motor Vehicles in Transport,No,Stop Signs,3,1,Complains Of Pain
868867,2/11/22,10:15 AM,2022-00010542,PLAIN ST,BLACKSTONE ST ,PLAIN ST / BLACKSTONE ST ,Michael Maycock,281,11-Feb-22,Vehicle - Pedestrian,,,,Unknown,Dry,Daylight,Clear,1,Not a Collision Between Two Motor Vehicles in Transport,No,No Controls,3,1,Complains Of Pain
868901,2/11/22,7:31 PM,2022-00010679,WEYBOSSET ST,GREENE ST,WEYBOSSET ST / GREENE ST,Ptlm. Castagliuolo,351,11-Feb-22,Vehicle - Pedestrian,,,,"Two-Way , Not Divided",Dry,Dark - Not Lighted,Clear,1,Not a Collision Between Two Motor Vehicles in Transport,"Yes, M/V and Driver Left Scene",Pavement Markings,1,1,Complains Of Pain
868935,2/12/22,4:17 PM,2022-00010941,CRANSTON ST,WAVERLY ST ,CRANSTON ST / WAVERLY ST ,Ptlm. Castagliuolo,351,12-Feb-22,Vehicle - Pedestrian,,,,"Two-Way , Not Divided",Dry,Daylight,Clear,1,Not a Collision Between Two Motor Vehicles in Transport,No,Pavement Markings,2,1,Complains Of Pain
869187,2/16/22,12:19 PM,2022-00011930,DOUGLAS AVE ,VANDEWATER ST ,DOUGLAS AVE  / VANDEWATER ST ,Joshua Cascione,225,16-Feb-22,Vehicle - Pedestrian,,,,"Two-Way , Not Divided",Dry,Daylight,Clear,1,Not a Collision Between Two Motor Vehicles in Transport,No,No Controls,2,1,Complains Of Pain
869214,2/16/22,2:49 PM,2022-00011963,DOUGLAS AVE,DOUGLAS AVE ,DOUGLAS AVE / DOUGLAS AVE ,Raymond Criner,340,16-Feb-22,Vehicle - Pedestrian,,,,"Two-Way , Not Divided",Dry,Daylight,Clear,2,Unknown,"Yes, M/V and Driver Left Scene",No Controls,2,0,No Injury
869231,2/17/22,2:38 AM,2022-00012110,CRANSTON ST,ALTHEA ST ,CRANSTON ST / ALTHEA ST ,Cory Vingi,237,17-Feb-22,Vehicle - Pedestrian,,,,"Two-Way , Not Divided",Wet,Dark - Lighted,Clear,1,Not a Collision Between Two Motor Vehicles in Transport,"Yes, M/V and Driver Left Scene",No Controls,2,1,Incapacitating
869239,2/17/22,12:05 PM,2022-00012182,579 ATWELLS AVE,ATWELLS AVE ,579 ATWELLS AVE / ATWELLS AVE ,Joshua Cascione,225,17-Feb-22,Vehicle - Pedestrian,,,,"Two-Way , Not Divided",Dry,Daylight,Clear,1,Not a Collision Between Two Motor Vehicles in Transport,No,No Controls,3,0,No Injury
869326,2/20/22,3:33 PM,2022-00013090,291 Chad Brown Street,JUNE ST ,291 Chad Brown Street / JUNE ST ,Jessenia Montano,149,20-Feb-22,Vehicle - Pedestrian,,,,Unknown,Dry,Daylight,Clear,2,Unknown,"Yes, M/V and Driver Left Scene",No Controls,2,0,Unknown
869342,2/20/22,9:28 PM,2022-00013163,WINSLOW ST,JACKSON WALKWAY ,WINSLOW ST / JACKSON WALKWAY ,Gustavo Genao,135,20-Feb-22,Vehicle - Pedestrian,,,,One-Way Trafficway,Dry,Dark - Lighted,Clear,2,"Sideswipe, Same Direction","Yes, M/V and Driver Left Scene",No Controls,2,0,No Injury
869350,2/21/22,1:20 AM,2022-00013217,BROAD STREET,PRAIRIE AVE ,BROAD STREET / PRAIRIE AVE ,John Palmer,101,21-Feb-22,Vehicle - Pedestrian,,,,"Two-Way, Divided, Unprotected (painted>4feet) Medium",Dry,Dark - Lighted,Clear,2,Not a Collision Between Two Motor Vehicles in Transport,No,No Controls,4,1,Complains Of Pain
869360,2/21/22,1:01 PM,2022-00013308,IRVING AVE,BLACKSTONE BLVD ,IRVING AVE / BLACKSTONE BLVD ,Joshua Cascione,225,21-Feb-22,Vehicle - Pedestrian,X,,,"Two-Way , Not Divided",Dry,Daylight,Clear,1,Not a Collision Between Two Motor Vehicles in Transport,No,No Controls,2,0,No Injury
869375,2/22/22,1:18 AM,2022-00013463,50 Prairie Ave,,50 Prairie Ave / ,Raleek Byfield,375,22-Feb-22,Vehicle - Pedestrian,,,,Unknown,Unknown,Dark - Lighted,Clear,2,Not a Collision Between Two Motor Vehicles in Transport,"Yes, M/V and Driver Left Scene",Pavement Markings,2,0,Unknown
869403,2/22/22,8:00 PM,2022-00013653,CHAD BROWN ST,ADMIRAL ST ,CHAD BROWN ST / ADMIRAL ST ,Cory Vingi,237,22-Feb-22,Vehicle - Pedestrian,X,,,"Two-Way , Not Divided",Wet,Dark - Lighted,Rain,1,Not a Collision Between Two Motor Vehicles in Transport,No,No Controls,3,0,No Injury
869422,2/23/22,1:51 PM,2022-00013817,SMITH ST,RUGGLES ST ,SMITH ST / RUGGLES ST ,Joshua Cascione,225,23-Feb-22,Vehicle - Pedestrian,,,,"Two-Way , Not Divided",Dry,Daylight,Clear,1,Not a Collision Between Two Motor Vehicles in Transport,No,Stop Signs,2,1,Non-Incapacitating
869438,2/23/22,2:45 PM,2022-00013830,393 Prarie Avenue,,393 Prarie Avenue / ,David Girard,690,23-Feb-22,Vehicle - Pedestrian,,,,"Two-Way , Not Divided",Dry,Daylight,Clear,1,"Sidwswipe, Opposite Direction","Yes, M/V and Driver Left Scene",No Controls,1,1,Complains Of Pain
869552,2/25/22,6:24 PM,2022-00014384,Cranston Street,DEXTER ST ,Cranston Street / DEXTER ST ,John Najarian,417,25-Feb-22,Vehicle - Pedestrian,,,,"Two-Way , Not Divided",Snow,Dark - Lighted,Cloudy,2,"Sideswipe, Same Direction",No,No Controls,5,0,No Injury
869580,2/26/22,8:55 PM,2022-00014680,MEMORIAL BLVD,FRANCIS ST ,MEMORIAL BLVD / FRANCIS ST ,Donald Castigliego,287,26-Feb-22,Vehicle - Pedestrian,,,,"Two-Way , Not Divided",Dry,Dark - Lighted,Clear,1,Not a Collision Between Two Motor Vehicles in Transport,"Yes, M/V and Driver Left Scene",Traffic Control Signal,2,1,Complains Of Pain
869677,2/28/22,7:03 PM,2022-00015204,NORTH MAIN STREET ,CYPRESS ST ,NORTH MAIN STREET  / CYPRESS ST ,Arthur Lima,126,28-Feb-22,Vehicle - Pedestrian,,,,"Two-Way, Divided, Positive Median Barrier",Dry,Dark - Lighted,Clear,1,Not a Collision Between Two Motor Vehicles in Transport,No,Traffic Control Signal,3,0,No Injury
869749,3/1/22,5:40 PM,2022-00015451,BRANCH AVE,METCALF ST ,BRANCH AVE / METCALF ST ,Jessenia Montano,149,01-Mar-22,Vehicle - Pedestrian,,,,"Two-Way, Divided, Unprotected (painted>4feet) Medium",Wet,Dark - Lighted,Clear,2,"Sideswipe, Same Direction","Yes, M/V and Driver Left Scene",Traffic Control Signal,3,0,No Injury
869854,3/3/22,6:59 PM,2022-00016007,HARTFORD AVE,ALVERSON AVE ,HARTFORD AVE / ALVERSON AVE ,Donald Castigliego,287,03-Mar-22,Vehicle - Pedestrian,,,,"Two-Way , Not Divided",Dry,Dark - Lighted,Clear,1,Not a Collision Between Two Motor Vehicles in Transport,No,No Controls,4,1,Non-Incapacitating
870723,3/4/22,7:00 PM,2022-00016278,BROAD ST,BROAD ST ,BROAD ST / BROAD ST ,Ptlm. Castagliuolo,351,21-Mar-22,Vehicle - Pedestrian,,,,"Two-Way , Not Divided",Dry,Dark - Lighted,Clear,1,Not a Collision Between Two Motor Vehicles in Transport,"Yes, M/V and Driver Left Scene",Pavement Markings,1,1,Non-Incapacitating
869894,3/5/22,2:21 AM,2022-00016377,78 Dean St,DEAN ST EXIT ,78 Dean St / DEAN ST EXIT ,William Keoh,124,05-Mar-22,Vehicle - Pedestrian,,,,"Two-Way, Divided, Positive Median Barrier",Dry,Dark - Lighted,Clear,3,Angle (Front - to - Side) Same Direction,No,Traffic Control Signal,7,0,No Injury
869957,3/7/22,1:25 AM,2022-00016193,APPIAN ST,HAWKINS ST ,APPIAN ST / HAWKINS ST ,Ryan Fernandes,125,07-Mar-22,Vehicle - Pedestrian,,,,"Two-Way , Not Divided",Dry,Dark - Lighted,Clear,2,Rear End(Front-to-Rear),"Yes, Driver Left Scene",Stop Signs,3,2,Complains Of Pain
869986,3/7/22,6:24 PM,2022-00017071,WASHINGTON ST,EMPIRE ST ,WASHINGTON ST / EMPIRE ST ,Ptlm. Castagliuolo,351,07-Mar-22,Vehicle - Pedestrian,,,,"Two-Way , Not Divided",Wet,Dark - Lighted,Rain,1,Head-On (Front - to - Front),No,Traffic Control Signal,3,1,Non-Incapacitating
870140,3/9/22,7:01 PM,2022-00017619,NORTHUP AVE,SILVER SPRING ST ,NORTHUP AVE / SILVER SPRING ST ,NICHOLAS AYALA,122,09-Mar-22,Vehicle - Pedestrian,,,,"Two-Way, Divided, Unprotected (painted>4feet) Medium",Snow,Dark - Lighted,Snow,1,Not a Collision Between Two Motor Vehicles in Transport,"Yes, M/V and Driver Left Scene",Traffic Control Signal,1,1,Complains Of Pain
870172,3/10/22,10:30 AM,2022-00017747,PEACE ST,UPDIKE ST ,PEACE ST / UPDIKE ST ,Michael Maycock,281,10-Mar-22,Vehicle - Pedestrian,,X,,"Two-Way , Not Divided",Dry,Daylight,Clear,1,Not a Collision Between Two Motor Vehicles in Transport,No,Pavement Markings,3,1,Complains Of Pain
870227,3/11/22,4:57 PM,2022-00018153,BROADWAY,VALLEY ST ,BROADWAY / VALLEY ST ,Donald Castigliego,287,11-Mar-22,Vehicle - Pedestrian,,,,"Two-Way , Not Divided",Dry,Dusk,Clear,1,Not a Collision Between Two Motor Vehicles in Transport,No,No Controls,3,1,Complains Of Pain
870480,3/17/22,3:15 PM,2022-00019694,RADCLIFFE AVE,CHAD BROWN ST ,RADCLIFFE AVE / CHAD BROWN ST ,Damaris Sanchez,566,17-Mar-22,Vehicle - Pedestrian,,,,"Two-Way , Not Divided",Dry,Daylight,Clear,2,Angle (Front - to - Side) Right Angle (Includes Broadside),"Yes, M/V and Driver Left Scene",Stop Signs,4,0,No Injury
870569,3/19/22,12:53 AM,2022-00020200,52 NANCY ST,NANCY ST ,52 NANCY ST / NANCY ST ,Francini Perez Brito,139,19-Mar-22,Vehicle - Pedestrian,,,,"Two-Way , Not Divided",Dry,Dark - Not Lighted,Clear,2,Angle (Front - to - Side) Same Direction,"Yes, M/V and Driver Left Scene",No Controls,2,0,Unknown
870628,3/20/22,12:48 AM,2022-00020529,ELMWOOD AVE,HANOVER ST,ELMWOOD AVE / HANOVER ST,John Palmer,101,20-Mar-22,Vehicle - Pedestrian,,,,"Two-Way , Not Divided",Wet,Dark - Lighted,Rain,1,Not a Collision Between Two Motor Vehicles in Transport,No,No Controls,4,1,Incapacitating
870668,3/20/22,4:21 PM,2022-00020708,534 BRANCH AVENUE,HAWKINS ST ,534 BRANCH AVENUE / HAWKINS ST ,Ptlm. Figueroa,110,20-Mar-22,Vehicle - Pedestrian,,,,"Two-Way, Divided, Unprotected (painted>4feet) Medium",Dry,Daylight,Clear,2,Rear - to - Side,No,No Controls,2,0,No Injury