CrashReportId,CrashDate,CrashTime,ReportNumber,StreetOrHighway,NearestIntersection,Location,Officer,Badge,ReportDate,TypeOfCollision,Bicycle,Scooter,Wheel Chair,TypeOfRoadway,RoadSurfaceCondition,LightCondition,WeatherCondition,NumberofVehicles,MannerofImpact,HitAndRun,TrafficControl,PersonCount,InjuryCount,MostSeriousInjury
870717,3/21/22,4:11 PM,2022-00021036,PROSPECT ST,OLIVE ST ,PROSPECT ST / OLIVE ST ,Ralph Abenante,511,21-Mar-22,Vehicle - Pedestrian,,,,"Two-Way , Not Divided",Dry,Daylight,Cloudy,1,Not a Collision Between Two Motor Vehicles in Transport,"Yes, M/V and Driver Left Scene",Unknown,1,1,Complains Of Pain
870736,3/22/22,10:30 AM,2022-00021277,180 CORLISS ST,INDUSTRIAL DR ,180 CORLISS ST / INDUSTRIAL DR ,Robert Carlin,309,22-Mar-22,Vehicle - Pedestrian,,,,"Two-Way , Not Divided",Dry,Daylight,Clear,2,Angle (Front - to - Side) Same Direction,"Yes, M/V and Driver Left Scene",No Controls,3,0,Unknown
870741,3/22/22,12:29 PM,2022-00021308,Prospect Street,MEETING ST ,Prospect Street / MEETING ST ,Raymond King,633,22-Mar-22,Vehicle - Pedestrian,X,,,"Two-Way , Not Divided",Dry,Daylight,Clear,1,"Sideswipe, Same Direction",No,No Controls,2,1,Complains Of Pain
870758,3/22/22,6:56 PM,2022-00021420,Broad Street,PEARL ST ,Broad Street / PEARL ST ,John Najarian,417,22-Mar-22,Vehicle - Pedestrian,,,,"Two-Way , Not Divided",Dry,Dusk,Clear,1,Not a Collision Between Two Motor Vehicles in Transport,"Yes, M/V and Driver Left Scene",Traffic Control Signal,2,1,Complains Of Pain
870814,3/24/22,12:22 PM,2022-00021885,CLADRASH'S AVE,FLORAL AVE ,CLADRASH'S AVE / FLORAL AVE ,Joshua Cascione,225,24-Mar-22,Vehicle - Pedestrian,,,,"Two-Way , Not Divided",Wet,Daylight,Rain,1,Not a Collision Between Two Motor Vehicles in Transport,"Yes, M/V and Driver Left Scene",No Controls,1,1,Complains Of Pain
870816,3/24/22,1:31 PM,2022-00021864,395 ADMIRAL ST,DOUGLAS AVE,395 ADMIRAL ST / DOUGLAS AVE,Paul Caminero,339,24-Mar-22,Vehicle - Pedestrian,,,,"Two-Way , Not Divided",Wet,Daylight,Rain,2,Other,"Yes, M/V and Driver Left Scene",No Controls,3,0,Unknown
870919,3/26/22,2:51 PM,2022-00022412,BROADWAY,VALLEY ST ,BROADWAY / VALLEY ST ,Ptlm. Castagliuolo,351,26-Mar-22,Vehicle - Pedestrian,X,,,"Two-Way, Divided, Positive Median Barrier",Dry,Daylight,Cloudy,1,Not a Collision Between Two Motor Vehicles in Transport,No,No Controls,4,1,Complains Of Pain
870958,3/26/22,11:07 PM,2022-00002253,PEKIN ST,INKERMAN ST ,PEKIN ST / INKERMAN ST ,Ikuejamofo,143,26-Mar-22,Vehicle - Pedestrian,,,,One-Way Trafficway,Dry,Dark - Lighted,Clear,2,Rear End(Front-to-Rear),"Yes, M/V and Driver Left Scene",No Controls,3,0,No Injury
871168,3/30/22,5:47 PM,2022-00023545,BLACKSTONE BLVD,ROCHAMBEAU AVE ,BLACKSTONE BLVD / ROCHAMBEAU AVE ,Darlin Hernandez,148,30-Mar-22,Vehicle - Pedestrian,,,,"Two-Way , Not Divided",Dry,Daylight,Clear,1,Not a Collision Between Two Motor Vehicles in Transport,No,No Controls,3,1,Complains Of Pain
871228,3/31/22,10:48 PM,2022-00023893,WHITTIER AVE,WEBSTER AVE ,WHITTIER AVE / WEBSTER AVE ,Damaris Sanchez,566,31-Mar-22,Vehicle - Pedestrian,,,,"Two-Way , Not Divided",Wet,Dark - Not Lighted,Rain,2,Angle (Front - to - Side) Right Angle (Includes Broadside),"Yes, M/V and Driver Left Scene",Stop Signs,3,1,Complains Of Pain
871314,4/1/22,9:50 PM,2022-00024210,Smith Street,SMITH ST ,Smith Street / SMITH ST ,Darrin Anderson,550,01-Apr-22,Vehicle - Pedestrian,,,,Unknown,Dry,Dark - Lighted,Clear,3,Not a Collision Between Two Motor Vehicles in Transport,"Yes, M/V and Driver Left Scene",No Controls,4,0,Unknown
871351,4/3/22,12:52 AM,2022-00024535,298 Broadway Street,SUTTON ST ,298 Broadway Street / SUTTON ST ,Mario Andrade,130,03-Apr-22,Vehicle - Pedestrian,,,,"Two-Way , Not Divided",Dry,Dark - Lighted,Clear,2,"Sideswipe, Same Direction","Yes, M/V and Driver Left Scene",No Controls,2,0,Unknown
871353,4/3/22,12:53 AM,2022-00024534,129 Veazie Street,DAMON ST ,129 Veazie Street / DAMON ST ,Ryan Anderson,107,03-Apr-22,Vehicle - Pedestrian,,,,"Two-Way , Not Divided",Dry,Dark - Lighted,Clear,2,Not a Collision Between Two Motor Vehicles in Transport,"Yes, M/V and Driver Left Scene",No Controls,2,0,Unknown
872437,4/4/22,7:09 PM,2022-00024977,POTTERS AVE,NIAGARA ST ,POTTERS AVE / NIAGARA ST ,Brad McParlin,395,04-Apr-22,Vehicle - Pedestrian,,,,"Two-Way , Not Divided",Dry,Daylight,Clear,2,Rear End(Front-to-Rear),"Yes, M/V and Driver Left Scene",No Controls,2,0,Unknown
872443,4/4/22,7:18 PM,2022-00024981,DUDLEY ST,CULVER ST ,DUDLEY ST / CULVER ST ,Robert Ballinger,520,04-Apr-22,Vehicle - Pedestrian,,,,"Two-Way , Not Divided",Dry,Dark - Lighted,Clear,2,Unknown,"Yes, M/V and Driver Left Scene",No Controls,2,0,Unknown
872453,4/4/22,9:55 PM,2022-00025007,Cranston St.,PARADE ST ,Cranston St. / PARADE ST ,Jenna Heeder,557,04-Apr-22,Vehicle - Pedestrian,,,,"Two-Way , Not Divided",Dry,Dark - Lighted,Clear,1,Not a Collision Between Two Motor Vehicles in Transport,"Yes, M/V and Driver Left Scene",No Controls,1,1,Complains Of Pain
872565,4/7/22,7:08 PM,2022-00025805,BROAD ST,THURBERS AVE ,BROAD ST / THURBERS AVE ,Ptlw. Kawejsza,118,07-Apr-22,Vehicle - Pedestrian,,,,"Two-Way, Divided, Unprotected (painted>4feet) Medium",Wet,Dark - Lighted,Cloudy,3,Angle (Front - to - Side) Same Direction,No,Traffic Control Signal,6,3,Complains Of Pain
873169,4/7/22,4:28 AM,2022-00025690,BORDEN,EDDY ,BORDEN / EDDY ,Francisco Furtado,635,22-Apr-22,Vehicle - Pedestrian,,,,Unknown,Dry,Daylight,Clear,1,Other,"Yes, M/V and Driver Left Scene",No Controls,1,1,Complains Of Pain
872593,4/8/22,12:08 PM,2022-00025950,N MAIN ST,7TH ST ,N MAIN ST / 7TH ST ,Thiago Gomes,532,08-Apr-22,Vehicle - Pedestrian,,,,"Two-Way, Divided, Positive Median Barrier",Dry,Daylight,Clear,1,"Sidwswipe, Opposite Direction",No,No Controls,2,1,Non-Incapacitating
872636,4/8/22,8:03 PM,2022-00026082,CRANSTON ST,HARRISON ST ,CRANSTON ST / HARRISON ST ,Cory Vingi,237,08-Apr-22,Vehicle - Pedestrian,,,,"Two-Way , Not Divided",Dry,Dark - Lighted,Clear,1,Not a Collision Between Two Motor Vehicles in Transport,"Yes, M/V and Driver Left Scene",Stop Signs,1,1,Complains Of Pain
872657,4/9/22,4:15 PM,2022-00026375,RANDALL SQ,RANDALL SQ ,RANDALL SQ / RANDALL SQ ,Samantha Kawejsza,118,09-Apr-22,Vehicle - Pedestrian,,,,One-Way Trafficway,Dry,Daylight,Cloudy,1,Not a Collision Between Two Motor Vehicles in Transport,No,No Controls,2,1,Complains Of Pain
872682,4/10/22,12:05 PM,2022-00026507,189 LINWOOD AVE,DEXTER ST ,189 LINWOOD AVE / DEXTER ST ,Brian Aucoin,113,10-Apr-22,Vehicle - Pedestrian,,,,"Two-Way , Not Divided",Dry,Dark - Lighted,Clear,2,Unknown,"Yes, Driver Left Scene",No Controls,3,0,No Injury
872738,4/11/22,6:01 AM,2022-00026813,30 POCASSET AVE,DUNFORD ST ,30 POCASSET AVE / DUNFORD ST ,Francini Perez Brito,139,11-Apr-22,Vehicle - Pedestrian,,,,"Two-Way, Not Divided With a Continuous Left Turn Lane",Dry,Daylight,Clear,2,"Sideswipe, Same Direction","Yes, M/V and Driver Left Scene",No Controls,2,0,Unknown
872804,4/12/22,5:59 PM,2022-00027239,PUBLIC STREET,PRAIRIE AVE ,PUBLIC STREET / PRAIRIE AVE ,Wilkens Georges,548,12-Apr-22,Vehicle - Pedestrian,X,,,"Two-Way, Divided, Unprotected (painted>4feet) Medium",Dry,Daylight,Clear,1,Not a Collision Between Two Motor Vehicles in Transport,No,No Controls,3,1,Complains Of Pain
872915,4/15/22,11:48 AM,2022-00028138,CUSHING ST,HOPE ST ,CUSHING ST / HOPE ST ,George Pereira,421,15-Apr-22,Vehicle - Pedestrian,,,,"Two-Way , Not Divided",Dry,Daylight,Clear,1,Not a Collision Between Two Motor Vehicles in Transport,No,No Controls,5,1,Complains Of Pain
872936,4/15/22,5:10 PM,2022-00028246,COLE AVE,ROCHAMBEAU AVE ,COLE AVE / ROCHAMBEAU AVE ,Jessica Salmeron,356,15-Apr-22,Vehicle - Pedestrian,,,,"Two-Way , Not Divided",Dry,Daylight,Clear,1,Not a Collision Between Two Motor Vehicles in Transport,No,Stop Signs,2,1,Complains Of Pain
872954,4/16/22,12:20 PM,2022-00028504,Potters Avenue,CRANSTON ST ,Potters Avenue / CRANSTON ST ,Abraham Lugo,525,16-Apr-22,Vehicle - Pedestrian,,,,"Two-Way, Divided, Unprotected (painted>4feet) Medium",Dry,Daylight,Clear,1,Not a Collision Between Two Motor Vehicles in Transport,No,No Controls,5,0,No Injury
872959,4/16/22,4:59 PM,2022-00028575,Candace St,CHALKSTONE AVE ,Candace St / CHALKSTONE AVE ,Tyler Calandra,418,16-Apr-22,Vehicle - Pedestrian,,X,,"Two-Way , Not Divided",Dry,Daylight,Clear,1,Other,No,No Controls,4,1,Complains Of Pain
872969,4/17/22,4:18 AM,2022-00028694,PLEASANT VALLEY PKWY,JUSTICE ST ,PLEASANT VALLEY PKWY / JUSTICE ST ,Brian Aucoin,113,17-Apr-22,Vehicle - Pedestrian,,,,One-Way Trafficway,Wet,Dark - Lighted,Rain,1,Not a Collision Between Two Motor Vehicles in Transport,"Yes, Driver Left Scene",No Controls,3,1,Complains Of Pain
872971,4/17/22,3:18 AM,2022-00020742,River Avenue,EATON ST ,River Avenue / EATON ST ,Mario Andrade,130,17-Apr-22,Vehicle - Pedestrian,,,,"Two-Way, Divided, Positive Median Barrier",Wet,Dark - Lighted,Clear,2,Angle (Front - to - Side) Same Direction,"Yes, Driver Left Scene",No Controls,2,1,Complains Of Pain
873036,4/18/22,8:53 PM,2022-00029164,WASHINGTON ST,EXCHANGE ST ,WASHINGTON ST / EXCHANGE ST ,Luis Pelaez,336,18-Apr-22,Vehicle - Pedestrian,,,,One-Way Trafficway,Dry,Dark - Lighted,Clear,1,Not a Collision Between Two Motor Vehicles in Transport,"Yes, M/V and Driver Left Scene",Traffic Control Signal,2,1,Complains Of Pain
873121,4/20/22,11:12 PM,2022-00029713,PARK ROW E,CANAL ST ,PARK ROW E / CANAL ST ,Gehu Sanssouci,136,21-Apr-22,Vehicle - Pedestrian,X,,,One-Way Trafficway,Dry,Dark - Lighted,Clear,1,Angle (Front - to - Side) Right Angle (Includes Broadside),No,Traffic Control Signal,3,1,Complains Of Pain
873266,4/22/22,6:10 PM,2022-00030263,ANGELL ST,THAYER ST ,ANGELL ST / THAYER ST ,Donald Castigliego,287,22-Apr-22,Vehicle - Pedestrian,,,,One-Way Trafficway,Dry,Daylight,Clear,1,Not a Collision Between Two Motor Vehicles in Transport,"Yes, M/V and Driver Left Scene",No Controls,4,1,Complains Of Pain
873282,4/22/22,7:54 PM,2022-00030303,BROAD ST,BROAD ST ,BROAD ST / BROAD ST ,Cory Vingi,237,22-Apr-22,Vehicle - Pedestrian,,,,"Two-Way , Not Divided",Dry,Dusk,Clear,2,Not a Collision Between Two Motor Vehicles in Transport,"Yes, M/V and Driver Left Scene",No Controls,3,1,Incapacitating
873309,4/23/22,1:02 PM,2022-00030508,BUCKLIN ST,POTTERS AVE ,BUCKLIN ST / POTTERS AVE ,Luis Fernandez,531,23-Apr-22,Vehicle - Pedestrian,,,,"Two-Way , Not Divided",Dry,Daylight,Clear,3,Head-On (Front - to - Front),No,No Controls,3,1,Complains Of Pain
873326,4/24/22,2:17 AM,2022-00030762,PARKIS AVE,BROAD ST ,PARKIS AVE / BROAD ST ,Mario Andrade,130,24-Apr-22,Vehicle - Pedestrian,,,,"Two-Way, Divided, Positive Median Barrier",Dry,Dark - Lighted,Clear,2,Rear End(Front-to-Rear),"Yes, M/V and Driver Left Scene",No Controls,4,2,Complains Of Pain
873372,4/25/22,4:00 PM,2022-00031174,Pitman Street,IVES ST ,Pitman Street / IVES ST ,Jessenia Montano,149,25-Apr-22,Vehicle - Pedestrian,,,,"Two-Way, Divided, Unprotected (painted>4feet) Medium",Dry,Daylight,Clear,2,Unknown,"Yes, M/V and Driver Left Scene",No Controls,2,0,Unknown
873499,4/27/22,10:56 PM,2022-00031782,ACADEMY AVE,SMITH ST ,ACADEMY AVE / SMITH ST ,Riggins Jones,542,28-Apr-22,Vehicle - Pedestrian,,X,,"Two-Way , Not Divided",Dry,Dark - Unknown Lighting,Cloudy,1,"Sideswipe, Same Direction","Yes, M/V and Driver Left Scene",Traffic Control Signal,1,1,Non-Incapacitating
873458,4/27/22,9:16 PM,2022-00031764,CANAL ST,MILL ST ,CANAL ST / MILL ST ,Ptlm. Castagliuolo,351,27-Apr-22,Vehicle - Pedestrian,X,,,"Two-Way, Divided, Positive Median Barrier",Dry,Dark - Lighted,Clear,1,Not a Collision Between Two Motor Vehicles in Transport,No,No Controls,2,1,Non-Incapacitating
873506,4/28/22,10:53 PM,2022-00032071,DORA ST,WHITEHALL ST ,DORA ST / WHITEHALL ST ,Damaris Sanchez,566,28-Apr-22,Vehicle - Pedestrian,,,,"Two-Way , Not Divided",Dry,Dark - Lighted,Clear,2,Head-On (Front - to - Front),"Yes, M/V and Driver Left Scene",No Controls,3,0,No Injury
873494,4/28/22,3:34 PM,2022-00031950,HOPE ST,GEORGE ST ,HOPE ST / GEORGE ST ,Patrick Hourahan,243,28-Apr-22,Vehicle - Pedestrian,,,,"Two-Way , Not Divided",Dry,Daylight,Clear,1,Not a Collision Between Two Motor Vehicles in Transport,"Yes, M/V and Driver Left Scene",Stop Signs,3,1,Complains Of Pain
873496,4/28/22,5:40 PM,2022-00031998,broadway,KNIGHT ST ,broadway / KNIGHT ST ,Michael Pesola,117,28-Apr-22,Vehicle - Pedestrian,X,,,"Two-Way , Not Divided",Dry,Daylight,Clear,1,Angle (Front - to - Side) Same Direction,"Yes, M/V and Driver Left Scene",Flashing Traffic Control Signal,1,1,Complains Of Pain
873588,4/30/22,4:49 PM,2022-00032615,UNION AVE EXIT,SERVICE RD NO. 1 ,UNION AVE EXIT / SERVICE RD NO. 1 ,Cory Vingi,237,30-Apr-22,Vehicle - Pedestrian,,,,One-Way Trafficway,Dry,Daylight,Clear,1,Not a Collision Between Two Motor Vehicles in Transport,"Yes, M/V and Driver Left Scene",Traffic Control Signal,4,1,Fatal
874626,5/1/22,7:09 PM,2022-00032999,NELSON ST,Smith St,NELSON ST / Smith St,Jan Delle Johnson,529,01-May-22,Vehicle - Pedestrian,,,,"Two-Way, Divided, Unprotected (painted>4feet) Medium",Dry,Dusk,Clear,1,Not a Collision Between Two Motor Vehicles in Transport,"Yes, M/V and Driver Left Scene",Stop Signs,1,1,Complains Of Pain
874633,5/1/22,9:59 PM,2022-00033061,Manton Ave,SISSON ST ,Manton Ave / SISSON ST ,Kristen Barth,247,01-May-22,Vehicle - Pedestrian,,,,"Two-Way , Not Divided",Dry,Dark - Lighted,Clear,1,Not a Collision Between Two Motor Vehicles in Transport,"Yes, M/V and Driver Left Scene",No Controls,3,2,Complains Of Pain
874644,5/2/22,7:48 AM,2022-00033142,354 MANTON AVE,OWEN ST ,354 MANTON AVE / OWEN ST ,Cory Vingi,237,02-May-22,Vehicle - Pedestrian,,,,"Two-Way , Not Divided",Dry,Daylight,Clear,1,Not a Collision Between Two Motor Vehicles in Transport,No,No Controls,5,1,Complains Of Pain
874657,5/2/22,4:05 PM,2022-00033259,PINEHURST AVE,CHAD BROWN ST ,PINEHURST AVE / CHAD BROWN ST ,Jessenia Montano,149,02-May-22,Vehicle - Pedestrian,,,,"Two-Way, Divided, Unprotected (painted>4feet) Medium",Dry,Daylight,Clear,2,Unknown,"Yes, M/V and Driver Left Scene",No Controls,2,0,No Injury
874707,5/4/22,4:23 PM,2022-00033787,225 Dyer Street,DORRANCE ST ,225 Dyer Street / DORRANCE ST ,Mark Roman,120,04-May-22,Vehicle - Pedestrian,,,,"Two-Way , Not Divided",Dry,Daylight,Clear,2,Angle - Direction Not Specified,No,No Controls,2,0,No Injury
874708,5/4/22,3:49 PM,2022-00033774,IRVING AVE,WAYLAND AVE ,IRVING AVE / WAYLAND AVE ,Raymond Criner,340,04-May-22,Vehicle - Pedestrian,,,,"Two-Way , Not Divided",Dry,Daylight,Cloudy,3,Angle (Front - to - Side) Right Angle (Includes Broadside),No,Stop Signs,4,1,Complains Of Pain
874828,5/7/22,9:40 PM,2022-00034804,ATWELLS/BRADFORD ST,ATWELLS AVE ,ATWELLS/BRADFORD ST / ATWELLS AVE ,Mark Roman,120,07-May-22,Vehicle - Pedestrian,,,,"Two-Way , Not Divided",Dry,Dark - Lighted,Clear,4,Angle (Front - to - Side) Same Direction,No,No Controls,8,0,No Injury
874859,5/8/22,8:33 PM,2022-00035063,LONGFELLOW ST,ELMWOOD AVE ,LONGFELLOW ST / ELMWOOD AVE ,Ralph Abenante,511,08-May-22,Vehicle - Pedestrian,X,,,"Two-Way, Divided, Positive Median Barrier",Dry,Dark - Lighted,Cloudy,1,Angle (Front - to - Side) Opposite Direction,No,Stop Signs,2,1,Complains Of Pain
874862,5/8/22,11:56 PM,2022-00035108,BROAD STREET,THURBERS AVE ,BROAD STREET / THURBERS AVE ,John Palmer,101,09-May-22,Vehicle - Pedestrian,,,,"Two-Way , Not Divided",Dry,Dark - Lighted,Clear,1,Not a Collision Between Two Motor Vehicles in Transport,No,No Controls,6,1,Complains Of Pain
874883,5/9/22,5:33 PM,2022-00035325,BROADWAY,RINGGOLD ST ,BROADWAY / RINGGOLD ST ,Ptlm. Castagliuolo,351,09-May-22,Vehicle - Pedestrian,,,,"Two-Way , Not Divided",Dry,Daylight,Clear,1,Not a Collision Between Two Motor Vehicles in Transport,No,Pavement Markings,2,1,Complains Of Pain
874900,5/10/22,8:56 AM,2022-00035509,WESTMINSTER ST,COLLEGE ST ,WESTMINSTER ST / COLLEGE ST ,James Cryan,352,10-May-22,Vehicle - Pedestrian,,,,One-Way Trafficway,Dry,Daylight,Clear,1,Other,No,Traffic Control Signal,2,1,Complains Of Pain
875046,5/12/22,8:00 PM,2022-00036443,ALDRICH ST,BROAD ST ,ALDRICH ST / BROAD ST , Lane,109,13-May-22,Vehicle - Pedestrian,,,,"Two-Way , Not Divided",Dry,Dark - Lighted,Clear,1,Other,"Yes, M/V and Driver Left Scene",No Controls,1,1,Complains Of Pain
874956,5/12/22,11:49 AM,2022-00036116,BRANCH AVE,OLMSTEAD WAY ,BRANCH AVE / OLMSTEAD WAY ,Cassidy Simanski,132,12-May-22,Vehicle - Pedestrian,,,,Unknown,Dry,Daylight,Clear,1,Not a Collision Between Two Motor Vehicles in Transport,"Yes, M/V and Driver Left Scene",No Controls,1,1,Complains Of Pain
875000,5/12/22,5:18 PM,2022-00036222,IRVING AVE,BLACKSTONE BLVD ,IRVING AVE / BLACKSTONE BLVD ,Raymond Criner,340,12-May-22,Vehicle - Pedestrian,X,,,One-Way Trafficway,Dry,Daylight,Clear,1,Not a Collision Between Two Motor Vehicles in Transport,No,No Controls,2,1,Complains Of Pain
875057,5/13/22,3:17 PM,2022-00036542,294 ADMIRAL ST,NEWCOMB ST ,294 ADMIRAL ST / NEWCOMB ST ,Raymond Criner,340,13-May-22,Vehicle - Pedestrian,X,,,"Two-Way , Not Divided",Dry,Daylight,Clear,1,Not a Collision Between Two Motor Vehicles in Transport,No,No Controls,2,1,Complains Of Pain
875070,5/13/22,9:30 PM,2022-00036661,CORLISS STREET,INDUSTRIAL DR ,CORLISS STREET / INDUSTRIAL DR ,Jessenia Montano,149,13-May-22,Vehicle - Pedestrian,,,,"Two-Way, Divided, Unprotected (painted>4feet) Medium",Dry,Dark - Lighted,Clear,2,Unknown,"Yes, M/V and Driver Left Scene",No Controls,2,0,Unknown
875031,5/13/22,3:26 AM,2022-00036406,MAGNOLIA ST,BANCROFT ST ,MAGNOLIA ST / BANCROFT ST ,Damaris Sanchez,566,13-May-22,Vehicle - Pedestrian,,,,"Two-Way , Not Divided",Dry,Dark - Lighted,Clear,1,Not a Collision Between Two Motor Vehicles in Transport,"Yes, Driver Left Scene",No Controls,2,0,No Injury
875076,5/14/22,2:18 AM,2022-00036752,BROAD ST,ALDRICH ST ,BROAD ST / ALDRICH ST ,Hansel Ventura,570,14-May-22,Vehicle - Pedestrian,,,,"Two-Way , Not Divided",Dry,Dark - Lighted,Clear,4,"Sideswipe, Same Direction",No,No Controls,6,0,No Injury
875098,5/14/22,12:27 PM,2022-00036866,ELMWOOD AVE,ADELAIDE AVE ,ELMWOOD AVE / ADELAIDE AVE ,Cory Vingi,237,14-May-22,Vehicle - Pedestrian,,,,"Two-Way , Not Divided",Dry,Daylight,Clear,1,Not a Collision Between Two Motor Vehicles in Transport,No,No Controls,3,1,Non-Incapacitating
875146,5/15/22,3:45 PM,2022-00037341,DOUGLAS AVENUE,CHAD BROWN ST ,DOUGLAS AVENUE / CHAD BROWN ST ,Jessenia Montano,149,15-May-22,Vehicle - Pedestrian,,,,"Two-Way, Divided, Unprotected (painted>4feet) Medium",Dry,Daylight,Clear,2,Rear End(Front-to-Rear),"Yes, M/V and Driver Left Scene",Traffic Control Signal,3,0,No Injury
875172,5/16/22,2:53 PM,2022-00037629,CRANSTON ST,BENEDICT ST ,CRANSTON ST / BENEDICT ST ,Donald Castigliego,287,16-May-22,Vehicle - Pedestrian,,X,,"Two-Way , Not Divided",Dry,Daylight,Clear,1,Not a Collision Between Two Motor Vehicles in Transport,No,No Controls,2,0,No Injury
875182,5/17/22,2:14 AM,2022-00037796,WHITTIER AVE,GIFFORD ST ,WHITTIER AVE / GIFFORD ST ,Damaris Sanchez,566,17-May-22,Vehicle - Pedestrian,,,,"Two-Way , Not Divided",Dry,Dark - Lighted,Clear,1,Not a Collision Between Two Motor Vehicles in Transport,"Yes, Driver Left Scene",No Controls,2,0,Unknown
875244,5/18/22,4:55 PM,2022-00038258,BELLEVUE AVE,CRANSTON ST ,BELLEVUE AVE / CRANSTON ST ,Raymond Criner,340,18-May-22,Vehicle - Pedestrian,,,,"Two-Way , Not Divided",Dry,Daylight,Clear,1,Not a Collision Between Two Motor Vehicles in Transport,"Yes, M/V and Driver Left Scene",Stop Signs,2,1,Complains Of Pain
875325,5/20/22,8:18 PM,2022-00038899,DEAN ST,FEDERAL ST ,DEAN ST / FEDERAL ST ,Ralph Abenante,511,20-May-22,Vehicle - Pedestrian,X,,,"Two-Way , Not Divided",Dry,Dark - Lighted,Cloudy,1,"Sideswipe, Same Direction",No,Stop Signs,5,0,No Injury
875346,5/21/22,6:30 AM,2022-00039060,CHAD BROWN ST,RUGGLES ST ,CHAD BROWN ST / RUGGLES ST ,Cory Vingi,237,21-May-22,Vehicle - Pedestrian,,,,"Two-Way , Not Divided",Wet,Daylight,Clear,1,Not a Collision Between Two Motor Vehicles in Transport,"Yes, Driver Left Scene",No Controls,4,1,Incapacitating
875368,5/22/22,10:17 PM,2022-00039279,RUGGLES ST,SPARROW ST ,RUGGLES ST / SPARROW ST ,Mario Andrade,130,22-May-22,Vehicle - Pedestrian,,,,"Two-Way, Divided, Positive Median Barrier",Dry,Dark - Lighted,Clear,2,"Sideswipe, Same Direction","Yes, M/V and Driver Left Scene",No Controls,2,0,Unknown
875423,5/22/22,8:43 PM,2022-00039679,VALLEY ST,HEMLOCK ST ,VALLEY ST / HEMLOCK ST ,Ptlm Labutti,104,22-May-22,Vehicle - Pedestrian,,,,"Two-Way , Not Divided",Dry,Dark - Lighted,Clear,1,Not a Collision Between Two Motor Vehicles in Transport,"Yes, M/V and Driver Left Scene",No Controls,1,1,Non-Incapacitating
875427,5/22/22,11:02 PM,2022-00039739,DORCHESTER AVE,RALPH ST ,DORCHESTER AVE / RALPH ST ,Damaris Sanchez,566,23-May-22,Vehicle - Pedestrian,,,,"Two-Way , Not Divided",Dry,Dark - Lighted,Clear,2,Rear End(Front-to-Rear),"Yes, M/V and Driver Left Scene",No Controls,2,0,Unknown
875494,5/25/22,5:43 PM,2022-00040641,BROADWAY,VINTON ST ,BROADWAY / VINTON ST ,Ptlm. Castagliuolo,351,25-May-22,Vehicle - Pedestrian,,,,"Two-Way , Not Divided",Dry,Daylight,Clear,1,Not a Collision Between Two Motor Vehicles in Transport,"Yes, M/V and Driver Left Scene",Pavement Markings,1,1,Complains Of Pain
875531,5/26/22,8:45 PM,2022-00041009,PUBLIC ST,BROAD ST ,PUBLIC ST / BROAD ST ,Ralph Abenante,511,26-May-22,Vehicle - Pedestrian,X,,,"Two-Way, Divided, Unprotected (painted>4feet) Medium",Dry,Dark - Lighted,Clear,1,Angle (Front - to - Side) Same Direction,"Yes, Driver Left Scene",Traffic Control Signal,1,1,Complains Of Pain
875552,5/27/22,2:55 PM,2022-00041214,BENEFIT ST,ANGELL ST ,BENEFIT ST / ANGELL ST ,Ptlm. Castagliuolo,351,27-May-22,Vehicle - Pedestrian,,X,,"Two-Way , Not Divided",Dry,Daylight,Clear,1,Not a Collision Between Two Motor Vehicles in Transport,No,Traffic Control Signal,3,1,Non-Incapacitating
875563,5/27/22,5:15 PM,2022-00041253,FRANCIS ST,GASPEE ST ,FRANCIS ST / GASPEE ST ,Jan Delle Johnson,529,27-May-22,Vehicle - Pedestrian,,,,"Two-Way, Divided, Unprotected (painted>4feet) Medium",Dry,Daylight,Clear,2,Angle (Front - to - Side) Right Angle (Includes Broadside),"Yes, M/V and Driver Left Scene",Traffic Control Signal,2,0,No Injury
875655,5/31/22,9:18 AM,2022-00042581,DOUGLAS AVE/RIVER AVE,DOUGLAS AVE ,DOUGLAS AVE/RIVER AVE / DOUGLAS AVE ,Cory Vingi,237,31-May-22,Vehicle - Pedestrian,,,,"Two-Way , Not Divided",Dry,Daylight,Clear,1,Rear End(Front-to-Rear),No,No Controls,2,1,Complains Of Pain
875702,6/1/22,8:58 AM,2022-00042903,BARNES ST,THAYER ST ,BARNES ST / THAYER ST ,Raymond King,633,01-Jun-22,Vehicle - Pedestrian,,,,"Two-Way , Not Divided",Dry,Daylight,Clear,2,Angle (Front - to - Side) Same Direction,No,No Controls,5,0,No Injury
875741,6/2/22,4:32 PM,2022-00043319,BROAD ST,THURBERS AVE ,BROAD ST / THURBERS AVE ,Donald Castigliego,287,02-Jun-22,Vehicle - Pedestrian,,,,"Two-Way , Not Divided",Dry,Daylight,Clear,1,Not a Collision Between Two Motor Vehicles in Transport,No,Traffic Control Signal,3,1,Complains Of Pain
875762,6/3/22,9:09 AM,2022-00043498,736 BRANCH AVENUE,,736 BRANCH AVENUE / ,Joseph Madeira,552,03-Jun-22,Vehicle - Pedestrian,,,,"Two-Way , Not Divided",Dry,Daylight,Cloudy,1,Other,No,No Controls,7,1,Complains Of Pain