CrashReportId,CrashDate,CrashTime,ReportNumber,StreetOrHighway,NearestIntersection,Location,Officer,Badge,ReportDate,TypeOfCollision,Bicycle,Scooter,Wheel Chair,TypeOfRoadway,RoadSurfaceCondition,LightCondition,WeatherCondition,NumberofVehicles,MannerofImpact,HitAndRun,TrafficControl,PersonCount,InjuryCount,MostSeriousInjury
876860,6/6/22,3:11 PM,2022-00044691,ELMWOOD AVE,EXIT ,ELMWOOD AVE / EXIT ,Jason Cotugno,173,06-Jun-22,Vehicle - Pedestrian,,,,"Two-Way, Divided, Positive Median Barrier",Dry,Daylight,Clear,2,"Sideswipe, Same Direction",No,No Controls,4,0,No Injury
876863,6/6/22,3:00 PM,2022-00044676,WICKENDEN ST,IVES ST ,WICKENDEN ST / IVES ST ,Miguel Castillo,489,06-Jun-22,Vehicle - Pedestrian,,,,"Two-Way, Divided, Unprotected (painted>4feet) Medium",Dry,Daylight,Clear,2,"Sideswipe, Same Direction",No,No Controls,4,0,No Injury
876875,6/7/22,7:50 AM,2022-00044897,CRANSTON ST,LINWOOD AVE ,CRANSTON ST / LINWOOD AVE ,Cory Vingi,237,07-Jun-22,Vehicle - Pedestrian,X,,,"Two-Way , Not Divided",Dry,Daylight,Clear,1,Not a Collision Between Two Motor Vehicles in Transport,No,Traffic Control Signal,4,1,Complains Of Pain
876899,6/7/22,3:48 PM,2022-00045026,SILVER SPRING ST,BRANCH AVE ,SILVER SPRING ST / BRANCH AVE ,Jessenia Montano,149,07-Jun-22,Vehicle - Pedestrian,,,,"Two-Way, Divided, Unprotected (painted>4feet) Medium",Dry,Daylight,Clear,2,Rear End(Front-to-Rear),"Yes, M/V and Driver Left Scene",Traffic Control Signal,4,0,No Injury
876900,6/7/22,5:10 PM,2022-00045058,BRANCH AVENUE,W RIVER ST ,BRANCH AVENUE / W RIVER ST ,Jessenia Montano,149,07-Jun-22,Vehicle - Pedestrian,,,,"Two-Way, Divided, Unprotected (painted>4feet) Medium",Dry,Daylight,Clear,2,Rear End(Front-to-Rear),"Yes, M/V and Driver Left Scene",Traffic Control Signal,2,0,No Injury
876918,6/8/22,6:56 PM,2022-00045405,286 INDIANA AVE,VIRGINIA AVE ,286 INDIANA AVE / VIRGINIA AVE ,Kristen Barth,247,08-Jun-22,Vehicle - Pedestrian,X,,,"Two-Way , Not Divided",Dry,Dark - Lighted,Clear,1,Not a Collision Between Two Motor Vehicles in Transport,No,No Controls,3,1,Complains Of Pain
876924,6/8/22,6:26 PM,2022-00045397,NEBRASKA ST,EDDY ST ,NEBRASKA ST / EDDY ST ,Donald Castigliego,287,08-Jun-22,Vehicle - Pedestrian,,,,"Two-Way , Not Divided",Dry,Dusk,Clear,1,Not a Collision Between Two Motor Vehicles in Transport,No,No Controls,2,0,No Injury
876943,6/9/22,12:37 PM,2022-00045622,BROAD ST,VERNDALE ST ,BROAD ST / VERNDALE ST ,Joshua Cascione,225,09-Jun-22,Vehicle - Pedestrian,,X,,"Two-Way , Not Divided",Dry,Daylight,Clear,1,Not a Collision Between Two Motor Vehicles in Transport,No,No Controls,4,1,Complains Of Pain
876950,6/9/22,2:04 PM,2022-00045653,387 CHARLES ST ,SILVER SPRING ST ,387 CHARLES ST  / SILVER SPRING ST ,Joshua Cascione,225,09-Jun-22,Vehicle - Pedestrian,,,,"Two-Way , Not Divided",Dry,Daylight,Clear,1,Not a Collision Between Two Motor Vehicles in Transport,No,No Controls,2,1,Complains Of Pain
876994,6/9/22,6:14 PM,2022-00045734,CAMP ST,DOYLE AVE ,CAMP ST / DOYLE AVE ,John Benros,481,10-Jun-22,Vehicle - Pedestrian,,X,,"Two-Way , Not Divided",Dry,Daylight,Clear,1,Unknown,No,Stop Signs,2,1,Complains Of Pain
876998,6/10/22,3:38 PM,2022-00046034,Smith and Canal St ,SMITH ST ,Smith and Canal St  / SMITH ST ,Mark Roman,120,10-Jun-22,Vehicle - Pedestrian,,,,"Two-Way , Not Divided",Dry,Daylight,Clear,1,Angle (Front - to - Side) Opposite Direction,No,No Controls,2,1,Non-Incapacitating
877034,6/11/22,12:55 PM,2022-00046376,POINT ST,PRAIRIE AVE ,POINT ST / PRAIRIE AVE ,Joshua Cascione,225,11-Jun-22,Vehicle - Pedestrian,X,,,One-Way Trafficway,Dry,Daylight,Clear,1,Not a Collision Between Two Motor Vehicles in Transport,"Yes, M/V and Driver Left Scene",No Controls,1,1,Complains Of Pain
877060,6/12/22,9:48 AM,2022-00046776,981 BROAD ST,SUMTER ST,981 BROAD ST / SUMTER ST,Cory Vingi,237,12-Jun-22,Vehicle - Pedestrian,,,,"Two-Way , Not Divided",Dry,Daylight,Clear,1,Not a Collision Between Two Motor Vehicles in Transport,No,No Controls,2,1,Complains Of Pain
877069,6/12/22,4:32 PM,2022-00046878,MURRAY ST,SIBYL ST ,MURRAY ST / SIBYL ST ,Ptlm. Castagliuolo,351,12-Jun-22,Vehicle - Pedestrian,X,,,"Two-Way , Not Divided",Dry,Daylight,Clear,1,Not a Collision Between Two Motor Vehicles in Transport,No,No Controls,2,1,Complains Of Pain
877114,6/13/22,7:35 PM,2022-00047286,NORTH AVE,BLACKSTONE BLVD ,NORTH AVE / BLACKSTONE BLVD ,Ralph Abenante,511,13-Jun-22,Vehicle - Pedestrian,X,,,One-Way Trafficway,Dry,Daylight,Clear,1,Not a Collision Between Two Motor Vehicles in Transport,No,No Controls,4,1,Non-Incapacitating
877136,6/14/22,8:43 AM,2022-00047412,CHALKSTONE AVENUE ,ACADEMY AVENUE ,CHALKSTONE AVENUE  / ACADEMY AVENUE ,Giuseppe Scarcello,485,14-Jun-22,Vehicle - Pedestrian,X,,,"Two-Way , Not Divided",Dry,Daylight,Clear,1,Not a Collision Between Two Motor Vehicles in Transport,No,Traffic Control Signal,2,0,No Injury
877137,6/14/22,11:30 AM,2022-00047452,PLAIN ST,BLACKSTONE ST ,PLAIN ST / BLACKSTONE ST ,Cory Vingi,237,14-Jun-22,Vehicle - Pedestrian,,,,Unknown,Dry,Daylight,Clear,1,Not a Collision Between Two Motor Vehicles in Transport,No,No Controls,3,1,Non-Incapacitating
877144,6/14/22,3:34 PM,2022-00047532,HANNAH ST,ATWELLS AVE ,HANNAH ST / ATWELLS AVE ,Michael Pesola,117,14-Jun-22,Vehicle - Pedestrian,,,,Unknown,Dry,Daylight,Clear,1,Other,"Yes, M/V and Driver Left Scene",No Controls,1,1,Complains Of Pain
877272,6/17/22,9:27 PM,2022-00048646,SILVER SPRING ST,FELIX MIRANDO WAY ,SILVER SPRING ST / FELIX MIRANDO WAY ,Jessenia Montano,149,17-Jun-22,Vehicle - Pedestrian,,,,"Two-Way, Divided, Unprotected (painted>4feet) Medium",Dry,Dark - Lighted,Clear,2,"Sidwswipe, Opposite Direction","Yes, Driver Left Scene",No Controls,2,0,No Injury
877301,6/18/22,8:19 PM,2022-00049021,WEYBOSSET ST,DELTA ST ,WEYBOSSET ST / DELTA ST ,Raymond Criner,340,18-Jun-22,Vehicle - Pedestrian,,,,One-Way Trafficway,Dry,Dark - Lighted,Clear,3,"Sideswipe, Same Direction",No,No Controls,9,5,Complains Of Pain
877340,6/19/22,9:02 PM,2022-00049434,BLAINE ST,LEDGE ST ,BLAINE ST / LEDGE ST ,Jessenia Montano,149,19-Jun-22,Vehicle - Pedestrian,,,,"Two-Way , Not Divided",Dry,Dark - Lighted,Clear,1,Head-On (Front - to - Front),"Yes, M/V and Driver Left Scene",No Controls,2,0,Unknown
877362,6/20/22,4:42 PM,2022-00049660,NORTH MAIN ST,EVERGREEN ST,NORTH MAIN ST / EVERGREEN ST,Ptlm. Castagliuolo,351,20-Jun-22,Vehicle - Pedestrian,X,,,"Two-Way , Not Divided",Dry,Daylight,Clear,1,Not a Collision Between Two Motor Vehicles in Transport,No,Pavement Markings,2,1,Non-Incapacitating
877364,6/20/22,6:01 PM,2022-00049678,HOPE ST,WILLIAMS ST ,HOPE ST / WILLIAMS ST ,Miguel Castillo,489,20-Jun-22,Vehicle - Pedestrian,,X,,"Two-Way, Divided, Unprotected (painted>4feet) Medium",Dry,Daylight,Clear,1,Not a Collision Between Two Motor Vehicles in Transport,No,Stop Signs,3,1,Complains Of Pain
877367,6/20/22,8:08 PM,2022-00049715,SHARON ST,MOORLAND AVE ,SHARON ST / MOORLAND AVE ,Kelsa Heron,133,20-Jun-22,Vehicle - Pedestrian,,,,"Two-Way , Not Divided",Dry,Dusk,Clear,3,Rear End(Front-to-Rear),No,No Controls,5,0,No Injury
877418,6/22/22,12:49 PM,2022-00050178,81 WASHINGTON ST ,CLEMENCE ST ,81 WASHINGTON ST  / CLEMENCE ST ,Joshua Cascione,225,22-Jun-22,Vehicle - Pedestrian,,,,"Two-Way , Not Divided",Dry,Daylight,Clear,1,Not a Collision Between Two Motor Vehicles in Transport,"Yes, M/V and Driver Left Scene",Pavement Markings,1,1,Complains Of Pain
877447,6/23/22,11:12 AM,2022-00050451,Congress Ave,HAMILTON ST ,Congress Ave / HAMILTON ST ,Michelle Chasse,264,23-Jun-22,Vehicle - Pedestrian,,,,"Two-Way , Not Divided",Dry,Daylight,Clear,1,Not a Collision Between Two Motor Vehicles in Transport,No,Stop Signs,2,1,Complains Of Pain
877485,6/24/22,1:41 AM,2022-00050662,Steeple St,CANAL ST ,Steeple St / CANAL ST ,Rommy Morel,138,24-Jun-22,Vehicle - Pedestrian,,,,One-Way Trafficway,Dry,Dark - Lighted,Clear,1,Not a Collision Between Two Motor Vehicles in Transport,No,Traffic Control Signal,2,0,No Injury
877546,6/25/22,1:48 PM,2022-00051162,VALLEY STREET,NEWARK ST ,VALLEY STREET / NEWARK ST ,Gargar Grimes,323,25-Jun-22,Vehicle - Pedestrian,,,,"Two-Way, Divided, Unprotected (painted>4feet) Medium",Dry,Daylight,Clear,1,Not a Collision Between Two Motor Vehicles in Transport,"Yes, M/V and Driver Left Scene",No Controls,1,1,Complains Of Pain
877627,6/27/22,8:56 PM,2022-00051964,CRANSTON ST,DEXTER ST ,CRANSTON ST / DEXTER ST ,Raymond Criner,340,27-Jun-22,Vehicle - Pedestrian,,,,"Two-Way , Not Divided",Wet,Dark - Lighted,Clear,1,Not a Collision Between Two Motor Vehicles in Transport,"Yes, M/V and Driver Left Scene",No Controls,1,1,Complains Of Pain
877712,6/29/22,3:32 PM,2022-00052519,HOPE ST,STIMSON AVE ,HOPE ST / STIMSON AVE ,Raymond Criner,340,29-Jun-22,Vehicle - Pedestrian,,,,"Two-Way , Not Divided",Dry,Daylight,Clear,2,Not a Collision Between Two Motor Vehicles in Transport,No,No Controls,4,1,Complains Of Pain
877771,7/1/22,10:42 AM,2022-00053097,Richmond Sq,E RIVER ST ,Richmond Sq / E RIVER ST ,Raymond King,633,01-Jul-22,Vehicle - Pedestrian,,,,Unknown,Dry,Daylight,Clear,2,Unknown,"Yes, M/V and Driver Left Scene",No Controls,3,0,Unknown
877794,7/1/22,2:22 PM,2022-00053158,HARTFORD AVE,HARTFORD AVE ,HARTFORD AVE / HARTFORD AVE ,Luca Ragosta,116,01-Jul-22,Vehicle - Pedestrian,,,,"Two-Way, Divided, Unprotected (painted>4feet) Medium",Dry,Daylight,Clear,1,Not a Collision Between Two Motor Vehicles in Transport,No,No Controls,2,1,Complains Of Pain
877799,7/1/22,6:15 PM,2022-00053225,DEXTER ST,SPRAGUE ST ,DEXTER ST / SPRAGUE ST ,Ptlm. Castagliuolo,351,01-Jul-22,Vehicle - Pedestrian,,X,,"Two-Way , Not Divided",Dry,Daylight,Clear,1,Not a Collision Between Two Motor Vehicles in Transport,No,No Controls,2,1,Complains Of Pain
878930,7/3/22,3:43 PM,2022-00053863,CUSTOM HOUSE ST,DYER ST ,CUSTOM HOUSE ST / DYER ST ,Luis Pelaez,336,05-Jul-22,Vehicle - Pedestrian,,X,,One-Way Trafficway,Dry,Daylight,Clear,2,Not a Collision Between Two Motor Vehicles in Transport,"Yes, M/V and Driver Left Scene",No Controls,1,0,No Injury
878869,7/3/22,6:47 PM,2022-00053921,ELMWOOD AVE,DABOLL ST ,ELMWOOD AVE / DABOLL ST ,Raymond Criner,340,03-Jul-22,Vehicle - Pedestrian,,,,"Two-Way , Not Divided",Dry,Daylight,Clear,1,Not a Collision Between Two Motor Vehicles in Transport,"Yes, M/V and Driver Left Scene",No Controls,3,1,Complains Of Pain
878925,7/5/22,2:10 PM,2022-00054648,Broadway,KNIGHT ST ,Broadway / KNIGHT ST ,Michael Camardo,357,05-Jul-22,Vehicle - Pedestrian,,,,"Two-Way, Divided, Unprotected (painted>4feet) Medium",Dry,Daylight,Clear,1,Not a Collision Between Two Motor Vehicles in Transport,No,No Controls,3,1,Complains Of Pain
878927,7/5/22,3:57 PM,2022-00054678,BUCKLIN ST,BELLEVUE AVE ,BUCKLIN ST / BELLEVUE AVE ,Raymond Criner,340,05-Jul-22,Vehicle - Pedestrian,,,,"Two-Way , Not Divided",Dry,Daylight,Cloudy,1,Not a Collision Between Two Motor Vehicles in Transport,No,Pavement Markings,3,1,Complains Of Pain
878944,7/6/22,5:30 PM,2022-00054977,WESTMINSTER ST,COURTLAND ST ,WESTMINSTER ST / COURTLAND ST ,Doldoorian,221,06-Jul-22,Vehicle - Pedestrian,,,,"Two-Way , Not Divided",Dry,Daylight,Clear,1,"Sideswipe, Same Direction",No,No Controls,2,1,Complains Of Pain
878953,7/6/22,2:48 PM,2022-00054942,EAGLE ST,VALLEY ST ,EAGLE ST / VALLEY ST ,Ptlm. Castagliuolo,351,06-Jul-22,Vehicle - Pedestrian,X,,,"Two-Way , Not Divided",Dry,Daylight,Clear,1,Not a Collision Between Two Motor Vehicles in Transport,No,No Controls,2,1,Complains Of Pain
879015,7/9/22,7:44 AM,2022-00055822,MONTICELLO ST,HAWKINS ST ,MONTICELLO ST / HAWKINS ST ,Paul Caminero,339,09-Jul-22,Vehicle - Pedestrian,,,,One-Way Trafficway,Dry,Daylight,Clear,2,"Sideswipe, Same Direction","Yes, M/V and Driver Left Scene",No Controls,2,0,Unknown
879049,7/10/22,10:03 PM,2022-00056410,SILVER SPRING STREET,DE PINEDO ST ,SILVER SPRING STREET / DE PINEDO ST ,Ryan Fernandes,125,10-Jul-22,Vehicle - Pedestrian,,,,"Two-Way, Divided, Unprotected (painted>4feet) Medium",Dry,Dark - Lighted,Clear,2,Rear End(Front-to-Rear),No,No Controls,4,0,No Injury
879080,7/12/22,6:33 AM,2022-00056768,Canal St/ Steeple St,CANAL ST ,Canal St/ Steeple St / CANAL ST ,Khari Bass,312,12-Jul-22,Vehicle - Pedestrian,,X,,One-Way Trafficway,Dry,Daylight,Clear,1,Not a Collision Between Two Motor Vehicles in Transport,No,Traffic Control Signal,2,1,Incapacitating
879112,7/13/22,1:41 AM,2022-00057038,COMMODORE ST,BRANCH AVE ,COMMODORE ST / BRANCH AVE ,Raleek Byfield,375,13-Jul-22,Vehicle - Pedestrian,,,,"Two-Way, Divided, Unprotected (painted>4feet) Medium",Wet,Dark - Lighted,Cloudy,1,Not a Collision Between Two Motor Vehicles in Transport,"Yes, M/V and Driver Left Scene",Pavement Markings,2,1,Complains Of Pain
879154,7/14/22,4:26 PM,2022-00057507,WICKENDEN ST, Wickenden St,WICKENDEN ST /  Wickenden St,Brian Aucoin,113,14-Jul-22,Vehicle - Pedestrian,,X,,"Two-Way , Not Divided",Dry,Daylight,Clear,1,Not a Collision Between Two Motor Vehicles in Transport,No,Traffic Control Signal,2,0,No Injury
879158,7/14/22,3:55 PM,2022-00057493,INDUSTRIAL DR,N MAIN ST ,INDUSTRIAL DR / N MAIN ST ,Donald Castigliego,287,14-Jul-22,Vehicle - Pedestrian,X,,,"Two-Way, Divided, Positive Median Barrier",Dry,Daylight,Clear,1,Not a Collision Between Two Motor Vehicles in Transport,No,Traffic Control Signal,2,1,Complains Of Pain
879206,7/15/22,6:04 PM,2022-00057833,PUBLIC ST,GORDON AVE ,PUBLIC ST / GORDON AVE ,Raymond Criner,340,15-Jul-22,Vehicle - Pedestrian,,,,"Two-Way , Not Divided",Dry,Daylight,Clear,1,Not a Collision Between Two Motor Vehicles in Transport,No,No Controls,4,1,Complains Of Pain
879219,7/15/22,9:53 PM,2022-00057933,WARRINGTON ST,BROAD STREET,WARRINGTON ST / BROAD STREET,Ralph Abenante,511,15-Jul-22,Vehicle - Pedestrian,,,,"Two-Way, Divided, Unprotected (painted>4feet) Medium",Dry,Dark - Lighted,Cloudy,1,Not a Collision Between Two Motor Vehicles in Transport,"Yes, Driver Left Scene",No Controls,6,1,Incapacitating
879257,7/16/22,9:23 PM,2022-00058260,ATWELLS AVE,CUTLER ST ,ATWELLS AVE / CUTLER ST ,Ralph Abenante,511,16-Jul-22,Vehicle - Pedestrian,,,,"Two-Way, Divided, Positive Median Barrier",Dry,Dark - Lighted,Cloudy,1,Not a Collision Between Two Motor Vehicles in Transport,No,No Controls,4,1,Incapacitating
879259,7/16/22,1:41 AM,2022-00058023,UNION AVE,CUMERFORD ST ,UNION AVE / CUMERFORD ST ,Damaris Sanchez,566,16-Jul-22,Vehicle - Pedestrian,,,,"Two-Way , Not Divided",Dry,Dark - Lighted,Clear,1,Not a Collision Between Two Motor Vehicles in Transport,"Yes, M/V and Driver Left Scene",Traffic Control Signal,2,1,Complains Of Pain
879284,7/17/22,9:01 AM,2022-00058441,234 ORMS STREET,CANDACE ST ,234 ORMS STREET / CANDACE ST ,Mabel Addai,513,17-Jul-22,Vehicle - Pedestrian,,,,"Two-Way, Divided, Unprotected (painted>4feet) Medium",Dry,Daylight,Clear,4,Rear End(Front-to-Rear),No,No Controls,6,0,No Injury
879312,7/18/22,9:55 AM,2022-00058782,BRANCH AVE,HAWKINS ST ,BRANCH AVE / HAWKINS ST ,Joshua Cascione,225,18-Jul-22,Vehicle - Pedestrian,,,,"Two-Way , Not Divided",Dry,Daylight,Clear,1,Not a Collision Between Two Motor Vehicles in Transport,"Yes, M/V and Driver Left Scene",Traffic Control Signal,1,1,Complains Of Pain
879367,7/20/22,10:42 AM,2022-00059325,442 Manton Avenue,ATWELLS AVE ,442 Manton Avenue / ATWELLS AVE ,Mario Andrade,130,20-Jul-22,Vehicle - Pedestrian,,,,"Two-Way, Divided, Positive Median Barrier",Dry,Daylight,Clear,2,"Sideswipe, Same Direction","Yes, M/V and Driver Left Scene",No Controls,2,0,No Injury
879450,7/22/22,11:55 PM,2022-00060197,Oxford Street,FRENCH ST ,Oxford Street / FRENCH ST ,Mario Andrade,130,23-Jul-22,Vehicle - Pedestrian,,,,"Two-Way, Divided, Positive Median Barrier",Dry,Dark - Lighted,Clear,1,Not a Collision Between Two Motor Vehicles in Transport,"Yes, M/V and Driver Left Scene",No Controls,2,1,Complains Of Pain
879425,7/22/22,1:01 PM,2022-00059657,280 Atwells Ave,CROUT ST ,280 Atwells Ave / CROUT ST ,Michael Camardo,357,22-Jul-22,Vehicle - Pedestrian,,,,Unknown,Dry,Daylight,Clear,1,Not a Collision Between Two Motor Vehicles in Transport,"Yes, M/V and Driver Left Scene",No Controls,1,1,Complains Of Pain
879448,7/23/22,12:27 AM,2022-00060210,165 WOOD ST.,SERVICE RD NO. 1 ,165 WOOD ST. / SERVICE RD NO. 1 ,Mariangie Ponder,150,23-Jul-22,Vehicle - Pedestrian,,,,"Two-Way , Not Divided",Dry,Dark - Unknown Lighting,Clear,2,Unknown,"Yes, M/V and Driver Left Scene",Unknown,3,0,No Injury
879505,7/24/22,9:24 PM,2022-00060893,DETROIT AVE,Broad Street,DETROIT AVE / Broad Street,Kristen Barth,247,24-Jul-22,Vehicle - Pedestrian,,X,,"Two-Way , Not Divided",Dry,Dark - Lighted,Clear,1,Not a Collision Between Two Motor Vehicles in Transport,No,Stop Signs,3,1,Complains Of Pain
879609,7/27/22,4:36 PM,2022-00061725,WICKENDEN ST,BROOK ST ,WICKENDEN ST / BROOK ST ,Jenna Heeder,557,27-Jul-22,Vehicle - Pedestrian,,,,"Two-Way , Not Divided",Dry,Daylight,Clear,1,Not a Collision Between Two Motor Vehicles in Transport,"Yes, M/V and Driver Left Scene",Traffic Control Signal,2,0,No Injury
879638,7/28/22,7:26 PM,2022-00062064,HOPE ST,STIMSON AVE ,HOPE ST / STIMSON AVE ,Raymond Criner,340,28-Jul-22,Vehicle - Pedestrian,,,,"Two-Way , Not Divided",Dry,Dusk,Clear,1,Not a Collision Between Two Motor Vehicles in Transport,No,No Controls,2,0,No Injury
879643,7/28/22,9:14 PM,2022-00062090,HEALTH AVE,ACADEMY AVE ,HEALTH AVE / ACADEMY AVE ,Jenna Heeder,557,28-Jul-22,Vehicle - Pedestrian,,,,"Two-Way , Not Divided",Dry,Dark - Lighted,Clear,2,Rear - to - Rear,No,No Controls,4,0,No Injury
879658,7/29/22,2:58 PM,2022-00062289,CORLISS ST,CHARLES ST ,CORLISS ST / CHARLES ST ,Raymond Criner,340,29-Jul-22,Vehicle - Pedestrian,,,,"Two-Way , Not Divided",Dry,Daylight,Clear,1,Not a Collision Between Two Motor Vehicles in Transport,No,No Controls,4,1,Complains Of Pain
879688,7/30/22,7:13 PM,2022-00062714,TABER AVE,VILLA AVE ,TABER AVE / VILLA AVE ,Miguel Castillo,489,30-Jul-22,Vehicle - Pedestrian,,X,,"Two-Way, Divided, Unprotected (painted>4feet) Medium",Dry,Daylight,Clear,1,Not a Collision Between Two Motor Vehicles in Transport,No,No Controls,2,1,Complains Of Pain
879744,8/1/22,10:42 PM,2022-00063419,DOVER ST,CARLETON ST ,DOVER ST / CARLETON ST ,Kristen Barth,247,01-Aug-22,Vehicle - Pedestrian,,,,"Two-Way , Not Divided",Dry,Dark - Lighted,Clear,1,Not a Collision Between Two Motor Vehicles in Transport,No,Stop Signs,3,1,Complains Of Pain
879750,8/2/22,11:42 AM,2022-00063532,HARTFORD AVE,EDNA ST ,HARTFORD AVE / EDNA ST ,Ptlm. Castagliuolo,351,02-Aug-22,Vehicle - Pedestrian,,,,"Two-Way , Not Divided",Dry,Daylight,Clear,1,Not a Collision Between Two Motor Vehicles in Transport,No,Pavement Markings,2,1,Complains Of Pain
879753,8/2/22,12:59 PM,2022-00063546,PLAINFIELD ST,POCASSET AVE ,PLAINFIELD ST / POCASSET AVE ,Lane,109,02-Aug-22,Vehicle - Pedestrian,,,,"Two-Way , Not Divided",Dry,Daylight,Clear,2,Rear End(Front-to-Rear),No,No Controls,10,0,No Injury
879811,8/5/22,6:19 AM,2022-00064361,GRIMWOOD ST,OPHELIA ST ,GRIMWOOD ST / OPHELIA ST ,Shane Romano,596,05-Aug-22,Vehicle - Pedestrian,,,,"Two-Way , Not Divided",Dry,Daylight,Clear,1,Not a Collision Between Two Motor Vehicles in Transport,"Yes, M/V and Driver Left Scene",No Controls,1,1,Complains Of Pain
879831,8/5/22,6:02 PM,2022-00064512,Washington St,UNION ST ,Washington St / UNION ST ,Mark Roman,120,05-Aug-22,Vehicle - Pedestrian,,X,,"Two-Way , Not Divided",Dry,Daylight,Clear,2,"Sideswipe, Same Direction",No,No Controls,2,1,Non-Incapacitating
879838,8/5/22,10:40 PM,2022-00064580,Charles Street,HAWKINS ST ,Charles Street / HAWKINS ST ,Kristen Barth,247,05-Aug-22,Vehicle - Pedestrian,,,,"Two-Way , Not Divided",Dry,Dark - Lighted,Clear,1,Not a Collision Between Two Motor Vehicles in Transport,"Yes, M/V and Driver Left Scene",Stop Signs,3,1,Complains Of Pain
879852,8/6/22,1:33 PM,2022-00064801,POTTERS AVE,BAXTER ST ,POTTERS AVE / BAXTER ST ,Ptlm. Castagliuolo,351,06-Aug-22,Vehicle - Pedestrian,,,,"Two-Way , Not Divided",Dry,Daylight,Clear,1,Not a Collision Between Two Motor Vehicles in Transport,No,Stop Signs,4,1,Non-Incapacitating
879899,8/8/22,1:42 AM,2022-00065418,257 ALLENS AVE,ALLENS AVE ,257 ALLENS AVE / ALLENS AVE ,Ralph Abenante,511,08-Aug-22,Vehicle - Pedestrian,,,,"Two-Way, Divided, Positive Median Barrier",Dry,Dark - Lighted,Clear,1,Not a Collision Between Two Motor Vehicles in Transport,"Yes, M/V and Driver Left Scene",No Controls,3,1,Incapacitating
879949,8/9/22,7:42 PM,2022-00065940,EXCHANGE TER,EXCHANGE ST ,EXCHANGE TER / EXCHANGE ST ,Ralph Abenante,511,09-Aug-22,Vehicle - Pedestrian,,,,"Two-Way, Divided, Unprotected (painted>4feet) Medium",Dry,Dusk,Cloudy,2,Rear End(Front-to-Rear),"Yes, M/V and Driver Left Scene",No Controls,7,1,Non-Incapacitating
879964,8/10/22,3:05 PM,2022-00066151,BURLINGTON ST,HOPE ST ,BURLINGTON ST / HOPE ST ,Raymond Criner,340,10-Aug-22,Vehicle - Pedestrian,,,,"Two-Way , Not Divided",Dry,Daylight,Clear,1,Not a Collision Between Two Motor Vehicles in Transport,"Yes, M/V and Driver Left Scene",Pavement Markings,1,1,Complains Of Pain
880209,8/12/22,5:34 PM,2022-00066801,584 SMITH ST,OAKLAND AVE ,584 SMITH ST / OAKLAND AVE ,Cassidy Simanski,132,18-Aug-22,Vehicle - Pedestrian,,X,,"Two-Way, Divided, Unprotected (painted>4feet) Medium",Dry,Daylight,Clear,1,Not a Collision Between Two Motor Vehicles in Transport,No,Traffic Control Signal,2,0,No Injury
880051,8/13/22,4:08 PM,2022-00066775,EXCHANGE ST,WASHINGTON ST ,EXCHANGE ST / WASHINGTON ST ,Jenna Heeder,557,13-Aug-22,Vehicle - Pedestrian,,X,,One-Way Trafficway,Dry,Daylight,Clear,1,Not a Collision Between Two Motor Vehicles in Transport,No,No Controls,4,0,No Injury
880161,8/16/22,7:51 PM,2022-00068173,ELMWOOD AVE,ATLANTIC AVE ,ELMWOOD AVE / ATLANTIC AVE ,Ptlm. Castagliuolo,351,16-Aug-22,Vehicle - Pedestrian,,,,"Two-Way, Divided, Positive Median Barrier",Dry,Daylight,Clear,1,Not a Collision Between Two Motor Vehicles in Transport,No,No Controls,2,1,Complains Of Pain
880165,8/17/22,11:13 PM,2022-00068219,Cranston st,BENEDICT ST ,Cranston st / BENEDICT ST ,Luis Boror,575,17-Aug-22,Vehicle - Pedestrian,,,,"Two-Way , Not Divided",Dry,Dark - Lighted,Clear,1,Not a Collision Between Two Motor Vehicles in Transport,"Yes, M/V and Driver Left Scene",No Controls,1,0,No Injury
880233,8/18/22,11:03 PM,2022-00068816,Broad Street,SERVICE ROAD 7 ,Broad Street / SERVICE ROAD 7 ,Kristen Barth,247,19-Aug-22,Vehicle - Pedestrian,,,,"Two-Way , Not Divided",Dry,Dark - Lighted,Clear,1,Not a Collision Between Two Motor Vehicles in Transport,"Yes, M/V and Driver Left Scene",Traffic Control Signal,2,1,Fatal
880202,8/18/22,7:55 PM,2022-00068599,Rosedale Street,ELLERY ST ,Rosedale Street / ELLERY ST ,Abraham Lugo,525,18-Aug-22,Vehicle - Pedestrian,,,,"Two-Way , Not Divided",Dry,Daylight,Clear,2,"Sideswipe, Same Direction","Yes, M/V and Driver Left Scene",No Controls,2,0,Unknown
880263,8/19/22,10:48 PM,2022-00069110,S COURT ST,BENEFIT ST ,S COURT ST / BENEFIT ST ,Ralph Abenante,511,19-Aug-22,Vehicle - Pedestrian,X,,,"Two-Way , Not Divided",Dry,Dark - Lighted,Cloudy,1,Not a Collision Between Two Motor Vehicles in Transport,No,Stop Signs,2,1,Non-Incapacitating
880330,8/22/22,11:51 PM,2022-00069966,PALFREY PL,MANTON AVE ,PALFREY PL / MANTON AVE ,Christopher Hines,537,22-Aug-22,Vehicle - Pedestrian,,,,"Two-Way , Not Divided",Wet,Daylight,Rain,2,Angle (Front - to - Side) Right Angle (Includes Broadside),"Yes, M/V and Driver Left Scene",Traffic Control Signal,2,0,No Injury