CrashReportId,CrashDate,CrashTime,ReportNumber,StreetOrHighway,NearestIntersection,Location,Officer,Badge,ReportDate,TypeOfCollision,Bicycle,Scooter,Wheel Chair,TypeOfRoadway,RoadSurfaceCondition,LightCondition,WeatherCondition,NumberofVehicles,MannerofImpact,HitAndRun,TrafficControl,PersonCount,InjuryCount,MostSeriousInjury
880345,8/23/22,9:42 AM,2022-00070203,RIVER AVE,ADMIRAL ST ,RIVER AVE / ADMIRAL ST ,Christian Main,145,23-Aug-22,Vehicle - Pedestrian,,,,"Two-Way, Divided, Unprotected (painted>4feet) Medium",Dry,Daylight,Clear,1,Not a Collision Between Two Motor Vehicles in Transport,No,Traffic Control Signal,4,1,Non-Incapacitating
880395,8/24/22,5:35 PM,2022-00070613,WHIPPLE ST,OREGON ST ,WHIPPLE ST / OREGON ST ,Ptlm. Castagliuolo,351,24-Aug-22,Vehicle - Pedestrian,,,,"Two-Way , Not Divided",Dry,Daylight,Clear,2,Angle (Front - to - Side) Right Angle (Includes Broadside),No,Stop Signs,3,1,Non-Incapacitating
880397,8/24/22,7:04 PM,2022-00070637,MOUNT PLEASANT AVE,MANOMET ST ,MOUNT PLEASANT AVE / MANOMET ST ,Ryan Fernandes,125,24-Aug-22,Vehicle - Pedestrian,,,,"Two-Way, Divided, Unprotected (painted>4feet) Medium","Mud, Dirt, Gravel",Daylight,Clear,2,"Sideswipe, Same Direction","Yes, M/V and Driver Left Scene",No Controls,2,0,No Injury
880400,8/24/22,8:01 PM,2022-00070655,WHITEHALL ST,ELMDALE AVE ,WHITEHALL ST / ELMDALE AVE ,Donald Castigliego,287,24-Aug-22,Vehicle - Pedestrian,,,,"Two-Way , Not Divided",Dry,Dark - Lighted,Clear,2,Not a Collision Between Two Motor Vehicles in Transport,"Yes, M/V and Driver Left Scene",No Controls,5,1,Non-Incapacitating
880431,8/25/22,6:51 PM,2022-00070938,890 Douglas Ave,RIVER AVE ,890 Douglas Ave / RIVER AVE ,Kristen Barth,247,25-Aug-22,Vehicle - Pedestrian,,,,Unknown,Dry,Daylight,Clear,1,Not a Collision Between Two Motor Vehicles in Transport,No,No Controls,2,1,Complains Of Pain
880432,8/25/22,6:26 PM,2022-00070923,Westminster St.,BAINBRIDGE AVE ,Westminster St. / BAINBRIDGE AVE ,Jenna Heeder,557,25-Aug-22,Vehicle - Pedestrian,X,,,"Two-Way , Not Divided",Dry,Daylight,Clear,1,Not a Collision Between Two Motor Vehicles in Transport,No,No Controls,2,1,Complains Of Pain
880442,8/25/22,10:50 PM,2022-00070997,955 Atwells Ave,HANNAH ST ,955 Atwells Ave / HANNAH ST ,Kristen Barth,247,25-Aug-22,Vehicle - Pedestrian,,,,"Two-Way , Not Divided",Dry,Dark - Lighted,Clear,1,Not a Collision Between Two Motor Vehicles in Transport,"Yes, M/V and Driver Left Scene",Unknown,1,1,Complains Of Pain
880458,8/26/22,3:44 PM,2022-00071219,BROAD ST,BROAD ST ,BROAD ST / BROAD ST ,Donald Castigliego,287,26-Aug-22,Vehicle - Pedestrian,,X,,"Two-Way , Not Divided",Dry,Daylight,Cloudy,1,Not a Collision Between Two Motor Vehicles in Transport,No,No Controls,2,1,Complains Of Pain
880502,8/27/22,7:00 PM,2022-00071667,WICKENDEN ST,BROOK ST ,WICKENDEN ST / BROOK ST ,Donald Castigliego,287,27-Aug-22,Vehicle - Pedestrian,X,,,"Two-Way , Not Divided",Dry,Daylight,Clear,1,Not a Collision Between Two Motor Vehicles in Transport,No,No Controls,4,0,No Injury
880529,8/27/22,8:11 PM,2022-00071653,ATWELLS AVE,HANNAH ST ,ATWELLS AVE / HANNAH ST ,Arthur Lima,126,28-Aug-22,Vehicle - Pedestrian,,,,"Two-Way , Not Divided",Dry,Dark - Lighted,Clear,1,Not a Collision Between Two Motor Vehicles in Transport,No,No Controls,4,1,Non-Incapacitating
880624,8/30/22,10:59 PM,2022-00072721,253 Elmwood Ave,WHITMARSH ST ,253 Elmwood Ave / WHITMARSH ST ,Kristen Barth,247,30-Aug-22,Vehicle - Pedestrian,,,,Unknown,Dry,Dark - Lighted,Clear,1,Not a Collision Between Two Motor Vehicles in Transport,No,No Controls,3,1,Complains Of Pain
880349,8/30/22,10:05 AM,2022-00070211,Benefit Street,STAR ST ,Benefit Street / STAR ST ,Raymond King,633,23-Aug-22,Vehicle - Pedestrian,,,,"Two-Way , Not Divided",Dry,Daylight,Cloudy,2,"Sideswipe, Same Direction",No,No Controls,4,0,No Injury
880669,9/1/22,12:54 PM,2022-00073164,342 BROADWAY,KNIGHT ST ,342 BROADWAY / KNIGHT ST ,Joshua Cascione,225,01-Sep-22,Vehicle - Pedestrian,,X,,"Two-Way , Not Divided",Dry,Daylight,Clear,1,Not a Collision Between Two Motor Vehicles in Transport,No,Traffic Control Signal,3,1,Complains Of Pain
880679,9/1/22,3:20 PM,2022-00073206,BROOK ST,GEORGE ST ,BROOK ST / GEORGE ST ,Matthew Fadale,214,01-Sep-22,Vehicle - Pedestrian,,,,"Two-Way , Not Divided",Dry,Daylight,Clear,1,Not a Collision Between Two Motor Vehicles in Transport,No,No Controls,2,0,No Injury
880684,9/1/22,3:42 PM,2022-00073211,MAUDE ST,CONVENT ST ,MAUDE ST / CONVENT ST ,Ryan Fernandes,125,01-Sep-22,Vehicle - Pedestrian,,,,"Two-Way , Not Divided",Dry,Daylight,Clear,2,"Sidwswipe, Opposite Direction","Yes, M/V and Driver Left Scene",No Controls,4,0,No Injury
880795,9/3/22,9:58 PM,2022-00074058,ATWELLS AVE,DALE ST ,ATWELLS AVE / DALE ST ,Luis Garcia Colon,128,04-Sep-22,Vehicle - Pedestrian,,,,"Two-Way , Not Divided",Dry,Dark - Lighted,Clear,2,Rear End(Front-to-Rear),No,Stop Signs,5,0,No Injury
880731,9/3/22,10:11 AM,2022-00073839,850 MANTON AVE,MANTON AVE,850 MANTON AVE / MANTON AVE,Ptlm. Castagliuolo,351,03-Sep-22,Vehicle - Pedestrian,,,,Unknown,Dry,Daylight,Clear,1,Not a Collision Between Two Motor Vehicles in Transport,No,No Controls,2,1,Complains Of Pain
880754,9/3/22,4:05 PM,2022-00073916,JEWETT ST,BATH ST ,JEWETT ST / BATH ST ,Jephte Wagnac,141,03-Sep-22,Vehicle - Pedestrian,,,,"Two-Way , Not Divided",Dry,Daylight,Clear,2,Not a Collision Between Two Motor Vehicles in Transport,"Yes, M/V and Driver Left Scene",No Controls,2,0,No Injury
880761,9/4/22,2:16 AM,2022-00074168,POCASSET AVE,LAUREL HILL AVE ,POCASSET AVE / LAUREL HILL AVE ,Damaris Sanchez,566,04-Sep-22,Vehicle - Pedestrian,,,,"Two-Way , Not Divided",Dry,Dark - Lighted,Clear,1,Unknown,"Yes, Driver Left Scene",Traffic Control Signal,1,0,Unknown
880871,9/6/22,11:48 PM,2022-00075010,16 Alverson Ave,MERINO ST ,16 Alverson Ave / MERINO ST ,Carl Alves,576,07-Sep-22,Vehicle - Pedestrian,,,,"Two-Way , Not Divided",Dry,Dark - Lighted,Cloudy,2,Unknown,"Yes, M/V and Driver Left Scene",No Controls,2,0,Unknown
880879,9/7/22,8:20 AM,2022-00075074,160 BROADWAY ,BRADFORD ST ,160 BROADWAY  / BRADFORD ST ,Joshua Cascione,225,07-Sep-22,Vehicle - Pedestrian,,,,"Two-Way , Not Divided",Dry,Daylight,Clear,1,Not a Collision Between Two Motor Vehicles in Transport,No,No Controls,4,1,Incapacitating
880931,9/8/22,5:53 PM,2022-00075563,PLAINFIELD ST.,EDNA ST ,PLAINFIELD ST. / EDNA ST ,Jenna Heeder,557,08-Sep-22,Vehicle - Pedestrian,,,,"Two-Way , Not Divided",Dry,Daylight,Clear,1,Not a Collision Between Two Motor Vehicles in Transport,No,Traffic Control Signal,2,1,Complains Of Pain
880935,9/8/22,8:11 PM,2022-00075598,valley st,DEAN ST ,valley st / DEAN ST ,Jenna Heeder,557,08-Sep-22,Vehicle - Pedestrian,,,,"Two-Way , Not Divided",Dry,Dark - Lighted,Clear,1,Not a Collision Between Two Motor Vehicles in Transport,No,No Controls,2,1,Non-Incapacitating
880944,9/9/22,9:38 AM,2022-00075736,CHALKSTONE AVE,LISBON ST ,CHALKSTONE AVE / LISBON ST ,Joshua Cascione,225,09-Sep-22,Vehicle - Pedestrian,,,,"Two-Way , Not Divided",Dry,Daylight,Clear,1,Not a Collision Between Two Motor Vehicles in Transport,No,No Controls,4,1,Complains Of Pain
880967,9/9/22,7:40 PM,2022-00075888,Atwells Ave,CUTLER ST ,Atwells Ave / CUTLER ST ,Kristen Barth,247,09-Sep-22,Vehicle - Pedestrian,,X,,"Two-Way , Not Divided",Dry,Dark - Lighted,Clear,1,Not a Collision Between Two Motor Vehicles in Transport,"Yes, M/V and Driver Left Scene",Stop Signs,2,1,Complains Of Pain
881080,9/10/22,6:01 PM,2022-00076210,142 borden st,HOSPITAL ST ,142 borden st / HOSPITAL ST ,Brad McParlin,395,13-Sep-22,Vehicle - Pedestrian,,,,Unknown,Dry,Daylight,Clear,2,"Sideswipe, Same Direction","Yes, Driver Left Scene",No Controls,2,0,Unknown
880983,9/10/22,1:22 PM,2022-00076132,FRICKER ST,CRANSTON ST ,FRICKER ST / CRANSTON ST ,Joshua Cascione,225,10-Sep-22,Vehicle - Pedestrian,X,,,"Two-Way , Not Divided",Dry,Daylight,Clear,1,Not a Collision Between Two Motor Vehicles in Transport,No,Traffic Control Signal,2,0,No Injury
880984,9/10/22,9:32 AM,2022-00076079,W EXCHANGE ST,DEAN ST ,W EXCHANGE ST / DEAN ST ,Mabel Addai,513,10-Sep-22,Vehicle - Pedestrian,X,,,"Two-Way, Divided, Unprotected (painted>4feet) Medium",Dry,Daylight,Clear,1,Not a Collision Between Two Motor Vehicles in Transport,No,No Controls,3,1,Non-Incapacitating
880993,9/10/22,4:25 PM,2022-00076178,S WATER ST, POINT,S WATER ST /  POINT,Donald Castigliego,287,10-Sep-22,Vehicle - Pedestrian,,X,,One-Way Trafficway,Dry,Daylight,Clear,1,Not a Collision Between Two Motor Vehicles in Transport,No,No Controls,2,1,Non-Incapacitating
881029,9/11/22,4:24 PM,2022-00076572,FOUNTAIN ST,MATHEWSON ST ,FOUNTAIN ST / MATHEWSON ST ,Samantha Kawejsza,118,11-Sep-22,Vehicle - Pedestrian,,,,One-Way Trafficway,Dry,Daylight,Cloudy,2,"Sideswipe, Same Direction",No,No Controls,2,0,No Injury
881032,9/12/22,8:36 AM,2022-00076732,SMITH ST,RADCLIFFE AVE ,SMITH ST / RADCLIFFE AVE ,Ptlm. Castagliuolo,351,12-Sep-22,Vehicle - Pedestrian,,,,"Two-Way , Not Divided",Wet,Daylight,Rain,1,Not a Collision Between Two Motor Vehicles in Transport,No,Pavement Markings,3,1,Complains Of Pain
881083,9/13/22,7:45 PM,2022-00077190,DUDLEY ST,EDDY STREET,DUDLEY ST / EDDY STREET,Ralph Abenante,511,13-Sep-22,Vehicle - Pedestrian,X,,,"Two-Way, Divided, Unprotected (painted>4feet) Medium",Dry,Dark - Lighted,Cloudy,1,Not a Collision Between Two Motor Vehicles in Transport,No,Traffic Control Signal,2,1,Complains Of Pain
881107,9/14/22,10:00 PM,2022-00077526,CHARLESFIELD ST,HOPE ST ,CHARLESFIELD ST / HOPE ST ,Ralph Abenante,511,15-Sep-22,Vehicle - Pedestrian,,,,"Two-Way, Not Divided With a Continuous Left Turn Lane",Dry,Dark - Lighted,Clear,1,Not a Collision Between Two Motor Vehicles in Transport,"Yes, Driver Left Scene",Pavement Markings,1,0,No Injury
881144,9/15/22,6:52 PM,2022-00077746,5TH ST,SUMMIT AVE ,5TH ST / SUMMIT AVE ,Albert Decristofano,41,16-Sep-22,Vehicle - Pedestrian,,,,"Two-Way , Not Divided",Dry,Daylight,Clear,2,"Sideswipe, Same Direction","Yes, M/V and Driver Left Scene",No Controls,2,0,Unknown
881163,9/16/22,4:00 PM,2022-00077992,UNION AVE,MESSER ST ,UNION AVE / MESSER ST ,Marco Figueroa,110,16-Sep-22,Vehicle - Pedestrian,,,,"Two-Way , Not Divided",Dry,Daylight,Clear,1,Not a Collision Between Two Motor Vehicles in Transport,No,No Controls,2,1,Complains Of Pain
881165,9/16/22,5:56 PM,2022-00078039,MCMILLEN ST,SIRAVO ST ,MCMILLEN ST / SIRAVO ST ,Jessenia Montano,149,16-Sep-22,Vehicle - Pedestrian,,,,"Two-Way , Not Divided",Dry,Daylight,Clear,2,Not a Collision Between Two Motor Vehicles in Transport,"Yes, M/V and Driver Left Scene",No Controls,2,0,No Injury
881166,9/16/22,8:54 PM,2022-00078096,FEDERAL ST,AMERICA ST ,FEDERAL ST / AMERICA ST ,Donald Castigliego,287,16-Sep-22,Vehicle - Pedestrian,,,,"Two-Way , Not Divided",Dry,Dark - Lighted,Clear,1,Not a Collision Between Two Motor Vehicles in Transport,No,Stop Signs,2,0,No Injury
881169,9/16/22,10:36 PM,2022-00078129,Gilmore St,ARCH ST ,Gilmore St / ARCH ST ,Ajay Subramaniam ,569,16-Sep-22,Vehicle - Pedestrian,,,,"Two-Way , Not Divided",Dry,Dark - Lighted,Clear,2,Unknown,"Yes, M/V and Driver Left Scene",No Controls,2,0,Unknown
881192,9/16/22,7:18 PM,2022-00078370,CUMERFORD ST,UNION AVE ,CUMERFORD ST / UNION AVE ,Ralph Abenante,511,17-Sep-22,Vehicle - Pedestrian,X,,,"Two-Way , Not Divided",Dry,Dark - Lighted,Cloudy,1,Not a Collision Between Two Motor Vehicles in Transport,"Yes, M/V and Driver Left Scene",No Controls,1,1,Complains Of Pain
881221,9/17/22,6:30 PM,2022-00078727,SILVER SPRING ST ,CHATHAM ST ,SILVER SPRING ST  / CHATHAM ST ,Jessenia Montano,149,18-Sep-22,Vehicle - Pedestrian,,,,"Two-Way, Divided, Unprotected (painted>4feet) Medium",Dry,Daylight,Clear,2,Angle (Front - to - Side) Opposite Direction,"Yes, M/V and Driver Left Scene",Flashing Traffic Control Signal,4,0,No Injury
881222,9/18/22,3:44 PM,2022-00078700,WYNDHAM AVE,WHITFORD AVE ,WYNDHAM AVE / WHITFORD AVE ,Ryan Fernandes,125,18-Sep-22,Vehicle - Pedestrian,,,,"Two-Way , Not Divided",Dry,Daylight,Clear,2,"Sideswipe, Same Direction","Yes, M/V and Driver Left Scene",No Controls,2,0,Unknown
881218,9/18/22,5:00 PM,2022-00078720,FARMINGTON AVE,ROSARIO DR ,FARMINGTON AVE / ROSARIO DR ,Jenna Heeder,557,18-Sep-22,Vehicle - Pedestrian,,,,"Two-Way , Not Divided",Dry,Daylight,Clear,1,Not a Collision Between Two Motor Vehicles in Transport,No,No Controls,3,1,Non-Incapacitating
881316,9/21/22,11:20 PM,2022-00079730,Webster Ave,Dora st.,Webster Ave / Dora st.,Damaris Sanchez,566,22-Sep-22,Vehicle - Pedestrian,,,,"Two-Way , Not Divided",Dry,Dark - Lighted,Clear,2,"Sideswipe, Same Direction","Yes, M/V and Driver Left Scene",Stop Signs,2,0,No Injury
881334,9/22/22,2:22 PM,2022-00079892,BROAD ST,GALLUP ST ,BROAD ST / GALLUP ST ,Donald Castigliego,287,22-Sep-22,Vehicle - Pedestrian,,,,"Two-Way , Not Divided",Wet,Daylight,Rain,1,Not a Collision Between Two Motor Vehicles in Transport,No,Pavement Markings,3,1,Complains Of Pain
881411,9/24/22,9:16 PM,2022-00080621,ELMWOOD AVE.,DABOLL ST ,ELMWOOD AVE. / DABOLL ST ,Jenna Heeder,557,25-Sep-22,Vehicle - Pedestrian,,,,"Two-Way , Not Divided",Dry,Dark - Lighted,Clear,1,Not a Collision Between Two Motor Vehicles in Transport,"Yes, M/V and Driver Left Scene",No Controls,3,1,Incapacitating
881521,9/28/22,7:07 AM,2022-00081641,CHARLES ST,W RIVER ST ,CHARLES ST / W RIVER ST ,Joshua Cascione,225,28-Sep-22,Vehicle - Pedestrian,X,,,"Two-Way , Not Divided",Dry,Daylight,Clear,1,Not a Collision Between Two Motor Vehicles in Transport,No,No Controls,3,1,Complains Of Pain
881559,9/29/22,4:24 PM,2022-00082105,Smith St,SMITH ST ,Smith St / SMITH ST ,Tyler Calandra,418,29-Sep-22,Vehicle - Pedestrian,,,,"Two-Way , Not Divided",Dry,Daylight,Clear,1,Other,"Yes, M/V and Driver Left Scene",No Controls,1,1,Complains Of Pain
881595,9/30/22,2:43 PM,2022-00082395,PUBLIC ST,PRAIRIE AVE ,PUBLIC ST / PRAIRIE AVE ,Robert Ballinger,520,30-Sep-22,Vehicle - Pedestrian,,,,"Two-Way , Not Divided",Dry,Daylight,Clear,2,"Sideswipe, Same Direction","Yes, M/V and Driver Left Scene",No Controls,3,0,Unknown
881608,9/30/22,10:15 PM,2022-00082523,North Main Street,Hewes Street,North Main Street / Hewes Street,Kristen Barth,247,30-Sep-22,Vehicle - Pedestrian,,,,"Two-Way, Divided, Positive Median Barrier",Dry,Dark - Lighted,Clear,1,Not a Collision Between Two Motor Vehicles in Transport,No,No Controls,3,1,Incapacitating
881632,10/1/22,4:55 PM,2022-00082769,WESTMINSTER ST,TOBEY ST ,WESTMINSTER ST / TOBEY ST ,Jenna Heeder,557,01-Oct-22,Vehicle - Pedestrian,,,,"Two-Way , Not Divided",Wet,Dawn,Rain,2,"Sideswipe, Same Direction",No,No Controls,4,0,No Injury
882680,10/3/22,8:57 AM,2022-00083254,PEACE ST,BUCKLIN ST ,PEACE ST / BUCKLIN ST ,Cory Vingi,237,03-Oct-22,Vehicle - Pedestrian,,X,,"Two-Way , Not Divided",Dry,Daylight,Clear,1,Not a Collision Between Two Motor Vehicles in Transport,No,No Controls,2,0,No Injury
882694,10/3/22,2:35 PM,2022-00083334,SMITHFIELD AVE,I95N RAMP,SMITHFIELD AVE / I95N RAMP,Ptlm. Castagliuolo,351,03-Oct-22,Vehicle - Pedestrian,,X,,"Two-Way , Not Divided",Dry,Daylight,Cloudy,1,Not a Collision Between Two Motor Vehicles in Transport,No,No Controls,3,1,Non-Incapacitating
882708,10/3/22,5:45 PM,2022-00083407,GOVERNOR ST,TRANSIT ST ,GOVERNOR ST / TRANSIT ST ,Miguel Castillo,489,03-Oct-22,Vehicle - Pedestrian,,,,"Two-Way , Not Divided",Dry,Daylight,Cloudy,2,Unknown,"Yes, M/V and Driver Left Scene",No Controls,2,0,Unknown
882712,10/3/22,7:43 PM,2022-00083433,BRANCH AVENUE,W RIVER ST ,BRANCH AVENUE / W RIVER ST ,Jessenia Montano,149,03-Oct-22,Vehicle - Pedestrian,,,,"Two-Way, Divided, Unprotected (painted>4feet) Medium",Dry,Dark - Lighted,Clear,2,"Sideswipe, Same Direction","Yes, M/V and Driver Left Scene",Traffic Control Signal,3,0,No Injury
882738,10/4/22,12:30 PM,2022-00083546,WASHINGTON ST,EMPIRE ST ,WASHINGTON ST / EMPIRE ST ,Ptlm. Castagliuolo,351,04-Oct-22,Vehicle - Pedestrian,X,,,"Two-Way , Not Divided",Dry,Daylight,Cloudy,1,Not a Collision Between Two Motor Vehicles in Transport,No,Traffic Control Signal,3,1,Complains Of Pain
882783,10/5/22,8:40 PM,2022-00083948,Memorial Blvd,STEEPLE ST ,Memorial Blvd / STEEPLE ST ,Kristen Barth,247,05-Oct-22,Vehicle - Pedestrian,,,,"Two-Way, Divided, Positive Median Barrier",Wet,Dark - Lighted,Rain,1,Not a Collision Between Two Motor Vehicles in Transport,"Yes, M/V and Driver Left Scene",Traffic Control Signal,1,1,Complains Of Pain
882795,10/6/22,11:23 PM,2022-00084086,NORTH MAIN ST,N MAIN ST ,NORTH MAIN ST / N MAIN ST ,Ptlm. Castagliuolo,351,06-Oct-22,Vehicle - Pedestrian,,,,"Two-Way, Divided, Positive Median Barrier",Dry,Daylight,Clear,1,Not a Collision Between Two Motor Vehicles in Transport,No,Pavement Markings,3,1,Complains Of Pain
882850,10/7/22,3:00 PM,2022-00084504,Westminster St.,BARTON ST ,Westminster St. / BARTON ST ,Jenna Heeder,557,07-Oct-22,Vehicle - Pedestrian,,,,"Two-Way , Not Divided",Dry,Daylight,Clear,1,Not a Collision Between Two Motor Vehicles in Transport,No,Traffic Control Signal,2,1,Non-Incapacitating
882857,10/7/22,3:12 PM,2022-00084511,HARTFORD AVE,HARTFORD AVE ,HARTFORD AVE / HARTFORD AVE ,Jenna Heeder,557,07-Oct-22,Vehicle - Pedestrian,X,,,"Two-Way , Not Divided",Dry,Daylight,Clear,1,Not a Collision Between Two Motor Vehicles in Transport,"Yes, M/V and Driver Left Scene",Unknown,1,1,Complains Of Pain
882874,10/8/22,9:11 AM,2022-00084777,Pleasant Valley Pkwy,UNNAMED,Pleasant Valley Pkwy / UNNAMED,James Annis,454,08-Oct-22,Vehicle - Pedestrian,,,,"Two-Way , Not Divided",Dry,Daylight,Clear,2,Angle (Front - to - Side) Right Angle (Includes Broadside),No,No Controls,5,2,Complains Of Pain
882948,10/10/22,6:30 PM,2022-00085541,EDDY ST,BLACKSTONE STREET,EDDY ST / BLACKSTONE STREET,Donald Castigliego,287,10-Oct-22,Vehicle - Pedestrian,,,X,"Two-Way , Not Divided",Dry,Dark - Not Lighted,Clear,1,Not a Collision Between Two Motor Vehicles in Transport,No,No Controls,4,1,Complains Of Pain
882951,10/10/22,9:07 PM,2022-00085577,CRANSTON ST,ANTHONY AVE ,CRANSTON ST / ANTHONY AVE ,Donald Castigliego,287,10-Oct-22,Vehicle - Pedestrian,,,,"Two-Way , Not Divided",Dry,Dark - Lighted,Clear,1,Not a Collision Between Two Motor Vehicles in Transport,"Yes, M/V and Driver Left Scene",No Controls,2,1,Incapacitating
882953,10/10/22,8:27 PM,2022-00085565,21 Planet Street,South Main Street,21 Planet Street / South Main Street,Kristen Barth,247,10-Oct-22,Vehicle - Pedestrian,,,,"Two-Way , Not Divided",Dry,Dark - Lighted,Clear,1,Not a Collision Between Two Motor Vehicles in Transport,No,No Controls,2,1,Incapacitating
882965,10/11/22,12:05 PM,2022-00085697,Meeting Street,THAYER ST ,Meeting Street / THAYER ST ,Raymond King,633,11-Oct-22,Vehicle - Pedestrian,,,,"Two-Way , Not Divided",Dry,Daylight,Clear,2,"Sideswipe, Same Direction",No,No Controls,3,0,No Injury
882989,10/12/22,9:19 AM,2022-00085966,ROCHAMBEAU AVE,ELMGROVE AVE ,ROCHAMBEAU AVE / ELMGROVE AVE ,Ptlm. Castagliuolo,351,12-Oct-22,Vehicle - Pedestrian,,,,"Two-Way , Not Divided",Dry,Daylight,Clear,1,Not a Collision Between Two Motor Vehicles in Transport,No,Stop Signs,3,1,Complains Of Pain
882991,10/12/22,10:23 PM,2022-00085981,FONES ALY,BROOK ST ,FONES ALY / BROOK ST ,Ptlm. Castagliuolo,351,12-Oct-22,Vehicle - Pedestrian,,X,,"Two-Way , Not Divided",Dry,Daylight,Clear,1,Not a Collision Between Two Motor Vehicles in Transport,No,Pavement Markings,3,1,Complains Of Pain
883013,10/12/22,10:58 PM,2022-00086195,Broadway ,SUTTON ST ,Broadway  / SUTTON ST ,Kristen Barth,247,12-Oct-22,Vehicle - Pedestrian,,X,,"Two-Way , Not Divided",Dry,Dark - Lighted,Clear,1,Not a Collision Between Two Motor Vehicles in Transport,No,Stop Signs,3,1,Complains Of Pain
883053,10/14/22,7:45 AM,2022-00086500,FELIX ST,CHALKSTONE AVE ,FELIX ST / CHALKSTONE AVE ,James Annis,454,14-Oct-22,Vehicle - Pedestrian,,,,"Two-Way , Not Divided",Wet,Daylight,Rain,2,"Sideswipe, Same Direction",No,No Controls,3,0,No Injury
883066,10/14/22,12:16 PM,2022-00086569,GANO ST,I 195 E ,GANO ST / I 195 E ,James Annis,454,14-Oct-22,Vehicle - Pedestrian,X,,,"Two-Way , Not Divided",Dry,Daylight,Clear,1,Not a Collision Between Two Motor Vehicles in Transport,No,No Controls,2,1,Complains Of Pain
883081,10/14/22,1:50 PM,2022-00086606,SILVER SPRING STREET,GRAFTON STREET,SILVER SPRING STREET / GRAFTON STREET,Paul Caminero,339,14-Oct-22,Vehicle - Pedestrian,,,,"Two-Way, Divided, Unprotected (painted>4feet) Medium",Dry,Daylight,Cloudy,2,Rear End(Front-to-Rear),No,No Controls,4,1,Non-Incapacitating
883100,10/14/22,11:25 PM,2022-00086792,Cranston St,HUNTINGTON AVE ,Cranston St / HUNTINGTON AVE ,Ajay Subramaniam,569,15-Oct-22,Vehicle - Pedestrian,,,,"Two-Way, Divided, Positive Median Barrier",Dry,Dark - Lighted,Clear,2,"Sideswipe, Same Direction","Yes, M/V and Driver Left Scene",No Controls,3,0,No Injury
883158,10/16/22,2:40 PM,2022-00087295,POTTERS AVE,ELMWOOD AVE ,POTTERS AVE / ELMWOOD AVE ,Kyle Shea,215,16-Oct-22,Vehicle - Pedestrian,,,,"Two-Way, Divided, Unprotected (painted>4feet) Medium",Dry,Daylight,Clear,1,Not a Collision Between Two Motor Vehicles in Transport,No,Traffic Control Signal,3,1,Complains Of Pain
883218,10/18/22,7:32 AM,2022-00087753,Cranston St,DEXTER ST ,Cranston St / DEXTER ST ,Guillermo Vargas,404,18-Oct-22,Vehicle - Pedestrian,,,,"Two-Way, Divided, Positive Median Barrier",Dry,Daylight,Clear,1,Not a Collision Between Two Motor Vehicles in Transport,No,Unknown,3,1,Complains Of Pain
883237,10/18/22,6:40 PM,2022-00087941,MEMORIAL BLVD.,EXIT 22A  (RT ),MEMORIAL BLVD. / EXIT 22A  (RT ),Jenna Heeder,557,18-Oct-22,Vehicle - Pedestrian,X,,,"Two-Way , Not Divided",Dry,Dark - Lighted,Clear,1,Not a Collision Between Two Motor Vehicles in Transport,No,Traffic Control Signal,5,1,Non-Incapacitating
883238,10/18/22,3:42 PM,2022-00087877,SABIN ST,SABIN ST ,SABIN ST / SABIN ST ,Gustavo Genao,135,18-Oct-22,Vehicle - Pedestrian,,,,One-Way Trafficway,Dry,Daylight,Clear,1,Other,No,Pavement Markings,4,1,Incapacitating
883240,10/19/22,8:49 AM,2022-00088083,N MAIN ST,ROCHAMBEAU AVE ,N MAIN ST / ROCHAMBEAU AVE ,Joshua Cascione,225,19-Oct-22,Vehicle - Pedestrian,,,,"Two-Way, Divided, Positive Median Barrier",Dry,Daylight,Clear,1,Not a Collision Between Two Motor Vehicles in Transport,"Yes, M/V and Driver Left Scene",Traffic Control Signal,1,1,Complains Of Pain
883254,10/19/22,8:00 PM,2022-00088287,LAUREL AVE,COLE AVE ,LAUREL AVE / COLE AVE ,Ralph Abenante,511,19-Oct-22,Vehicle - Pedestrian,,,,"Two-Way, Divided, Unprotected (painted>4feet) Medium",Dry,Dark - Lighted,Clear,1,Not a Collision Between Two Motor Vehicles in Transport,No,Pavement Markings,3,1,Complains Of Pain
883301,10/21/22,7:38 AM,2022-00088653,PUBLIC ST,BROAD ST ,PUBLIC ST / BROAD ST ,Joshua Cascione,225,21-Oct-22,Vehicle - Pedestrian,X,,,"Two-Way , Not Divided",Dry,Daylight,Clear,1,Not a Collision Between Two Motor Vehicles in Transport,No,No Controls,2,1,Complains Of Pain
883347,10/22/22,9:54 AM,2022-00088967,PRESIDENT AVE,COLE AVE ,PRESIDENT AVE / COLE AVE ,Joshua Cascione,225,22-Oct-22,Vehicle - Pedestrian,,,,"Two-Way , Not Divided",Dry,Daylight,Clear,1,Not a Collision Between Two Motor Vehicles in Transport,No,Stop Signs,2,1,Complains Of Pain