CrashReportId,CrashDate,CrashTime,ReportNumber,StreetOrHighway,NearestIntersection,Location,Officer,Badge,ReportDate,TypeOfCollision,Bicycle,Scooter,Wheel Chair,TypeOfRoadway,RoadSurfaceCondition,LightCondition,WeatherCondition,NumberofVehicles,MannerofImpact,HitAndRun,TrafficControl,PersonCount,InjuryCount,MostSeriousInjury
883348,10/22/22,2:04 PM,2022-00089015,North Main Street,CHURCH STREET,North Main Street / CHURCH STREET,Raymond King,633,22-Oct-22,Vehicle - Pedestrian,,,,One-Way Trafficway,Dry,Daylight,Clear,2,Rear End(Front-to-Rear),"Yes, M/V and Driver Left Scene",No Controls,2,0,Unknown
883356,10/22/22,7:05 PM,2022-00089111,POTTERS AVE,ELMWOOD AVE ,POTTERS AVE / ELMWOOD AVE ,Luis Garcia Colon,128,22-Oct-22,Vehicle - Pedestrian,,,,"Two-Way , Not Divided",Dry,Dark - Lighted,Clear,1,Not a Collision Between Two Motor Vehicles in Transport,"Yes, M/V and Driver Left Scene",Flashing Traffic Control Signal,1,1,Non-Incapacitating
884385,10/23/22,8:49 PM,2022-00089440,SILVER SPRING ST,LEDGE ST ,SILVER SPRING ST / LEDGE ST ,Jessenia Montano,149,23-Oct-22,Vehicle - Pedestrian,,,,"Two-Way, Divided, Unprotected (painted>4feet) Medium",Wet,Dark - Lighted,Clear,2,Unknown,"Yes, M/V and Driver Left Scene",No Controls,2,0,Unknown
884410,10/25/22,8:33 AM,2022-00089751,280 BROAD ST,280 BROAD ST ,280 BROAD ST / 280 BROAD ST ,Jose Buten,322,25-Oct-22,Vehicle - Pedestrian,,,,"Two-Way, Divided, Unprotected (painted>4feet) Medium",Wet,Daylight,Cloudy,1,Not a Collision Between Two Motor Vehicles in Transport,No,Yield Signs,3,1,Complains Of Pain
884442,10/25/22,6:00 PM,2022-00089921,STEWART ST.,BROAD ST ,STEWART ST. / BROAD ST ,Jenna Heeder,557,25-Oct-22,Vehicle - Pedestrian,,,,"Two-Way , Not Divided",Wet,Dark - Lighted,Rain,1,Not a Collision Between Two Motor Vehicles in Transport,No,Traffic Control Signal,2,1,Complains Of Pain
884443,10/25/22,6:19 PM,2022-00089933,COURTLAND ST.,PENN ST ,COURTLAND ST. / PENN ST ,Jenna Heeder,557,25-Oct-22,Vehicle - Pedestrian,,,,"Two-Way , Not Divided",Wet,Dark - Lighted,Rain,1,Not a Collision Between Two Motor Vehicles in Transport,"Yes, M/V and Driver Left Scene",No Controls,1,1,Complains Of Pain
884447,10/25/22,8:38 PM,2022-00089975,BROAD ST,FRICKER ST ,BROAD ST / FRICKER ST ,Brad McParlin,395,25-Oct-22,Vehicle - Pedestrian,,,,"Two-Way , Not Divided",Wet,Dark - Not Lighted,Rain,1,Not a Collision Between Two Motor Vehicles in Transport,No,No Controls,3,1,Complains Of Pain
884467,10/26/22,10:51 AM,2022-00090086,Killingly St,Hartford Ave,Killingly St / Hartford Ave,Patrolwoman Rosso,514,26-Oct-22,Vehicle - Pedestrian,,,,"Two-Way, Divided, Unprotected (painted>4feet) Medium",Wet,Daylight,Rain,2,"Sideswipe, Same Direction",No,No Controls,4,0,No Injury
884476,10/26/22,5:25 PM,2022-00090175,CRANSTON ST,WESTMINSTER ST ,CRANSTON ST / WESTMINSTER ST ,Jacob Mota,115,26-Oct-22,Vehicle - Pedestrian,X,,,"Two-Way , Not Divided",Dry,Daylight,Cloudy,1,Not a Collision Between Two Motor Vehicles in Transport,"Yes, M/V and Driver Left Scene",No Controls,2,0,No Injury
884501,10/27/22,10:49 AM,2022-00090373,GANO ST,GANO ST EXIT ,GANO ST / GANO ST EXIT ,Ptlm. Castagliuolo,351,27-Oct-22,Vehicle - Pedestrian,,,,"Two-Way , Not Divided",Dry,Daylight,Clear,1,Not a Collision Between Two Motor Vehicles in Transport,No,Pavement Markings,2,1,Complains Of Pain
884511,10/27/22,2:48 PM,2022-00090439,EXCHANGE TERRACE,FRANCIS ST ,EXCHANGE TERRACE / FRANCIS ST ,PTLW. Kawejsza,118,27-Oct-22,Vehicle - Pedestrian,,,,"Two-Way , Not Divided",Dry,Daylight,Clear,1,Not a Collision Between Two Motor Vehicles in Transport,"Yes, M/V and Driver Left Scene",Traffic Control Signal,1,0,No Injury
884527,10/27/22,10:13 PM,2022-00090589,POTTERS AVE,MELROSE ST ,POTTERS AVE / MELROSE ST ,Donald Castigliego,287,27-Oct-22,Vehicle - Pedestrian,,,,"Two-Way , Not Divided",Dry,Dark - Lighted,Clear,1,Not a Collision Between Two Motor Vehicles in Transport,"Yes, M/V and Driver Left Scene",No Controls,2,1,Non-Incapacitating
884581,10/28/22,11:50 PM,2022-00090918,FONES ALY,THAYER ST ,FONES ALY / THAYER ST ,Jephte Wagnac,141,29-Oct-22,Vehicle - Pedestrian,,,,One-Way Trafficway,Dry,Dark - Lighted,Clear,2,Rear End(Front-to-Rear),"Yes, M/V and Driver Left Scene",No Controls,5,0,No Injury
884583,10/29/22,1:35 AM,2022-00090948,410 S MAIN ST,,410 S MAIN ST / ,Francini Perez Brito,139,29-Oct-22,Vehicle - Pedestrian,,,,One-Way Trafficway,Dry,Dark - Lighted,Clear,2,Rear End(Front-to-Rear),"Yes, M/V and Driver Left Scene",No Controls,2,0,No Injury
884607,10/29/22,11:20 AM,2022-00091022,POWER STREET,IVES ST ,POWER STREET / IVES ST ,George Pereira,421,29-Oct-22,Vehicle - Pedestrian,,,,"Two-Way , Not Divided",Dry,Daylight,Clear,2,Unknown,"Yes, M/V and Driver Left Scene",No Controls,2,0,Unknown
884610,10/29/22,2:49 PM,2022-00091071,SMITHFIELD AVE,SMITHFIELD AVE ,SMITHFIELD AVE / SMITHFIELD AVE ,Jessenia Montano,149,29-Oct-22,Vehicle - Pedestrian,,,,"Two-Way, Divided, Unprotected (painted>4feet) Medium",Dry,Daylight,Clear,2,Other,"Yes, M/V and Driver Left Scene",No Controls,2,0,No Injury
884617,10/29/22,6:26 PM,2022-00091121,BROADWAY,KNIGHT ST ,BROADWAY / KNIGHT ST ,Jenna Heeder,557,29-Oct-22,Vehicle - Pedestrian,,,,"Two-Way , Not Divided",Dry,Dark - Lighted,Clear,1,Not a Collision Between Two Motor Vehicles in Transport,No,Traffic Control Signal,2,1,Non-Incapacitating
884622,10/30/22,12:07 AM,2022-00091200,MEMORIAL BLVD,STEEPLE ST ,MEMORIAL BLVD / STEEPLE ST ,Ralph Abenante,511,30-Oct-22,Vehicle - Pedestrian,,,,"Two-Way, Divided, Positive Median Barrier",Dry,Dark - Lighted,Clear,1,Not a Collision Between Two Motor Vehicles in Transport,No,Traffic Control Signal,3,1,Complains Of Pain
884644,10/30/22,3:55 PM,2022-00091387,BROAD ST,BROAD ST ,BROAD ST / BROAD ST ,Kelsa Heron,133,30-Oct-22,Vehicle - Pedestrian,,,,"Two-Way , Not Divided",Dry,Daylight,Clear,2,Rear End(Front-to-Rear),"Yes, M/V and Driver Left Scene",No Controls,3,0,No Injury
884646,10/30/22,3:10 PM,2022-00091379,HASKINS ST,LOCKWOOD ST ,HASKINS ST / LOCKWOOD ST ,Jenna Heeder,557,30-Oct-22,Vehicle - Pedestrian,,,,"Two-Way , Not Divided",Dry,Daylight,Clear,2,Angle (Front - to - Side) Right Angle (Includes Broadside),"Yes, M/V and Driver Left Scene",No Controls,5,1,Complains Of Pain
884649,10/30/22,7:48 PM,2022-00091434,130 SMART ST,JOB ST ,130 SMART ST / JOB ST ,Kristen Barth,247,30-Oct-22,Vehicle - Pedestrian,,,,"Two-Way , Not Divided",Dry,Dark - Lighted,Clear,1,Not a Collision Between Two Motor Vehicles in Transport,No,No Controls,6,1,Fatal
884670,10/31/22,3:45 PM,2022-00091658,HUBER AVE,VAN AUSDALL ST ,HUBER AVE / VAN AUSDALL ST ,Christian Main,145,31-Oct-22,Vehicle - Pedestrian,,,,"Two-Way, Divided, Unprotected (painted>4feet) Medium",Dry,Daylight,Clear,2,Angle (Front - to - Side) Same Direction,"Yes, Driver Left Scene",No Controls,3,0,No Injury
884788,11/3/22,9:00 AM,2022-00092477,POTTERS AVE,BAXTER ST ,POTTERS AVE / BAXTER ST ,Michael Sepe,367,03-Nov-22,Vehicle - Pedestrian,,,,"Two-Way, Divided, Unprotected (painted>4feet) Medium",Dry,Daylight,Clear,2,"Sideswipe, Same Direction","Yes, M/V and Driver Left Scene",No Controls,2,0,No Injury
884795,11/3/22,1:49 PM,2022-00092563,OVERHILL RD,LORIMER AVE ,OVERHILL RD / LORIMER AVE ,Joshua Cascione,225,03-Nov-22,Vehicle - Pedestrian,,,,"Two-Way , Not Divided",Dry,Daylight,Clear,1,Not a Collision Between Two Motor Vehicles in Transport,No,No Controls,4,3,Complains Of Pain
884810,11/3/22,6:03 PM,2022-00092662,HOPE ST,CYPRESS ST ,HOPE ST / CYPRESS ST ,Patrick Hourahan,243,03-Nov-22,Vehicle - Pedestrian,,,,"Two-Way , Not Divided",Dry,Dark - Lighted,Clear,1,Angle - Direction Not Specified,No,Traffic Control Signal,3,1,Complains Of Pain
884850,11/4/22,1:45 PM,2022-00092877,BROAD ST,CAHIR ST ,BROAD ST / CAHIR ST ,Jin O,147,04-Nov-22,Vehicle - Pedestrian,,,,"Two-Way , Not Divided",Dry,Daylight,Clear,1,Not a Collision Between Two Motor Vehicles in Transport,"Yes, M/V and Driver Left Scene",Traffic Control Signal,1,1,Complains Of Pain
885099,11/5/22,1:04 AM,2022-00093063,MANTON AVE,OWEN ST ,MANTON AVE / OWEN ST ,Derek Wilson,123,09-Nov-22,Vehicle - Pedestrian,,,,"Two-Way, Divided, Unprotected (painted>4feet) Medium",Dry,Dark - Lighted,Clear,2,Rear End(Front-to-Rear),No,No Controls,2,1,Complains Of Pain
884953,11/5/22,2:58 PM,2022-00093221,CHARLES ST.,CHARLES ST ,CHARLES ST. / CHARLES ST ,Jenna Heeder,557,05-Nov-22,Vehicle - Pedestrian,,,,"Two-Way , Not Divided",Dry,Daylight,Clear,1,Not a Collision Between Two Motor Vehicles in Transport,"Yes, M/V and Driver Left Scene",No Controls,1,1,Complains Of Pain
884960,11/5/22,8:21 PM,2022-00093308,Elmwood Ave,ATLANTIC AVE ,Elmwood Ave / ATLANTIC AVE ,Kristen Barth,247,05-Nov-22,Vehicle - Pedestrian,,,,"Two-Way, Divided, Positive Median Barrier",Dry,Dark - Lighted,Clear,1,Not a Collision Between Two Motor Vehicles in Transport,No,No Controls,2,1,Complains Of Pain
885058,11/8/22,9:46 AM,2022-00093990,WAYLAND AVE,ORCHARD AVE ,WAYLAND AVE / ORCHARD AVE ,Ptlm. Castagliuolo,351,08-Nov-22,Vehicle - Pedestrian,,,,"Two-Way , Not Divided",Dry,Daylight,Clear,1,Not a Collision Between Two Motor Vehicles in Transport,No,No Controls,2,1,Complains Of Pain
885071,11/8/22,1:03 PM,2022-00094051,BROAD ST,BROAD ST ,BROAD ST / BROAD ST ,Michael Sepe,367,08-Nov-22,Vehicle - Pedestrian,X,,,"Two-Way, Divided, Unprotected (painted>4feet) Medium",Dry,Daylight,Clear,1,Not a Collision Between Two Motor Vehicles in Transport,No,Traffic Control Signal,2,0,No Injury
885117,11/9/22,12:57 PM,2022-00094317,FOUNTAIN ST,DORRANCE ST,FOUNTAIN ST / DORRANCE ST,Jin O,147,09-Nov-22,Vehicle - Pedestrian,,,,"Two-Way , Not Divided",Dry,Daylight,Clear,1,Not a Collision Between Two Motor Vehicles in Transport,No,Traffic Control Signal,5,1,Complains Of Pain
885120,11/9/22,2:30 PM,2022-00094338,CRANSTON ST,MESSER ST,CRANSTON ST / MESSER ST,Ptlm. Castagliuolo,351,09-Nov-22,Vehicle - Pedestrian,,,,"Two-Way , Not Divided",Dry,Daylight,Clear,1,Not a Collision Between Two Motor Vehicles in Transport,No,No Controls,3,1,Complains Of Pain
885144,11/10/22,8:32 AM,2022-00094507,POTTERS AVE,DEXTER ST ,POTTERS AVE / DEXTER ST ,Ptlm. Castagliuolo,351,10-Nov-22,Vehicle - Pedestrian,,,,"Two-Way , Not Divided",Dry,Daylight,Clear,1,Not a Collision Between Two Motor Vehicles in Transport,No,Stop Signs,2,1,Complains Of Pain
885155,11/10/22,2:58 PM,2022-00094603,CRANSTON ST,DEXTER ST ,CRANSTON ST / DEXTER ST ,Sean Cooney,523,10-Nov-22,Vehicle - Pedestrian,,,,"Two-Way , Not Divided",Dry,Daylight,Clear,1,Not a Collision Between Two Motor Vehicles in Transport,No,Traffic Control Signal,3,1,Complains Of Pain
885160,11/10/22,5:08 PM,2022-00094633,Smith St,SMITH ST ,Smith St / SMITH ST ,Tyler Calandra,418,10-Nov-22,Vehicle - Pedestrian,,,,"Two-Way , Not Divided",Dry,Dark - Lighted,Clear,1,Other,"Yes, Driver Left Scene",No Controls,1,1,Complains Of Pain
885174,11/10/22,5:19 PM,2022-00094636,Doyle Avenue,CAMP ST ,Doyle Avenue / CAMP ST ,David Girard,690,10-Nov-22,Vehicle - Pedestrian,,,,"Two-Way , Not Divided",Dry,Dark - Lighted,Clear,1,Other,No,No Controls,3,1,Fatal
885620,11/10/22,4:04 PM,2022-00094622,15 N DAVIS ST,CHALKSTONE AVE ,15 N DAVIS ST / CHALKSTONE AVE ,Erik Breault,226,21-Nov-22,Vehicle - Pedestrian,,,,"Two-Way , Not Divided",Dry,Daylight,Clear,2,"Sideswipe, Same Direction",No,No Controls,4,0,No Injury
885247,11/11/22,6:40 PM,2022-00095196,WASHINGTON ST,DORRANCE ST ,WASHINGTON ST / DORRANCE ST , Lane,109,12-Nov-22,Vehicle - Pedestrian,,,,"Two-Way , Not Divided",Dry,Dark - Lighted,Clear,1,Other,No,No Controls,2,2,Complains Of Pain
885191,11/11/22,10:36 AM,2022-00094818,Cranston Street,BELLEVUE AVE ,Cranston Street / BELLEVUE AVE ,Abraham Lugo,525,11-Nov-22,Vehicle - Pedestrian,,,,"Two-Way , Not Divided",Unknown,Unknown,Clear,2,Unknown,"Yes, M/V and Driver Left Scene",No Controls,2,0,Unknown
885207,11/11/22,9:36 PM,2022-00094954,OLNEY ST,BROWN ST ,OLNEY ST / BROWN ST ,John Benros,481,11-Nov-22,Vehicle - Pedestrian,,X,,"Two-Way , Not Divided",Wet,Dark - Unknown Lighting,Rain,1,Other,No,No Controls,2,1,Complains Of Pain
885241,11/12/22,12:54 PM,2022-00095111,356 SMITH ST,ORMS ST ,356 SMITH ST / ORMS ST ,Gargar Grimes,323,12-Nov-22,Vehicle - Pedestrian,,,,Unknown,Dry,Daylight,Clear,2,Not a Collision Between Two Motor Vehicles in Transport,No,No Controls,3,0,No Injury
885268,11/13/22,5:38 PM,2022-00095506,EMMETT ST,PLAIN ST ,EMMETT ST / PLAIN ST ,Robert Ballinger,520,13-Nov-22,Vehicle - Pedestrian,,,,"Two-Way , Not Divided",Dry,Dark - Lighted,Clear,1,Not a Collision Between Two Motor Vehicles in Transport,"Yes, M/V and Driver Left Scene",No Controls,1,1,Complains Of Pain
885288,11/14/22,6:51 AM,2022-00095624,SERVICE ROAD 7,BROAD ST,SERVICE ROAD 7 / BROAD ST,Ptlm. Castagliuolo,351,14-Nov-22,Vehicle - Pedestrian,,,,One-Way Trafficway,Dry,Daylight,Clear,1,Not a Collision Between Two Motor Vehicles in Transport,No,Traffic Control Signal,2,1,Non-Incapacitating
885305,11/14/22,3:16 PM,2022-00095732,Geneva Street,ALTON ST ,Geneva Street / ALTON ST ,Arthur Lima,126,14-Nov-22,Vehicle - Pedestrian,,,,"Two-Way , Not Divided",Dry,Daylight,Clear,1,Unknown,"Yes, M/V and Driver Left Scene",No Controls,1,1,Complains Of Pain
885308,11/14/22,6:20 PM,2022-00095783,ELMWOOD AVE,BURNETT ST ,ELMWOOD AVE / BURNETT ST ,Donald Castigliego,287,14-Nov-22,Vehicle - Pedestrian,,,,"Two-Way , Not Divided",Dry,Dark - Lighted,Clear,1,Not a Collision Between Two Motor Vehicles in Transport,"Yes, M/V and Driver Left Scene",No Controls,1,1,Complains Of Pain
885332,11/15/22,7:44 AM,2022-00095903,ELMWOOD AVE,POTTERS AVE,ELMWOOD AVE / POTTERS AVE,Ptlm. Castagliuolo,351,15-Nov-22,Vehicle - Pedestrian,,,,"Two-Way , Not Divided",Dry,Daylight,Clear,1,Not a Collision Between Two Motor Vehicles in Transport,No,Traffic Control Signal,3,1,Complains Of Pain
885354,11/15/22,2:57 PM,2022-00095993,COOKE ST,MANNING ST ,COOKE ST / MANNING ST ,Ptlm. Castagliuolo,351,15-Nov-22,Vehicle - Pedestrian,X,,,"Two-Way , Not Divided",Dry,Daylight,Cloudy,1,Not a Collision Between Two Motor Vehicles in Transport,No,Stop Signs,2,1,Complains Of Pain
885364,11/15/22,5:07 PM,2022-00096047,BROAD ST,ELMWOOD AVENUE ,BROAD ST / ELMWOOD AVENUE ,Donald Castigliego,287,15-Nov-22,Vehicle - Pedestrian,,X,,"Two-Way, Divided, Positive Median Barrier",Dry,Dark - Lighted,Clear,1,Not a Collision Between Two Motor Vehicles in Transport,No,Traffic Control Signal,5,1,Complains Of Pain
885373,11/15/22,9:15 PM,2022-00096096,CHARLES ST,W RIVER ST ,CHARLES ST / W RIVER ST ,Kristen Barth,247,15-Nov-22,Vehicle - Pedestrian,X,,,"Two-Way , Not Divided",Dry,Dark - Lighted,Clear,1,Not a Collision Between Two Motor Vehicles in Transport,No,Stop Signs,2,1,Complains Of Pain
885375,11/15/22,6:59 PM,2022-00096077,TRANSIT ST,BENEFIT ST ,TRANSIT ST / BENEFIT ST ,Kristen Barth,247,15-Nov-22,Vehicle - Pedestrian,,,,"Two-Way , Not Divided",Dry,Dark - Lighted,Clear,1,Not a Collision Between Two Motor Vehicles in Transport,No,No Controls,4,1,Complains Of Pain
885484,11/18/22,1:56 PM,2022-00096763,THAYER ST,CUSHING ST ,THAYER ST / CUSHING ST ,Joshua Cascione,225,18-Nov-22,Vehicle - Pedestrian,,,,One-Way Trafficway,Dry,Daylight,Clear,1,Not a Collision Between Two Motor Vehicles in Transport,No,Pavement Markings,2,1,Complains Of Pain
885485,11/18/22,2:26 PM,2022-00096771,ELMWOOD AVE,ADELAIDE AVE ,ELMWOOD AVE / ADELAIDE AVE ,Joshua Cascione,225,18-Nov-22,Vehicle - Pedestrian,,,,"Two-Way, Divided, Positive Median Barrier",Dry,Daylight,Clear,1,Not a Collision Between Two Motor Vehicles in Transport,No,Traffic Control Signal,2,1,Complains Of Pain
885538,11/19/22,3:45 PM,2022-00097093,MANTON AVE.,ATWELLS AVE ,MANTON AVE. / ATWELLS AVE ,Jenna Heeder,557,19-Nov-22,Vehicle - Pedestrian,,,,"Two-Way , Not Divided",Dry,Daylight,Clear,1,Not a Collision Between Two Motor Vehicles in Transport,No,No Controls,2,1,Non-Incapacitating
885606,11/21/22,10:13 AM,2022-00097569,61 E Manning Street,,61 E Manning Street / ,Michael Cifuentes,330,21-Nov-22,Vehicle - Pedestrian,,,,"Two-Way , Not Divided",Dry,Daylight,Clear,2,Other,No,No Controls,4,0,No Injury
885615,11/21/22,3:15 PM,2022-00097654,354 HARTFORD AVENUE,LAUREL HILL AVE ,354 HARTFORD AVENUE / LAUREL HILL AVE ,Hildenise Espanol,137,21-Nov-22,Vehicle - Pedestrian,,,,"Two-Way , Not Divided",Dry,Daylight,Clear,2,Angle (Front - to - Side) Same Direction,No,No Controls,4,0,No Injury
885663,11/22/22,4:05 PM,2022-00097954,NORTH MAIN ST.,SMITHFIELD AVE ,NORTH MAIN ST. / SMITHFIELD AVE ,Jenna Heeder,557,22-Nov-22,Vehicle - Pedestrian,,,,"Two-Way , Not Divided",Dry,Daylight,Clear,1,Not a Collision Between Two Motor Vehicles in Transport,No,Traffic Control Signal,3,1,Non-Incapacitating
885720,11/23/22,5:16 PM,2022-00098275,SPRAGUE ST.,FULLER ST ,SPRAGUE ST. / FULLER ST ,Jenna Heeder,557,24-Nov-22,Vehicle - Pedestrian,,,,"Two-Way , Not Divided",Dry,Dawn,Clear,1,Not a Collision Between Two Motor Vehicles in Transport,No,No Controls,2,0,No Injury
885802,11/28/22,10:00 AM,2022-00099398,ALABAMA AVE,MONTGOMERY AVE ,ALABAMA AVE / MONTGOMERY AVE ,Alexandre Santos,502,28-Nov-22,Vehicle - Pedestrian,,,,"Two-Way , Not Divided",Dry,Daylight,Clear,2,Not a Collision Between Two Motor Vehicles in Transport,No,No Controls,2,0,No Injury
885808,11/28/22,3:36 PM,2022-00099471,MASSACHUSETTS AVE.,VIRGINIA AVE ,MASSACHUSETTS AVE. / VIRGINIA AVE ,Jenna Heeder,557,28-Nov-22,Vehicle - Pedestrian,,,,"Two-Way , Not Divided",Dry,Daylight,Clear,2,Not a Collision Between Two Motor Vehicles in Transport,No,No Controls,3,1,Non-Incapacitating
885832,11/29/22,3:09 PM,2022-00099725,CALDER ST.,GREENWICH ST ,CALDER ST. / GREENWICH ST ,Jenna Heeder,557,29-Nov-22,Vehicle - Pedestrian,,,,"Two-Way , Not Divided",Dry,Daylight,Clear,1,Not a Collision Between Two Motor Vehicles in Transport,No,Stop Signs,4,1,Complains Of Pain
885917,12/1/22,9:54 PM,2022-00100375,ADMIRAL STREET,RIVER AVE ,ADMIRAL STREET / RIVER AVE ,Ryan Fernandes,125,01-Dec-22,Vehicle - Pedestrian,,,,Unknown,Dry,Dark - Lighted,Clear,1,Not a Collision Between Two Motor Vehicles in Transport,"Yes, M/V and Driver Left Scene",Traffic Control Signal,3,0,No Injury
885948,12/2/22,7:02 PM,2022-00100614,WAYLAND AVE,PITMAN ST ,WAYLAND AVE / PITMAN ST ,Luis Pelaez,336,02-Dec-22,Vehicle - Pedestrian,,,,"Two-Way , Not Divided",Dry,Dark - Lighted,Clear,1,Not a Collision Between Two Motor Vehicles in Transport,No,Stop Signs,3,1,Complains Of Pain
885951,12/2/22,1:26 AM,2022-00100699,PAVILION AVE,RUGBY ST ,PAVILION AVE / RUGBY ST ,Raleek Byfield,375,03-Dec-22,Vehicle - Pedestrian,,,,"Two-Way , Not Divided",Dry,Dark - Lighted,Clear,1,Not a Collision Between Two Motor Vehicles in Transport,"Yes, M/V and Driver Left Scene",No Controls,2,1,Complains Of Pain
885954,12/3/22,2:41 AM,2022-00100716,Gallatin street,EMERSON ST ,Gallatin street / EMERSON ST ,Jephte Wagnac,141,03-Dec-22,Vehicle - Pedestrian,,,,"Two-Way , Not Divided",Dry,Dark - Lighted,Clear,2,Rear - to - Side,"Yes, M/V and Driver Left Scene",No Controls,2,0,No Injury
885964,12/3/22,12:26 PM,2022-00100794,BROAD ST,PEARL ST ,BROAD ST / PEARL ST ,Ptlm. Castagliuolo,351,03-Dec-22,Vehicle - Pedestrian,,,,"Two-Way , Not Divided",Wet,Daylight,Rain,1,Not a Collision Between Two Motor Vehicles in Transport,No,Traffic Control Signal,3,2,Non-Incapacitating
886999,12/3/22,2:47 PM,2022-00100818,WAYLAND AVE,S ANGELL ST ,WAYLAND AVE / S ANGELL ST ,Donald Castigliego,287,04-Dec-22,Vehicle - Pedestrian,,,,One-Way Trafficway,Wet,Daylight,Rain,1,Not a Collision Between Two Motor Vehicles in Transport,No,Traffic Control Signal,2,1,Complains Of Pain
887042,12/5/22,9:18 PM,2022-00101421,UNION AVE,EXIT ,UNION AVE / EXIT ,Matthew Petteruto,121,05-Dec-22,Vehicle - Pedestrian,,,,"Two-Way, Divided, Positive Median Barrier",Dry,Dark - Lighted,Clear,1,Not a Collision Between Two Motor Vehicles in Transport,"Yes, M/V and Driver Left Scene",No Controls,1,1,Complains Of Pain
888114,12/6/22,10:02 AM,2022-00101510,904 Broad St,BROAD ST ,904 Broad St / BROAD ST ,James Annis,454,09-Jan-23,Vehicle - Pedestrian,,,,"Two-Way , Not Divided",Dry,Daylight,Clear,1,Not a Collision Between Two Motor Vehicles in Transport,No,No Controls,3,1,Complains Of Pain
887190,12/9/22,11:17 PM,2022-00102453,SABIN ST,BROADWAY ,SABIN ST / BROADWAY ,Alberto DaCruz,205,10-Dec-22,Vehicle - Pedestrian,X,,,One-Way Trafficway,Dry,Dark - Lighted,Clear,1,"Sideswipe, Same Direction","Yes, M/V and Driver Left Scene",Traffic Control Signal,1,0,No Injury
887231,12/10/22,9:31 AM,2022-00102540,SHILOH STREET,HARWOL CT ,SHILOH STREET / HARWOL CT ,Paul Caminero,339,11-Dec-22,Vehicle - Pedestrian,,,,Unknown,Dry,Daylight,Clear,2,Unknown,"Yes, M/V and Driver Left Scene",No Controls,2,0,No Injury
887247,12/11/22,5:36 PM,2022-00102892,WATERMAN ST,HOPE ST ,WATERMAN ST / HOPE ST ,Donald Castigliego,287,11-Dec-22,Vehicle - Pedestrian,,X,,"Two-Way , Not Divided",Snow,Dark - Lighted,Snow,1,Not a Collision Between Two Motor Vehicles in Transport,No,Traffic Control Signal,3,1,Complains Of Pain
887284,12/12/22,12:39 PM,2022-00103063,CRANSTON ST,NIANTIC AVE ,CRANSTON ST / NIANTIC AVE ,Joshua Cascione,225,12-Dec-22,Vehicle - Pedestrian,,,,"Two-Way , Not Divided",Dry,Daylight,Clear,1,Not a Collision Between Two Motor Vehicles in Transport,"Yes, M/V and Driver Left Scene",No Controls,1,0,No Injury
887292,12/12/22,3:15 PM,2022-00103105,BLACKSTONE ST,EDDY ST ,BLACKSTONE ST / EDDY ST ,Ptlm. Ballinger,520,12-Dec-22,Vehicle - Pedestrian,,,,"Two-Way , Not Divided",Dry,Daylight,Clear,1,Not a Collision Between Two Motor Vehicles in Transport,No,Pavement Markings,5,1,Complains Of Pain
887305,12/13/22,2:20 PM,2022-00103088,HOLDEN STREET,EDITH ST ,HOLDEN STREET / EDITH ST ,Paul Caminero,339,13-Dec-22,Vehicle - Pedestrian,,,,"Two-Way, Not Divided With a Continuous Left Turn Lane",Dry,Daylight,Cloudy,1,Not a Collision Between Two Motor Vehicles in Transport,"Yes, M/V and Driver Left Scene",No Controls,1,1,Complains Of Pain
887339,12/14/22,8:36 AM,2022-00103444,BRANCH AVE,CHARLES ST ,BRANCH AVE / CHARLES ST ,Joshua Cascione,225,14-Dec-22,Vehicle - Pedestrian,,,,"Two-Way , Not Divided",Dry,Daylight,Clear,1,Not a Collision Between Two Motor Vehicles in Transport,No,Traffic Control Signal,3,1,Complains Of Pain
887348,12/14/22,1:41 PM,2022-00103508,BELLEVUE AVE,DEXTER ST ,BELLEVUE AVE / DEXTER ST ,Joshua Cascione,225,14-Dec-22,Vehicle - Pedestrian,,,,"Two-Way , Not Divided",Dry,Daylight,Clear,1,Not a Collision Between Two Motor Vehicles in Transport,No,No Controls,4,1,Complains Of Pain
887439,12/16/22,10:54 PM,2022-00104154,WESTMINSTER STREET,LYMAN ST ,WESTMINSTER STREET / LYMAN ST ,Ryan Anderson,107,16-Dec-22,Vehicle - Pedestrian,,,,"Two-Way , Not Divided",Wet,Dark - Lighted,Rain,1,Not a Collision Between Two Motor Vehicles in Transport,No,No Controls,2,1,Complains Of Pain
887480,12/17/22,1:10 AM,2022-00104185,Pavilion ave ,RUGBY ST ,Pavilion ave  / RUGBY ST ,Eder Delgado,580,18-Dec-22,Vehicle - Pedestrian,,,,Unknown,Dry,Dark - Lighted,Clear,2,Unknown,"Yes, M/V and Driver Left Scene",No Controls,2,0,Unknown
887504,12/18/22,6:11 PM,2022-00104663,Benefit Street,POWER ST ,Benefit Street / POWER ST ,Serge Bouyssou,105,18-Dec-22,Vehicle - Pedestrian,,,,"Two-Way , Not Divided",Dry,Dark - Lighted,Clear,2,Angle (Front - to - Side) Same Direction,"Yes, M/V and Driver Left Scene",No Controls,2,0,Unknown