CrashReportId,CrashDate,CrashTime,ReportNumber,StreetOrHighway,NearestIntersection,Location,Officer,Badge,ReportDate,TypeOfCollision,Bicycle,Scooter,Wheel Chair,TypeOfRoadway,RoadSurfaceCondition,LightCondition,WeatherCondition,NumberofVehicles,MannerofImpact,HitAndRun,TrafficControl,PersonCount,InjuryCount,MostSeriousInjury
887507,12/18/22,7:53 PM,2022-00104685,CLYM ST,ADMIRAL ST ,CLYM ST / ADMIRAL ST ,Kelsa Heron,133,18-Dec-22,Vehicle - Pedestrian,,,,"Two-Way , Not Divided",Dry,Dark - Lighted,Clear,1,Not a Collision Between Two Motor Vehicles in Transport,"Yes, M/V and Driver Left Scene",No Controls,1,1,Non-Incapacitating
887539,12/19/22,7:14 PM,2022-00104959,PUBLIC ST.,BROAD ST ,PUBLIC ST. / BROAD ST ,Jenna Heeder,557,19-Dec-22,Vehicle - Pedestrian,,,,"Two-Way , Not Divided",Dry,Dark - Not Lighted,Clear,1,Not a Collision Between Two Motor Vehicles in Transport,No,No Controls,3,1,Non-Incapacitating
887543,12/19/22,3:15 PM,2022-00104889,KILLINGLY ST EXIT,EXIT  (RT 128),KILLINGLY ST EXIT / EXIT  (RT 128),William Sherrill,363,19-Dec-22,Vehicle - Pedestrian,,,,One-Way Trafficway,Dry,Daylight,Clear,2,Rear End(Front-to-Rear),No,Yield Signs,13,0,No Injury
887572,12/20/22,6:58 PM,2022-00105238,Douglas Ave,CHAD BROWN ST ,Douglas Ave / CHAD BROWN ST ,Kristen Barth,247,20-Dec-22,Vehicle - Pedestrian,,,,"Two-Way , Not Divided",Dry,Dark - Lighted,Clear,1,Not a Collision Between Two Motor Vehicles in Transport,No,No Controls,3,1,Incapacitating
887576,12/21/22,7:43 AM,2022-00105329,PUBLIC ST,PLAIN ST ,PUBLIC ST / PLAIN ST ,Michael Sepe,367,21-Dec-22,Vehicle - Pedestrian,,,,"Two-Way , Not Divided",Dry,Daylight,Clear,2,"Sidwswipe, Opposite Direction","Yes, M/V and Driver Left Scene",No Controls,2,0,No Injury
887591,12/21/22,9:27 AM,2022-00105355,ATWELLS AVE,EAGLE ST ,ATWELLS AVE / EAGLE ST ,Joshua Cascione,225,21-Dec-22,Vehicle - Pedestrian,X,,,"Two-Way , Not Divided",Dry,Daylight,Clear,1,Not a Collision Between Two Motor Vehicles in Transport,No,Traffic Control Signal,2,1,Complains Of Pain
887597,12/21/22,8:53 AM,2022-00105343,W CLIFFORD ST,PEARL ST ,W CLIFFORD ST / PEARL ST ,Michael Sepe,367,21-Dec-22,Vehicle - Pedestrian,,,,"Two-Way, Divided, Unprotected (painted>4feet) Medium",Dry,Daylight,Clear,2,Rear - to - Side,"Yes, M/V and Driver Left Scene",No Controls,3,0,No Injury
887611,12/21/22,6:24 PM,2022-00105503,PITMAN ST,BUTLER AVE ,PITMAN ST / BUTLER AVE ,Donald Castigliego,287,21-Dec-22,Vehicle - Pedestrian,,,,"Two-Way , Not Divided",Dry,Dark - Lighted,Clear,1,Not a Collision Between Two Motor Vehicles in Transport,No,Traffic Control Signal,3,1,Complains Of Pain
887675,12/23/22,4:51 PM,2022-00106046,PUTNAM ST.,ATWELLS AVE ,PUTNAM ST. / ATWELLS AVE ,Jenna Heeder,557,23-Dec-22,Vehicle - Pedestrian,,,,"Two-Way , Not Divided",Wet,Dark - Lighted,Rain,1,Not a Collision Between Two Motor Vehicles in Transport,No,Traffic Control Signal,3,1,Non-Incapacitating
887683,12/23/22,6:18 PM,2022-00106072,UNION AVE,LINWOOD AVE ,UNION AVE / LINWOOD AVE ,Donald Castigliego,287,23-Dec-22,Vehicle - Pedestrian,,,,"Two-Way , Not Divided",Wet,Dark - Lighted,Severe Crosswinds,1,Not a Collision Between Two Motor Vehicles in Transport,No,No Controls,2,0,No Injury
887914,12/31/22,11:02 AM,2022-00107987,BELKNAP ST,CARPENTER ST ,BELKNAP ST / CARPENTER ST ,Jephte Wagnac,141,01-Jan-23,Vehicle - Pedestrian,,,,"Two-Way , Not Divided",Wet,Dark - Lighted,Cloudy,2,Not a Collision Between Two Motor Vehicles in Transport,"Yes, Driver Left Scene",No Controls,2,0,Unknown
887891,12/31/22,5:15 PM,2022-00107921,MATHEWSON ST,WESTMINSTER ST ,MATHEWSON ST / WESTMINSTER ST ,Kelsa Heron,133,31-Dec-22,Vehicle - Pedestrian,,,,One-Way Trafficway,Wet,Dark - Lighted,Rain,1,Not a Collision Between Two Motor Vehicles in Transport,"Yes, M/V and Driver Left Scene",No Controls,2,2,Complains Of Pain
887942,1/1/23,8:49 PM,2023-00000278,Montgomery Ave,Broad Street,Montgomery Ave / Broad Street,Kristen Barth,247,01-Jan-23,Vehicle - Pedestrian,,,,"Two-Way , Not Divided",Dry,Dark - Lighted,Clear,1,Not a Collision Between Two Motor Vehicles in Transport,No,Traffic Control Signal,3,1,Complains Of Pain
887912,1/1/23,3:53 AM,2023-00000095,RIVER AVE,SMITH ST ,RIVER AVE / SMITH ST ,Igor Barbosa,114,01-Jan-23,Vehicle - Pedestrian,,,,"Two-Way, Divided, Unprotected (painted>4feet) Medium",Wet,Dark - Lighted,Clear,2,Angle (Front - to - Side) Right Angle (Includes Broadside),No,Traffic Control Signal,3,1,Complains Of Pain
887960,1/2/23,6:21 PM,2023-00000478,OLNEY ST,HOPE ST ,OLNEY ST / HOPE ST ,Patrick Hourahan,243,02-Jan-23,Vehicle - Pedestrian,,,,"Two-Way , Not Divided",Dry,Dark - Lighted,Clear,1,Not a Collision Between Two Motor Vehicles in Transport,"Yes, M/V and Driver Left Scene",Traffic Control Signal,2,1,Complains Of Pain
887972,1/3/23,2:25 PM,2023-00000641,SMITH ST,CALVERLY ST ,SMITH ST / CALVERLY ST ,Cory Vingi,237,03-Jan-23,Vehicle - Pedestrian,,,,"Two-Way , Not Divided",Wet,Daylight,Rain,1,Not a Collision Between Two Motor Vehicles in Transport,"Yes, M/V and Driver Left Scene",No Controls,1,1,Complains Of Pain
887980,1/3/23,5:28 PM,2023-00000694,POTTERS AVE.,ELMWOOD AVE ,POTTERS AVE. / ELMWOOD AVE ,Jenna Heeder,557,03-Jan-23,Vehicle - Pedestrian,,,,"Two-Way , Not Divided",Wet,Dark - Lighted,Rain,1,Not a Collision Between Two Motor Vehicles in Transport,No,Traffic Control Signal,3,1,Non-Incapacitating
887992,1/4/23,1:56 AM,2023-00000760,PUBLIC ST,BROAD ST ,PUBLIC ST / BROAD ST ,Michael Baldassare,568,04-Jan-23,Vehicle - Pedestrian,,,,"Two-Way , Not Divided",Wet,Dark - Lighted,Rain,1,Not a Collision Between Two Motor Vehicles in Transport,"Yes, M/V and Driver Left Scene",Traffic Control Signal,1,1,Complains Of Pain
888039,1/5/23,9:55 PM,2023-00001216,FRICKER ST.,BROAD ST ,FRICKER ST. / BROAD ST ,Jenna Heeder,557,06-Jan-23,Vehicle - Pedestrian,X,,,"Two-Way , Not Divided",Dry,Daylight,Clear,1,Not a Collision Between Two Motor Vehicles in Transport,"Yes, M/V and Driver Left Scene",Stop Signs,2,1,Non-Incapacitating
888046,1/6/23,9:35 AM,2023-00001309,CHARLES ST,ASHBURTON,CHARLES ST / ASHBURTON,Kyana Williams,426,06-Jan-23,Vehicle - Pedestrian,,,,"Two-Way, Not Divided With a Continuous Left Turn Lane",Wet,Dawn,"Sleet, Hail (Freezing Rain or Drizzle)",2,Angle (Front - to - Side) Right Angle (Includes Broadside),"Yes, Driver Left Scene",Flashing Traffic Control Signal,3,0,No Injury
888121,1/7/23,4:40 PM,2023-00001647,BROAD ST,ADELAIDE AVE ,BROAD ST / ADELAIDE AVE ,Donald Castigliego,287,09-Jan-23,Vehicle - Pedestrian,,,,"Two-Way , Not Divided",Dry,Dusk,Clear,1,Not a Collision Between Two Motor Vehicles in Transport,No,No Controls,5,1,Complains Of Pain
888144,1/10/23,6:38 PM,2023-00002394,PLAINFIELD ST.,POCASSET AVE ,PLAINFIELD ST. / POCASSET AVE ,Jenna Heeder,557,10-Jan-23,Vehicle - Pedestrian,,,,"Two-Way , Not Divided",Dry,Dark - Lighted,Clear,1,Not a Collision Between Two Motor Vehicles in Transport,No,No Controls,3,1,Complains Of Pain
888665,1/12/23,3:00 PM,2023-00006370,FULTON ST,DORRANCE ST ,FULTON ST / DORRANCE ST ,Jin O,147,27-Jan-23,Vehicle - Pedestrian,,,,"Two-Way , Not Divided",Unknown,Daylight,Clear,1,Not a Collision Between Two Motor Vehicles in Transport,"Yes, M/V and Driver Left Scene",Traffic Control Signal,1,1,Non-Incapacitating
888225,1/13/23,8:20 AM,2023-00003006,WESTMINSTER ST,BARTON ST ,WESTMINSTER ST / BARTON ST ,J CASCIONE,225,13-Jan-23,Vehicle - Pedestrian,,X,,"Two-Way , Not Divided",Wet,Daylight,Rain,1,Not a Collision Between Two Motor Vehicles in Transport,No,Person,3,1,Complains Of Pain
888237,1/13/23,12:28 PM,2023-00003054,BROAD ST,LENOX AVE ,BROAD ST / LENOX AVE ,Joshua Cascione,225,13-Jan-23,Vehicle - Pedestrian,X,,,"Two-Way , Not Divided",Wet,Daylight,Rain,1,Not a Collision Between Two Motor Vehicles in Transport,No,Pavement Markings,2,0,No Injury
888245,1/13/23,5:00 PM,2023-00003114,ATWELLS AVE,CUTLER ST ,ATWELLS AVE / CUTLER ST ,Raymond Criner,340,13-Jan-23,Vehicle - Pedestrian,,,,"Two-Way , Not Divided",Dry,Dark - Lighted,Clear,1,Not a Collision Between Two Motor Vehicles in Transport,No,Pavement Markings,3,1,Complains Of Pain
888252,1/13/23,8:42 PM,2023-00003165,ADMIRAL ST,HAWKINS ST ,ADMIRAL ST / HAWKINS ST ,Raymond Criner,340,13-Jan-23,Vehicle - Pedestrian,,,,"Two-Way , Not Divided",Wet,Dark - Lighted,Clear,1,Not a Collision Between Two Motor Vehicles in Transport,"Yes, M/V and Driver Left Scene",Pavement Markings,3,1,Complains Of Pain
888279,1/14/23,9:52 PM,2023-00003443,BROAD ST,FRICKER ST ,BROAD ST / FRICKER ST ,Evan Alarcon,131,14-Jan-23,Vehicle - Pedestrian,,,,"Two-Way , Not Divided",Dry,Dark - Lighted,Clear,1,Not a Collision Between Two Motor Vehicles in Transport,No,Traffic Control Signal,4,1,Non-Incapacitating
888333,1/16/23,5:41 PM,2023-00003857,OAKLAND AVE,SMITH ST ,OAKLAND AVE / SMITH ST ,Jenna Heeder,557,16-Jan-23,Vehicle - Pedestrian,,,,"Two-Way , Not Divided",Wet,Dark - Not Lighted,Clear,1,Not a Collision Between Two Motor Vehicles in Transport,"Yes, M/V and Driver Left Scene",Traffic Control Signal,1,1,Complains Of Pain
888376,1/17/23,6:08 PM,2023-00004123,VALLEY ST,GROVE ST ,VALLEY ST / GROVE ST ,Raymond Criner,340,17-Jan-23,Vehicle - Pedestrian,,,,"Two-Way , Not Divided",Wet,Dark - Lighted,Clear,1,Not a Collision Between Two Motor Vehicles in Transport,No,No Controls,4,1,Complains Of Pain
888390,1/18/23,10:26 AM,2023-00004270,CRANSTON ST,WAVERLY ST ,CRANSTON ST / WAVERLY ST ,Joshua Cascione,225,18-Jan-23,Vehicle - Pedestrian,X,,,"Two-Way , Not Divided",Dry,Daylight,Clear,1,Not a Collision Between Two Motor Vehicles in Transport,"Yes, M/V and Driver Left Scene",No Controls,1,1,Complains Of Pain
888445,1/19/23,6:39 PM,2023-00004669,ORCHARD AVE,BUTLER AVE ,ORCHARD AVE / BUTLER AVE ,Raymond Criner,340,19-Jan-23,Vehicle - Pedestrian,,,,"Two-Way , Not Divided",Wet,Dark - Lighted,Rain,1,Not a Collision Between Two Motor Vehicles in Transport,No,Pavement Markings,4,1,Complains Of Pain
888448,1/19/23,8:29 PM,2023-00004697,FRANCIS ST,AMERICAN EXPRESS PLZ ,FRANCIS ST / AMERICAN EXPRESS PLZ ,Raymond Criner,340,19-Jan-23,Vehicle - Pedestrian,,,,"Two-Way , Not Divided",Wet,Dark - Lighted,Rain,1,Not a Collision Between Two Motor Vehicles in Transport,No,No Controls,2,0,No Injury
888475,1/20/23,6:47 PM,2023-00004921,PUBLIC ST,BROAD ST ,PUBLIC ST / BROAD ST ,Donald Castigliego,287,20-Jan-23,Vehicle - Pedestrian,X,,,"Two-Way , Not Divided",Wet,Dark - Lighted,"Sleet, Hail (Freezing Rain or Drizzle)",1,Not a Collision Between Two Motor Vehicles in Transport,"Yes, M/V and Driver Left Scene",Traffic Control Signal,2,2,Complains Of Pain
888477,1/20/23,5:34 PM,2023-00004904,EXCHANGE TERRACE,EXCHANGE ST ,EXCHANGE TERRACE / EXCHANGE ST ,Raymond Criner,340,20-Jan-23,Vehicle - Pedestrian,X,,,"Two-Way , Not Divided",Wet,Dark - Lighted,Rain,1,Not a Collision Between Two Motor Vehicles in Transport,No,Flashing Traffic Control Signal,5,1,Complains Of Pain
888509,1/22/23,2:32 AM,2023-00005302,CLEMENCE ST,WEYBOSSET ST ,CLEMENCE ST / WEYBOSSET ST ,Michael Sullivan,347,22-Jan-23,Vehicle - Pedestrian,,,,One-Way Trafficway,Dry,Dark - Not Lighted,Clear,1,Not a Collision Between Two Motor Vehicles in Transport,"Yes, M/V and Driver Left Scene",No Controls,1,1,Non-Incapacitating
888527,1/22/23,6:28 PM,2023-00005425,NORTH MAIN ST.,SMITHFIELD AVE ,NORTH MAIN ST. / SMITHFIELD AVE ,J Heeder,557,22-Jan-23,Vehicle - Pedestrian,,,,"Two-Way, Divided, Positive Median Barrier",Wet,Dark - Lighted,Rain,1,Not a Collision Between Two Motor Vehicles in Transport,No,Traffic Control Signal,3,1,Complains Of Pain
888560,1/23/23,6:05 PM,2023-00005674,BROADWAY,SERVICE ROAD 7 ,BROADWAY / SERVICE ROAD 7 ,Raymond Criner,340,23-Jan-23,Vehicle - Pedestrian,,,,"Two-Way , Not Divided",Wet,Dark - Not Lighted,Rain,1,Not a Collision Between Two Motor Vehicles in Transport,"Yes, Driver Left Scene",No Controls,2,1,Complains Of Pain
888578,1/23/23,9:00 PM,2023-00005716,GEORGE ST,THAYER ST ,GEORGE ST / THAYER ST ,Raymond Criner,340,23-Jan-23,Vehicle - Pedestrian,,,,"Two-Way , Not Divided",Wet,Dark - Lighted,Clear,1,Not a Collision Between Two Motor Vehicles in Transport,"Yes, M/V and Driver Left Scene",Stop Signs,2,1,Complains Of Pain
888584,1/24/23,6:21 AM,2023-00005776,CHARLES ST,ASHBURTON ST ,CHARLES ST / ASHBURTON ST ,Raleek Byfield,375,24-Jan-23,Vehicle - Pedestrian,,,,One-Way Trafficway,Dry,Dark - Lighted,Clear,1,Not a Collision Between Two Motor Vehicles in Transport,"Yes, M/V and Driver Left Scene",Stop Signs,1,1,Incapacitating
888592,1/24/23,8:29 AM,2023-00005795,ROCHAMBEAU AVE,CAMP ST ,ROCHAMBEAU AVE / CAMP ST ,Joel Ikuejamofo,143,24-Jan-23,Vehicle - Pedestrian,,,,"Two-Way , Not Divided",Dry,Daylight,Clear,2,Head-On (Front - to - Front),"Yes, M/V and Driver Left Scene",No Controls,2,0,No Injury
888630,1/25/23,9:26 AM,2023-00006050,Union Ave,UNION AVE EXIT ,Union Ave / UNION AVE EXIT ,Patrolwoman Rosso,514,25-Jan-23,Vehicle - Pedestrian,,,,One-Way Trafficway,Dry,Daylight,Clear,1,Not a Collision Between Two Motor Vehicles in Transport,No,Traffic Control Signal,4,0,No Injury
888641,1/25/23,6:03 PM,2023-00006181,RANDALL ST,CHARLES ST ,RANDALL ST / CHARLES ST ,Donald Castigliego,287,25-Jan-23,Vehicle - Pedestrian,,,,"Two-Way , Not Divided",Wet,Dark - Lighted,"Sleet, Hail (Freezing Rain or Drizzle)",1,Not a Collision Between Two Motor Vehicles in Transport,"Yes, M/V and Driver Left Scene",No Controls,3,1,Non-Incapacitating
888676,1/27/23,11:50 AM,2023-00006587,CRANSTON ST,NIANTIC AVE,CRANSTON ST / NIANTIC AVE,Ptlm. Castagliuolo,351,27-Jan-23,Vehicle - Pedestrian,,,,"Two-Way , Not Divided",Dry,Daylight,Clear,1,Not a Collision Between Two Motor Vehicles in Transport,No,No Controls,4,1,Complains Of Pain
888708,1/27/23,10:33 AM,2023-00006575,CHARLES STREET,PETER ST ,CHARLES STREET / PETER ST ,Paul Caminero,339,28-Jan-23,Vehicle - Pedestrian,,,,"Two-Way, Divided, Unprotected (painted>4feet) Medium",Dry,Daylight,Clear,2,Angle - Direction Not Specified,No,No Controls,4,1,Complains Of Pain
888758,1/30/23,1:52 AM,2023-00007304,HARTFORD AVE,HARTFORD AVE ,HARTFORD AVE / HARTFORD AVE ,Luis Boror,575,30-Jan-23,Vehicle - Pedestrian,,,,"Two-Way , Not Divided",Dry,Dark - Lighted,Clear,1,Not a Collision Between Two Motor Vehicles in Transport,"Yes, M/V and Driver Left Scene",No Controls,1,1,Complains Of Pain
888785,1/30/23,11:13 PM,2023-00007552,ASHBURTON ST,I 95 N ,ASHBURTON ST / I 95 N ,Ralph Abenante,511,30-Jan-23,Vehicle - Pedestrian,,,,One-Way Trafficway,Dry,Dark - Lighted,Clear,1,Not a Collision Between Two Motor Vehicles in Transport,No,No Controls,5,1,Complains Of Pain
888798,1/31/23,10:57 AM,2023-00007659,DORRANCE ST,FRIENDSHIP ST,DORRANCE ST / FRIENDSHIP ST,Jose Buten,322,31-Jan-23,Vehicle - Pedestrian,,,,"Two-Way, Divided, Unprotected (painted>4feet) Medium",Wet,Daylight,Cloudy,1,Not a Collision Between Two Motor Vehicles in Transport,No,No Controls,4,1,Complains Of Pain
888804,1/31/23,3:13 PM,2023-00007720,HAWKINS ST,BRANCH AVE ,HAWKINS ST / BRANCH AVE ,Raymond Criner,340,31-Jan-23,Vehicle - Pedestrian,,,,"Two-Way , Not Divided",Dry,Daylight,Clear,1,Not a Collision Between Two Motor Vehicles in Transport,No,Pavement Markings,2,1,Complains Of Pain
888807,1/31/23,6:14 PM,2023-00007786,EATON ST,ROSLYN AVE ,EATON ST / ROSLYN AVE ,Donald Castigliego,287,31-Jan-23,Vehicle - Pedestrian,,,,"Two-Way , Not Divided",Dry,Dark - Lighted,Clear,1,Not a Collision Between Two Motor Vehicles in Transport,No,No Controls,4,1,Incapacitating
888838,2/1/23,11:05 PM,2023-00008074,PLAINFIELD ST,PLAINFIELD ST ,PLAINFIELD ST / PLAINFIELD ST ,Damaris Sanchez,566,01-Feb-23,Vehicle - Pedestrian,,,,"Two-Way , Not Divided",Dry,Dark - Not Lighted,Clear,2,Angle (Front - to - Side) Same Direction,"Yes, M/V and Driver Left Scene",No Controls,2,0,Unknown
888881,2/3/23,12:33 PM,2023-00008484,84 Carr St,CACTUS ST ,84 Carr St / CACTUS ST ,Michelle Chasse,264,03-Feb-23,Vehicle - Pedestrian,,,,"Two-Way , Not Divided",Dry,Daylight,Clear,1,Not a Collision Between Two Motor Vehicles in Transport,No,No Controls,3,1,Complains Of Pain
888923,2/4/23,7:57 PM,2023-00008900,RANDALL ST,N MAIN ST ,RANDALL ST / N MAIN ST ,Raymond Criner,340,04-Feb-23,Vehicle - Pedestrian,,,,"Two-Way, Divided, Positive Median Barrier",Dry,Dark - Lighted,Clear,2,Rear End(Front-to-Rear),"Yes, M/V and Driver Left Scene",Traffic Control Signal,2,1,Complains Of Pain
888959,2/5/23,12:31 AM,2023-00008960,754 Broad Street ,POTTERS AVE ,754 Broad Street  / POTTERS AVE ,Matthew Sandorse,508,05-Feb-23,Vehicle - Pedestrian,,,,"Two-Way , Not Divided",Dry,Dark - Lighted,Clear,2,Unknown,"Yes, M/V and Driver Left Scene",No Controls,2,0,Unknown
888961,2/5/23,10:15 PM,2023-00009218,ATWELLS AVE ,EUTAW ST ,ATWELLS AVE  / EUTAW ST ,Raymond Criner,340,05-Feb-23,Vehicle - Pedestrian,,,,"Two-Way , Not Divided",Dry,Dark - Lighted,Clear,1,Not a Collision Between Two Motor Vehicles in Transport,"Yes, M/V and Driver Left Scene",No Controls,1,1,Complains Of Pain
888997,2/6/23,,2023-00009459,Washington Street,EMPIRE ST ,Washington Street / EMPIRE ST ,Ptlw. Martinez,146,06-Feb-23,Vehicle - Pedestrian,X,,,"Two-Way, Divided, Positive Median Barrier",Dry,Dark - Lighted,Clear,1,Not a Collision Between Two Motor Vehicles in Transport,"Yes, M/V and Driver Left Scene",Traffic Control Signal,4,1,Complains Of Pain
889070,2/9/23,7:54 AM,2023-00010146,NORTH MAIN ST,1ST ST ,NORTH MAIN ST / 1ST ST ,Ptlm. Castagliuolo,351,09-Feb-23,Vehicle - Pedestrian,,,,"Two-Way, Divided, Positive Median Barrier",Dry,Daylight,Clear,1,Not a Collision Between Two Motor Vehicles in Transport,No,No Controls,5,3,Complains Of Pain
889124,2/10/23,11:06 PM,2023-00010686,DEAN ST,W EXCHANGE ST ,DEAN ST / W EXCHANGE ST ,Raleek Byfield,375,10-Feb-23,Vehicle - Pedestrian,,,,"Two-Way, Divided, Unprotected (painted>4feet) Medium",Dry,Dark - Lighted,Clear,1,Not a Collision Between Two Motor Vehicles in Transport,No,Traffic Control Signal,3,1,Incapacitating
889235,2/14/23,7:36 PM,2023-00011701,Manton Ave,Sission Street,Manton Ave / Sission Street,Kristen Barth,247,14-Feb-23,Vehicle - Pedestrian,,,,"Two-Way , Not Divided",Dry,Dark - Lighted,Clear,1,Not a Collision Between Two Motor Vehicles in Transport,No,No Controls,3,1,Complains Of Pain
889244,2/14/23,6:09 PM,2023-00011687,ELMWOOD AVE.,CARTER ST ,ELMWOOD AVE. / CARTER ST ,Jenna Heeder,557,14-Feb-23,Vehicle - Pedestrian,,,,"Two-Way , Not Divided",Dry,Daylight,Clear,1,Not a Collision Between Two Motor Vehicles in Transport,No,No Controls,3,1,Complains Of Pain
889245,2/14/23,9:53 PM,2023-00011732,NORTH MAIN ST.,DOYLE AVE ,NORTH MAIN ST. / DOYLE AVE ,Donald Castigliego,287,14-Feb-23,Vehicle - Pedestrian,,,,"Two-Way, Divided, Positive Median Barrier",Dry,Dark - Not Lighted,Clear,1,Not a Collision Between Two Motor Vehicles in Transport,"Yes, M/V and Driver Left Scene",No Controls,2,1,Fatal
889258,2/15/23,3:47 PM,2023-00011913,ADMIRAL ST,TEXAS AVE ,ADMIRAL ST / TEXAS AVE ,Tyler Calandra,418,15-Feb-23,Vehicle - Pedestrian,,,,"Two-Way , Not Divided",Dry,Daylight,Clear,2,Rear End(Front-to-Rear),"Yes, M/V and Driver Left Scene",No Controls,2,0,No Injury
889267,2/15/23,6:07 PM,2023-00011956,SMITH ST.,GASPEE ST ,SMITH ST. / GASPEE ST ,J Heeder,557,15-Feb-23,Vehicle - Pedestrian,,,,"Two-Way , Not Divided",Dry,Dark - Lighted,Clear,1,Not a Collision Between Two Motor Vehicles in Transport,No,No Controls,3,1,Non-Incapacitating
889278,2/16/23,6:53 AM,2023-00012061,WICKENDEN ST,GOVERNOR ST ,WICKENDEN ST / GOVERNOR ST ,Joshua Cascione,225,16-Feb-23,Vehicle - Pedestrian,,,,"Two-Way , Not Divided",Dry,Daylight,Clear,1,Not a Collision Between Two Motor Vehicles in Transport,No,Stop Signs,3,1,Complains Of Pain
889326,2/17/23,6:44 PM,2023-00012528,LLOYD AVE.,HOPE ST ,LLOYD AVE. / HOPE ST ,Jenna Heeder,557,17-Feb-23,Vehicle - Pedestrian,,,,"Two-Way , Not Divided",Wet,Dark - Lighted,"Sleet, Hail (Freezing Rain or Drizzle)",1,Rear End(Front-to-Rear),No,No Controls,3,1,Complains Of Pain
889330,2/17/23,7:30 PM,2023-00012542,dudley st,GAY ST ,dudley st / GAY ST ,David Forte,518,17-Feb-23,Vehicle - Pedestrian,,,,"Two-Way , Not Divided",Wet,Dark - Lighted,Clear,1,Not a Collision Between Two Motor Vehicles in Transport,"Yes, M/V and Driver Left Scene",Stop Signs,2,1,Complains Of Pain
889350,2/18/23,12:46 PM,2023-00012718,AMICA CENTER PARKING LOT (SABIN),ATWELLS AVE ,AMICA CENTER PARKING LOT (SABIN) / ATWELLS AVE ,Joshua Cascione,225,18-Feb-23,Vehicle - Pedestrian,,,,"Two-Way , Not Divided",Dry,Daylight,Clear,1,Not a Collision Between Two Motor Vehicles in Transport,No,Person,2,1,Complains Of Pain
889360,2/18/23,10:34 PM,2023-00012870,ELMDALE AVE,Whitehall St,ELMDALE AVE / Whitehall St,Damaris Sanchez,566,18-Feb-23,Vehicle - Pedestrian,,,,"Two-Way , Not Divided",Dry,Dark - Lighted,Clear,2,"Sidwswipe, Opposite Direction","Yes, M/V and Driver Left Scene",No Controls,2,0,No Injury
889415,2/20/23,6:56 PM,2023-00013331,Harris Ave,Delaine Street,Harris Ave / Delaine Street,Kristen Barth,247,20-Feb-23,Vehicle - Pedestrian,,,,"Two-Way , Not Divided",Dry,Dark - Lighted,Clear,1,Not a Collision Between Two Motor Vehicles in Transport,"Yes, M/V and Driver Left Scene",No Controls,2,1,Complains Of Pain
889457,2/22/23,1:04 PM,2023-00013716,MEMORIAL BLVD,COLLEGE ST ,MEMORIAL BLVD / COLLEGE ST ,Joshua Cascione,225,22-Feb-23,Vehicle - Pedestrian,,,,"Two-Way, Divided, Positive Median Barrier",Dry,Daylight,Cloudy,1,Not a Collision Between Two Motor Vehicles in Transport,No,No Controls,2,1,Complains Of Pain
889474,2/22/23,7:32 PM,2023-00013817,POCASSET AVE,LAUREL HILL AVE ,POCASSET AVE / LAUREL HILL AVE ,Raymond Criner,340,22-Feb-23,Vehicle - Pedestrian,,,,"Two-Way , Not Divided",Unknown,Unknown,Rain,1,Not a Collision Between Two Motor Vehicles in Transport,No,Pavement Markings,6,1,Complains Of Pain
889480,2/23/23,4:45 PM,2023-00014032,CHARLES ST,SOCIAL ST,CHARLES ST / SOCIAL ST,Ptlm. Labutti,104,23-Feb-23,Vehicle - Pedestrian,,,,"Two-Way , Not Divided",Dry,Daylight,Clear,3,"Sideswipe, Same Direction",No,No Controls,4,0,No Injury
889523,2/25/23,10:26 AM,2023-00014490,332 VALLEY ST,RILL ST ,332 VALLEY ST / RILL ST ,Ptlm. Castagliuolo,351,25-Feb-23,Vehicle - Pedestrian,,,,Unknown,Dry,Daylight,Cloudy,1,Not a Collision Between Two Motor Vehicles in Transport,"Yes, M/V and Driver Left Scene",No Controls,1,1,Complains Of Pain
889549,2/25/23,6:32 PM,2023-00014589,PLAINFIELD ST,ATWOOD ST ,PLAINFIELD ST / ATWOOD ST ,Raymond Criner,340,25-Feb-23,Vehicle - Pedestrian,,,,"Two-Way , Not Divided",Wet,Dark - Lighted,"Sleet, Hail (Freezing Rain or Drizzle)",1,Not a Collision Between Two Motor Vehicles in Transport,No,No Controls,2,1,Complains Of Pain
890580,2/27/23,1:56 PM,2023-00014982,E ORCHARD AVE,PATERSON ST ,E ORCHARD AVE / PATERSON ST ,Miguel Castillo,489,27-Feb-23,Vehicle - Pedestrian,,,,"Two-Way , Not Divided",Dry,Daylight,Clear,2,Unknown,"Yes, M/V and Driver Left Scene",No Controls,2,0,Unknown
890638,3/1/23,7:58 PM,2023-00015502,BROAD ST,BROAD ST ,BROAD ST / BROAD ST ,Raymond Criner,340,01-Mar-23,Vehicle - Pedestrian,,,,"Two-Way , Not Divided",Dry,Dark - Lighted,Clear,1,Not a Collision Between Two Motor Vehicles in Transport,No,No Controls,4,1,Complains Of Pain